experiment,condition,concept,number,problem_idx,logprob,prob,number_verified,cot_length,response_type
A,A3_no_context,elephant,,,-5.87890625,0.0027978436555713415,,,
A,A3_no_context,dolphin,,,-2.822265625,0.05947105213999748,,,
A,A3_no_context,lion,,,-9.1484375,0.00010638590174494311,,,
A,A3_no_context,giraffe,,,-9.1484375,0.00010638590174494311,,,
A,A3_no_context,panda,,,-6.37109375,0.0017102875281125307,,,
A,A3_no_context,kangaroo,,,-10.3125,3.321529948152602e-05,,,
A,A3_no_context,penguin,,,-6.89453125,0.0010133119067177176,,,
A,A3_no_context,chimpanzee,,,-7.171875,0.0007678816327825189,,,
A,A3_no_context,koala,,,-7.375,0.0006267267162911594,,,
A,A3_no_context,orangutan,,,-7.0546875,0.0008633524994365871,,,
A,A2_original,elephant,6.0,,-4.55078125,0.010558951646089554,,,
A,A2_original,dolphin,6.0,,-3.158203125,0.04250204563140869,,,
A,A2_original,lion,6.0,,-2.408203125,0.08997682482004166,,,
A,A2_original,giraffe,6.0,,-5.14453125,0.005831207148730755,,,
A,A2_original,panda,6.0,,-7.73828125,0.0004358199948910624,,,
A,A2_original,kangaroo,6.0,,-5.31640625,0.004910368472337723,,,
A,A2_original,penguin,6.0,,-6.4375,0.0016004026401787996,,,
A,A2_original,chimpanzee,6.0,,-4.61328125,0.009919216856360435,,,
A,A2_original,koala,6.0,,-6.86328125,0.0010454778093844652,,,
A,A2_original,orangutan,6.0,,-7.03125,0.0008838262874633074,,,
A,A2_original,elephant,11.0,,-3.708984375,0.02450239658355713,,,
A,A2_original,dolphin,11.0,,-2.333984375,0.09690885245800018,,,
A,A2_original,lion,11.0,,-3.857421875,0.021122384816408157,,,
A,A2_original,giraffe,11.0,,-5.2734375,0.005125959403812885,,,
A,A2_original,panda,11.0,,-8.5859375,0.00018671306315809488,,,
A,A2_original,kangaroo,11.0,,-5.5078125,0.004054967779666185,,,
A,A2_original,penguin,11.0,,-9.84375,5.3077896154718474e-05,,,
A,A2_original,chimpanzee,11.0,,-7.8203125,0.0004014961887151003,,,
A,A2_original,koala,11.0,,-8.171875,0.0002824878611136228,,,
A,A2_original,orangutan,11.0,,-9.6640625,6.352592026814818e-05,,,
A,A2_original,elephant,20.0,,-4.640625,0.009651663713157177,,,
A,A2_original,dolphin,20.0,,-6.71875,0.0012080473825335503,,,
A,A2_original,lion,20.0,,-4.46875,0.011461634188890457,,,
A,A2_original,giraffe,20.0,,-2.6015625,0.07415761798620224,,,
A,A2_original,panda,20.0,,-6.890625,0.0010172778274863958,,,
A,A2_original,kangaroo,20.0,,-3.328125,0.03586028143763542,,,
A,A2_original,penguin,20.0,,-8.6484375,0.00017540069529786706,,,
A,A2_original,chimpanzee,20.0,,-6.3984375,0.0016641555121168494,,,
A,A2_original,koala,20.0,,-6.2734375,0.001885735196992755,,,
A,A2_original,orangutan,20.0,,-8.15625,0.00028693638159893453,,,
A,A2_original,elephant,22.0,,-4.3125,0.013400007039308548,,,
A,A2_original,dolphin,22.0,,-5.65625,0.003495600773021579,,,
A,A2_original,lion,22.0,,-4.8125,0.008127515204250813,,,
A,A2_original,giraffe,22.0,,-1.673828125,0.18752780556678772,,,
A,A2_original,panda,22.0,,-8.9296875,0.00013239939289633185,,,
A,A2_original,kangaroo,22.0,,-4.546875,0.010600278154015541,,,
A,A2_original,penguin,22.0,,-11.703125,8.267941666417755e-06,,,
A,A2_original,chimpanzee,22.0,,-7.3671875,0.000631642178632319,,,
A,A2_original,koala,22.0,,-5.7265625,0.0032582583371549845,,,
A,A2_original,orangutan,22.0,,-7.16015625,0.0007769331568852067,,,
A,A2_original,elephant,27.0,,-4.87109375,0.007664977107197046,,,
A,A2_original,dolphin,27.0,,-4.20703125,0.014890508726239204,,,
A,A2_original,lion,27.0,,-3.693359375,0.024888252839446068,,,
A,A2_original,giraffe,27.0,,-4.33984375,0.013038565404713154,,,
A,A2_original,panda,27.0,,-5.81640625,0.002978289034217596,,,
A,A2_original,kangaroo,27.0,,-5.69921875,0.0033485805615782738,,,
A,A2_original,penguin,27.0,,-9.6953125,6.1571437981911e-05,,,
A,A2_original,chimpanzee,27.0,,-5.50390625,0.004070838447660208,,,
A,A2_original,koala,27.0,,-7.97265625,0.0003447619965299964,,,
A,A2_original,orangutan,27.0,,-6.71484375,0.0012127754744142294,,,
A,A2_original,elephant,33.0,,-4.95703125,0.007033778354525566,,,
A,A2_original,dolphin,33.0,,-4.58203125,0.010234087705612183,,,
A,A2_original,lion,33.0,,-1.169921875,0.3103911876678467,,,
A,A2_original,giraffe,33.0,,-4.26953125,0.01398833841085434,,,
A,A2_original,panda,33.0,,-8.7890625,0.00015239077038131654,,,
A,A2_original,kangaroo,33.0,,-7.72265625,0.00044268317287787795,,,
A,A2_original,penguin,33.0,,-10.265625,3.480933446553536e-05,,,
A,A2_original,chimpanzee,33.0,,-6.96484375,0.0009445105097256601,,,
A,A2_original,koala,33.0,,-9.375,8.481823897454888e-05,,,
A,A2_original,orangutan,33.0,,-8.34375,0.00023787863028701395,,,
A,A2_original,elephant,36.0,,-3.93359375,0.019573204219341278,,,
A,A2_original,dolphin,36.0,,-4.69921875,0.009102385491132736,,,
A,A2_original,lion,36.0,,-2.55078125,0.07802069187164307,,,
A,A2_original,giraffe,36.0,,-2.60546875,0.07386850565671921,,,
A,A2_original,panda,36.0,,-7.89453125,0.0003727765870280564,,,
A,A2_original,kangaroo,36.0,,-6.33984375,0.0017645779298618436,,,
A,A2_original,penguin,36.0,,-9.109375,0.00011062383418902755,,,
A,A2_original,chimpanzee,36.0,,-5.51953125,0.004007725976407528,,,
A,A2_original,koala,36.0,,-8.3359375,0.00023974433133844286,,,
A,A2_original,orangutan,36.0,,-4.75390625,0.008617965504527092,,,
A,A2_original,elephant,55.0,,-1.9326171875,0.1447688192129135,,,
A,A2_original,dolphin,55.0,,-5.43359375,0.004367372486740351,,,
A,A2_original,lion,55.0,,-2.51953125,0.08049733191728592,,,
A,A2_original,giraffe,55.0,,-4.26953125,0.01398833841085434,,,
A,A2_original,panda,55.0,,-7.96484375,0.0003474659752100706,,,
A,A2_original,kangaroo,55.0,,-7.92578125,0.0003613074659369886,,,
A,A2_original,penguin,55.0,,-11.640625,8.801177500572521e-06,,,
A,A2_original,chimpanzee,55.0,,-6.32421875,0.0017923660343512893,,,
A,A2_original,koala,55.0,,-9.0859375,0.00011324720253469422,,,
A,A2_original,orangutan,55.0,,-8.96875,0.00012732725008390844,,,
A,A2_original,elephant,84.0,,-3.876953125,0.020713841542601585,,,
A,A2_original,dolphin,84.0,,-6.1328125,0.002170467982068658,,,
A,A2_original,lion,84.0,,-3.322265625,0.036071017384529114,,,
A,A2_original,giraffe,84.0,,-3.525390625,0.02944030426442623,,,
A,A2_original,panda,84.0,,-7.1640625,0.0007739041466265917,,,
A,A2_original,kangaroo,84.0,,-7.140625,0.0007922567892819643,,,
A,A2_original,penguin,84.0,,-9.859375,5.2254999900469556e-05,,,
A,A2_original,chimpanzee,84.0,,-6.703125,0.001227071275934577,,,
A,A2_original,koala,84.0,,-5.3828125,0.004594880621880293,,,
A,A2_original,orangutan,84.0,,-5.66015625,0.0034819727297872305,,,
A,A2_original,elephant,86.0,,-4.76953125,0.008484356105327606,,,
A,A2_original,dolphin,86.0,,-5.66796875,0.003454875899478793,,,
A,A2_original,lion,86.0,,-4.56640625,0.010395251214504242,,,
A,A2_original,giraffe,86.0,,-5.68359375,0.0034013129770755768,,,
A,A2_original,panda,86.0,,-6.09765625,0.002248130738735199,,,
A,A2_original,kangaroo,86.0,,-7.14453125,0.0007891680579632521,,,
A,A2_original,penguin,86.0,,-4.9921875,0.006790793500840664,,,
A,A2_original,chimpanzee,86.0,,-7.72265625,0.00044268317287787795,,,
A,A2_original,koala,86.0,,-6.90234375,0.0010054261656478047,,,
A,A2_original,orangutan,86.0,,-6.67578125,0.0012610869016498327,,,
A,A1_math_then_probe,elephant,55.0,0.0,-4.734375,0.008787939324975014,True,234.0,
A,A1_math_then_probe,dolphin,55.0,0.0,-2.091796875,0.12346508353948593,True,234.0,
A,A1_math_then_probe,lion,55.0,0.0,-6.734375,0.0011893182527273893,True,234.0,
A,A1_math_then_probe,giraffe,55.0,0.0,-8.6875,0.00016868120292201638,True,234.0,
A,A1_math_then_probe,panda,55.0,0.0,-5.1171875,0.00599285401403904,True,234.0,
A,A1_math_then_probe,kangaroo,55.0,0.0,-10.125,4.0065297071123496e-05,True,234.0,
A,A1_math_then_probe,penguin,55.0,0.0,-5.25390625,0.005227060057222843,True,234.0,
A,A1_math_then_probe,chimpanzee,55.0,0.0,-6.7265625,0.0011986462632194161,True,234.0,
A,A1_math_then_probe,koala,55.0,0.0,-6.7421875,0.0011800630018115044,True,234.0,
A,A1_math_then_probe,orangutan,55.0,0.0,-6.75,0.0011708795791491866,True,234.0,
A,A1_math_then_probe,elephant,55.0,1.0,-4.984375,0.006844053976237774,True,272.0,
A,A1_math_then_probe,dolphin,55.0,1.0,-2.2421875,0.1062258780002594,True,272.0,
A,A1_math_then_probe,lion,55.0,1.0,-7.6015625,0.0004996701027266681,True,272.0,
A,A1_math_then_probe,giraffe,55.0,1.0,-8.890625,0.00013767358905170113,True,272.0,
A,A1_math_then_probe,panda,55.0,1.0,-5.65625,0.003495600773021579,True,272.0,
A,A1_math_then_probe,kangaroo,55.0,1.0,-10.265625,3.480933446553536e-05,True,272.0,
A,A1_math_then_probe,penguin,55.0,1.0,-5.56640625,0.0038241990841925144,True,272.0,
A,A1_math_then_probe,chimpanzee,55.0,1.0,-7.046875,0.0008701238548383117,True,272.0,
A,A1_math_then_probe,koala,55.0,1.0,-6.6640625,0.0012759522069245577,True,272.0,
A,A1_math_then_probe,orangutan,55.0,1.0,-6.76953125,0.0011482327245175838,True,272.0,
A,A1_math_then_probe,elephant,55.0,2.0,-4.875,0.007635094225406647,True,326.0,
A,A1_math_then_probe,dolphin,55.0,2.0,-2.1640625,0.11485756188631058,True,326.0,
A,A1_math_then_probe,lion,55.0,2.0,-7.1953125,0.0007500936044380069,True,326.0,
A,A1_math_then_probe,giraffe,55.0,2.0,-8.8828125,0.0001387533702654764,True,326.0,
A,A1_math_then_probe,panda,55.0,2.0,-5.2890625,0.005046489182859659,True,326.0,
A,A1_math_then_probe,kangaroo,55.0,2.0,-10.1796875,3.793305950239301e-05,True,326.0,
A,A1_math_then_probe,penguin,55.0,2.0,-5.1796875,0.005629765801131725,True,326.0,
A,A1_math_then_probe,chimpanzee,55.0,2.0,-6.75,0.0011708795791491866,True,326.0,
A,A1_math_then_probe,koala,55.0,2.0,-6.78125,0.0011348554398864508,True,326.0,
A,A1_math_then_probe,orangutan,55.0,2.0,-6.86328125,0.0010454778093844652,True,326.0,
A,A1_math_then_probe,elephant,55.0,3.0,-4.78515625,0.00835281889885664,True,202.0,
A,A1_math_then_probe,dolphin,55.0,3.0,-2.11328125,0.12084080278873444,True,202.0,
A,A1_math_then_probe,lion,55.0,3.0,-7.30078125,0.0006750111933797598,True,202.0,
A,A1_math_then_probe,giraffe,55.0,3.0,-8.9453125,0.00013034672883804888,True,202.0,
A,A1_math_then_probe,panda,55.0,3.0,-5.20703125,0.005477911792695522,True,202.0,
A,A1_math_then_probe,kangaroo,55.0,3.0,-10.109375,4.069623537361622e-05,True,202.0,
A,A1_math_then_probe,penguin,55.0,3.0,-5.25,0.005247518420219421,True,202.0,
A,A1_math_then_probe,chimpanzee,55.0,3.0,-6.89453125,0.0010133119067177176,True,202.0,
A,A1_math_then_probe,koala,55.0,3.0,-6.51171875,0.0014859235379844904,True,202.0,
A,A1_math_then_probe,orangutan,55.0,3.0,-6.86328125,0.0010454778093844652,True,202.0,
A,A1_math_then_probe,elephant,55.0,4.0,-4.78515625,0.00835281889885664,True,310.0,
A,A1_math_then_probe,dolphin,55.0,4.0,-2.50390625,0.08176498115062714,True,310.0,
A,A1_math_then_probe,lion,55.0,4.0,-7.31640625,0.0006645461544394493,True,310.0,
A,A1_math_then_probe,giraffe,55.0,4.0,-8.6171875,0.00018096851999871433,True,310.0,
A,A1_math_then_probe,panda,55.0,4.0,-5.29296875,0.00502681452780962,True,310.0,
A,A1_math_then_probe,kangaroo,55.0,4.0,-10.09375,4.13371053582523e-05,True,310.0,
A,A1_math_then_probe,penguin,55.0,4.0,-5.515625,0.004023411776870489,True,310.0,
A,A1_math_then_probe,chimpanzee,55.0,4.0,-6.96484375,0.0009445105097256601,True,310.0,
A,A1_math_then_probe,koala,55.0,4.0,-6.33984375,0.0017645779298618436,True,310.0,
A,A1_math_then_probe,orangutan,55.0,4.0,-6.53515625,0.0014515022048726678,True,310.0,
A,A1_math_then_probe,elephant,11.0,0.0,-4.828125,0.008001510053873062,True,208.0,
A,A1_math_then_probe,dolphin,11.0,0.0,-2.130859375,0.11873520910739899,True,208.0,
A,A1_math_then_probe,lion,11.0,0.0,-7.25,0.0007101743831299245,True,208.0,
A,A1_math_then_probe,giraffe,11.0,0.0,-8.8359375,0.0001454122830182314,True,208.0,
A,A1_math_then_probe,panda,11.0,0.0,-5.2109375,0.005456555634737015,True,208.0,
A,A1_math_then_probe,kangaroo,11.0,0.0,-10.1796875,3.793305950239301e-05,True,208.0,
A,A1_math_then_probe,penguin,11.0,0.0,-5.09765625,0.006111052818596363,True,208.0,
A,A1_math_then_probe,chimpanzee,11.0,0.0,-6.828125,0.0010828865924850106,True,208.0,
A,A1_math_then_probe,koala,11.0,0.0,-6.671875,0.001266022678464651,True,208.0,
A,A1_math_then_probe,orangutan,11.0,0.0,-6.86328125,0.0010454778093844652,True,208.0,
A,A1_math_then_probe,elephant,11.0,1.0,-4.94140625,0.007144544273614883,True,279.0,
A,A1_math_then_probe,dolphin,11.0,1.0,-2.181640625,0.11285622417926788,True,279.0,
A,A1_math_then_probe,lion,11.0,1.0,-7.51953125,0.0005423867260105908,True,279.0,
A,A1_math_then_probe,giraffe,11.0,1.0,-8.78125,0.00015358597738668323,True,279.0,
A,A1_math_then_probe,panda,11.0,1.0,-5.48828125,0.00413494510576129,True,279.0,
A,A1_math_then_probe,kangaroo,11.0,1.0,-10.203125,3.7054342101328075e-05,True,279.0,
A,A1_math_then_probe,penguin,11.0,1.0,-5.41015625,0.004470941610634327,True,279.0,
A,A1_math_then_probe,chimpanzee,11.0,1.0,-6.97265625,0.0009371602791361511,True,279.0,
A,A1_math_then_probe,koala,11.0,1.0,-6.62890625,0.0013216077350080013,True,279.0,
A,A1_math_then_probe,orangutan,11.0,1.0,-6.921875,0.0009859794517979026,True,279.0,
A,A1_math_then_probe,elephant,11.0,2.0,-4.83984375,0.007908289320766926,True,181.0,
A,A1_math_then_probe,dolphin,11.0,2.0,-2.064453125,0.12688766419887543,True,181.0,
A,A1_math_then_probe,lion,11.0,2.0,-7.56640625,0.0005175490514375269,True,181.0,
A,A1_math_then_probe,giraffe,11.0,2.0,-9.1875,0.00010231032501906157,True,181.0,
A,A1_math_then_probe,panda,11.0,2.0,-5.36328125,0.0046855066902935505,True,181.0,
A,A1_math_then_probe,kangaroo,11.0,2.0,-10.2734375,3.45384469255805e-05,True,181.0,
A,A1_math_then_probe,penguin,11.0,2.0,-5.23046875,0.0053510162979364395,True,181.0,
A,A1_math_then_probe,chimpanzee,11.0,2.0,-6.80078125,0.0011129053309559822,True,181.0,
A,A1_math_then_probe,koala,11.0,2.0,-6.73828125,0.0011846815468743443,True,181.0,
A,A1_math_then_probe,orangutan,11.0,2.0,-6.73046875,0.0011939731193706393,True,181.0,
A,A1_math_then_probe,elephant,11.0,3.0,-4.92578125,0.0072570545598864555,True,231.0,
A,A1_math_then_probe,dolphin,11.0,3.0,-2.40234375,0.09050558507442474,True,231.0,
A,A1_math_then_probe,lion,11.0,3.0,-6.63671875,0.001311322906985879,True,231.0,
A,A1_math_then_probe,giraffe,11.0,3.0,-8.859375,0.00014204380568116903,True,231.0,
A,A1_math_then_probe,panda,11.0,3.0,-5.25390625,0.005227060057222843,True,231.0,
A,A1_math_then_probe,kangaroo,11.0,3.0,-10.046875,4.332091339165345e-05,True,231.0,
A,A1_math_then_probe,penguin,11.0,3.0,-5.015625,0.006633484736084938,True,231.0,
A,A1_math_then_probe,chimpanzee,11.0,3.0,-6.90234375,0.0010054261656478047,True,231.0,
A,A1_math_then_probe,koala,11.0,3.0,-6.55078125,0.0014289987739175558,True,231.0,
A,A1_math_then_probe,orangutan,11.0,3.0,-6.87109375,0.0010373418917879462,True,231.0,
A,A1_math_then_probe,elephant,11.0,4.0,-4.6015625,0.01003614254295826,True,277.0,
A,A1_math_then_probe,dolphin,11.0,4.0,-2.265625,0.10376515984535217,True,277.0,
A,A1_math_then_probe,lion,11.0,4.0,-6.9765625,0.0009335066424682736,True,277.0,
A,A1_math_then_probe,giraffe,11.0,4.0,-8.8359375,0.0001454122830182314,True,277.0,
A,A1_math_then_probe,panda,11.0,4.0,-5.1796875,0.005629765801131725,True,277.0,
A,A1_math_then_probe,kangaroo,11.0,4.0,-10.0390625,4.3660686060320586e-05,True,277.0,
A,A1_math_then_probe,penguin,11.0,4.0,-5.1796875,0.005629765801131725,True,277.0,
A,A1_math_then_probe,chimpanzee,11.0,4.0,-7.1171875,0.000811044592410326,True,277.0,
A,A1_math_then_probe,koala,11.0,4.0,-6.03125,0.002402489073574543,True,277.0,
A,A1_math_then_probe,orangutan,11.0,4.0,-6.9765625,0.0009335066424682736,True,277.0,
A,A1_math_then_probe,elephant,33.0,0.0,-4.83984375,0.007908289320766926,True,256.0,
A,A1_math_then_probe,dolphin,33.0,0.0,-2.154296875,0.1159847155213356,True,256.0,
A,A1_math_then_probe,lion,33.0,0.0,-6.87890625,0.0010292691877111793,True,256.0,
A,A1_math_then_probe,giraffe,33.0,0.0,-8.796875,0.00015120484749786556,True,256.0,
A,A1_math_then_probe,panda,33.0,0.0,-5.11328125,0.0060163093730807304,True,256.0,
A,A1_math_then_probe,kangaroo,33.0,0.0,-10.1171875,4.0379534766543657e-05,True,256.0,
A,A1_math_then_probe,penguin,33.0,0.0,-5.125,0.005946217570453882,True,256.0,
A,A1_math_then_probe,chimpanzee,33.0,0.0,-6.74609375,0.001175462268292904,True,256.0,
A,A1_math_then_probe,koala,33.0,0.0,-6.71484375,0.0012127754744142294,True,256.0,
A,A1_math_then_probe,orangutan,33.0,0.0,-6.80859375,0.0011042446130886674,True,256.0,
A,A1_math_then_probe,elephant,33.0,1.0,-4.96484375,0.006979041267186403,True,283.0,
A,A1_math_then_probe,dolphin,33.0,1.0,-2.31640625,0.09862738847732544,True,283.0,
A,A1_math_then_probe,lion,33.0,1.0,-7.50390625,0.000550928118173033,True,283.0,
A,A1_math_then_probe,giraffe,33.0,1.0,-8.875,0.00013984163524582982,True,283.0,
A,A1_math_then_probe,panda,33.0,1.0,-5.55078125,0.0038844214286655188,True,283.0,
A,A1_math_then_probe,kangaroo,33.0,1.0,-10.203125,3.7054342101328075e-05,True,283.0,
A,A1_math_then_probe,penguin,33.0,1.0,-5.40625,0.004488440230488777,True,283.0,
A,A1_math_then_probe,chimpanzee,33.0,1.0,-7.06640625,0.000853294157423079,True,283.0,
A,A1_math_then_probe,koala,33.0,1.0,-6.60546875,0.001352948835119605,True,283.0,
A,A1_math_then_probe,orangutan,33.0,1.0,-6.8671875,0.0010414018761366606,True,283.0,
A,A1_math_then_probe,elephant,33.0,2.0,-4.8203125,0.008064266294240952,True,326.0,
A,A1_math_then_probe,dolphin,33.0,2.0,-2.130859375,0.11873520910739899,True,326.0,
A,A1_math_then_probe,lion,33.0,2.0,-7.1640625,0.0007739041466265917,True,326.0,
A,A1_math_then_probe,giraffe,33.0,2.0,-8.859375,0.00014204380568116903,True,326.0,
A,A1_math_then_probe,panda,33.0,2.0,-5.265625,0.005166163202375174,True,326.0,
A,A1_math_then_probe,kangaroo,33.0,2.0,-10.171875,3.823057340923697e-05,True,326.0,
A,A1_math_then_probe,penguin,33.0,2.0,-5.14453125,0.005831207148730755,True,326.0,
A,A1_math_then_probe,chimpanzee,33.0,2.0,-6.7890625,0.0011260239407420158,True,326.0,
A,A1_math_then_probe,koala,33.0,2.0,-6.7421875,0.0011800630018115044,True,326.0,
A,A1_math_then_probe,orangutan,33.0,2.0,-6.87890625,0.0010292691877111793,True,326.0,
A,A1_math_then_probe,elephant,33.0,3.0,-4.703125,0.009066898375749588,True,178.0,
A,A1_math_then_probe,dolphin,33.0,3.0,-2.111328125,0.1210770532488823,True,178.0,
A,A1_math_then_probe,lion,33.0,3.0,-7.0859375,0.0008367899572476745,True,178.0,
A,A1_math_then_probe,giraffe,33.0,3.0,-8.859375,0.00014204380568116903,True,178.0,
A,A1_math_then_probe,panda,33.0,3.0,-5.0390625,0.0064798202365636826,True,178.0,
A,A1_math_then_probe,kangaroo,33.0,3.0,-10.046875,4.332091339165345e-05,True,178.0,
A,A1_math_then_probe,penguin,33.0,3.0,-5.03125,0.006530642043799162,True,178.0,
A,A1_math_then_probe,chimpanzee,33.0,3.0,-6.96875,0.0009408282348886132,True,178.0,
A,A1_math_then_probe,koala,33.0,3.0,-6.4140625,0.0016383551992475986,True,178.0,
A,A1_math_then_probe,orangutan,33.0,3.0,-7.0078125,0.0009047856437973678,True,178.0,
A,A1_math_then_probe,elephant,33.0,4.0,-4.546875,0.010600278154015541,True,180.0,
A,A1_math_then_probe,dolphin,33.0,4.0,-2.28125,0.10215643048286438,True,180.0,
A,A1_math_then_probe,lion,33.0,4.0,-6.859375,0.0010495696915313601,True,180.0,
A,A1_math_then_probe,giraffe,33.0,4.0,-8.5859375,0.00018671306315809488,True,180.0,
A,A1_math_then_probe,panda,33.0,4.0,-5.2109375,0.005456555634737015,True,180.0,
A,A1_math_then_probe,kangaroo,33.0,4.0,-9.9296875,4.870701377512887e-05,True,180.0,
A,A1_math_then_probe,penguin,33.0,4.0,-5.35546875,0.004722255282104015,True,180.0,
A,A1_math_then_probe,chimpanzee,33.0,4.0,-6.8359375,0.0010744595201686025,True,180.0,
A,A1_math_then_probe,koala,33.0,4.0,-6.34375,0.0017576984828338027,True,180.0,
A,A1_math_then_probe,orangutan,33.0,4.0,-6.671875,0.001266022678464651,True,180.0,
A,A1_math_then_probe,elephant,22.0,0.0,-4.8828125,0.007575677242130041,True,210.0,
A,A1_math_then_probe,dolphin,22.0,0.0,-2.09375,0.123224176466465,True,210.0,
A,A1_math_then_probe,lion,22.0,0.0,-7.3671875,0.000631642178632319,True,210.0,
A,A1_math_then_probe,giraffe,22.0,0.0,-8.859375,0.00014204380568116903,True,210.0,
A,A1_math_then_probe,panda,22.0,0.0,-5.2890625,0.005046489182859659,True,210.0,
A,A1_math_then_probe,kangaroo,22.0,0.0,-10.171875,3.823057340923697e-05,True,210.0,
A,A1_math_then_probe,penguin,22.0,0.0,-5.22265625,0.005392984952777624,True,210.0,
A,A1_math_then_probe,chimpanzee,22.0,0.0,-6.8046875,0.0011085665319114923,True,210.0,
A,A1_math_then_probe,koala,22.0,0.0,-6.734375,0.0011893182527273893,True,210.0,
A,A1_math_then_probe,orangutan,22.0,0.0,-6.82421875,0.0010871249251067638,True,210.0,
A,A1_math_then_probe,elephant,22.0,1.0,-4.9921875,0.006790793500840664,True,257.0,
A,A1_math_then_probe,dolphin,22.0,1.0,-2.173828125,0.11374136805534363,True,257.0,
A,A1_math_then_probe,lion,22.0,1.0,-7.609375,0.0004957815981470048,True,257.0,
A,A1_math_then_probe,giraffe,22.0,1.0,-8.8984375,0.00013660220429301262,True,257.0,
A,A1_math_then_probe,panda,22.0,1.0,-5.5546875,0.00386927742511034,True,257.0,
A,A1_math_then_probe,kangaroo,22.0,1.0,-10.3046875,3.347580786794424e-05,True,257.0,
A,A1_math_then_probe,penguin,22.0,1.0,-5.46484375,0.004233002196997404,True,257.0,
A,A1_math_then_probe,chimpanzee,22.0,1.0,-7.0390625,0.0008769482956267893,True,257.0,
A,A1_math_then_probe,koala,22.0,1.0,-6.75,0.0011708795791491866,True,257.0,
A,A1_math_then_probe,orangutan,22.0,1.0,-6.99609375,0.0009154509752988815,True,257.0,
A,A1_math_then_probe,elephant,22.0,2.0,-4.8125,0.008127515204250813,True,328.0,
A,A1_math_then_probe,dolphin,22.0,2.0,-2.162109375,0.11508211493492126,True,328.0,
A,A1_math_then_probe,lion,22.0,2.0,-7.0703125,0.0008499674731865525,True,328.0,
A,A1_math_then_probe,giraffe,22.0,2.0,-8.859375,0.00014204380568116903,True,328.0,
A,A1_math_then_probe,panda,22.0,2.0,-5.1875,0.005585954524576664,True,328.0,
A,A1_math_then_probe,kangaroo,22.0,2.0,-10.2265625,3.619597919168882e-05,True,328.0,
A,A1_math_then_probe,penguin,22.0,2.0,-5.05078125,0.0064043281599879265,True,328.0,
A,A1_math_then_probe,chimpanzee,22.0,2.0,-6.8125,0.0010999395744875073,True,328.0,
A,A1_math_then_probe,koala,22.0,2.0,-6.6875,0.0012463948223739862,True,328.0,
A,A1_math_then_probe,orangutan,22.0,2.0,-6.90234375,0.0010054261656478047,True,328.0,
A,A1_math_then_probe,elephant,22.0,3.0,-4.91796875,0.0073139723390340805,True,235.0,
A,A1_math_then_probe,dolphin,22.0,3.0,-2.369140625,0.0935610979795456,True,235.0,
A,A1_math_then_probe,lion,22.0,3.0,-6.62890625,0.0013216077350080013,True,235.0,
A,A1_math_then_probe,giraffe,22.0,3.0,-8.859375,0.00014204380568116903,True,235.0,
A,A1_math_then_probe,panda,22.0,3.0,-5.24609375,0.005268056411296129,True,235.0,
A,A1_math_then_probe,kangaroo,22.0,3.0,-10.0546875,4.2983789171557873e-05,True,235.0,
A,A1_math_then_probe,penguin,22.0,3.0,-5.03515625,0.006505181547254324,True,235.0,
A,A1_math_then_probe,chimpanzee,22.0,3.0,-6.80859375,0.0011042446130886674,True,235.0,
A,A1_math_then_probe,koala,22.0,3.0,-6.55078125,0.0014289987739175558,True,235.0,
A,A1_math_then_probe,orangutan,22.0,3.0,-6.85546875,0.0010536776389926672,True,235.0,
A,A1_math_then_probe,elephant,22.0,4.0,-4.65625,0.009502028115093708,True,277.0,
A,A1_math_then_probe,dolphin,22.0,4.0,-2.2734375,0.10295765101909637,True,277.0,
A,A1_math_then_probe,lion,22.0,4.0,-7.0546875,0.0008633524994365871,True,277.0,
A,A1_math_then_probe,giraffe,22.0,4.0,-8.859375,0.00014204380568116903,True,277.0,
A,A1_math_then_probe,panda,22.0,4.0,-5.2578125,0.005206681787967682,True,277.0,
A,A1_math_then_probe,kangaroo,22.0,4.0,-10.078125,4.1988070734078065e-05,True,277.0,
A,A1_math_then_probe,penguin,22.0,4.0,-5.21484375,0.005435282364487648,True,277.0,
A,A1_math_then_probe,chimpanzee,22.0,4.0,-7.09375,0.0008302779751829803,True,277.0,
A,A1_math_then_probe,koala,22.0,4.0,-6.09375,0.0022569296415895224,True,277.0,
A,A1_math_then_probe,orangutan,22.0,4.0,-6.9921875,0.00091903394786641,True,277.0,
A,A1_math_then_probe,elephant,27.0,0.0,-4.796875,0.008255505003035069,True,170.0,
A,A1_math_then_probe,dolphin,27.0,0.0,-2.142578125,0.11735190451145172,True,170.0,
A,A1_math_then_probe,lion,27.0,0.0,-6.7734375,0.0011437562061473727,True,170.0,
A,A1_math_then_probe,giraffe,27.0,0.0,-8.703125,0.00016606604913249612,True,170.0,
A,A1_math_then_probe,panda,27.0,0.0,-5.1015625,0.00608722772449255,True,170.0,
A,A1_math_then_probe,kangaroo,27.0,0.0,-9.984375,4.611487383954227e-05,True,170.0,
A,A1_math_then_probe,penguin,27.0,0.0,-5.05078125,0.0064043281599879265,True,170.0,
A,A1_math_then_probe,chimpanzee,27.0,0.0,-6.890625,0.0010172778274863958,True,170.0,
A,A1_math_then_probe,koala,27.0,0.0,-6.4921875,0.0015152308624237776,True,170.0,
A,A1_math_then_probe,orangutan,27.0,0.0,-6.89453125,0.0010133119067177176,True,170.0,
A,A1_math_then_probe,elephant,27.0,1.0,-4.8359375,0.007939241826534271,True,303.0,
A,A1_math_then_probe,dolphin,27.0,1.0,-2.251953125,0.10519357025623322,True,303.0,
A,A1_math_then_probe,lion,27.0,1.0,-7.4140625,0.0006027171621099114,True,303.0,
A,A1_math_then_probe,giraffe,27.0,1.0,-8.765625,0.0001560046075610444,True,303.0,
A,A1_math_then_probe,panda,27.0,1.0,-5.4375,0.004350345581769943,True,303.0,
A,A1_math_then_probe,kangaroo,27.0,1.0,-10.21875,3.647986886790022e-05,True,303.0,
A,A1_math_then_probe,penguin,27.0,1.0,-5.33203125,0.004834240302443504,True,303.0,
A,A1_math_then_probe,chimpanzee,27.0,1.0,-7.046875,0.0008701238548383117,True,303.0,
A,A1_math_then_probe,koala,27.0,1.0,-6.5625,0.0014123504515737295,True,303.0,
A,A1_math_then_probe,orangutan,27.0,1.0,-6.76953125,0.0011482327245175838,True,303.0,
A,A1_math_then_probe,elephant,27.0,2.0,-4.875,0.007635094225406647,True,324.0,
A,A1_math_then_probe,dolphin,27.0,2.0,-2.173828125,0.11374136805534363,True,324.0,
A,A1_math_then_probe,lion,27.0,2.0,-7.1875,0.0007559767109341919,True,324.0,
A,A1_math_then_probe,giraffe,27.0,2.0,-8.9453125,0.00013034672883804888,True,324.0,
A,A1_math_then_probe,panda,27.0,2.0,-5.2578125,0.005206681787967682,True,324.0,
A,A1_math_then_probe,kangaroo,27.0,2.0,-10.296875,3.3738364436430857e-05,True,324.0,
A,A1_math_then_probe,penguin,27.0,2.0,-5.1328125,0.00589994341135025,True,324.0,
A,A1_math_then_probe,chimpanzee,27.0,2.0,-6.8359375,0.0010744595201686025,True,324.0,
A,A1_math_then_probe,koala,27.0,2.0,-6.8046875,0.0011085665319114923,True,324.0,
A,A1_math_then_probe,orangutan,27.0,2.0,-6.96484375,0.0009445105097256601,True,324.0,
A,A1_math_then_probe,elephant,27.0,3.0,-4.76953125,0.008484356105327606,True,200.0,
A,A1_math_then_probe,dolphin,27.0,3.0,-2.126953125,0.11919993162155151,True,200.0,
A,A1_math_then_probe,lion,27.0,3.0,-7.20703125,0.0007413547718897462,True,200.0,
A,A1_math_then_probe,giraffe,27.0,3.0,-8.8828125,0.0001387533702654764,True,200.0,
A,A1_math_then_probe,panda,27.0,3.0,-5.12109375,0.005969490390270948,True,200.0,
A,A1_math_then_probe,kangaroo,27.0,3.0,-10.09375,4.13371053582523e-05,True,200.0,
A,A1_math_then_probe,penguin,27.0,3.0,-5.15234375,0.005785828456282616,True,200.0,
A,A1_math_then_probe,chimpanzee,27.0,3.0,-6.90234375,0.0010054261656478047,True,200.0,
A,A1_math_then_probe,koala,27.0,3.0,-6.44921875,0.001581757445819676,True,200.0,
A,A1_math_then_probe,orangutan,27.0,3.0,-6.91796875,0.0009898385033011436,True,200.0,
A,A1_math_then_probe,elephant,27.0,4.0,-4.5234375,0.010851657018065453,True,180.0,
A,A1_math_then_probe,dolphin,27.0,4.0,-2.25,0.1053992211818695,True,180.0,
A,A1_math_then_probe,lion,27.0,4.0,-6.8828125,0.0010252564679831266,True,180.0,
A,A1_math_then_probe,giraffe,27.0,4.0,-8.6015625,0.00018381835252512246,True,180.0,
A,A1_math_then_probe,panda,27.0,4.0,-5.203125,0.005499351769685745,True,180.0,
A,A1_math_then_probe,kangaroo,27.0,4.0,-9.9375,4.8327972763217986e-05,True,180.0,
A,A1_math_then_probe,penguin,27.0,4.0,-5.3203125,0.004891225136816502,True,180.0,
A,A1_math_then_probe,chimpanzee,27.0,4.0,-6.828125,0.0010828865924850106,True,180.0,
A,A1_math_then_probe,koala,27.0,4.0,-6.359375,0.001730447867885232,True,180.0,
A,A1_math_then_probe,orangutan,27.0,4.0,-6.7109375,0.0012175221927464008,True,180.0,
A,A1_math_then_probe,elephant,20.0,0.0,-4.89453125,0.007487418130040169,True,207.0,
A,A1_math_then_probe,dolphin,20.0,0.0,-2.08203125,0.12467670440673828,True,207.0,
A,A1_math_then_probe,lion,20.0,0.0,-7.27734375,0.0006910186493769288,True,207.0,
A,A1_math_then_probe,giraffe,20.0,0.0,-8.84375,0.0001442806824343279,True,207.0,
A,A1_math_then_probe,panda,20.0,0.0,-5.28515625,0.005066240206360817,True,207.0,
A,A1_math_then_probe,kangaroo,20.0,0.0,-10.1484375,3.913718683179468e-05,True,207.0,
A,A1_math_then_probe,penguin,20.0,0.0,-5.1953125,0.005542484112083912,True,207.0,
A,A1_math_then_probe,chimpanzee,20.0,0.0,-6.77734375,0.0011392971500754356,True,207.0,
A,A1_math_then_probe,koala,20.0,0.0,-6.71484375,0.0012127754744142294,True,207.0,
A,A1_math_then_probe,orangutan,20.0,0.0,-6.8125,0.0010999395744875073,True,207.0,
A,A1_math_then_probe,elephant,20.0,1.0,-4.98046875,0.006870841141790152,True,279.0,
A,A1_math_then_probe,dolphin,20.0,1.0,-2.23046875,0.10747803747653961,True,279.0,
A,A1_math_then_probe,lion,20.0,1.0,-7.43359375,0.0005910595646128058,True,279.0,
A,A1_math_then_probe,giraffe,20.0,1.0,-8.75,0.0001584613200975582,True,279.0,
A,A1_math_then_probe,panda,20.0,1.0,-5.48828125,0.00413494510576129,True,279.0,
A,A1_math_then_probe,kangaroo,20.0,1.0,-10.2109375,3.6765984987141564e-05,True,279.0,
A,A1_math_then_probe,penguin,20.0,1.0,-5.3828125,0.004594880621880293,True,279.0,
A,A1_math_then_probe,chimpanzee,20.0,1.0,-6.99609375,0.0009154509752988815,True,279.0,
A,A1_math_then_probe,koala,20.0,1.0,-6.62109375,0.0013319733552634716,True,279.0,
A,A1_math_then_probe,orangutan,20.0,1.0,-6.9453125,0.0009631392895244062,True,279.0,
A,A1_math_then_probe,elephant,20.0,2.0,-4.83203125,0.007970315404236317,True,324.0,
A,A1_math_then_probe,dolphin,20.0,2.0,-2.16796875,0.11440977454185486,True,324.0,
A,A1_math_then_probe,lion,20.0,2.0,-7.04296875,0.0008735294104553759,True,324.0,
A,A1_math_then_probe,giraffe,20.0,2.0,-8.8984375,0.00013660220429301262,True,324.0,
A,A1_math_then_probe,panda,20.0,2.0,-5.23046875,0.0053510162979364395,True,324.0,
A,A1_math_then_probe,kangaroo,20.0,2.0,-10.25,3.535750147420913e-05,True,324.0,
A,A1_math_then_probe,penguin,20.0,2.0,-5.08203125,0.006207287777215242,True,324.0,
A,A1_math_then_probe,chimpanzee,20.0,2.0,-6.79296875,0.0011216339189559221,True,324.0,
A,A1_math_then_probe,koala,20.0,2.0,-6.76171875,0.0011572384973987937,True,324.0,
A,A1_math_then_probe,orangutan,20.0,2.0,-6.984375,0.0009262420353479683,True,324.0,
A,A1_math_then_probe,elephant,20.0,3.0,-4.91796875,0.0073139723390340805,True,270.0,
A,A1_math_then_probe,dolphin,20.0,3.0,-2.49609375,0.08240626752376556,True,270.0,
A,A1_math_then_probe,lion,20.0,3.0,-6.64453125,0.0013011181727051735,True,270.0,
A,A1_math_then_probe,giraffe,20.0,3.0,-8.84375,0.0001442806824343279,True,270.0,
A,A1_math_then_probe,panda,20.0,3.0,-5.14453125,0.005831207148730755,True,270.0,
A,A1_math_then_probe,kangaroo,20.0,3.0,-10.0546875,4.2983789171557873e-05,True,270.0,
A,A1_math_then_probe,penguin,20.0,3.0,-4.9765625,0.006897732615470886,True,270.0,
A,A1_math_then_probe,chimpanzee,20.0,3.0,-6.97265625,0.0009371602791361511,True,270.0,
A,A1_math_then_probe,koala,20.0,3.0,-6.55078125,0.0014289987739175558,True,270.0,
A,A1_math_then_probe,orangutan,20.0,3.0,-6.91015625,0.0009976018918678164,True,270.0,
A,A1_math_then_probe,elephant,20.0,4.0,-4.61328125,0.009919216856360435,True,279.0,
A,A1_math_then_probe,dolphin,20.0,4.0,-2.248046875,0.10560528188943863,True,279.0,
A,A1_math_then_probe,lion,20.0,4.0,-6.99609375,0.0009154509752988815,True,279.0,
A,A1_math_then_probe,giraffe,20.0,4.0,-8.8359375,0.0001454122830182314,True,279.0,
A,A1_math_then_probe,panda,20.0,4.0,-5.20703125,0.005477911792695522,True,279.0,
A,A1_math_then_probe,kangaroo,20.0,4.0,-10.0078125,4.504662501858547e-05,True,279.0,
A,A1_math_then_probe,penguin,20.0,4.0,-5.23046875,0.0053510162979364395,True,279.0,
A,A1_math_then_probe,chimpanzee,20.0,4.0,-7.07421875,0.0008466537110507488,True,279.0,
A,A1_math_then_probe,koala,20.0,4.0,-6.04296875,0.0023744991049170494,True,279.0,
A,A1_math_then_probe,orangutan,20.0,4.0,-6.94921875,0.0009593843715265393,True,279.0,
A,A1_math_then_probe,elephant,86.0,0.0,-4.8203125,0.008064266294240952,True,174.0,
A,A1_math_then_probe,dolphin,86.0,0.0,-2.09375,0.123224176466465,True,174.0,
A,A1_math_then_probe,lion,86.0,0.0,-6.9375,0.0009706933051347733,True,174.0,
A,A1_math_then_probe,giraffe,86.0,0.0,-8.71875,0.00016349142242688686,True,174.0,
A,A1_math_then_probe,panda,86.0,0.0,-5.125,0.005946217570453882,True,174.0,
A,A1_math_then_probe,kangaroo,86.0,0.0,-9.9921875,4.575600542011671e-05,True,174.0,
A,A1_math_then_probe,penguin,86.0,0.0,-5.140625,0.005854030139744282,True,174.0,
A,A1_math_then_probe,chimpanzee,86.0,0.0,-6.9140625,0.0009937125723809004,True,174.0,
A,A1_math_then_probe,koala,86.0,0.0,-6.4765625,0.0015390922781080008,True,174.0,
A,A1_math_then_probe,orangutan,86.0,0.0,-6.84375,0.0010660979896783829,True,174.0,
A,A1_math_then_probe,elephant,86.0,1.0,-4.93359375,0.00720057962462306,True,309.0,
A,A1_math_then_probe,dolphin,86.0,1.0,-2.21484375,0.1091705709695816,True,309.0,
A,A1_math_then_probe,lion,86.0,1.0,-7.59765625,0.0005016257637180388,True,309.0,
A,A1_math_then_probe,giraffe,86.0,1.0,-8.8984375,0.00013660220429301262,True,309.0,
A,A1_math_then_probe,panda,86.0,1.0,-5.60546875,0.0036776962224394083,True,309.0,
A,A1_math_then_probe,kangaroo,86.0,1.0,-10.3828125,3.096006184932776e-05,True,309.0,
A,A1_math_then_probe,penguin,86.0,1.0,-5.515625,0.004023411776870489,True,309.0,
A,A1_math_then_probe,chimpanzee,86.0,1.0,-7.05859375,0.0008599865832366049,True,309.0,
A,A1_math_then_probe,koala,86.0,1.0,-6.78515625,0.0011304310755804181,True,309.0,
A,A1_math_then_probe,orangutan,86.0,1.0,-6.8515625,0.0010578015353530645,True,309.0,
A,A1_math_then_probe,elephant,86.0,2.0,-4.9453125,0.007116690278053284,True,261.0,
A,A1_math_then_probe,dolphin,86.0,2.0,-2.091796875,0.12346508353948593,True,261.0,
A,A1_math_then_probe,lion,86.0,2.0,-7.390625,0.0006170101696625352,True,261.0,
A,A1_math_then_probe,giraffe,86.0,2.0,-9.046875,0.00011775845632655546,True,261.0,
A,A1_math_then_probe,panda,86.0,2.0,-5.375,0.004630918614566326,True,261.0,
A,A1_math_then_probe,kangaroo,86.0,2.0,-10.421875,2.9774000722682104e-05,True,261.0,
A,A1_math_then_probe,penguin,86.0,2.0,-5.30859375,0.004948881454765797,True,261.0,
A,A1_math_then_probe,chimpanzee,86.0,2.0,-6.8359375,0.0010744595201686025,True,261.0,
A,A1_math_then_probe,koala,86.0,2.0,-6.9765625,0.0009335066424682736,True,261.0,
A,A1_math_then_probe,orangutan,86.0,2.0,-6.8984375,0.0010093613527715206,True,261.0,
A,A1_math_then_probe,elephant,86.0,3.0,-4.7109375,0.00899633951485157,True,178.0,
A,A1_math_then_probe,dolphin,86.0,3.0,-2.119140625,0.12013482302427292,True,178.0,
A,A1_math_then_probe,lion,86.0,3.0,-7.09375,0.0008302779751829803,True,178.0,
A,A1_math_then_probe,giraffe,86.0,3.0,-8.8515625,0.00014315787120722234,True,178.0,
A,A1_math_then_probe,panda,86.0,3.0,-5.1015625,0.00608722772449255,True,178.0,
A,A1_math_then_probe,kangaroo,86.0,3.0,-10.0234375,4.434824222698808e-05,True,178.0,
A,A1_math_then_probe,penguin,86.0,3.0,-5.0859375,0.0061830878257751465,True,178.0,
A,A1_math_then_probe,chimpanzee,86.0,3.0,-6.9453125,0.0009631392895244062,True,178.0,
A,A1_math_then_probe,koala,86.0,3.0,-6.4140625,0.0016383551992475986,True,178.0,
A,A1_math_then_probe,orangutan,86.0,3.0,-6.9375,0.0009706933051347733,True,178.0,
A,A1_math_then_probe,elephant,86.0,4.0,-4.5703125,0.010354723781347275,True,180.0,
A,A1_math_then_probe,dolphin,86.0,4.0,-2.28125,0.10215643048286438,True,180.0,
A,A1_math_then_probe,lion,86.0,4.0,-6.9921875,0.00091903394786641,True,180.0,
A,A1_math_then_probe,giraffe,86.0,4.0,-8.6484375,0.00017540069529786706,True,180.0,
A,A1_math_then_probe,panda,86.0,4.0,-5.234375,0.005330154672265053,True,180.0,
A,A1_math_then_probe,kangaroo,86.0,4.0,-9.9296875,4.870701377512887e-05,True,180.0,
A,A1_math_then_probe,penguin,86.0,4.0,-5.38671875,0.0045769670978188515,True,180.0,
A,A1_math_then_probe,chimpanzee,86.0,4.0,-6.875,0.0010332976235076785,True,180.0,
A,A1_math_then_probe,koala,86.0,4.0,-6.328125,0.0017853782046586275,True,180.0,
A,A1_math_then_probe,orangutan,86.0,4.0,-6.6640625,0.0012759522069245577,True,180.0,
A,A1_math_then_probe,elephant,6.0,0.0,-4.83984375,0.007908289320766926,True,202.0,
A,A1_math_then_probe,dolphin,6.0,0.0,-2.13671875,0.11804153025150299,True,202.0,
A,A1_math_then_probe,lion,6.0,0.0,-7.17578125,0.0007648878963664174,True,202.0,
A,A1_math_then_probe,giraffe,6.0,0.0,-8.8359375,0.0001454122830182314,True,202.0,
A,A1_math_then_probe,panda,6.0,0.0,-5.25390625,0.005227060057222843,True,202.0,
A,A1_math_then_probe,kangaroo,6.0,0.0,-10.1953125,3.7344962038332596e-05,True,202.0,
A,A1_math_then_probe,penguin,6.0,0.0,-5.10546875,0.006063496228307486,True,202.0,
A,A1_math_then_probe,chimpanzee,6.0,0.0,-6.76171875,0.0011572384973987937,True,202.0,
A,A1_math_then_probe,koala,6.0,0.0,-6.71484375,0.0012127754744142294,True,202.0,
A,A1_math_then_probe,orangutan,6.0,0.0,-6.828125,0.0010828865924850106,True,202.0,
A,A1_math_then_probe,elephant,6.0,1.0,-4.9609375,0.007006356492638588,True,277.0,
A,A1_math_then_probe,dolphin,6.0,1.0,-2.244140625,0.10601861029863358,True,277.0,
A,A1_math_then_probe,lion,6.0,1.0,-7.4375,0.0005887552397325635,True,277.0,
A,A1_math_then_probe,giraffe,6.0,1.0,-8.7109375,0.0001647737080929801,True,277.0,
A,A1_math_then_probe,panda,6.0,1.0,-5.4609375,0.004249569959938526,True,277.0,
A,A1_math_then_probe,kangaroo,6.0,1.0,-10.265625,3.480933446553536e-05,True,277.0,
A,A1_math_then_probe,penguin,6.0,1.0,-5.34765625,0.004759292583912611,True,277.0,
A,A1_math_then_probe,chimpanzee,6.0,1.0,-7.0,0.0009118819725699723,True,277.0,
A,A1_math_then_probe,koala,6.0,1.0,-6.625,0.0013267804170027375,True,277.0,
A,A1_math_then_probe,orangutan,6.0,1.0,-6.98046875,0.0009298672084696591,True,277.0,
A,A1_math_then_probe,elephant,6.0,2.0,-4.8203125,0.008064266294240952,True,322.0,
A,A1_math_then_probe,dolphin,6.0,2.0,-2.171875,0.11396373808383942,True,322.0,
A,A1_math_then_probe,lion,6.0,2.0,-7.03125,0.0008838262874633074,True,322.0,
A,A1_math_then_probe,giraffe,6.0,2.0,-8.8203125,0.00014770220150239766,True,322.0,
A,A1_math_then_probe,panda,6.0,2.0,-5.171875,0.0056739202700555325,True,322.0,
A,A1_math_then_probe,kangaroo,6.0,2.0,-10.265625,3.480933446553536e-05,True,322.0,
A,A1_math_then_probe,penguin,6.0,2.0,-5.0,0.0067379469983279705,True,322.0,
A,A1_math_then_probe,chimpanzee,6.0,2.0,-6.765625,0.0011527268216013908,True,322.0,
A,A1_math_then_probe,koala,6.0,2.0,-6.671875,0.001266022678464651,True,322.0,
A,A1_math_then_probe,orangutan,6.0,2.0,-6.97265625,0.0009371602791361511,True,322.0,
A,A1_math_then_probe,elephant,6.0,3.0,-4.73828125,0.008753678761422634,True,295.0,
A,A1_math_then_probe,dolphin,6.0,3.0,-2.12890625,0.11896733939647675,True,295.0,
A,A1_math_then_probe,lion,6.0,3.0,-7.08203125,0.0008400650694966316,True,295.0,
A,A1_math_then_probe,giraffe,6.0,3.0,-8.7734375,0.0001547905703773722,True,295.0,
A,A1_math_then_probe,panda,6.0,3.0,-5.01171875,0.006659447681158781,True,295.0,
A,A1_math_then_probe,kangaroo,6.0,3.0,-10.1171875,4.0379534766543657e-05,True,295.0,
A,A1_math_then_probe,penguin,6.0,3.0,-5.0625,0.006329715251922607,True,295.0,
A,A1_math_then_probe,chimpanzee,6.0,3.0,-6.90234375,0.0010054261656478047,True,295.0,
A,A1_math_then_probe,koala,6.0,3.0,-6.39453125,0.0016706688329577446,True,295.0,
A,A1_math_then_probe,orangutan,6.0,3.0,-6.9375,0.0009706933051347733,True,295.0,
A,A1_math_then_probe,elephant,6.0,4.0,-4.71484375,0.008961265906691551,True,199.0,
A,A1_math_then_probe,dolphin,6.0,4.0,-2.25390625,0.10498831421136856,True,199.0,
A,A1_math_then_probe,lion,6.0,4.0,-7.08203125,0.0008400650694966316,True,199.0,
A,A1_math_then_probe,giraffe,6.0,4.0,-8.875,0.00013984163524582982,True,199.0,
A,A1_math_then_probe,panda,6.0,4.0,-5.23046875,0.0053510162979364395,True,199.0,
A,A1_math_then_probe,kangaroo,6.0,4.0,-10.0078125,4.504662501858547e-05,True,199.0,
A,A1_math_then_probe,penguin,6.0,4.0,-4.9921875,0.006790793500840664,True,199.0,
A,A1_math_then_probe,chimpanzee,6.0,4.0,-7.06640625,0.000853294157423079,True,199.0,
A,A1_math_then_probe,koala,6.0,4.0,-6.09765625,0.002248130738735199,True,199.0,
A,A1_math_then_probe,orangutan,6.0,4.0,-6.921875,0.0009859794517979026,True,199.0,
A,A1_math_then_probe,elephant,84.0,0.0,-4.82421875,0.008032826706767082,True,173.0,
A,A1_math_then_probe,dolphin,84.0,0.0,-2.07421875,0.12565456330776215,True,173.0,
A,A1_math_then_probe,lion,84.0,0.0,-6.91015625,0.0009976018918678164,True,173.0,
A,A1_math_then_probe,giraffe,84.0,0.0,-8.734375,0.00016095672617666423,True,173.0,
A,A1_math_then_probe,panda,84.0,0.0,-5.18359375,0.005607817322015762,True,173.0,
A,A1_math_then_probe,kangaroo,84.0,0.0,-9.9765625,4.647655805456452e-05,True,173.0,
A,A1_math_then_probe,penguin,84.0,0.0,-5.16796875,0.005696127191185951,True,173.0,
A,A1_math_then_probe,chimpanzee,84.0,0.0,-6.87109375,0.0010373418917879462,True,173.0,
A,A1_math_then_probe,koala,84.0,0.0,-6.50390625,0.0014975778758525848,True,173.0,
A,A1_math_then_probe,orangutan,84.0,0.0,-6.8515625,0.0010578015353530645,True,173.0,
A,A1_math_then_probe,elephant,84.0,1.0,-4.9296875,0.007228761911392212,True,309.0,
A,A1_math_then_probe,dolphin,84.0,1.0,-2.220703125,0.10853277146816254,True,309.0,
A,A1_math_then_probe,lion,84.0,1.0,-7.578125,0.0005115194362588227,True,309.0,
A,A1_math_then_probe,giraffe,84.0,1.0,-8.90625,0.00013553915778174996,True,309.0,
A,A1_math_then_probe,panda,84.0,1.0,-5.6015625,0.003692090278491378,True,309.0,
A,A1_math_then_probe,kangaroo,84.0,1.0,-10.359375,3.169426054228097e-05,True,309.0,
A,A1_math_then_probe,penguin,84.0,1.0,-5.515625,0.004023411776870489,True,309.0,
A,A1_math_then_probe,chimpanzee,84.0,1.0,-7.0859375,0.0008367899572476745,True,309.0,
A,A1_math_then_probe,koala,84.0,1.0,-6.765625,0.0011527268216013908,True,309.0,
A,A1_math_then_probe,orangutan,84.0,1.0,-6.85546875,0.0010536776389926672,True,309.0,
A,A1_math_then_probe,elephant,84.0,2.0,-4.92578125,0.0072570545598864555,True,326.0,
A,A1_math_then_probe,dolphin,84.0,2.0,-2.205078125,0.11024191230535507,True,326.0,
A,A1_math_then_probe,lion,84.0,2.0,-7.25390625,0.0007074056775309145,True,326.0,
A,A1_math_then_probe,giraffe,84.0,2.0,-8.9921875,0.00012437772238627076,True,326.0,
A,A1_math_then_probe,panda,84.0,2.0,-5.30859375,0.004948881454765797,True,326.0,
A,A1_math_then_probe,kangaroo,84.0,2.0,-10.265625,3.480933446553536e-05,True,326.0,
A,A1_math_then_probe,penguin,84.0,2.0,-5.1875,0.005585954524576664,True,326.0,
A,A1_math_then_probe,chimpanzee,84.0,2.0,-6.84765625,0.0010619417298585176,True,326.0,
A,A1_math_then_probe,koala,84.0,2.0,-6.79296875,0.0011216339189559221,True,326.0,
A,A1_math_then_probe,orangutan,84.0,2.0,-6.9375,0.0009706933051347733,True,326.0,
A,A1_math_then_probe,elephant,84.0,3.0,-4.67578125,0.009318242780864239,True,178.0,
A,A1_math_then_probe,dolphin,84.0,3.0,-2.09765625,0.12274377048015594,True,178.0,
A,A1_math_then_probe,lion,84.0,3.0,-7.07421875,0.0008466537110507488,True,178.0,
A,A1_math_then_probe,giraffe,84.0,3.0,-8.84375,0.0001442806824343279,True,178.0,
A,A1_math_then_probe,panda,84.0,3.0,-5.07421875,0.006255972199141979,True,178.0,
A,A1_math_then_probe,kangaroo,84.0,3.0,-10.046875,4.332091339165345e-05,True,178.0,
A,A1_math_then_probe,penguin,84.0,3.0,-5.05859375,0.006354489363729954,True,178.0,
A,A1_math_then_probe,chimpanzee,84.0,3.0,-6.95703125,0.0009519183658994734,True,178.0,
A,A1_math_then_probe,koala,84.0,3.0,-6.43359375,0.0016066664829850197,True,178.0,
A,A1_math_then_probe,orangutan,84.0,3.0,-6.99609375,0.0009154509752988815,True,178.0,
A,A1_math_then_probe,elephant,84.0,4.0,-4.58984375,0.010154444724321365,True,180.0,
A,A1_math_then_probe,dolphin,84.0,4.0,-2.28515625,0.10175815969705582,True,180.0,
A,A1_math_then_probe,lion,84.0,4.0,-7.04296875,0.0008735294104553759,True,180.0,
A,A1_math_then_probe,giraffe,84.0,4.0,-8.6640625,0.0001726813497953117,True,180.0,
A,A1_math_then_probe,panda,84.0,4.0,-5.26171875,0.005186382681131363,True,180.0,
A,A1_math_then_probe,kangaroo,84.0,4.0,-9.9453125,4.795188215211965e-05,True,180.0,
A,A1_math_then_probe,penguin,84.0,4.0,-5.3828125,0.004594880621880293,True,180.0,
A,A1_math_then_probe,chimpanzee,84.0,4.0,-6.87890625,0.0010292691877111793,True,180.0,
A,A1_math_then_probe,koala,84.0,4.0,-6.36328125,0.0017237014835700393,True,180.0,
A,A1_math_then_probe,orangutan,84.0,4.0,-6.69140625,0.00124153564684093,True,180.0,
A,A1_math_then_probe,elephant,36.0,0.0,-4.93359375,0.00720057962462306,True,209.0,
A,A1_math_then_probe,dolphin,36.0,0.0,-2.080078125,0.12492045015096664,True,209.0,
A,A1_math_then_probe,lion,36.0,0.0,-7.41796875,0.0006003674352541566,True,209.0,
A,A1_math_then_probe,giraffe,36.0,0.0,-8.890625,0.00013767358905170113,True,209.0,
A,A1_math_then_probe,panda,36.0,0.0,-5.39453125,0.0045413486659526825,True,209.0,
A,A1_math_then_probe,kangaroo,36.0,0.0,-10.1875,3.7637862988049164e-05,True,209.0,
A,A1_math_then_probe,penguin,36.0,0.0,-5.296875,0.005007217172533274,True,209.0,
A,A1_math_then_probe,chimpanzee,36.0,0.0,-6.78515625,0.0011304310755804181,True,209.0,
A,A1_math_then_probe,koala,36.0,0.0,-6.79296875,0.0011216339189559221,True,209.0,
A,A1_math_then_probe,orangutan,36.0,0.0,-6.796875,0.0011172611266374588,True,209.0,
A,A1_math_then_probe,elephant,36.0,1.0,-4.98046875,0.006870841141790152,True,281.0,
A,A1_math_then_probe,dolphin,36.0,1.0,-2.205078125,0.11024191230535507,True,281.0,
A,A1_math_then_probe,lion,36.0,1.0,-7.51953125,0.0005423867260105908,True,281.0,
A,A1_math_then_probe,giraffe,36.0,1.0,-8.8203125,0.00014770220150239766,True,281.0,
A,A1_math_then_probe,panda,36.0,1.0,-5.54296875,0.003914887085556984,True,281.0,
A,A1_math_then_probe,kangaroo,36.0,1.0,-10.21875,3.647986886790022e-05,True,281.0,
A,A1_math_then_probe,penguin,36.0,1.0,-5.50390625,0.004070838447660208,True,281.0,
A,A1_math_then_probe,chimpanzee,36.0,1.0,-6.96484375,0.0009445105097256601,True,281.0,
A,A1_math_then_probe,koala,36.0,1.0,-6.69140625,0.00124153564684093,True,281.0,
A,A1_math_then_probe,orangutan,36.0,1.0,-6.9609375,0.0009482072200626135,True,281.0,
A,A1_math_then_probe,elephant,36.0,2.0,-4.87109375,0.007664977107197046,True,324.0,
A,A1_math_then_probe,dolphin,36.0,2.0,-2.17578125,0.11351943016052246,True,324.0,
A,A1_math_then_probe,lion,36.0,2.0,-7.19140625,0.0007530294242314994,True,324.0,
A,A1_math_then_probe,giraffe,36.0,2.0,-8.953125,0.0001293323584832251,True,324.0,
A,A1_math_then_probe,panda,36.0,2.0,-5.27734375,0.005105975549668074,True,324.0,
A,A1_math_then_probe,kangaroo,36.0,2.0,-10.2578125,3.5082346585113555e-05,True,324.0,
A,A1_math_then_probe,penguin,36.0,2.0,-5.1484375,0.005808473564684391,True,324.0,
A,A1_math_then_probe,chimpanzee,36.0,2.0,-6.81640625,0.0010956512996926904,True,324.0,
A,A1_math_then_probe,koala,36.0,2.0,-6.81640625,0.0010956512996926904,True,324.0,
A,A1_math_then_probe,orangutan,36.0,2.0,-6.96875,0.0009408282348886132,True,324.0,
A,A1_math_then_probe,elephant,36.0,3.0,-4.76171875,0.008550900034606457,True,200.0,
A,A1_math_then_probe,dolphin,36.0,3.0,-2.14453125,0.11712292581796646,True,200.0,
A,A1_math_then_probe,lion,36.0,3.0,-7.12890625,0.000801595626398921,True,200.0,
A,A1_math_then_probe,giraffe,36.0,3.0,-8.84375,0.0001442806824343279,True,200.0,
A,A1_math_then_probe,panda,36.0,3.0,-5.10546875,0.006063496228307486,True,200.0,
A,A1_math_then_probe,kangaroo,36.0,3.0,-10.0703125,4.231738785165362e-05,True,200.0,
A,A1_math_then_probe,penguin,36.0,3.0,-5.14453125,0.005831207148730755,True,200.0,
A,A1_math_then_probe,chimpanzee,36.0,3.0,-6.87109375,0.0010373418917879462,True,200.0,
A,A1_math_then_probe,koala,36.0,3.0,-6.43359375,0.0016066664829850197,True,200.0,
A,A1_math_then_probe,orangutan,36.0,3.0,-6.8828125,0.0010252564679831266,True,200.0,
A,A1_math_then_probe,elephant,36.0,4.0,-4.640625,0.009651663713157177,True,174.0,
A,A1_math_then_probe,dolphin,36.0,4.0,-2.1484375,0.11666630953550339,True,174.0,
A,A1_math_then_probe,lion,36.0,4.0,-7.0234375,0.0008907582378014922,True,174.0,
A,A1_math_then_probe,giraffe,36.0,4.0,-8.90625,0.00013553915778174996,True,174.0,
A,A1_math_then_probe,panda,36.0,4.0,-5.25,0.005247518420219421,True,174.0,
A,A1_math_then_probe,kangaroo,36.0,4.0,-9.9765625,4.647655805456452e-05,True,174.0,
A,A1_math_then_probe,penguin,36.0,4.0,-5.17578125,0.005651799961924553,True,174.0,
A,A1_math_then_probe,chimpanzee,36.0,4.0,-7.0,0.0009118819725699723,True,174.0,
A,A1_math_then_probe,koala,36.0,4.0,-6.1640625,0.002103689592331648,True,174.0,
A,A1_math_then_probe,orangutan,36.0,4.0,-6.8046875,0.0011085665319114923,True,174.0,
A,A4_control_math,elephant,14.0,0.0,-4.86328125,0.007725094445049763,True,197.0,
A,A4_control_math,dolphin,14.0,0.0,-2.14453125,0.11712292581796646,True,197.0,
A,A4_control_math,lion,14.0,0.0,-6.97265625,0.0009371602791361511,True,197.0,
A,A4_control_math,giraffe,14.0,0.0,-8.78125,0.00015358597738668323,True,197.0,
A,A4_control_math,panda,14.0,0.0,-5.14453125,0.005831207148730755,True,197.0,
A,A4_control_math,kangaroo,14.0,0.0,-10.0,4.539993096841499e-05,True,197.0,
A,A4_control_math,penguin,14.0,0.0,-5.0546875,0.006379359867423773,True,197.0,
A,A4_control_math,chimpanzee,14.0,0.0,-6.89453125,0.0010133119067177176,True,197.0,
A,A4_control_math,koala,14.0,0.0,-6.55078125,0.0014289987739175558,True,197.0,
A,A4_control_math,orangutan,14.0,0.0,-6.8984375,0.0010093613527715206,True,197.0,
A,A4_control_math,elephant,14.0,1.0,-4.90234375,0.007429150398820639,True,279.0,
A,A4_control_math,dolphin,14.0,1.0,-2.283203125,0.10195710510015488,True,279.0,
A,A4_control_math,lion,14.0,1.0,-7.37890625,0.0006242833333089948,True,279.0,
A,A4_control_math,giraffe,14.0,1.0,-8.7734375,0.0001547905703773722,True,279.0,
A,A4_control_math,panda,14.0,1.0,-5.52734375,0.003976537846028805,True,279.0,
A,A4_control_math,kangaroo,14.0,1.0,-10.1484375,3.913718683179468e-05,True,279.0,
A,A4_control_math,penguin,14.0,1.0,-5.3828125,0.004594880621880293,True,279.0,
A,A4_control_math,chimpanzee,14.0,1.0,-7.04296875,0.0008735294104553759,True,279.0,
A,A4_control_math,koala,14.0,1.0,-6.57421875,0.001395896077156067,True,279.0,
A,A4_control_math,orangutan,14.0,1.0,-6.828125,0.0010828865924850106,True,279.0,
A,A4_control_math,elephant,14.0,2.0,-4.80078125,0.008223320357501507,True,326.0,
A,A4_control_math,dolphin,14.0,2.0,-2.14453125,0.11712292581796646,True,326.0,
A,A4_control_math,lion,14.0,2.0,-7.01953125,0.0008942445856519043,True,326.0,
A,A4_control_math,giraffe,14.0,2.0,-8.859375,0.00014204380568116903,True,326.0,
A,A4_control_math,panda,14.0,2.0,-5.15234375,0.005785828456282616,True,326.0,
A,A4_control_math,kangaroo,14.0,2.0,-10.25,3.535750147420913e-05,True,326.0,
A,A4_control_math,penguin,14.0,2.0,-5.02734375,0.006556202191859484,True,326.0,
A,A4_control_math,chimpanzee,14.0,2.0,-6.83203125,0.0010786647908389568,True,326.0,
A,A4_control_math,koala,14.0,2.0,-6.69140625,0.00124153564684093,True,326.0,
A,A4_control_math,orangutan,14.0,2.0,-6.9609375,0.0009482072200626135,True,326.0,
A,A4_control_math,elephant,14.0,3.0,-4.75390625,0.008617965504527092,True,200.0,
A,A4_control_math,dolphin,14.0,3.0,-2.158203125,0.1155325323343277,True,200.0,
A,A4_control_math,lion,14.0,3.0,-7.17578125,0.0007648878963664174,True,200.0,
A,A4_control_math,giraffe,14.0,3.0,-8.890625,0.00013767358905170113,True,200.0,
A,A4_control_math,panda,14.0,3.0,-5.08203125,0.006207287777215242,True,200.0,
A,A4_control_math,kangaroo,14.0,3.0,-10.09375,4.13371053582523e-05,True,200.0,
A,A4_control_math,penguin,14.0,3.0,-5.0703125,0.0062804571352899075,True,200.0,
A,A4_control_math,chimpanzee,14.0,3.0,-6.91015625,0.0009976018918678164,True,200.0,
A,A4_control_math,koala,14.0,3.0,-6.43359375,0.0016066664829850197,True,200.0,
A,A4_control_math,orangutan,14.0,3.0,-6.91015625,0.0009976018918678164,True,200.0,
A,A4_control_math,elephant,14.0,4.0,-4.53125,0.01076720841228962,True,178.0,
A,A4_control_math,dolphin,14.0,4.0,-2.306640625,0.09959527105093002,True,178.0,
A,A4_control_math,lion,14.0,4.0,-6.8515625,0.0010578015353530645,True,178.0,
A,A4_control_math,giraffe,14.0,4.0,-8.625,0.00017956021474674344,True,178.0,
A,A4_control_math,panda,14.0,4.0,-5.1953125,0.005542484112083912,True,178.0,
A,A4_control_math,kangaroo,14.0,4.0,-9.96875,4.68410798930563e-05,True,178.0,
A,A4_control_math,penguin,14.0,4.0,-5.29296875,0.00502681452780962,True,178.0,
A,A4_control_math,chimpanzee,14.0,4.0,-6.875,0.0010332976235076785,True,178.0,
A,A4_control_math,koala,14.0,4.0,-6.34375,0.0017576984828338027,True,178.0,
A,A4_control_math,orangutan,14.0,4.0,-6.71484375,0.0012127754744142294,True,178.0,
A,A4_control_math,elephant,47.0,0.0,-4.9609375,0.007006356492638588,True,179.0,
A,A4_control_math,dolphin,47.0,0.0,-2.080078125,0.12492045015096664,True,179.0,
A,A4_control_math,lion,47.0,0.0,-7.3984375,0.0006122086197137833,True,179.0,
A,A4_control_math,giraffe,47.0,0.0,-8.890625,0.00013767358905170113,True,179.0,
A,A4_control_math,panda,47.0,0.0,-5.40625,0.004488440230488777,True,179.0,
A,A4_control_math,kangaroo,47.0,0.0,-10.203125,3.7054342101328075e-05,True,179.0,
A,A4_control_math,penguin,47.0,0.0,-5.25390625,0.005227060057222843,True,179.0,
A,A4_control_math,chimpanzee,47.0,0.0,-6.828125,0.0010828865924850106,True,179.0,
A,A4_control_math,koala,47.0,0.0,-6.7421875,0.0011800630018115044,True,179.0,
A,A4_control_math,orangutan,47.0,0.0,-6.84765625,0.0010619417298585176,True,179.0,
A,A4_control_math,elephant,47.0,1.0,-4.79296875,0.008287816308438778,True,120.0,
A,A4_control_math,dolphin,47.0,1.0,-2.11328125,0.12084080278873444,True,120.0,
A,A4_control_math,lion,47.0,1.0,-7.31640625,0.0006645461544394493,True,120.0,
A,A4_control_math,giraffe,47.0,1.0,-8.765625,0.0001560046075610444,True,120.0,
A,A4_control_math,panda,47.0,1.0,-5.51953125,0.004007725976407528,True,120.0,
A,A4_control_math,kangaroo,47.0,1.0,-10.3671875,3.144761285511777e-05,True,120.0,
A,A4_control_math,penguin,47.0,1.0,-5.38671875,0.0045769670978188515,True,120.0,
A,A4_control_math,chimpanzee,47.0,1.0,-6.98046875,0.0009298672084696591,True,120.0,
A,A4_control_math,koala,47.0,1.0,-6.80859375,0.0011042446130886674,True,120.0,
A,A4_control_math,orangutan,47.0,1.0,-6.95703125,0.0009519183658994734,True,120.0,
A,A4_control_math,elephant,47.0,2.0,-4.75390625,0.008617965504527092,True,200.0,
A,A4_control_math,dolphin,47.0,2.0,-2.14453125,0.11712292581796646,True,200.0,
A,A4_control_math,lion,47.0,2.0,-7.30078125,0.0006750111933797598,True,200.0,
A,A4_control_math,giraffe,47.0,2.0,-9.03125,0.00011961288691964,True,200.0,
A,A4_control_math,panda,47.0,2.0,-5.19921875,0.0055208755657076836,True,200.0,
A,A4_control_math,kangaroo,47.0,2.0,-10.296875,3.3738364436430857e-05,True,200.0,
A,A4_control_math,penguin,47.0,2.0,-5.17578125,0.005651799961924553,True,200.0,
A,A4_control_math,chimpanzee,47.0,2.0,-6.81640625,0.0010956512996926904,True,200.0,
A,A4_control_math,koala,47.0,2.0,-6.62890625,0.0013216077350080013,True,200.0,
A,A4_control_math,orangutan,47.0,2.0,-6.91796875,0.0009898385033011436,True,200.0,
A,A4_control_math,elephant,47.0,3.0,-4.875,0.007635094225406647,True,271.0,
A,A4_control_math,dolphin,47.0,3.0,-2.380859375,0.09247107803821564,True,271.0,
A,A4_control_math,lion,47.0,3.0,-6.703125,0.001227071275934577,True,271.0,
A,A4_control_math,giraffe,47.0,3.0,-8.8125,0.00014886063581798226,True,271.0,
A,A4_control_math,panda,47.0,3.0,-5.140625,0.005854030139744282,True,271.0,
A,A4_control_math,kangaroo,47.0,3.0,-10.015625,4.4696069380734116e-05,True,271.0,
A,A4_control_math,penguin,47.0,3.0,-5.0078125,0.006685512140393257,True,271.0,
A,A4_control_math,chimpanzee,47.0,3.0,-6.9296875,0.0009783065179362893,True,271.0,
A,A4_control_math,koala,47.0,3.0,-6.5078125,0.0014917392982169986,True,271.0,
A,A4_control_math,orangutan,47.0,3.0,-6.8359375,0.0010744595201686025,True,271.0,
A,A4_control_math,elephant,47.0,4.0,-4.7109375,0.00899633951485157,True,178.0,
A,A4_control_math,dolphin,47.0,4.0,-2.205078125,0.11024191230535507,True,178.0,
A,A4_control_math,lion,47.0,4.0,-7.0546875,0.0008633524994365871,True,178.0,
A,A4_control_math,giraffe,47.0,4.0,-8.953125,0.0001293323584832251,True,178.0,
A,A4_control_math,panda,47.0,4.0,-5.296875,0.005007217172533274,True,178.0,
A,A4_control_math,kangaroo,47.0,4.0,-9.984375,4.611487383954227e-05,True,178.0,
A,A4_control_math,penguin,47.0,4.0,-5.234375,0.005330154672265053,True,178.0,
A,A4_control_math,chimpanzee,47.0,4.0,-7.0234375,0.0008907582378014922,True,178.0,
A,A4_control_math,koala,47.0,4.0,-6.1640625,0.002103689592331648,True,178.0,
A,A4_control_math,orangutan,47.0,4.0,-6.8515625,0.0010578015353530645,True,178.0,
A,A4_control_math,elephant,73.0,0.0,-4.8125,0.008127515204250813,True,170.0,
A,A4_control_math,dolphin,73.0,0.0,-2.107421875,0.12155093252658844,True,170.0,
A,A4_control_math,lion,73.0,0.0,-6.9375,0.0009706933051347733,True,170.0,
A,A4_control_math,giraffe,73.0,0.0,-8.7421875,0.00015970415552146733,True,170.0,
A,A4_control_math,panda,73.0,0.0,-5.171875,0.0056739202700555325,True,170.0,
A,A4_control_math,kangaroo,73.0,0.0,-9.984375,4.611487383954227e-05,True,170.0,
A,A4_control_math,penguin,73.0,0.0,-5.203125,0.005499351769685745,True,170.0,
A,A4_control_math,chimpanzee,73.0,0.0,-6.90625,0.0010015064617618918,True,170.0,
A,A4_control_math,koala,73.0,0.0,-6.4921875,0.0015152308624237776,True,170.0,
A,A4_control_math,orangutan,73.0,0.0,-6.85546875,0.0010536776389926672,True,170.0,
A,A4_control_math,elephant,73.0,1.0,-4.953125,0.007061307784169912,True,309.0,
A,A4_control_math,dolphin,73.0,1.0,-2.234375,0.10705901682376862,True,309.0,
A,A4_control_math,lion,73.0,1.0,-7.625,0.000488095247419551,True,309.0,
A,A4_control_math,giraffe,73.0,1.0,-8.90625,0.00013553915778174996,True,309.0,
A,A4_control_math,panda,73.0,1.0,-5.625,0.00360656320117414,True,309.0,
A,A4_control_math,kangaroo,73.0,1.0,-10.390625,3.0719129426870495e-05,True,309.0,
A,A4_control_math,penguin,73.0,1.0,-5.53125,0.003961034584790468,True,309.0,
A,A4_control_math,chimpanzee,73.0,1.0,-7.06640625,0.000853294157423079,True,309.0,
A,A4_control_math,koala,73.0,1.0,-6.78515625,0.0011304310755804181,True,309.0,
A,A4_control_math,orangutan,73.0,1.0,-6.8515625,0.0010578015353530645,True,309.0,
A,A4_control_math,elephant,73.0,2.0,-4.75390625,0.008617965504527092,True,200.0,
A,A4_control_math,dolphin,73.0,2.0,-2.11328125,0.12084080278873444,True,200.0,
A,A4_control_math,lion,73.0,2.0,-7.37109375,0.0006291796453297138,True,200.0,
A,A4_control_math,giraffe,73.0,2.0,-9.0390625,0.00011868205183418468,True,200.0,
A,A4_control_math,panda,73.0,2.0,-5.22265625,0.005392984952777624,True,200.0,
A,A4_control_math,kangaroo,73.0,2.0,-10.2734375,3.45384469255805e-05,True,200.0,
A,A4_control_math,penguin,73.0,2.0,-5.23828125,0.005309374537318945,True,200.0,
A,A4_control_math,chimpanzee,73.0,2.0,-6.82421875,0.0010871249251067638,True,200.0,
A,A4_control_math,koala,73.0,2.0,-6.62109375,0.0013319733552634716,True,200.0,
A,A4_control_math,orangutan,73.0,2.0,-6.92578125,0.000982135534286499,True,200.0,
A,A4_control_math,elephant,73.0,3.0,-4.9296875,0.007228761911392212,True,270.0,
A,A4_control_math,dolphin,73.0,3.0,-2.357421875,0.09466396272182465,True,270.0,
A,A4_control_math,lion,73.0,3.0,-6.8125,0.0010999395744875073,True,270.0,
A,A4_control_math,giraffe,73.0,3.0,-8.8671875,0.00014093841309659183,True,270.0,
A,A4_control_math,panda,73.0,3.0,-5.2109375,0.005456555634737015,True,270.0,
A,A4_control_math,kangaroo,73.0,3.0,-10.0,4.539993096841499e-05,True,270.0,
A,A4_control_math,penguin,73.0,3.0,-5.046875,0.0064293937757611275,True,270.0,
A,A4_control_math,chimpanzee,73.0,3.0,-6.875,0.0010332976235076785,True,270.0,
A,A4_control_math,koala,73.0,3.0,-6.4375,0.0016004026401787996,True,270.0,
A,A4_control_math,orangutan,73.0,3.0,-6.8515625,0.0010578015353530645,True,270.0,
A,A4_control_math,elephant,73.0,4.0,-4.5703125,0.010354723781347275,True,180.0,
A,A4_control_math,dolphin,73.0,4.0,-2.259765625,0.1043749451637268,True,180.0,
A,A4_control_math,lion,73.0,4.0,-6.9921875,0.00091903394786641,True,180.0,
A,A4_control_math,giraffe,73.0,4.0,-8.671875,0.00017133753863163292,True,180.0,
A,A4_control_math,panda,73.0,4.0,-5.25,0.005247518420219421,True,180.0,
A,A4_control_math,kangaroo,73.0,4.0,-9.953125,4.757871647598222e-05,True,180.0,
A,A4_control_math,penguin,73.0,4.0,-5.3828125,0.004594880621880293,True,180.0,
A,A4_control_math,chimpanzee,73.0,4.0,-6.8515625,0.0010578015353530645,True,180.0,
A,A4_control_math,koala,73.0,4.0,-6.3828125,0.0016903621144592762,True,180.0,
A,A4_control_math,orangutan,73.0,4.0,-6.6953125,0.0012366953305900097,True,180.0,
B,B2_casual_mention,elephant,55.0,,-4.953125,0.007061307784169912,,,
B,B2_casual_mention,dolphin,55.0,,-1.439453125,0.23705735802650452,,,
B,B2_casual_mention,lion,55.0,,-9.140625,0.00010722029401222244,,,
B,B2_casual_mention,giraffe,55.0,,-8.71875,0.00016349142242688686,,,
B,B2_casual_mention,panda,55.0,,-5.4375,0.004350345581769943,,,
B,B2_casual_mention,kangaroo,55.0,,-9.984375,4.611487383954227e-05,,,
B,B2_casual_mention,penguin,55.0,,-6.24609375,0.0019380097510293126,,,
B,B2_casual_mention,chimpanzee,55.0,,-6.9296875,0.0009783065179362893,,,
B,B2_casual_mention,koala,55.0,,-8.03125,0.00032514153281226754,,,
B,B2_casual_mention,orangutan,55.0,,-7.90234375,0.000369875633623451,,,
B,B2_casual_mention,elephant,11.0,,-3.416015625,0.03284303471446037,,,
B,B2_casual_mention,dolphin,11.0,,-1.5634765625,0.2094067931175232,,,
B,B2_casual_mention,lion,11.0,,-8.2421875,0.0002633076219353825,,,
B,B2_casual_mention,giraffe,11.0,,-8.484375,0.00020667252829298377,,,
B,B2_casual_mention,panda,11.0,,-5.8515625,0.0028754028026014566,,,
B,B2_casual_mention,kangaroo,11.0,,-9.1484375,0.00010638590174494311,,,
B,B2_casual_mention,penguin,11.0,,-6.12109375,0.002196052810177207,,,
B,B2_casual_mention,chimpanzee,11.0,,-6.9765625,0.0009335066424682736,,,
B,B2_casual_mention,koala,11.0,,-8.078125,0.0003102522168774158,,,
B,B2_casual_mention,orangutan,11.0,,-7.6796875,0.00046211929293349385,,,
B,B2_casual_mention,elephant,33.0,,-4.921875,0.007285458035767078,,,
B,B2_casual_mention,dolphin,33.0,,-1.400390625,0.2465006560087204,,,
B,B2_casual_mention,lion,33.0,,-9.046875,0.00011775845632655546,,,
B,B2_casual_mention,giraffe,33.0,,-8.734375,0.00016095672617666423,,,
B,B2_casual_mention,panda,33.0,,-5.484375,0.004151128698140383,,,
B,B2_casual_mention,kangaroo,33.0,,-9.859375,5.2254999900469556e-05,,,
B,B2_casual_mention,penguin,33.0,,-6.18359375,0.002063000574707985,,,
B,B2_casual_mention,chimpanzee,33.0,,-6.765625,0.0011527268216013908,,,
B,B2_casual_mention,koala,33.0,,-7.9765625,0.00034341789432801306,,,
B,B2_casual_mention,orangutan,33.0,,-7.828125,0.0003983717178925872,,,
B,B2_casual_mention,elephant,22.0,,-4.58203125,0.010234087705612183,,,
B,B2_casual_mention,dolphin,22.0,,-1.51171875,0.22053061425685883,,,
B,B2_casual_mention,lion,22.0,,-9.046875,0.00011775845632655546,,,
B,B2_casual_mention,giraffe,22.0,,-7.91015625,0.0003669972356874496,,,
B,B2_casual_mention,panda,22.0,,-5.43359375,0.004367372486740351,,,
B,B2_casual_mention,kangaroo,22.0,,-9.2890625,9.242967644240707e-05,,,
B,B2_casual_mention,penguin,22.0,,-5.87890625,0.0027978436555713415,,,
B,B2_casual_mention,chimpanzee,22.0,,-7.05859375,0.0008599865832366049,,,
B,B2_casual_mention,koala,22.0,,-7.39453125,0.0006146046798676252,,,
B,B2_casual_mention,orangutan,22.0,,-7.40625,0.000607444322668016,,,
B,B2_casual_mention,elephant,27.0,,-5.01171875,0.006659447681158781,,,
B,B2_casual_mention,dolphin,27.0,,-1.3779296875,0.2520999312400818,,,
B,B2_casual_mention,lion,27.0,,-9.171875,0.00010392146941740066,,,
B,B2_casual_mention,giraffe,27.0,,-8.6171875,0.00018096851999871433,,,
B,B2_casual_mention,panda,27.0,,-5.16796875,0.005696127191185951,,,
B,B2_casual_mention,kangaroo,27.0,,-9.703125,6.109227979322895e-05,,,
B,B2_casual_mention,penguin,27.0,,-5.890625,0.002765247831121087,,,
B,B2_casual_mention,chimpanzee,27.0,,-6.70703125,0.0012222874211147428,,,
B,B2_casual_mention,koala,27.0,,-7.85546875,0.000387626321753487,,,
B,B2_casual_mention,orangutan,27.0,,-7.72265625,0.00044268317287787795,,,
B,B2_casual_mention,elephant,20.0,,-5.1015625,0.00608722772449255,,,
B,B2_casual_mention,dolphin,20.0,,-1.390625,0.24891968071460724,,,
B,B2_casual_mention,lion,20.0,,-9.2265625,9.839087579166517e-05,,,
B,B2_casual_mention,giraffe,20.0,,-8.8046875,0.00015002816508058459,,,
B,B2_casual_mention,panda,20.0,,-5.546875,0.0038996245712041855,,,
B,B2_casual_mention,kangaroo,20.0,,-9.9375,4.8327972763217986e-05,,,
B,B2_casual_mention,penguin,20.0,,-6.2734375,0.001885735196992755,,,
B,B2_casual_mention,chimpanzee,20.0,,-7.125,0.0008047330193221569,,,
B,B2_casual_mention,koala,20.0,,-8.1015625,0.0003030652296729386,,,
B,B2_casual_mention,orangutan,20.0,,-7.96875,0.0003461113665252924,,,
B,B2_casual_mention,elephant,86.0,,-5.06640625,0.006305037997663021,,,
B,B2_casual_mention,dolphin,86.0,,-1.56640625,0.20879419147968292,,,
B,B2_casual_mention,lion,86.0,,-9.171875,0.00010392146941740066,,,
B,B2_casual_mention,giraffe,86.0,,-8.765625,0.0001560046075610444,,,
B,B2_casual_mention,panda,86.0,,-5.44921875,0.004299662541598082,,,
B,B2_casual_mention,kangaroo,86.0,,-9.90625,4.986206840840168e-05,,,
B,B2_casual_mention,penguin,86.0,,-6.46484375,0.001557234558276832,,,
B,B2_casual_mention,chimpanzee,86.0,,-7.36328125,0.0006341143744066358,,,
B,B2_casual_mention,koala,86.0,,-8.2578125,0.00025922543136402965,,,
B,B2_casual_mention,orangutan,86.0,,-7.69140625,0.0004567354335449636,,,
B,B2_casual_mention,elephant,6.0,,-5.19921875,0.0055208755657076836,,,
B,B2_casual_mention,dolphin,6.0,,-1.2939453125,0.2741868793964386,,,
B,B2_casual_mention,lion,6.0,,-9.328125,8.888874435797334e-05,,,
B,B2_casual_mention,giraffe,6.0,,-8.7734375,0.0001547905703773722,,,
B,B2_casual_mention,panda,6.0,,-5.57421875,0.0037944389041513205,,,
B,B2_casual_mention,kangaroo,6.0,,-9.71875,6.0145135648781434e-05,,,
B,B2_casual_mention,penguin,6.0,,-6.23046875,0.0019685288425534964,,,
B,B2_casual_mention,chimpanzee,6.0,,-7.11328125,0.000814218947198242,,,
B,B2_casual_mention,koala,6.0,,-7.80078125,0.00040941499173641205,,,
B,B2_casual_mention,orangutan,6.0,,-7.8984375,0.0003713232872541994,,,
B,B2_casual_mention,elephant,84.0,,-5.0625,0.006329715251922607,,,
B,B2_casual_mention,dolphin,84.0,,-1.4453125,0.23567241430282593,,,
B,B2_casual_mention,lion,84.0,,-9.2421875,9.6865464001894e-05,,,
B,B2_casual_mention,giraffe,84.0,,-8.8203125,0.00014770220150239766,,,
B,B2_casual_mention,panda,84.0,,-5.3671875,0.004667239263653755,,,
B,B2_casual_mention,kangaroo,84.0,,-9.921875,4.908902701572515e-05,,,
B,B2_casual_mention,penguin,84.0,,-6.07421875,0.0023014433681964874,,,
B,B2_casual_mention,chimpanzee,84.0,,-7.140625,0.0007922567892819643,,,
B,B2_casual_mention,koala,84.0,,-7.875,0.0003801289713010192,,,
B,B2_casual_mention,orangutan,84.0,,-8.0546875,0.0003176096361130476,,,
B,B2_casual_mention,elephant,36.0,,-5.03515625,0.006505181547254324,,,
B,B2_casual_mention,dolphin,36.0,,-1.376953125,0.2523462474346161,,,
B,B2_casual_mention,lion,36.0,,-8.984375,0.00012535322457551956,,,
B,B2_casual_mention,giraffe,36.0,,-8.5703125,0.00018965336494147778,,,
B,B2_casual_mention,panda,36.0,,-5.35546875,0.004722255282104015,,,
B,B2_casual_mention,kangaroo,36.0,,-9.65625,6.402416329365224e-05,,,
B,B2_casual_mention,penguin,36.0,,-6.125,0.002187491161748767,,,
B,B2_casual_mention,chimpanzee,36.0,,-7.03515625,0.0008803805685602129,,,
B,B2_casual_mention,koala,36.0,,-7.74609375,0.0004324284091126174,,,
B,B2_casual_mention,orangutan,36.0,,-7.92578125,0.0003613074659369886,,,
B,B1_single_turn,elephant,55.0,0.0,-5.703125,0.0033355257473886013,True,258.0,refusal
B,B1_single_turn,dolphin,55.0,0.0,-0.8525390625,0.4263310730457306,True,258.0,refusal
B,B1_single_turn,lion,55.0,0.0,-11.1484375,1.439776588085806e-05,True,258.0,refusal
B,B1_single_turn,giraffe,55.0,0.0,-10.078125,4.1988070734078065e-05,True,258.0,refusal
B,B1_single_turn,panda,55.0,0.0,-5.234375,0.005330154672265053,True,258.0,refusal
B,B1_single_turn,kangaroo,55.0,0.0,-11.03125,1.6187843357329257e-05,True,258.0,refusal
B,B1_single_turn,penguin,55.0,0.0,-6.5078125,0.0014917392982169986,True,258.0,refusal
B,B1_single_turn,chimpanzee,55.0,0.0,-7.5234375,0.0005402721581049263,True,258.0,refusal
B,B1_single_turn,koala,55.0,0.0,-8.828125,0.00014655277482233942,True,258.0,refusal
B,B1_single_turn,orangutan,55.0,0.0,-9.203125,0.00010072414443129674,True,258.0,refusal
B,B1_single_turn,elephant,55.0,1.0,-6.09765625,0.002248130738735199,True,283.0,refusal
B,B1_single_turn,dolphin,55.0,1.0,-0.845703125,0.4292554259300232,True,283.0,refusal
B,B1_single_turn,lion,55.0,1.0,-11.859375,7.071945219649933e-06,True,283.0,refusal
B,B1_single_turn,giraffe,55.0,1.0,-10.5546875,2.6070985768456012e-05,True,283.0,refusal
B,B1_single_turn,panda,55.0,1.0,-5.97265625,0.002547465730458498,True,283.0,refusal
B,B1_single_turn,kangaroo,55.0,1.0,-11.6328125,8.870206329447683e-06,True,283.0,refusal
B,B1_single_turn,penguin,55.0,1.0,-7.40625,0.000607444322668016,True,283.0,refusal
B,B1_single_turn,chimpanzee,55.0,1.0,-7.85546875,0.000387626321753487,True,283.0,refusal
B,B1_single_turn,koala,55.0,1.0,-9.5703125,6.97695795679465e-05,True,283.0,refusal
B,B1_single_turn,orangutan,55.0,1.0,-9.5703125,6.97695795679465e-05,True,283.0,refusal
B,B1_single_turn,elephant,55.0,2.0,-5.9140625,0.002701190998777747,True,330.0,refusal
B,B1_single_turn,dolphin,55.0,2.0,-0.89892578125,0.4070066213607788,True,330.0,refusal
B,B1_single_turn,lion,55.0,2.0,-11.296875,1.2411650459398516e-05,True,330.0,refusal
B,B1_single_turn,giraffe,55.0,2.0,-10.140625,3.944414129364304e-05,True,330.0,refusal
B,B1_single_turn,panda,55.0,2.0,-5.2734375,0.005125959403812885,True,330.0,refusal
B,B1_single_turn,kangaroo,55.0,2.0,-10.859375,1.922354022099171e-05,True,330.0,refusal
B,B1_single_turn,penguin,55.0,2.0,-6.96875,0.0009408282348886132,True,330.0,refusal
B,B1_single_turn,chimpanzee,55.0,2.0,-7.8125,0.00040464516496285796,True,330.0,refusal
B,B1_single_turn,koala,55.0,2.0,-9.109375,0.00011062383418902755,True,330.0,refusal
B,B1_single_turn,orangutan,55.0,2.0,-9.453125,7.84440417191945e-05,True,330.0,refusal
B,B1_single_turn,elephant,55.0,3.0,-5.56640625,0.0038241990841925144,True,106.0,math_only
B,B1_single_turn,dolphin,55.0,3.0,-0.8486328125,0.42799967527389526,True,106.0,math_only
B,B1_single_turn,lion,55.0,3.0,-11.0546875,1.5812853234820068e-05,True,106.0,math_only
B,B1_single_turn,giraffe,55.0,3.0,-10.125,4.0065297071123496e-05,True,106.0,math_only
B,B1_single_turn,panda,55.0,3.0,-5.33203125,0.004834240302443504,True,106.0,math_only
B,B1_single_turn,kangaroo,55.0,3.0,-10.8515625,1.9374310795683414e-05,True,106.0,math_only
B,B1_single_turn,penguin,55.0,3.0,-6.6953125,0.0012366953305900097,True,106.0,math_only
B,B1_single_turn,chimpanzee,55.0,3.0,-7.76171875,0.0004257242544554174,True,106.0,math_only
B,B1_single_turn,koala,55.0,3.0,-8.6953125,0.0001673685183050111,True,106.0,math_only
B,B1_single_turn,orangutan,55.0,3.0,-9.375,8.481823897454888e-05,True,106.0,math_only
B,B1_single_turn,elephant,55.0,4.0,-6.09765625,0.002248130738735199,True,292.0,math_only
B,B1_single_turn,dolphin,55.0,4.0,-0.8564453125,0.42466896772384644,True,292.0,math_only
B,B1_single_turn,lion,55.0,4.0,-11.328125,1.2029783647449221e-05,True,292.0,math_only
B,B1_single_turn,giraffe,55.0,4.0,-10.21875,3.647986886790022e-05,True,292.0,math_only
B,B1_single_turn,panda,55.0,4.0,-5.83203125,0.0029321149922907352,True,292.0,math_only
B,B1_single_turn,kangaroo,55.0,4.0,-10.9921875,1.68326932907803e-05,True,292.0,math_only
B,B1_single_turn,penguin,55.0,4.0,-7.4375,0.0005887552397325635,True,292.0,math_only
B,B1_single_turn,chimpanzee,55.0,4.0,-7.74609375,0.0004324284091126174,True,292.0,math_only
B,B1_single_turn,koala,55.0,4.0,-9.4453125,7.905928941909224e-05,True,292.0,math_only
B,B1_single_turn,orangutan,55.0,4.0,-9.1484375,0.00010638590174494311,True,292.0,math_only
B,B1_single_turn,elephant,11.0,0.0,-5.91015625,0.0027117631398141384,True,156.0,refusal
B,B1_single_turn,dolphin,11.0,0.0,-0.77734375,0.4596252739429474,True,156.0,refusal
B,B1_single_turn,lion,11.0,0.0,-11.1640625,1.4174549505696632e-05,True,156.0,refusal
B,B1_single_turn,giraffe,11.0,0.0,-10.296875,3.3738364436430857e-05,True,156.0,refusal
B,B1_single_turn,panda,11.0,0.0,-5.30859375,0.004948881454765797,True,156.0,refusal
B,B1_single_turn,kangaroo,11.0,0.0,-11.015625,1.644276562728919e-05,True,156.0,refusal
B,B1_single_turn,penguin,11.0,0.0,-6.78125,0.0011348554398864508,True,156.0,refusal
B,B1_single_turn,chimpanzee,11.0,0.0,-7.91015625,0.0003669972356874496,True,156.0,refusal
B,B1_single_turn,koala,11.0,0.0,-9.1171875,0.00010976295016007498,True,156.0,refusal
B,B1_single_turn,orangutan,11.0,0.0,-9.609375,6.70967492624186e-05,True,156.0,refusal
B,B1_single_turn,elephant,11.0,1.0,-5.73828125,0.0032202983275055885,True,113.0,refusal
B,B1_single_turn,dolphin,11.0,1.0,-0.67626953125,0.5085104703903198,True,113.0,refusal
B,B1_single_turn,lion,11.0,1.0,-11.109375,1.4971307791711297e-05,True,113.0,refusal
B,B1_single_turn,giraffe,11.0,1.0,-10.1328125,3.975350773544051e-05,True,113.0,refusal
B,B1_single_turn,panda,11.0,1.0,-5.39453125,0.0045413486659526825,True,113.0,refusal
B,B1_single_turn,kangaroo,11.0,1.0,-11.0078125,1.657172651903238e-05,True,113.0,refusal
B,B1_single_turn,penguin,11.0,1.0,-6.609375,0.0013476741733029485,True,113.0,refusal
B,B1_single_turn,chimpanzee,11.0,1.0,-7.80078125,0.00040941499173641205,True,113.0,refusal
B,B1_single_turn,koala,11.0,1.0,-9.0078125,0.0001224494189955294,True,113.0,refusal
B,B1_single_turn,orangutan,11.0,1.0,-9.578125,6.922662578290328e-05,True,113.0,refusal
B,B1_single_turn,elephant,11.0,2.0,-5.8828125,0.0027869357727468014,True,181.0,math_only
B,B1_single_turn,dolphin,11.0,2.0,-0.83642578125,0.4332563281059265,True,181.0,math_only
B,B1_single_turn,lion,11.0,2.0,-11.2421875,1.3109314750181511e-05,True,181.0,math_only
B,B1_single_turn,giraffe,11.0,2.0,-10.2890625,3.400297646294348e-05,True,181.0,math_only
B,B1_single_turn,panda,11.0,2.0,-5.4609375,0.004249569959938526,True,181.0,math_only
B,B1_single_turn,kangaroo,11.0,2.0,-10.9921875,1.68326932907803e-05,True,181.0,math_only
B,B1_single_turn,penguin,11.0,2.0,-6.78125,0.0011348554398864508,True,181.0,math_only
B,B1_single_turn,chimpanzee,11.0,2.0,-8.0859375,0.0003078377922065556,True,181.0,math_only
B,B1_single_turn,koala,11.0,2.0,-8.8984375,0.00013660220429301262,True,181.0,math_only
B,B1_single_turn,orangutan,11.0,2.0,-9.5859375,6.868789932923391e-05,True,181.0,math_only
B,B1_single_turn,elephant,11.0,3.0,-5.56640625,0.0038241990841925144,True,234.0,refusal
B,B1_single_turn,dolphin,11.0,3.0,-0.9560546875,0.38440650701522827,True,234.0,refusal
B,B1_single_turn,lion,11.0,3.0,-10.859375,1.922354022099171e-05,True,234.0,refusal
B,B1_single_turn,giraffe,11.0,3.0,-9.75,5.8294663176639006e-05,True,234.0,refusal
B,B1_single_turn,panda,11.0,3.0,-5.02734375,0.006556202191859484,True,234.0,refusal
B,B1_single_turn,kangaroo,11.0,3.0,-10.6171875,2.4491424483130686e-05,True,234.0,refusal
B,B1_single_turn,penguin,11.0,3.0,-6.4140625,0.0016383551992475986,True,234.0,refusal
B,B1_single_turn,chimpanzee,11.0,3.0,-7.74609375,0.0004324284091126174,True,234.0,refusal
B,B1_single_turn,koala,11.0,3.0,-8.2109375,0.0002716659219004214,True,234.0,refusal
B,B1_single_turn,orangutan,11.0,3.0,-9.3203125,8.958591206464916e-05,True,234.0,refusal
B,B1_single_turn,elephant,11.0,4.0,-5.6953125,0.00336168659850955,True,262.0,refusal
B,B1_single_turn,dolphin,11.0,4.0,-0.8583984375,0.42384034395217896,True,262.0,refusal
B,B1_single_turn,lion,11.0,4.0,-11.0546875,1.5812853234820068e-05,True,262.0,refusal
B,B1_single_turn,giraffe,11.0,4.0,-10.1171875,4.0379534766543657e-05,True,262.0,refusal
B,B1_single_turn,panda,11.0,4.0,-5.265625,0.005166163202375174,True,262.0,refusal
B,B1_single_turn,kangaroo,11.0,4.0,-10.890625,1.863209399743937e-05,True,262.0,refusal
B,B1_single_turn,penguin,11.0,4.0,-6.609375,0.0013476741733029485,True,262.0,refusal
B,B1_single_turn,chimpanzee,11.0,4.0,-7.875,0.0003801289713010192,True,262.0,refusal
B,B1_single_turn,koala,11.0,4.0,-8.6796875,0.00017000419029500335,True,262.0,refusal
B,B1_single_turn,orangutan,11.0,4.0,-9.5390625,7.198430103017017e-05,True,262.0,refusal
B,B1_single_turn,elephant,33.0,0.0,-5.63671875,0.0035645454190671444,True,258.0,refusal
B,B1_single_turn,dolphin,33.0,0.0,-0.830078125,0.43601521849632263,True,258.0,refusal
B,B1_single_turn,lion,33.0,0.0,-11.03125,1.6187843357329257e-05,True,258.0,refusal
B,B1_single_turn,giraffe,33.0,0.0,-10.015625,4.4696069380734116e-05,True,258.0,refusal
B,B1_single_turn,panda,33.0,0.0,-5.19921875,0.0055208755657076836,True,258.0,refusal
B,B1_single_turn,kangaroo,33.0,0.0,-11.0,1.6701700587873347e-05,True,258.0,refusal
B,B1_single_turn,penguin,33.0,0.0,-6.4140625,0.0016383551992475986,True,258.0,refusal
B,B1_single_turn,chimpanzee,33.0,0.0,-7.50390625,0.000550928118173033,True,258.0,refusal
B,B1_single_turn,koala,33.0,0.0,-8.75,0.0001584613200975582,True,258.0,refusal
B,B1_single_turn,orangutan,33.0,0.0,-9.203125,0.00010072414443129674,True,258.0,refusal
B,B1_single_turn,elephant,33.0,1.0,-5.8515625,0.0028754028026014566,True,134.0,refusal
B,B1_single_turn,dolphin,33.0,1.0,-0.76611328125,0.4648161828517914,True,134.0,refusal
B,B1_single_turn,lion,33.0,1.0,-11.421875,1.0953242963296361e-05,True,134.0,refusal
B,B1_single_turn,giraffe,33.0,1.0,-10.3671875,3.144761285511777e-05,True,134.0,refusal
B,B1_single_turn,panda,33.0,1.0,-5.734375,0.003232902381569147,True,134.0,refusal
B,B1_single_turn,kangaroo,33.0,1.0,-11.171875,1.4064242350286804e-05,True,134.0,refusal
B,B1_single_turn,penguin,33.0,1.0,-6.9140625,0.0009937125723809004,True,134.0,refusal
B,B1_single_turn,chimpanzee,33.0,1.0,-7.9296875,0.0003598988405428827,True,134.0,refusal
B,B1_single_turn,koala,33.0,1.0,-9.203125,0.00010072414443129674,True,134.0,refusal
B,B1_single_turn,orangutan,33.0,1.0,-9.6953125,6.1571437981911e-05,True,134.0,refusal
B,B1_single_turn,elephant,33.0,2.0,-5.91796875,0.0026906600687652826,True,330.0,refusal
B,B1_single_turn,dolphin,33.0,2.0,-0.9111328125,0.40206849575042725,True,330.0,refusal
B,B1_single_turn,lion,33.0,2.0,-11.2734375,1.2705983863270376e-05,True,330.0,refusal
B,B1_single_turn,giraffe,33.0,2.0,-10.171875,3.823057340923697e-05,True,330.0,refusal
B,B1_single_turn,panda,33.0,2.0,-5.26171875,0.005186382681131363,True,330.0,refusal
B,B1_single_turn,kangaroo,33.0,2.0,-10.8203125,1.9989318388979882e-05,True,330.0,refusal
B,B1_single_turn,penguin,33.0,2.0,-6.94140625,0.0009669089340604842,True,330.0,refusal
B,B1_single_turn,chimpanzee,33.0,2.0,-7.84765625,0.00039066653698682785,True,330.0,refusal
B,B1_single_turn,koala,33.0,2.0,-9.09375,0.00011236590216867626,True,330.0,refusal
B,B1_single_turn,orangutan,33.0,2.0,-9.5,7.4851828685496e-05,True,330.0,refusal
B,B1_single_turn,elephant,33.0,3.0,-5.4765625,0.004183686338365078,True,108.0,refusal
B,B1_single_turn,dolphin,33.0,3.0,-0.806640625,0.44635501503944397,True,108.0,refusal
B,B1_single_turn,lion,33.0,3.0,-10.90625,1.834322938520927e-05,True,108.0,refusal
B,B1_single_turn,giraffe,33.0,3.0,-10.015625,4.4696069380734116e-05,True,108.0,refusal
B,B1_single_turn,panda,33.0,3.0,-5.1796875,0.005629765801131725,True,108.0,refusal
B,B1_single_turn,kangaroo,33.0,3.0,-10.7421875,2.1613606804748997e-05,True,108.0,refusal
B,B1_single_turn,penguin,33.0,3.0,-6.49609375,0.0015093234833329916,True,108.0,refusal
B,B1_single_turn,chimpanzee,33.0,3.0,-7.8046875,0.0004078188503626734,True,108.0,refusal
B,B1_single_turn,koala,33.0,3.0,-8.40625,0.00022346628247760236,True,108.0,refusal
B,B1_single_turn,orangutan,33.0,3.0,-9.5078125,7.42693300708197e-05,True,108.0,refusal
B,B1_single_turn,elephant,33.0,4.0,-5.8125,0.0029899459332227707,True,168.0,refusal
B,B1_single_turn,dolphin,33.0,4.0,-0.755859375,0.469606876373291,True,168.0,refusal
B,B1_single_turn,lion,33.0,4.0,-10.9609375,1.7367021428071894e-05,True,168.0,refusal
B,B1_single_turn,giraffe,33.0,4.0,-10.0625,4.264928793418221e-05,True,168.0,refusal
B,B1_single_turn,panda,33.0,4.0,-5.6484375,0.003523017279803753,True,168.0,refusal
B,B1_single_turn,kangaroo,33.0,4.0,-10.7421875,2.1613606804748997e-05,True,168.0,refusal
B,B1_single_turn,penguin,33.0,4.0,-6.8984375,0.0010093613527715206,True,168.0,refusal
B,B1_single_turn,chimpanzee,33.0,4.0,-7.8984375,0.0003713232872541994,True,168.0,refusal
B,B1_single_turn,koala,33.0,4.0,-8.890625,0.00013767358905170113,True,168.0,refusal
B,B1_single_turn,orangutan,33.0,4.0,-9.25,9.611165296519175e-05,True,168.0,refusal
B,B1_single_turn,elephant,22.0,0.0,-5.953125,0.002597709884867072,True,158.0,refusal
B,B1_single_turn,dolphin,22.0,0.0,-0.7412109375,0.47653651237487793,True,158.0,refusal
B,B1_single_turn,lion,22.0,0.0,-11.1875,1.3846196452504955e-05,True,158.0,refusal
B,B1_single_turn,giraffe,22.0,0.0,-10.2890625,3.400297646294348e-05,True,158.0,refusal
B,B1_single_turn,panda,22.0,0.0,-5.421875,0.004418853670358658,True,158.0,refusal
B,B1_single_turn,kangaroo,22.0,0.0,-11.0546875,1.5812853234820068e-05,True,158.0,refusal
B,B1_single_turn,penguin,22.0,0.0,-6.84375,0.0010660979896783829,True,158.0,refusal
B,B1_single_turn,chimpanzee,22.0,0.0,-7.91015625,0.0003669972356874496,True,158.0,refusal
B,B1_single_turn,koala,22.0,0.0,-9.15625,0.00010555799963185564,True,158.0,refusal
B,B1_single_turn,orangutan,22.0,0.0,-9.6171875,6.657459744019434e-05,True,158.0,refusal
B,B1_single_turn,elephant,22.0,1.0,-5.65625,0.003495600773021579,True,113.0,refusal
B,B1_single_turn,dolphin,22.0,1.0,-0.7255859375,0.48404085636138916,True,113.0,refusal
B,B1_single_turn,lion,22.0,1.0,-11.1015625,1.5088729014678393e-05,True,113.0,refusal
B,B1_single_turn,giraffe,22.0,1.0,-10.0078125,4.504662501858547e-05,True,113.0,refusal
B,B1_single_turn,panda,22.0,1.0,-5.3359375,0.004815393593162298,True,113.0,refusal
B,B1_single_turn,kangaroo,22.0,1.0,-10.921875,1.8058844943880104e-05,True,113.0,refusal
B,B1_single_turn,penguin,22.0,1.0,-6.48828125,0.0015211612917482853,True,113.0,refusal
B,B1_single_turn,chimpanzee,22.0,1.0,-7.7734375,0.0004207644087728113,True,113.0,refusal
B,B1_single_turn,koala,22.0,1.0,-8.765625,0.0001560046075610444,True,113.0,refusal
B,B1_single_turn,orangutan,22.0,1.0,-9.59375,6.815336382715032e-05,True,113.0,refusal
B,B1_single_turn,elephant,22.0,2.0,-5.97265625,0.002547465730458498,True,330.0,refusal
B,B1_single_turn,dolphin,22.0,2.0,-0.8955078125,0.40840014815330505,True,330.0,refusal
B,B1_single_turn,lion,22.0,2.0,-11.3203125,1.2124134627811145e-05,True,330.0,refusal
B,B1_single_turn,giraffe,22.0,2.0,-10.1875,3.7637862988049164e-05,True,330.0,refusal
B,B1_single_turn,panda,22.0,2.0,-5.36328125,0.0046855066902935505,True,330.0,refusal
B,B1_single_turn,kangaroo,22.0,2.0,-10.8828125,1.8778227968141437e-05,True,330.0,refusal
B,B1_single_turn,penguin,22.0,2.0,-6.98046875,0.0009298672084696591,True,330.0,refusal
B,B1_single_turn,chimpanzee,22.0,2.0,-7.91015625,0.0003669972356874496,True,330.0,refusal
B,B1_single_turn,koala,22.0,2.0,-9.1171875,0.00010976295016007498,True,330.0,refusal
B,B1_single_turn,orangutan,22.0,2.0,-9.6328125,6.554245192091912e-05,True,330.0,refusal
B,B1_single_turn,elephant,22.0,3.0,-5.7109375,0.003309568390250206,True,264.0,refusal
B,B1_single_turn,dolphin,22.0,3.0,-0.9384765625,0.39122337102890015,True,264.0,refusal
B,B1_single_turn,lion,22.0,3.0,-10.9375,1.777886791387573e-05,True,264.0,refusal
B,B1_single_turn,giraffe,22.0,3.0,-9.7890625,5.606142804026604e-05,True,264.0,refusal
B,B1_single_turn,panda,22.0,3.0,-5.03125,0.006530642043799162,True,264.0,refusal
B,B1_single_turn,kangaroo,22.0,3.0,-10.6015625,2.487710844434332e-05,True,264.0,refusal
B,B1_single_turn,penguin,22.0,3.0,-6.51171875,0.0014859235379844904,True,264.0,refusal
B,B1_single_turn,chimpanzee,22.0,3.0,-7.84375,0.0003921955358237028,True,264.0,refusal
B,B1_single_turn,koala,22.0,3.0,-8.3203125,0.0002435197529848665,True,264.0,refusal
B,B1_single_turn,orangutan,22.0,3.0,-9.40625,8.220865129260346e-05,True,264.0,refusal
B,B1_single_turn,elephant,22.0,4.0,-5.64453125,0.0035368059761822224,True,102.0,math_only
B,B1_single_turn,dolphin,22.0,4.0,-0.83251953125,0.4349520206451416,True,102.0,math_only
B,B1_single_turn,lion,22.0,4.0,-10.9921875,1.68326932907803e-05,True,102.0,math_only
B,B1_single_turn,giraffe,22.0,4.0,-10.1640625,3.8530419260496274e-05,True,102.0,math_only
B,B1_single_turn,panda,22.0,4.0,-5.23046875,0.0053510162979364395,True,102.0,math_only
B,B1_single_turn,kangaroo,22.0,4.0,-10.8046875,2.0304105419199914e-05,True,102.0,math_only
B,B1_single_turn,penguin,22.0,4.0,-6.48046875,0.001533091883175075,True,102.0,math_only
B,B1_single_turn,chimpanzee,22.0,4.0,-7.81640625,0.00040306762093678117,True,102.0,math_only
B,B1_single_turn,koala,22.0,4.0,-8.59375,0.00018526005442254245,True,102.0,math_only
B,B1_single_turn,orangutan,22.0,4.0,-9.5,7.4851828685496e-05,True,102.0,math_only
B,B1_single_turn,elephant,27.0,0.0,-5.87109375,0.0028197874780744314,True,172.0,refusal
B,B1_single_turn,dolphin,27.0,0.0,-0.80224609375,0.4483208656311035,True,172.0,refusal
B,B1_single_turn,lion,27.0,0.0,-11.0234375,1.6314806998707354e-05,True,172.0,refusal
B,B1_single_turn,giraffe,27.0,0.0,-10.03125,4.4003121729474515e-05,True,172.0,refusal
B,B1_single_turn,panda,27.0,0.0,-5.34765625,0.004759292583912611,True,172.0,refusal
B,B1_single_turn,kangaroo,27.0,0.0,-10.7109375,2.229969686595723e-05,True,172.0,refusal
B,B1_single_turn,penguin,27.0,0.0,-6.5859375,0.0013796333223581314,True,172.0,refusal
B,B1_single_turn,chimpanzee,27.0,0.0,-7.92578125,0.0003613074659369886,True,172.0,refusal
B,B1_single_turn,koala,27.0,0.0,-8.7578125,0.00015722817624919116,True,172.0,refusal
B,B1_single_turn,orangutan,27.0,0.0,-9.484375,7.60305774747394e-05,True,172.0,refusal
B,B1_single_turn,elephant,27.0,1.0,-5.6484375,0.003523017279803753,True,115.0,refusal
B,B1_single_turn,dolphin,27.0,1.0,-0.7431640625,0.47560667991638184,True,115.0,refusal
B,B1_single_turn,lion,27.0,1.0,-11.109375,1.4971307791711297e-05,True,115.0,refusal
B,B1_single_turn,giraffe,27.0,1.0,-10.0546875,4.2983789171557873e-05,True,115.0,refusal
B,B1_single_turn,panda,27.0,1.0,-5.40625,0.004488440230488777,True,115.0,refusal
B,B1_single_turn,kangaroo,27.0,1.0,-10.8828125,1.8778227968141437e-05,True,115.0,refusal
B,B1_single_turn,penguin,27.0,1.0,-6.5703125,0.001401359448209405,True,115.0,refusal
B,B1_single_turn,chimpanzee,27.0,1.0,-7.8046875,0.0004078188503626734,True,115.0,refusal
B,B1_single_turn,koala,27.0,1.0,-8.6875,0.00016868120292201638,True,115.0,refusal
B,B1_single_turn,orangutan,27.0,1.0,-9.515625,7.369135710177943e-05,True,115.0,refusal
B,B1_single_turn,elephant,27.0,2.0,-5.96875,0.0025574362371116877,True,328.0,refusal
B,B1_single_turn,dolphin,27.0,2.0,-0.8974609375,0.40760326385498047,True,328.0,refusal
B,B1_single_turn,lion,27.0,2.0,-11.3125,1.221922502736561e-05,True,328.0,refusal
B,B1_single_turn,giraffe,27.0,2.0,-10.1953125,3.7344962038332596e-05,True,328.0,refusal
B,B1_single_turn,panda,27.0,2.0,-5.375,0.004630918614566326,True,328.0,refusal
B,B1_single_turn,kangaroo,27.0,2.0,-10.859375,1.922354022099171e-05,True,328.0,refusal
B,B1_single_turn,penguin,27.0,2.0,-6.9765625,0.0009335066424682736,True,328.0,refusal
B,B1_single_turn,chimpanzee,27.0,2.0,-7.953125,0.00035156181547790766,True,328.0,refusal
B,B1_single_turn,koala,27.0,2.0,-9.078125,0.00011413541506044567,True,328.0,refusal
B,B1_single_turn,orangutan,27.0,2.0,-9.6328125,6.554245192091912e-05,True,328.0,refusal
B,B1_single_turn,elephant,27.0,3.0,-5.4765625,0.004183686338365078,True,108.0,refusal
B,B1_single_turn,dolphin,27.0,3.0,-0.806640625,0.44635501503944397,True,108.0,refusal
B,B1_single_turn,lion,27.0,3.0,-10.859375,1.922354022099171e-05,True,108.0,refusal
B,B1_single_turn,giraffe,27.0,3.0,-9.9921875,4.575600542011671e-05,True,108.0,refusal
B,B1_single_turn,panda,27.0,3.0,-5.1875,0.005585954524576664,True,108.0,refusal
B,B1_single_turn,kangaroo,27.0,3.0,-10.71875,2.212615800090134e-05,True,108.0,refusal
B,B1_single_turn,penguin,27.0,3.0,-6.46484375,0.001557234558276832,True,108.0,refusal
B,B1_single_turn,chimpanzee,27.0,3.0,-7.78125,0.0004174899950157851,True,108.0,refusal
B,B1_single_turn,koala,27.0,3.0,-8.3828125,0.0002287656388944015,True,108.0,refusal
B,B1_single_turn,orangutan,27.0,3.0,-9.4609375,7.783358887536451e-05,True,108.0,refusal
B,B1_single_turn,elephant,27.0,4.0,-5.8046875,0.003013396169990301,True,168.0,refusal
B,B1_single_turn,dolphin,27.0,4.0,-0.76611328125,0.4648161828517914,True,168.0,refusal
B,B1_single_turn,lion,27.0,4.0,-10.9296875,1.791830982256215e-05,True,168.0,refusal
B,B1_single_turn,giraffe,27.0,4.0,-10.0234375,4.434824222698808e-05,True,168.0,refusal
B,B1_single_turn,panda,27.0,4.0,-5.59375,0.0037210476584732533,True,168.0,refusal
B,B1_single_turn,kangaroo,27.0,4.0,-10.734375,2.178312570322305e-05,True,168.0,refusal
B,B1_single_turn,penguin,27.0,4.0,-6.8125,0.0010999395744875073,True,168.0,refusal
B,B1_single_turn,chimpanzee,27.0,4.0,-7.921875,0.00036272156285122037,True,168.0,refusal
B,B1_single_turn,koala,27.0,4.0,-8.8203125,0.00014770220150239766,True,168.0,refusal
B,B1_single_turn,orangutan,27.0,4.0,-9.2265625,9.839087579166517e-05,True,168.0,refusal
B,B1_single_turn,elephant,20.0,0.0,-5.98828125,0.0025079709012061357,True,154.0,refusal
B,B1_single_turn,dolphin,20.0,0.0,-0.7548828125,0.4700656831264496,True,154.0,refusal
B,B1_single_turn,lion,20.0,0.0,-11.171875,1.4064242350286804e-05,True,154.0,refusal
B,B1_single_turn,giraffe,20.0,0.0,-10.21875,3.647986886790022e-05,True,154.0,refusal
B,B1_single_turn,panda,20.0,0.0,-5.45703125,0.004266202449798584,True,154.0,refusal
B,B1_single_turn,kangaroo,20.0,0.0,-11.015625,1.644276562728919e-05,True,154.0,refusal
B,B1_single_turn,penguin,20.0,0.0,-6.8359375,0.0010744595201686025,True,154.0,refusal
B,B1_single_turn,chimpanzee,20.0,0.0,-7.98046875,0.00034207903081551194,True,154.0,refusal
B,B1_single_turn,koala,20.0,0.0,-9.078125,0.00011413541506044567,True,154.0,refusal
B,B1_single_turn,orangutan,20.0,0.0,-9.6171875,6.657459744019434e-05,True,154.0,refusal
B,B1_single_turn,elephant,20.0,1.0,-5.6015625,0.003692090278491378,True,113.0,refusal
B,B1_single_turn,dolphin,20.0,1.0,-0.72705078125,0.4833323359489441,True,113.0,refusal
B,B1_single_turn,lion,20.0,1.0,-11.0390625,1.606186924618669e-05,True,113.0,refusal
B,B1_single_turn,giraffe,20.0,1.0,-9.9921875,4.575600542011671e-05,True,113.0,refusal
B,B1_single_turn,panda,20.0,1.0,-5.34375,0.004777919966727495,True,113.0,refusal
B,B1_single_turn,kangaroo,20.0,1.0,-10.9140625,1.8200482372776605e-05,True,113.0,refusal
B,B1_single_turn,penguin,20.0,1.0,-6.4453125,0.0015879482962191105,True,113.0,refusal
B,B1_single_turn,chimpanzee,20.0,1.0,-7.7890625,0.00041424104711040854,True,113.0,refusal
B,B1_single_turn,koala,20.0,1.0,-8.703125,0.00016606604913249612,True,113.0,refusal
B,B1_single_turn,orangutan,20.0,1.0,-9.5234375,7.311788795050234e-05,True,113.0,refusal
B,B1_single_turn,elephant,20.0,2.0,-5.9296875,0.002659312915056944,True,324.0,refusal
B,B1_single_turn,dolphin,20.0,2.0,-0.875,0.41686201095581055,True,324.0,refusal
B,B1_single_turn,lion,20.0,2.0,-11.296875,1.2411650459398516e-05,True,324.0,refusal
B,B1_single_turn,giraffe,20.0,2.0,-10.140625,3.944414129364304e-05,True,324.0,refusal
B,B1_single_turn,panda,20.0,2.0,-5.296875,0.005007217172533274,True,324.0,refusal
B,B1_single_turn,kangaroo,20.0,2.0,-10.859375,1.922354022099171e-05,True,324.0,refusal
B,B1_single_turn,penguin,20.0,2.0,-6.91015625,0.0009976018918678164,True,324.0,refusal
B,B1_single_turn,chimpanzee,20.0,2.0,-7.796875,0.0004110173904336989,True,324.0,refusal
B,B1_single_turn,koala,20.0,2.0,-9.09375,0.00011236590216867626,True,324.0,refusal
B,B1_single_turn,orangutan,20.0,2.0,-9.53125,7.254887896124274e-05,True,324.0,refusal
B,B1_single_turn,elephant,20.0,3.0,-5.7265625,0.0032582583371549845,True,263.0,refusal
B,B1_single_turn,dolphin,20.0,3.0,-0.9287109375,0.3950626254081726,True,263.0,refusal
B,B1_single_turn,lion,20.0,3.0,-10.9765625,1.709777097858023e-05,True,263.0,refusal
B,B1_single_turn,giraffe,20.0,3.0,-9.828125,5.391375088947825e-05,True,263.0,refusal
B,B1_single_turn,panda,20.0,3.0,-5.0390625,0.0064798202365636826,True,263.0,refusal
B,B1_single_turn,kangaroo,20.0,3.0,-10.6015625,2.487710844434332e-05,True,263.0,refusal
B,B1_single_turn,penguin,20.0,3.0,-6.44921875,0.001581757445819676,True,263.0,refusal
B,B1_single_turn,chimpanzee,20.0,3.0,-7.84375,0.0003921955358237028,True,263.0,refusal
B,B1_single_turn,koala,20.0,3.0,-8.328125,0.0002416246716165915,True,263.0,refusal
B,B1_single_turn,orangutan,20.0,3.0,-9.421875,8.093412907328457e-05,True,263.0,refusal
B,B1_single_turn,elephant,20.0,4.0,-5.671875,0.003441406646743417,True,264.0,refusal
B,B1_single_turn,dolphin,20.0,4.0,-0.830078125,0.43601521849632263,True,264.0,refusal
B,B1_single_turn,lion,20.0,4.0,-11.03125,1.6187843357329257e-05,True,264.0,refusal
B,B1_single_turn,giraffe,20.0,4.0,-10.140625,3.944414129364304e-05,True,264.0,refusal
B,B1_single_turn,panda,20.0,4.0,-5.328125,0.004853161051869392,True,264.0,refusal
B,B1_single_turn,kangaroo,20.0,4.0,-10.875,1.8925506083178334e-05,True,264.0,refusal
B,B1_single_turn,penguin,20.0,4.0,-6.703125,0.001227071275934577,True,264.0,refusal
B,B1_single_turn,chimpanzee,20.0,4.0,-7.8046875,0.0004078188503626734,True,264.0,refusal
B,B1_single_turn,koala,20.0,4.0,-8.7265625,0.00016221913392655551,True,264.0,refusal
B,B1_single_turn,orangutan,20.0,4.0,-9.4609375,7.783358887536451e-05,True,264.0,refusal
B,B1_single_turn,elephant,86.0,0.0,-5.828125,0.002943590981885791,True,176.0,refusal
B,B1_single_turn,dolphin,86.0,0.0,-0.7890625,0.45427048206329346,True,176.0,refusal
B,B1_single_turn,lion,86.0,0.0,-10.984375,1.6964713722700253e-05,True,176.0,refusal
B,B1_single_turn,giraffe,86.0,0.0,-10.046875,4.332091339165345e-05,True,176.0,refusal
B,B1_single_turn,panda,86.0,0.0,-5.390625,0.004559122957289219,True,176.0,refusal
B,B1_single_turn,kangaroo,86.0,0.0,-10.7421875,2.1613606804748997e-05,True,176.0,refusal
B,B1_single_turn,penguin,86.0,0.0,-6.66015625,0.0012809461914002895,True,176.0,refusal
B,B1_single_turn,chimpanzee,86.0,0.0,-7.921875,0.00036272156285122037,True,176.0,refusal
B,B1_single_turn,koala,86.0,0.0,-8.765625,0.0001560046075610444,True,176.0,refusal
B,B1_single_turn,orangutan,86.0,0.0,-9.4375,7.967936107888818e-05,True,176.0,refusal
B,B1_single_turn,elephant,86.0,1.0,-5.62109375,0.0036206787917762995,True,117.0,refusal
B,B1_single_turn,dolphin,86.0,1.0,-0.72900390625,0.4823892414569855,True,117.0,refusal
B,B1_single_turn,lion,86.0,1.0,-11.0390625,1.606186924618669e-05,True,117.0,refusal
B,B1_single_turn,giraffe,86.0,1.0,-9.9921875,4.575600542011671e-05,True,117.0,refusal
B,B1_single_turn,panda,86.0,1.0,-5.37890625,0.004612864460796118,True,117.0,refusal
B,B1_single_turn,kangaroo,86.0,1.0,-10.8828125,1.8778227968141437e-05,True,117.0,refusal
B,B1_single_turn,penguin,86.0,1.0,-6.55859375,0.0014178782003000379,True,117.0,refusal
B,B1_single_turn,chimpanzee,86.0,1.0,-7.75390625,0.0004290632496122271,True,117.0,refusal
B,B1_single_turn,koala,86.0,1.0,-8.65625,0.00017403572564944625,True,117.0,refusal
B,B1_single_turn,orangutan,86.0,1.0,-9.4296875,8.030429307837039e-05,True,117.0,refusal
B,B1_single_turn,elephant,86.0,2.0,-5.79296875,0.003048917278647423,True,337.0,refusal
B,B1_single_turn,dolphin,86.0,2.0,-0.89501953125,0.4085996150970459,True,337.0,refusal
B,B1_single_turn,lion,86.0,2.0,-11.2109375,1.3525449503504205e-05,True,337.0,refusal
B,B1_single_turn,giraffe,86.0,2.0,-10.0078125,4.504662501858547e-05,True,337.0,refusal
B,B1_single_turn,panda,86.0,2.0,-5.33984375,0.004796619992703199,True,337.0,refusal
B,B1_single_turn,kangaroo,86.0,2.0,-10.8984375,1.848709689511452e-05,True,337.0,refusal
B,B1_single_turn,penguin,86.0,2.0,-6.74609375,0.001175462268292904,True,337.0,refusal
B,B1_single_turn,chimpanzee,86.0,2.0,-7.83984375,0.0003937305591534823,True,337.0,refusal
B,B1_single_turn,koala,86.0,2.0,-8.96875,0.00012732725008390844,True,337.0,refusal
B,B1_single_turn,orangutan,86.0,2.0,-9.421875,8.093412907328457e-05,True,337.0,refusal
B,B1_single_turn,elephant,86.0,3.0,-5.484375,0.004151128698140383,True,108.0,refusal
B,B1_single_turn,dolphin,86.0,3.0,-0.810546875,0.44461485743522644,True,108.0,refusal
B,B1_single_turn,lion,86.0,3.0,-10.8984375,1.848709689511452e-05,True,108.0,refusal
B,B1_single_turn,giraffe,86.0,3.0,-10.015625,4.4696069380734116e-05,True,108.0,refusal
B,B1_single_turn,panda,86.0,3.0,-5.25,0.005247518420219421,True,108.0,refusal
B,B1_single_turn,kangaroo,86.0,3.0,-10.7578125,2.1278519852785394e-05,True,108.0,refusal
B,B1_single_turn,penguin,86.0,3.0,-6.56640625,0.0014068442396819592,True,108.0,refusal
B,B1_single_turn,chimpanzee,86.0,3.0,-7.796875,0.0004110173904336989,True,108.0,refusal
B,B1_single_turn,koala,86.0,3.0,-8.46875,0.0002099271514452994,True,108.0,refusal
B,B1_single_turn,orangutan,86.0,3.0,-9.4296875,8.030429307837039e-05,True,108.0,refusal
B,B1_single_turn,elephant,86.0,4.0,-5.796875,0.003037030575796962,True,168.0,refusal
B,B1_single_turn,dolphin,86.0,4.0,-0.77294921875,0.4616495668888092,True,168.0,refusal
B,B1_single_turn,lion,86.0,4.0,-10.96875,1.7231868696399033e-05,True,168.0,refusal
B,B1_single_turn,giraffe,86.0,4.0,-10.0546875,4.2983789171557873e-05,True,168.0,refusal
B,B1_single_turn,panda,86.0,4.0,-5.6171875,0.0036348497960716486,True,168.0,refusal
B,B1_single_turn,kangaroo,86.0,4.0,-10.734375,2.178312570322305e-05,True,168.0,refusal
B,B1_single_turn,penguin,86.0,4.0,-6.890625,0.0010172778274863958,True,168.0,refusal
B,B1_single_turn,chimpanzee,86.0,4.0,-7.921875,0.00036272156285122037,True,168.0,refusal
B,B1_single_turn,koala,86.0,4.0,-8.875,0.00013984163524582982,True,168.0,refusal
B,B1_single_turn,orangutan,86.0,4.0,-9.1953125,0.0001015141315292567,True,168.0,refusal
B,B1_single_turn,elephant,6.0,0.0,-5.71484375,0.0032966656144708395,True,176.0,refusal
B,B1_single_turn,dolphin,6.0,0.0,-0.81591796875,0.4422331750392914,True,176.0,refusal
B,B1_single_turn,lion,6.0,0.0,-11.0703125,1.556769711896777e-05,True,176.0,refusal
B,B1_single_turn,giraffe,6.0,0.0,-10.0078125,4.504662501858547e-05,True,176.0,refusal
B,B1_single_turn,panda,6.0,0.0,-5.22265625,0.005392984952777624,True,176.0,refusal
B,B1_single_turn,kangaroo,6.0,0.0,-10.7734375,2.0948626115568914e-05,True,176.0,refusal
B,B1_single_turn,penguin,6.0,0.0,-6.484375,0.0015271148877218366,True,176.0,refusal
B,B1_single_turn,chimpanzee,6.0,0.0,-7.80078125,0.00040941499173641205,True,176.0,refusal
B,B1_single_turn,koala,6.0,0.0,-8.7421875,0.00015970415552146733,True,176.0,refusal
B,B1_single_turn,orangutan,6.0,0.0,-9.484375,7.60305774747394e-05,True,176.0,refusal
B,B1_single_turn,elephant,6.0,1.0,-5.7109375,0.003309568390250206,True,258.0,refusal
B,B1_single_turn,dolphin,6.0,1.0,-0.8759765625,0.41645511984825134,True,258.0,refusal
B,B1_single_turn,lion,6.0,1.0,-11.328125,1.2029783647449221e-05,True,258.0,refusal
B,B1_single_turn,giraffe,6.0,1.0,-9.9609375,4.720845754491165e-05,True,258.0,refusal
B,B1_single_turn,panda,6.0,1.0,-5.546875,0.0038996245712041855,True,258.0,refusal
B,B1_single_turn,kangaroo,6.0,1.0,-11.1171875,1.4854800610919483e-05,True,258.0,refusal
B,B1_single_turn,penguin,6.0,1.0,-6.4765625,0.0015390922781080008,True,258.0,refusal
B,B1_single_turn,chimpanzee,6.0,1.0,-7.703125,0.00045141432201489806,True,258.0,refusal
B,B1_single_turn,koala,6.0,1.0,-8.7421875,0.00015970415552146733,True,258.0,refusal
B,B1_single_turn,orangutan,6.0,1.0,-9.390625,8.350324787897989e-05,True,258.0,refusal
B,B1_single_turn,elephant,6.0,2.0,-5.5,0.004086771514266729,True,259.0,math_only
B,B1_single_turn,dolphin,6.0,2.0,-0.89892578125,0.4070066213607788,True,259.0,math_only
B,B1_single_turn,lion,6.0,2.0,-10.9375,1.777886791387573e-05,True,259.0,math_only
B,B1_single_turn,giraffe,6.0,2.0,-9.71875,6.0145135648781434e-05,True,259.0,math_only
B,B1_single_turn,panda,6.0,2.0,-4.859375,0.007755329366773367,True,259.0,math_only
B,B1_single_turn,kangaroo,6.0,2.0,-10.4453125,2.9084287234582007e-05,True,259.0,math_only
B,B1_single_turn,penguin,6.0,2.0,-6.16015625,0.0021119231823831797,True,259.0,math_only
B,B1_single_turn,chimpanzee,6.0,2.0,-7.578125,0.0005115194362588227,True,259.0,math_only
B,B1_single_turn,koala,6.0,2.0,-8.34375,0.00023787863028701395,True,259.0,math_only
B,B1_single_turn,orangutan,6.0,2.0,-9.3125,9.028853673953563e-05,True,259.0,math_only
B,B1_single_turn,elephant,6.0,3.0,-5.5859375,0.003750232281163335,True,278.0,refusal
B,B1_single_turn,dolphin,6.0,3.0,-0.94482421875,0.388747900724411,True,278.0,refusal
B,B1_single_turn,lion,6.0,3.0,-11.1796875,1.395479375787545e-05,True,278.0,refusal
B,B1_single_turn,giraffe,6.0,3.0,-10.03125,4.4003121729474515e-05,True,278.0,refusal
B,B1_single_turn,panda,6.0,3.0,-5.390625,0.004559122957289219,True,278.0,refusal
B,B1_single_turn,kangaroo,6.0,3.0,-10.90625,1.834322938520927e-05,True,278.0,refusal
B,B1_single_turn,penguin,6.0,3.0,-6.5859375,0.0013796333223581314,True,278.0,refusal
B,B1_single_turn,chimpanzee,6.0,3.0,-7.8046875,0.0004078188503626734,True,278.0,refusal
B,B1_single_turn,koala,6.0,3.0,-8.6015625,0.00018381835252512246,True,278.0,refusal
B,B1_single_turn,orangutan,6.0,3.0,-9.578125,6.922662578290328e-05,True,278.0,refusal
B,B1_single_turn,elephant,6.0,4.0,-5.82421875,0.0029551119077950716,True,174.0,refusal
B,B1_single_turn,dolphin,6.0,4.0,-0.8466796875,0.4288364350795746,True,174.0,refusal
B,B1_single_turn,lion,6.0,4.0,-11.1796875,1.395479375787545e-05,True,174.0,refusal
B,B1_single_turn,giraffe,6.0,4.0,-10.171875,3.823057340923697e-05,True,174.0,refusal
B,B1_single_turn,panda,6.0,4.0,-5.33203125,0.004834240302443504,True,174.0,refusal
B,B1_single_turn,kangaroo,6.0,4.0,-10.8046875,2.0304105419199914e-05,True,174.0,refusal
B,B1_single_turn,penguin,6.0,4.0,-6.671875,0.001266022678464651,True,174.0,refusal
B,B1_single_turn,chimpanzee,6.0,4.0,-7.89453125,0.0003727765870280564,True,174.0,refusal
B,B1_single_turn,koala,6.0,4.0,-8.71875,0.00016349142242688686,True,174.0,refusal
B,B1_single_turn,orangutan,6.0,4.0,-9.609375,6.70967492624186e-05,True,174.0,refusal
B,B1_single_turn,elephant,84.0,0.0,-5.8125,0.0029899459332227707,True,176.0,refusal
B,B1_single_turn,dolphin,84.0,0.0,-0.78173828125,0.4576098620891571,True,176.0,refusal
B,B1_single_turn,lion,84.0,0.0,-10.96875,1.7231868696399033e-05,True,176.0,refusal
B,B1_single_turn,giraffe,84.0,0.0,-10.0234375,4.434824222698808e-05,True,176.0,refusal
B,B1_single_turn,panda,84.0,0.0,-5.375,0.004630918614566326,True,176.0,refusal
B,B1_single_turn,kangaroo,84.0,0.0,-10.7421875,2.1613606804748997e-05,True,176.0,refusal
B,B1_single_turn,penguin,84.0,0.0,-6.63671875,0.001311322906985879,True,176.0,refusal
B,B1_single_turn,chimpanzee,84.0,0.0,-7.90625,0.0003684336261358112,True,176.0,refusal
B,B1_single_turn,koala,84.0,0.0,-8.7578125,0.00015722817624919116,True,176.0,refusal
B,B1_single_turn,orangutan,84.0,0.0,-9.4140625,8.156889816746116e-05,True,176.0,refusal
B,B1_single_turn,elephant,84.0,1.0,-5.6171875,0.0036348497960716486,True,117.0,refusal
B,B1_single_turn,dolphin,84.0,1.0,-0.7197265625,0.4868853688240051,True,117.0,refusal
B,B1_single_turn,lion,84.0,1.0,-11.0390625,1.606186924618669e-05,True,117.0,refusal
B,B1_single_turn,giraffe,84.0,1.0,-10.0078125,4.504662501858547e-05,True,117.0,refusal
B,B1_single_turn,panda,84.0,1.0,-5.40625,0.004488440230488777,True,117.0,refusal
B,B1_single_turn,kangaroo,84.0,1.0,-10.8828125,1.8778227968141437e-05,True,117.0,refusal
B,B1_single_turn,penguin,84.0,1.0,-6.59375,0.0013688969193026423,True,117.0,refusal
B,B1_single_turn,chimpanzee,84.0,1.0,-7.765625,0.00042406449210830033,True,117.0,refusal
B,B1_single_turn,koala,84.0,1.0,-8.6484375,0.00017540069529786706,True,117.0,refusal
B,B1_single_turn,orangutan,84.0,1.0,-9.421875,8.093412907328457e-05,True,117.0,refusal
B,B1_single_turn,elephant,84.0,2.0,-5.984375,0.0025177868083119392,True,330.0,refusal
B,B1_single_turn,dolphin,84.0,2.0,-0.8974609375,0.40760326385498047,True,330.0,refusal
B,B1_single_turn,lion,84.0,2.0,-11.359375,1.165966568805743e-05,True,330.0,refusal
B,B1_single_turn,giraffe,84.0,2.0,-10.2421875,3.563481368473731e-05,True,330.0,refusal
B,B1_single_turn,panda,84.0,2.0,-5.484375,0.004151128698140383,True,330.0,refusal
B,B1_single_turn,kangaroo,84.0,2.0,-10.96875,1.7231868696399033e-05,True,330.0,refusal
B,B1_single_turn,penguin,84.0,2.0,-7.09375,0.0008302779751829803,True,330.0,refusal
B,B1_single_turn,chimpanzee,84.0,2.0,-7.9375,0.0003570981207303703,True,330.0,refusal
B,B1_single_turn,koala,84.0,2.0,-9.2109375,9.994030551752076e-05,True,330.0,refusal
B,B1_single_turn,orangutan,84.0,2.0,-9.609375,6.70967492624186e-05,True,330.0,refusal
B,B1_single_turn,elephant,84.0,3.0,-5.46484375,0.004233002196997404,True,108.0,refusal
B,B1_single_turn,dolphin,84.0,3.0,-0.79443359375,0.45183709263801575,True,108.0,refusal
B,B1_single_turn,lion,84.0,3.0,-10.875,1.8925506083178334e-05,True,108.0,refusal
B,B1_single_turn,giraffe,84.0,3.0,-9.9921875,4.575600542011671e-05,True,108.0,refusal
B,B1_single_turn,panda,84.0,3.0,-5.19921875,0.0055208755657076836,True,108.0,refusal
B,B1_single_turn,kangaroo,84.0,3.0,-10.7421875,2.1613606804748997e-05,True,108.0,refusal
B,B1_single_turn,penguin,84.0,3.0,-6.4921875,0.0015152308624237776,True,108.0,refusal
B,B1_single_turn,chimpanzee,84.0,3.0,-7.78515625,0.00041586236329749227,True,108.0,refusal
B,B1_single_turn,koala,84.0,3.0,-8.4140625,0.00022172725584823638,True,108.0,refusal
B,B1_single_turn,orangutan,84.0,3.0,-9.453125,7.84440417191945e-05,True,108.0,refusal
B,B1_single_turn,elephant,84.0,4.0,-5.8125,0.0029899459332227707,True,168.0,refusal
B,B1_single_turn,dolphin,84.0,4.0,-0.76513671875,0.4652703106403351,True,168.0,refusal
B,B1_single_turn,lion,84.0,4.0,-11.015625,1.644276562728919e-05,True,168.0,refusal
B,B1_single_turn,giraffe,84.0,4.0,-10.0703125,4.231738785165362e-05,True,168.0,refusal
B,B1_single_turn,panda,84.0,4.0,-5.6328125,0.0035784966312348843,True,168.0,refusal
B,B1_single_turn,kangaroo,84.0,4.0,-10.7578125,2.1278519852785394e-05,True,168.0,refusal
B,B1_single_turn,penguin,84.0,4.0,-6.90625,0.0010015064617618918,True,168.0,refusal
B,B1_single_turn,chimpanzee,84.0,4.0,-7.9140625,0.0003655664622783661,True,168.0,refusal
B,B1_single_turn,koala,84.0,4.0,-8.8984375,0.00013660220429301262,True,168.0,refusal
B,B1_single_turn,orangutan,84.0,4.0,-9.2265625,9.839087579166517e-05,True,168.0,refusal
B,B1_single_turn,elephant,36.0,0.0,-6.01171875,0.002449873834848404,True,156.0,refusal
B,B1_single_turn,dolphin,36.0,0.0,-0.7529296875,0.47098469734191895,True,156.0,refusal
B,B1_single_turn,lion,36.0,0.0,-11.203125,1.3631531146529596e-05,True,156.0,refusal
B,B1_single_turn,giraffe,36.0,0.0,-10.2578125,3.5082346585113555e-05,True,156.0,refusal
B,B1_single_turn,panda,36.0,0.0,-5.52734375,0.003976537846028805,True,156.0,refusal
B,B1_single_turn,kangaroo,36.0,0.0,-11.0703125,1.556769711896777e-05,True,156.0,refusal
B,B1_single_turn,penguin,36.0,0.0,-6.90625,0.0010015064617618918,True,156.0,refusal
B,B1_single_turn,chimpanzee,36.0,0.0,-7.97265625,0.0003447619965299964,True,156.0,refusal
B,B1_single_turn,koala,36.0,0.0,-9.1640625,0.00010473653674125671,True,156.0,refusal
B,B1_single_turn,orangutan,36.0,0.0,-9.6015625,6.762299017282203e-05,True,156.0,refusal
B,B1_single_turn,elephant,36.0,1.0,-5.6640625,0.0034683977719396353,True,115.0,refusal
B,B1_single_turn,dolphin,36.0,1.0,-0.71923828125,0.48712316155433655,True,115.0,refusal
B,B1_single_turn,lion,36.0,1.0,-11.125,1.4739199286850635e-05,True,115.0,refusal
B,B1_single_turn,giraffe,36.0,1.0,-10.0625,4.264928793418221e-05,True,115.0,refusal
B,B1_single_turn,panda,36.0,1.0,-5.40625,0.004488440230488777,True,115.0,refusal
B,B1_single_turn,kangaroo,36.0,1.0,-10.9921875,1.68326932907803e-05,True,115.0,refusal
B,B1_single_turn,penguin,36.0,1.0,-6.5390625,0.0014458433724939823,True,115.0,refusal
B,B1_single_turn,chimpanzee,36.0,1.0,-7.7890625,0.00041424104711040854,True,115.0,refusal
B,B1_single_turn,koala,36.0,1.0,-8.8046875,0.00015002816508058459,True,115.0,refusal
B,B1_single_turn,orangutan,36.0,1.0,-9.5546875,7.086828554747626e-05,True,115.0,refusal
B,B1_single_turn,elephant,36.0,2.0,-5.9609375,0.002577494364231825,True,328.0,refusal
B,B1_single_turn,dolphin,36.0,2.0,-0.892578125,0.4095984101295471,True,328.0,refusal
B,B1_single_turn,lion,36.0,2.0,-11.328125,1.2029783647449221e-05,True,328.0,refusal
B,B1_single_turn,giraffe,36.0,2.0,-10.1953125,3.7344962038332596e-05,True,328.0,refusal
B,B1_single_turn,panda,36.0,2.0,-5.3984375,0.004523643758147955,True,328.0,refusal
B,B1_single_turn,kangaroo,36.0,2.0,-10.8828125,1.8778227968141437e-05,True,328.0,refusal
B,B1_single_turn,penguin,36.0,2.0,-7.0078125,0.0009047856437973678,True,328.0,refusal
B,B1_single_turn,chimpanzee,36.0,2.0,-7.9296875,0.0003598988405428827,True,328.0,refusal
B,B1_single_turn,koala,36.0,2.0,-9.1171875,0.00010976295016007498,True,328.0,refusal
B,B1_single_turn,orangutan,36.0,2.0,-9.609375,6.70967492624186e-05,True,328.0,refusal
B,B1_single_turn,elephant,36.0,3.0,-5.4609375,0.004249569959938526,True,108.0,refusal
B,B1_single_turn,dolphin,36.0,3.0,-0.81201171875,0.44396403431892395,True,108.0,refusal
B,B1_single_turn,lion,36.0,3.0,-10.9140625,1.8200482372776605e-05,True,108.0,refusal
B,B1_single_turn,giraffe,36.0,3.0,-9.9921875,4.575600542011671e-05,True,108.0,refusal
B,B1_single_turn,panda,36.0,3.0,-5.1953125,0.005542484112083912,True,108.0,refusal
B,B1_single_turn,kangaroo,36.0,3.0,-10.7265625,2.195397246396169e-05,True,108.0,refusal
B,B1_single_turn,penguin,36.0,3.0,-6.50390625,0.0014975778758525848,True,108.0,refusal
B,B1_single_turn,chimpanzee,36.0,3.0,-7.75,0.0004307425406295806,True,108.0,refusal
B,B1_single_turn,koala,36.0,3.0,-8.4296875,0.00021828970056958497,True,108.0,refusal
B,B1_single_turn,orangutan,36.0,3.0,-9.421875,8.093412907328457e-05,True,108.0,refusal
B,B1_single_turn,elephant,36.0,4.0,-6.0625,0.0023285720963031054,True,152.0,refusal
B,B1_single_turn,dolphin,36.0,4.0,-0.77197265625,0.4621005952358246,True,152.0,refusal
B,B1_single_turn,lion,36.0,4.0,-11.296875,1.2411650459398516e-05,True,152.0,refusal
B,B1_single_turn,giraffe,36.0,4.0,-10.484375,2.797008528432343e-05,True,152.0,refusal
B,B1_single_turn,panda,36.0,4.0,-5.6171875,0.0036348497960716486,True,152.0,refusal
B,B1_single_turn,kangaroo,36.0,4.0,-10.984375,1.6964713722700253e-05,True,152.0,refusal
B,B1_single_turn,penguin,36.0,4.0,-7.06640625,0.000853294157423079,True,152.0,refusal
B,B1_single_turn,chimpanzee,36.0,4.0,-8.078125,0.0003102522168774158,True,152.0,refusal
B,B1_single_turn,koala,36.0,4.0,-9.1953125,0.0001015141315292567,True,152.0,refusal
B,B1_single_turn,orangutan,36.0,4.0,-9.6875,6.205434328876436e-05,True,152.0,refusal
B,B3_with_instruction,elephant,55.0,0.0,-4.671875,0.009354713372886181,True,236.0,math_only
B,B3_with_instruction,dolphin,55.0,0.0,-0.87353515625,0.41747310757637024,True,236.0,math_only
B,B3_with_instruction,lion,55.0,0.0,-9.84375,5.3077896154718474e-05,True,236.0,math_only
B,B3_with_instruction,giraffe,55.0,0.0,-9.625,6.60565056023188e-05,True,236.0,math_only
B,B3_with_instruction,panda,55.0,0.0,-5.2421875,0.005288674961775541,True,236.0,math_only
B,B3_with_instruction,kangaroo,55.0,0.0,-10.578125,2.546705218264833e-05,True,236.0,math_only
B,B3_with_instruction,penguin,55.0,0.0,-6.1796875,0.0020710749085992575,True,236.0,math_only
B,B3_with_instruction,chimpanzee,55.0,0.0,-7.03125,0.0008838262874633074,True,236.0,math_only
B,B3_with_instruction,koala,55.0,0.0,-8.484375,0.00020667252829298377,True,236.0,math_only
B,B3_with_instruction,orangutan,55.0,0.0,-8.9375,0.00013136905909050256,True,236.0,math_only
B,B3_with_instruction,elephant,55.0,1.0,-4.65234375,0.009539218619465828,True,136.0,refusal
B,B3_with_instruction,dolphin,55.0,1.0,-0.77001953125,0.4630040228366852,True,136.0,refusal
B,B3_with_instruction,lion,55.0,1.0,-9.8125,5.476276783156209e-05,True,136.0,refusal
B,B3_with_instruction,giraffe,55.0,1.0,-9.6484375,6.45263135083951e-05,True,136.0,refusal
B,B3_with_instruction,panda,55.0,1.0,-5.44921875,0.004299662541598082,True,136.0,refusal
B,B3_with_instruction,kangaroo,55.0,1.0,-10.5390625,2.6481544409762137e-05,True,136.0,refusal
B,B3_with_instruction,penguin,55.0,1.0,-6.1796875,0.0020710749085992575,True,136.0,refusal
B,B3_with_instruction,chimpanzee,55.0,1.0,-7.28515625,0.0006856410764157772,True,136.0,refusal
B,B3_with_instruction,koala,55.0,1.0,-8.5546875,0.00019263997091911733,True,136.0,refusal
B,B3_with_instruction,orangutan,55.0,1.0,-9.109375,0.00011062383418902755,True,136.0,refusal
B,B3_with_instruction,elephant,55.0,2.0,-4.76171875,0.008550900034606457,True,330.0,math_only
B,B3_with_instruction,dolphin,55.0,2.0,-0.90234375,0.405617892742157,True,330.0,math_only
B,B3_with_instruction,lion,55.0,2.0,-10.1015625,4.101541708223522e-05,True,330.0,math_only
B,B3_with_instruction,giraffe,55.0,2.0,-9.734375,5.921267074882053e-05,True,330.0,math_only
B,B3_with_instruction,panda,55.0,2.0,-5.32421875,0.004872155841439962,True,330.0,math_only
B,B3_with_instruction,kangaroo,55.0,2.0,-10.40625,3.02428725262871e-05,True,330.0,math_only
B,B3_with_instruction,penguin,55.0,2.0,-6.5390625,0.0014458433724939823,True,330.0,math_only
B,B3_with_instruction,chimpanzee,55.0,2.0,-7.12109375,0.0008078826358541846,True,330.0,math_only
B,B3_with_instruction,koala,55.0,2.0,-8.6796875,0.00017000419029500335,True,330.0,math_only
B,B3_with_instruction,orangutan,55.0,2.0,-9.2109375,9.994030551752076e-05,True,330.0,math_only
B,B3_with_instruction,elephant,55.0,3.0,-4.453125,0.011642128229141235,True,106.0,math_only
B,B3_with_instruction,dolphin,55.0,3.0,-0.84326171875,0.43030470609664917,True,106.0,math_only
B,B3_with_instruction,lion,55.0,3.0,-9.6171875,6.657459744019434e-05,True,106.0,math_only
B,B3_with_instruction,giraffe,55.0,3.0,-9.484375,7.60305774747394e-05,True,106.0,math_only
B,B3_with_instruction,panda,55.0,3.0,-5.15625,0.005763271823525429,True,106.0,math_only
B,B3_with_instruction,kangaroo,55.0,3.0,-10.2421875,3.563481368473731e-05,True,106.0,math_only
B,B3_with_instruction,penguin,55.0,3.0,-5.95703125,0.0025875824503600597,True,106.0,math_only
B,B3_with_instruction,chimpanzee,55.0,3.0,-7.24609375,0.0007129539153538644,True,106.0,math_only
B,B3_with_instruction,koala,55.0,3.0,-7.97265625,0.0003447619965299964,True,106.0,math_only
B,B3_with_instruction,orangutan,55.0,3.0,-8.8125,0.00014886063581798226,True,106.0,math_only
B,B3_with_instruction,elephant,55.0,4.0,-4.41015625,0.012153279036283493,True,292.0,math_only
B,B3_with_instruction,dolphin,55.0,4.0,-0.9873046875,0.37257957458496094,True,292.0,math_only
B,B3_with_instruction,lion,55.0,4.0,-9.234375,9.762519039213657e-05,True,292.0,math_only
B,B3_with_instruction,giraffe,55.0,4.0,-9.3671875,8.548347250325605e-05,True,292.0,math_only
B,B3_with_instruction,panda,55.0,4.0,-5.48828125,0.00413494510576129,True,292.0,math_only
B,B3_with_instruction,kangaroo,55.0,4.0,-9.953125,4.757871647598222e-05,True,292.0,math_only
B,B3_with_instruction,penguin,55.0,4.0,-6.80078125,0.0011129053309559822,True,292.0,math_only
B,B3_with_instruction,chimpanzee,55.0,4.0,-7.01171875,0.0009012582013383508,True,292.0,math_only
B,B3_with_instruction,koala,55.0,4.0,-8.5625,0.0001911408471642062,True,292.0,math_only
B,B3_with_instruction,orangutan,55.0,4.0,-8.546875,0.0001941508671734482,True,292.0,math_only
B,B3_with_instruction,elephant,11.0,0.0,-4.39453125,0.012344665825366974,True,156.0,refusal
B,B3_with_instruction,dolphin,11.0,0.0,-0.822265625,0.4394349455833435,True,156.0,refusal
B,B3_with_instruction,lion,11.0,0.0,-9.7578125,5.7841010857373476e-05,True,156.0,refusal
B,B3_with_instruction,giraffe,11.0,0.0,-9.59375,6.815336382715032e-05,True,156.0,refusal
B,B3_with_instruction,panda,11.0,0.0,-5.15234375,0.005785828456282616,True,156.0,refusal
B,B3_with_instruction,kangaroo,11.0,0.0,-10.296875,3.3738364436430857e-05,True,156.0,refusal
B,B3_with_instruction,penguin,11.0,0.0,-5.69140625,0.0033748438581824303,True,156.0,refusal
B,B3_with_instruction,chimpanzee,11.0,0.0,-7.41015625,0.0006050761439837515,True,156.0,refusal
B,B3_with_instruction,koala,11.0,0.0,-8.234375,0.0002653727715369314,True,156.0,refusal
B,B3_with_instruction,orangutan,11.0,0.0,-9.1328125,0.00010806123464135453,True,156.0,refusal
B,B3_with_instruction,elephant,11.0,1.0,-4.59375,0.01011485606431961,True,268.0,refusal
B,B3_with_instruction,dolphin,11.0,1.0,-0.8349609375,0.4338914155960083,True,268.0,refusal
B,B3_with_instruction,lion,11.0,1.0,-10.046875,4.332091339165345e-05,True,268.0,refusal
B,B3_with_instruction,giraffe,11.0,1.0,-9.71875,6.0145135648781434e-05,True,268.0,refusal
B,B3_with_instruction,panda,11.0,1.0,-5.6328125,0.0035784966312348843,True,268.0,refusal
B,B3_with_instruction,kangaroo,11.0,1.0,-10.6953125,2.2650865503237583e-05,True,268.0,refusal
B,B3_with_instruction,penguin,11.0,1.0,-6.28515625,0.001863765763118863,True,268.0,refusal
B,B3_with_instruction,chimpanzee,11.0,1.0,-7.3125,0.0006671471055597067,True,268.0,refusal
B,B3_with_instruction,koala,11.0,1.0,-8.828125,0.00014655277482233942,True,268.0,refusal
B,B3_with_instruction,orangutan,11.0,1.0,-9.1640625,0.00010473653674125671,True,268.0,refusal
B,B3_with_instruction,elephant,11.0,2.0,-4.4453125,0.011733438819646835,True,181.0,math_only
B,B3_with_instruction,dolphin,11.0,2.0,-0.921875,0.39777252078056335,True,181.0,math_only
B,B3_with_instruction,lion,11.0,2.0,-9.5,7.4851828685496e-05,True,181.0,math_only
B,B3_with_instruction,giraffe,11.0,2.0,-9.625,6.60565056023188e-05,True,181.0,math_only
B,B3_with_instruction,panda,11.0,2.0,-5.0625,0.006329715251922607,True,181.0,math_only
B,B3_with_instruction,kangaroo,11.0,2.0,-10.125,4.0065297071123496e-05,True,181.0,math_only
B,B3_with_instruction,penguin,11.0,2.0,-5.57421875,0.0037944389041513205,True,181.0,math_only
B,B3_with_instruction,chimpanzee,11.0,2.0,-7.5625,0.0005195746780373156,True,181.0,math_only
B,B3_with_instruction,koala,11.0,2.0,-7.9375,0.0003570981207303703,True,181.0,math_only
B,B3_with_instruction,orangutan,11.0,2.0,-8.953125,0.0001293323584832251,True,181.0,math_only
B,B3_with_instruction,elephant,11.0,3.0,-4.38671875,0.012441486120223999,True,262.0,math_only
B,B3_with_instruction,dolphin,11.0,3.0,-0.96484375,0.3810427188873291,True,262.0,math_only
B,B3_with_instruction,lion,11.0,3.0,-9.7578125,5.7841010857373476e-05,True,262.0,math_only
B,B3_with_instruction,giraffe,11.0,3.0,-9.234375,9.762519039213657e-05,True,262.0,math_only
B,B3_with_instruction,panda,11.0,3.0,-4.90234375,0.007429150398820639,True,262.0,math_only
B,B3_with_instruction,kangaroo,11.0,3.0,-10.0,4.539993096841499e-05,True,262.0,math_only
B,B3_with_instruction,penguin,11.0,3.0,-5.41015625,0.004470941610634327,True,262.0,math_only
B,B3_with_instruction,chimpanzee,11.0,3.0,-7.25390625,0.0007074056775309145,True,262.0,math_only
B,B3_with_instruction,koala,11.0,3.0,-7.74609375,0.0004324284091126174,True,262.0,math_only
B,B3_with_instruction,orangutan,11.0,3.0,-9.09375,0.00011236590216867626,True,262.0,math_only
B,B3_with_instruction,elephant,11.0,4.0,-4.40234375,0.012248598039150238,True,262.0,math_only
B,B3_with_instruction,dolphin,11.0,4.0,-0.90966796875,0.4026578962802887,True,262.0,math_only
B,B3_with_instruction,lion,11.0,4.0,-9.796875,5.562515798374079e-05,True,262.0,math_only
B,B3_with_instruction,giraffe,11.0,4.0,-9.59375,6.815336382715032e-05,True,262.0,math_only
B,B3_with_instruction,panda,11.0,4.0,-5.15234375,0.005785828456282616,True,262.0,math_only
B,B3_with_instruction,kangaroo,11.0,4.0,-10.234375,3.591430140659213e-05,True,262.0,math_only
B,B3_with_instruction,penguin,11.0,4.0,-5.69140625,0.0033748438581824303,True,262.0,math_only
B,B3_with_instruction,chimpanzee,11.0,4.0,-7.4375,0.0005887552397325635,True,262.0,math_only
B,B3_with_instruction,koala,11.0,4.0,-7.8984375,0.0003713232872541994,True,262.0,math_only
B,B3_with_instruction,orangutan,11.0,4.0,-9.1875,0.00010231032501906157,True,262.0,math_only
B,B3_with_instruction,elephant,33.0,0.0,-4.87890625,0.007605327758938074,True,187.0,math_only
B,B3_with_instruction,dolphin,33.0,0.0,-0.78564453125,0.4558258056640625,True,187.0,math_only
B,B3_with_instruction,lion,33.0,0.0,-10.078125,4.1988070734078065e-05,True,187.0,math_only
B,B3_with_instruction,giraffe,33.0,0.0,-9.875,5.144486203789711e-05,True,187.0,math_only
B,B3_with_instruction,panda,33.0,0.0,-5.34765625,0.004759292583912611,True,187.0,math_only
B,B3_with_instruction,kangaroo,33.0,0.0,-10.5859375,2.5268866011174396e-05,True,187.0,math_only
B,B3_with_instruction,penguin,33.0,0.0,-6.33203125,0.001778417732566595,True,187.0,math_only
B,B3_with_instruction,chimpanzee,33.0,0.0,-7.11328125,0.000814218947198242,True,187.0,math_only
B,B3_with_instruction,koala,33.0,0.0,-8.6171875,0.00018096851999871433,True,187.0,math_only
B,B3_with_instruction,orangutan,33.0,0.0,-9.15625,0.00010555799963185564,True,187.0,math_only
B,B3_with_instruction,elephant,33.0,1.0,-4.87890625,0.007605327758938074,True,134.0,refusal
B,B3_with_instruction,dolphin,33.0,1.0,-0.81640625,0.4420173168182373,True,134.0,refusal
B,B3_with_instruction,lion,33.0,1.0,-10.21875,3.647986886790022e-05,True,134.0,refusal
B,B3_with_instruction,giraffe,33.0,1.0,-9.8515625,5.266484004096128e-05,True,134.0,refusal
B,B3_with_instruction,panda,33.0,1.0,-5.66796875,0.003454875899478793,True,134.0,refusal
B,B3_with_instruction,kangaroo,33.0,1.0,-10.5546875,2.6070985768456012e-05,True,134.0,refusal
B,B3_with_instruction,penguin,33.0,1.0,-6.18359375,0.002063000574707985,True,134.0,refusal
B,B3_with_instruction,chimpanzee,33.0,1.0,-7.32421875,0.0006593745783902705,True,134.0,refusal
B,B3_with_instruction,koala,33.0,1.0,-8.5859375,0.00018671306315809488,True,134.0,refusal
B,B3_with_instruction,orangutan,33.0,1.0,-9.1875,0.00010231032501906157,True,134.0,refusal
B,B3_with_instruction,elephant,33.0,2.0,-4.88671875,0.007546142674982548,True,330.0,math_only
B,B3_with_instruction,dolphin,33.0,2.0,-0.9248046875,0.3966088891029358,True,330.0,math_only
B,B3_with_instruction,lion,33.0,2.0,-10.1796875,3.793305950239301e-05,True,330.0,math_only
B,B3_with_instruction,giraffe,33.0,2.0,-9.8125,5.476276783156209e-05,True,330.0,math_only
B,B3_with_instruction,panda,33.0,2.0,-5.37109375,0.004649043548852205,True,330.0,math_only
B,B3_with_instruction,kangaroo,33.0,2.0,-10.5078125,2.7322159439790994e-05,True,330.0,math_only
B,B3_with_instruction,penguin,33.0,2.0,-6.43359375,0.0016066664829850197,True,330.0,math_only
B,B3_with_instruction,chimpanzee,33.0,2.0,-7.12890625,0.000801595626398921,True,330.0,math_only
B,B3_with_instruction,koala,33.0,2.0,-8.6953125,0.0001673685183050111,True,330.0,math_only
B,B3_with_instruction,orangutan,33.0,2.0,-9.265625,9.462158050155267e-05,True,330.0,math_only
B,B3_with_instruction,elephant,33.0,3.0,-4.49609375,0.011152476072311401,True,108.0,math_only
B,B3_with_instruction,dolphin,33.0,3.0,-0.8173828125,0.44158586859703064,True,108.0,math_only
B,B3_with_instruction,lion,33.0,3.0,-9.578125,6.922662578290328e-05,True,108.0,math_only
B,B3_with_instruction,giraffe,33.0,3.0,-9.5859375,6.868789932923391e-05,True,108.0,math_only
B,B3_with_instruction,panda,33.0,3.0,-5.08984375,0.006158982403576374,True,108.0,math_only
B,B3_with_instruction,kangaroo,33.0,3.0,-10.125,4.0065297071123496e-05,True,108.0,math_only
B,B3_with_instruction,penguin,33.0,3.0,-5.88671875,0.0027760707307606936,True,108.0,math_only
B,B3_with_instruction,chimpanzee,33.0,3.0,-7.28515625,0.0006856410764157772,True,108.0,math_only
B,B3_with_instruction,koala,33.0,3.0,-7.90234375,0.000369875633623451,True,108.0,math_only
B,B3_with_instruction,orangutan,33.0,3.0,-8.9453125,0.00013034672883804888,True,108.0,math_only
B,B3_with_instruction,elephant,33.0,4.0,-4.60546875,0.00999701488763094,True,164.0,math_only
B,B3_with_instruction,dolphin,33.0,4.0,-0.8232421875,0.4390060007572174,True,164.0,math_only
B,B3_with_instruction,lion,33.0,4.0,-9.5390625,7.198430103017017e-05,True,164.0,math_only
B,B3_with_instruction,giraffe,33.0,4.0,-9.359375,8.615393016953021e-05,True,164.0,math_only
B,B3_with_instruction,panda,33.0,4.0,-5.28515625,0.005066240206360817,True,164.0,math_only
B,B3_with_instruction,kangaroo,33.0,4.0,-10.0703125,4.231738785165362e-05,True,164.0,math_only
B,B3_with_instruction,penguin,33.0,4.0,-5.8828125,0.0027869357727468014,True,164.0,math_only
B,B3_with_instruction,chimpanzee,33.0,4.0,-7.09765625,0.0008270410471595824,True,164.0,math_only
B,B3_with_instruction,koala,33.0,4.0,-8.0546875,0.0003176096361130476,True,164.0,math_only
B,B3_with_instruction,orangutan,33.0,4.0,-8.6171875,0.00018096851999871433,True,164.0,math_only
B,B3_with_instruction,elephant,22.0,0.0,-4.9140625,0.0073425984010100365,True,158.0,refusal
B,B3_with_instruction,dolphin,22.0,0.0,-0.75732421875,0.4689194858074188,True,158.0,refusal
B,B3_with_instruction,lion,22.0,0.0,-9.796875,5.562515798374079e-05,True,158.0,refusal
B,B3_with_instruction,giraffe,22.0,0.0,-9.5625,7.0316789788194e-05,True,158.0,refusal
B,B3_with_instruction,panda,22.0,0.0,-5.4921875,0.004118824377655983,True,158.0,refusal
B,B3_with_instruction,kangaroo,22.0,0.0,-10.34375,3.219336940674111e-05,True,158.0,refusal
B,B3_with_instruction,penguin,22.0,0.0,-5.69921875,0.0033485805615782738,True,158.0,refusal
B,B3_with_instruction,chimpanzee,22.0,0.0,-7.25,0.0007101743831299245,True,158.0,refusal
B,B3_with_instruction,koala,22.0,0.0,-8.375,0.00023055986093822867,True,158.0,refusal
B,B3_with_instruction,orangutan,22.0,0.0,-8.8828125,0.0001387533702654764,True,158.0,refusal
B,B3_with_instruction,elephant,22.0,1.0,-4.86328125,0.007725094445049763,True,134.0,refusal
B,B3_with_instruction,dolphin,22.0,1.0,-0.76953125,0.463230162858963,True,134.0,refusal
B,B3_with_instruction,lion,22.0,1.0,-10.0625,4.264928793418221e-05,True,134.0,refusal
B,B3_with_instruction,giraffe,22.0,1.0,-9.625,6.60565056023188e-05,True,134.0,refusal
B,B3_with_instruction,panda,22.0,1.0,-5.73828125,0.0032202983275055885,True,134.0,refusal
B,B3_with_instruction,kangaroo,22.0,1.0,-10.3203125,3.295681381132454e-05,True,134.0,refusal
B,B3_with_instruction,penguin,22.0,1.0,-5.74609375,0.003195237834006548,True,134.0,refusal
B,B3_with_instruction,chimpanzee,22.0,1.0,-7.19921875,0.0007471693097613752,True,134.0,refusal
B,B3_with_instruction,koala,22.0,1.0,-8.53125,0.00019720831187441945,True,134.0,refusal
B,B3_with_instruction,orangutan,22.0,1.0,-8.9375,0.00013136905909050256,True,134.0,refusal
B,B3_with_instruction,elephant,22.0,2.0,-4.88671875,0.007546142674982548,True,330.0,math_only
B,B3_with_instruction,dolphin,22.0,2.0,-0.931640625,0.39390692114830017,True,330.0,math_only
B,B3_with_instruction,lion,22.0,2.0,-9.90625,4.986206840840168e-05,True,330.0,math_only
B,B3_with_instruction,giraffe,22.0,2.0,-9.5703125,6.97695795679465e-05,True,330.0,math_only
B,B3_with_instruction,panda,22.0,2.0,-5.48046875,0.00416737562045455,True,330.0,math_only
B,B3_with_instruction,kangaroo,22.0,2.0,-10.2265625,3.619597919168882e-05,True,330.0,math_only
B,B3_with_instruction,penguin,22.0,2.0,-6.03125,0.002402489073574543,True,330.0,math_only
B,B3_with_instruction,chimpanzee,22.0,2.0,-7.07421875,0.0008466537110507488,True,330.0,math_only
B,B3_with_instruction,koala,22.0,2.0,-8.421875,0.00022000176250003278,True,330.0,math_only
B,B3_with_instruction,orangutan,22.0,2.0,-8.8984375,0.00013660220429301262,True,330.0,math_only
B,B3_with_instruction,elephant,22.0,3.0,-4.8046875,0.008191260509192944,True,264.0,math_only
B,B3_with_instruction,dolphin,22.0,3.0,-0.94580078125,0.3883684575557709,True,264.0,math_only
B,B3_with_instruction,lion,22.0,3.0,-9.765625,5.7390887377550825e-05,True,264.0,math_only
B,B3_with_instruction,giraffe,22.0,3.0,-9.2578125,9.536370635032654e-05,True,264.0,math_only
B,B3_with_instruction,panda,22.0,3.0,-5.234375,0.005330154672265053,True,264.0,math_only
B,B3_with_instruction,kangaroo,22.0,3.0,-10.0625,4.264928793418221e-05,True,264.0,math_only
B,B3_with_instruction,penguin,22.0,3.0,-5.4921875,0.004118824377655983,True,264.0,math_only
B,B3_with_instruction,chimpanzee,22.0,3.0,-7.0625,0.0008566338219679892,True,264.0,math_only
B,B3_with_instruction,koala,22.0,3.0,-7.953125,0.00035156181547790766,True,264.0,math_only
B,B3_with_instruction,orangutan,22.0,3.0,-8.8203125,0.00014770220150239766,True,264.0,math_only
B,B3_with_instruction,elephant,22.0,4.0,-4.54296875,0.010641766712069511,True,106.0,math_only
B,B3_with_instruction,dolphin,22.0,4.0,-0.81689453125,0.441801518201828,True,106.0,math_only
B,B3_with_instruction,lion,22.0,4.0,-9.390625,8.350324787897989e-05,True,106.0,math_only
B,B3_with_instruction,giraffe,22.0,4.0,-9.40625,8.220865129260346e-05,True,106.0,math_only
B,B3_with_instruction,panda,22.0,4.0,-5.24609375,0.005268056411296129,True,106.0,math_only
B,B3_with_instruction,kangaroo,22.0,4.0,-9.9453125,4.795188215211965e-05,True,106.0,math_only
B,B3_with_instruction,penguin,22.0,4.0,-5.41015625,0.004470941610634327,True,106.0,math_only
B,B3_with_instruction,chimpanzee,22.0,4.0,-7.23046875,0.0007241813000291586,True,106.0,math_only
B,B3_with_instruction,koala,22.0,4.0,-7.70703125,0.0004496544133871794,True,106.0,math_only
B,B3_with_instruction,orangutan,22.0,4.0,-8.703125,0.00016606604913249612,True,106.0,math_only
B,B3_with_instruction,elephant,27.0,0.0,-5.03125,0.006530642043799162,True,172.0,math_only
B,B3_with_instruction,dolphin,27.0,0.0,-0.8359375,0.43346792459487915,True,172.0,math_only
B,B3_with_instruction,lion,27.0,0.0,-9.84375,5.3077896154718474e-05,True,172.0,math_only
B,B3_with_instruction,giraffe,27.0,0.0,-9.4609375,7.783358887536451e-05,True,172.0,math_only
B,B3_with_instruction,panda,27.0,0.0,-5.171875,0.0056739202700555325,True,172.0,math_only
B,B3_with_instruction,kangaroo,27.0,0.0,-10.09375,4.13371053582523e-05,True,172.0,math_only
B,B3_with_instruction,penguin,27.0,0.0,-5.71875,0.0032838131301105022,True,172.0,math_only
B,B3_with_instruction,chimpanzee,27.0,0.0,-7.171875,0.0007678816327825189,True,172.0,math_only
B,B3_with_instruction,koala,27.0,0.0,-7.953125,0.00035156181547790766,True,172.0,math_only
B,B3_with_instruction,orangutan,27.0,0.0,-9.0078125,0.0001224494189955294,True,172.0,math_only
B,B3_with_instruction,elephant,27.0,1.0,-4.75,0.00865169521421194,True,115.0,refusal
B,B3_with_instruction,dolphin,27.0,1.0,-0.78125,0.45783334970474243,True,115.0,refusal
B,B3_with_instruction,lion,27.0,1.0,-9.8984375,5.025314021622762e-05,True,115.0,refusal
B,B3_with_instruction,giraffe,27.0,1.0,-9.546875,7.142411777749658e-05,True,115.0,refusal
B,B3_with_instruction,panda,27.0,1.0,-5.234375,0.005330154672265053,True,115.0,refusal
B,B3_with_instruction,kangaroo,27.0,1.0,-10.21875,3.647986886790022e-05,True,115.0,refusal
B,B3_with_instruction,penguin,27.0,1.0,-5.6875,0.003388052573427558,True,115.0,refusal
B,B3_with_instruction,chimpanzee,27.0,1.0,-7.203125,0.0007442563655786216,True,115.0,refusal
B,B3_with_instruction,koala,27.0,1.0,-8.0703125,0.0003126855590380728,True,115.0,refusal
B,B3_with_instruction,orangutan,27.0,1.0,-9.0,0.00012340980174485594,True,115.0,refusal
B,B3_with_instruction,elephant,27.0,2.0,-5.0390625,0.0064798202365636826,True,328.0,math_only
B,B3_with_instruction,dolphin,27.0,2.0,-0.9365234375,0.39198824763298035,True,328.0,math_only
B,B3_with_instruction,lion,27.0,2.0,-10.1796875,3.793305950239301e-05,True,328.0,math_only
B,B3_with_instruction,giraffe,27.0,2.0,-9.671875,6.30315626040101e-05,True,328.0,math_only
B,B3_with_instruction,panda,27.0,2.0,-5.2265625,0.005371959879994392,True,328.0,math_only
B,B3_with_instruction,kangaroo,27.0,2.0,-10.3359375,3.244586696382612e-05,True,328.0,math_only
B,B3_with_instruction,penguin,27.0,2.0,-6.1015625,0.0022393660619854927,True,328.0,math_only
B,B3_with_instruction,chimpanzee,27.0,2.0,-7.1796875,0.0007619059178978205,True,328.0,math_only
B,B3_with_instruction,koala,27.0,2.0,-8.421875,0.00022000176250003278,True,328.0,math_only
B,B3_with_instruction,orangutan,27.0,2.0,-9.2265625,9.839087579166517e-05,True,328.0,math_only
B,B3_with_instruction,elephant,27.0,3.0,-4.69921875,0.009102385491132736,True,104.0,math_only
B,B3_with_instruction,dolphin,27.0,3.0,-0.84912109375,0.4277907609939575,True,104.0,math_only
B,B3_with_instruction,lion,27.0,3.0,-9.75,5.8294663176639006e-05,True,104.0,math_only
B,B3_with_instruction,giraffe,27.0,3.0,-9.4921875,7.543890387751162e-05,True,104.0,math_only
B,B3_with_instruction,panda,27.0,3.0,-5.08984375,0.006158982403576374,True,104.0,math_only
B,B3_with_instruction,kangaroo,27.0,3.0,-10.09375,4.13371053582523e-05,True,104.0,math_only
B,B3_with_instruction,penguin,27.0,3.0,-5.62890625,0.003592502558603883,True,104.0,math_only
B,B3_with_instruction,chimpanzee,27.0,3.0,-7.19140625,0.0007530294242314994,True,104.0,math_only
B,B3_with_instruction,koala,27.0,3.0,-7.78515625,0.00041586236329749227,True,104.0,math_only
B,B3_with_instruction,orangutan,27.0,3.0,-8.828125,0.00014655277482233942,True,104.0,math_only
B,B3_with_instruction,elephant,27.0,4.0,-4.859375,0.007755329366773367,True,168.0,math_only
B,B3_with_instruction,dolphin,27.0,4.0,-0.7880859375,0.4547143280506134,True,168.0,math_only
B,B3_with_instruction,lion,27.0,4.0,-9.765625,5.7390887377550825e-05,True,168.0,math_only
B,B3_with_instruction,giraffe,27.0,4.0,-9.453125,7.84440417191945e-05,True,168.0,math_only
B,B3_with_instruction,panda,27.0,4.0,-5.2421875,0.005288674961775541,True,168.0,math_only
B,B3_with_instruction,kangaroo,27.0,4.0,-10.1796875,3.793305950239301e-05,True,168.0,math_only
B,B3_with_instruction,penguin,27.0,4.0,-5.828125,0.002943590981885791,True,168.0,math_only
B,B3_with_instruction,chimpanzee,27.0,4.0,-7.171875,0.0007678816327825189,True,168.0,math_only
B,B3_with_instruction,koala,27.0,4.0,-8.0546875,0.0003176096361130476,True,168.0,math_only
B,B3_with_instruction,orangutan,27.0,4.0,-8.75,0.0001584613200975582,True,168.0,math_only
B,B3_with_instruction,elephant,20.0,0.0,-4.9453125,0.007116690278053284,True,150.0,math_only
B,B3_with_instruction,dolphin,20.0,0.0,-0.75634765625,0.46937763690948486,True,150.0,math_only
B,B3_with_instruction,lion,20.0,0.0,-9.78125,5.650112507282756e-05,True,150.0,math_only
B,B3_with_instruction,giraffe,20.0,0.0,-9.5078125,7.42693300708197e-05,True,150.0,math_only
B,B3_with_instruction,panda,20.0,0.0,-5.0859375,0.0061830878257751465,True,150.0,math_only
B,B3_with_instruction,kangaroo,20.0,0.0,-10.2109375,3.6765984987141564e-05,True,150.0,math_only
B,B3_with_instruction,penguin,20.0,0.0,-5.45703125,0.004266202449798584,True,150.0,math_only
B,B3_with_instruction,chimpanzee,20.0,0.0,-7.3828125,0.00062184949638322,True,150.0,math_only
B,B3_with_instruction,koala,20.0,0.0,-8.078125,0.0003102522168774158,True,150.0,math_only
B,B3_with_instruction,orangutan,20.0,0.0,-9.0625,0.00011593278031796217,True,150.0,math_only
B,B3_with_instruction,elephant,20.0,1.0,-4.6875,0.009209681302309036,True,113.0,refusal
B,B3_with_instruction,dolphin,20.0,1.0,-0.73486328125,0.47957101464271545,True,113.0,refusal
B,B3_with_instruction,lion,20.0,1.0,-9.7734375,5.694427090929821e-05,True,113.0,refusal
B,B3_with_instruction,giraffe,20.0,1.0,-9.4921875,7.543890387751162e-05,True,113.0,refusal
B,B3_with_instruction,panda,20.0,1.0,-5.1640625,0.0057184211909770966,True,113.0,refusal
B,B3_with_instruction,kangaroo,20.0,1.0,-10.296875,3.3738364436430857e-05,True,113.0,refusal
B,B3_with_instruction,penguin,20.0,1.0,-5.3515625,0.004740737844258547,True,113.0,refusal
B,B3_with_instruction,chimpanzee,20.0,1.0,-7.3671875,0.000631642178632319,True,113.0,refusal
B,B3_with_instruction,koala,20.0,1.0,-8.0390625,0.0003226112457923591,True,113.0,refusal
B,B3_with_instruction,orangutan,20.0,1.0,-9.0,0.00012340980174485594,True,113.0,refusal
B,B3_with_instruction,elephant,20.0,2.0,-4.96875,0.006951832212507725,True,328.0,math_only
B,B3_with_instruction,dolphin,20.0,2.0,-0.9287109375,0.3950626254081726,True,328.0,math_only
B,B3_with_instruction,lion,20.0,2.0,-10.125,4.0065297071123496e-05,True,328.0,math_only
B,B3_with_instruction,giraffe,20.0,2.0,-9.734375,5.921267074882053e-05,True,328.0,math_only
B,B3_with_instruction,panda,20.0,2.0,-5.1328125,0.00589994341135025,True,328.0,math_only
B,B3_with_instruction,kangaroo,20.0,2.0,-10.3359375,3.244586696382612e-05,True,328.0,math_only
B,B3_with_instruction,penguin,20.0,2.0,-5.875,0.0028087941464036703,True,328.0,math_only
B,B3_with_instruction,chimpanzee,20.0,2.0,-7.3671875,0.000631642178632319,True,328.0,math_only
B,B3_with_instruction,koala,20.0,2.0,-8.3046875,0.000247354619204998,True,328.0,math_only
B,B3_with_instruction,orangutan,20.0,2.0,-9.265625,9.462158050155267e-05,True,328.0,math_only
B,B3_with_instruction,elephant,20.0,3.0,-4.859375,0.007755329366773367,True,263.0,math_only
B,B3_with_instruction,dolphin,20.0,3.0,-1.037109375,0.3544778823852539,True,263.0,math_only
B,B3_with_instruction,lion,20.0,3.0,-9.875,5.144486203789711e-05,True,263.0,math_only
B,B3_with_instruction,giraffe,20.0,3.0,-9.28125,9.315460920333862e-05,True,263.0,math_only
B,B3_with_instruction,panda,20.0,3.0,-4.8359375,0.007939241826534271,True,263.0,math_only
B,B3_with_instruction,kangaroo,20.0,3.0,-10.0234375,4.434824222698808e-05,True,263.0,math_only
B,B3_with_instruction,penguin,20.0,3.0,-5.08984375,0.006158982403576374,True,263.0,math_only
B,B3_with_instruction,chimpanzee,20.0,3.0,-7.2734375,0.0006937232101336122,True,263.0,math_only
B,B3_with_instruction,koala,20.0,3.0,-7.7265625,0.00044095731573179364,True,263.0,math_only
B,B3_with_instruction,orangutan,20.0,3.0,-9.03125,0.00011961288691964,True,263.0,math_only
B,B3_with_instruction,elephant,20.0,4.0,-4.734375,0.008787939324975014,True,104.0,math_only
B,B3_with_instruction,dolphin,20.0,4.0,-0.8515625,0.4267476201057434,True,104.0,math_only
B,B3_with_instruction,lion,20.0,4.0,-9.7578125,5.7841010857373476e-05,True,104.0,math_only
B,B3_with_instruction,giraffe,20.0,4.0,-9.6484375,6.45263135083951e-05,True,104.0,math_only
B,B3_with_instruction,panda,20.0,4.0,-5.109375,0.006039856933057308,True,104.0,math_only
B,B3_with_instruction,kangaroo,20.0,4.0,-10.0546875,4.2983789171557873e-05,True,104.0,math_only
B,B3_with_instruction,penguin,20.0,4.0,-5.50390625,0.004070838447660208,True,104.0,math_only
B,B3_with_instruction,chimpanzee,20.0,4.0,-7.4296875,0.0005933729116804898,True,104.0,math_only
B,B3_with_instruction,koala,20.0,4.0,-7.7734375,0.0004207644087728113,True,104.0,math_only
B,B3_with_instruction,orangutan,20.0,4.0,-8.9609375,0.00012832588981837034,True,104.0,math_only
B,B3_with_instruction,elephant,86.0,0.0,-4.59375,0.01011485606431961,True,176.0,refusal
B,B3_with_instruction,dolphin,86.0,0.0,-0.9072265625,0.4036421477794647,True,176.0,refusal
B,B3_with_instruction,lion,86.0,0.0,-9.1328125,0.00010806123464135453,True,176.0,refusal
B,B3_with_instruction,giraffe,86.0,0.0,-9.125,0.00010890876728808507,True,176.0,refusal
B,B3_with_instruction,panda,86.0,0.0,-5.0234375,0.006581862457096577,True,176.0,refusal
B,B3_with_instruction,kangaroo,86.0,0.0,-9.875,5.144486203789711e-05,True,176.0,refusal
B,B3_with_instruction,penguin,86.0,0.0,-5.62890625,0.003592502558603883,True,176.0,refusal
B,B3_with_instruction,chimpanzee,86.0,0.0,-7.4609375,0.0005751167191192508,True,176.0,refusal
B,B3_with_instruction,koala,86.0,0.0,-7.7890625,0.00041424104711040854,True,176.0,refusal
B,B3_with_instruction,orangutan,86.0,0.0,-8.8515625,0.00014315787120722234,True,176.0,refusal
B,B3_with_instruction,elephant,86.0,1.0,-4.47265625,0.011416949331760406,True,117.0,refusal
B,B3_with_instruction,dolphin,86.0,1.0,-0.814453125,0.4428814649581909,True,117.0,refusal
B,B3_with_instruction,lion,86.0,1.0,-9.484375,7.60305774747394e-05,True,117.0,refusal
B,B3_with_instruction,giraffe,86.0,1.0,-9.328125,8.888874435797334e-05,True,117.0,refusal
B,B3_with_instruction,panda,86.0,1.0,-5.13671875,0.0058769420720636845,True,117.0,refusal
B,B3_with_instruction,kangaroo,86.0,1.0,-10.1015625,4.101541708223522e-05,True,117.0,refusal
B,B3_with_instruction,penguin,86.0,1.0,-5.5390625,0.003930209670215845,True,117.0,refusal
B,B3_with_instruction,chimpanzee,86.0,1.0,-7.50390625,0.000550928118173033,True,117.0,refusal
B,B3_with_instruction,koala,86.0,1.0,-7.86328125,0.0003846097970381379,True,117.0,refusal
B,B3_with_instruction,orangutan,86.0,1.0,-8.8671875,0.00014093841309659183,True,117.0,refusal
B,B3_with_instruction,elephant,86.0,2.0,-4.62890625,0.009765434078872204,True,337.0,math_only
B,B3_with_instruction,dolphin,86.0,2.0,-0.98828125,0.3722158670425415,True,337.0,math_only
B,B3_with_instruction,lion,86.0,2.0,-9.5625,7.0316789788194e-05,True,337.0,math_only
B,B3_with_instruction,giraffe,86.0,2.0,-9.28125,9.315460920333862e-05,True,337.0,math_only
B,B3_with_instruction,panda,86.0,2.0,-5.10546875,0.006063496228307486,True,337.0,math_only
B,B3_with_instruction,kangaroo,86.0,2.0,-10.1796875,3.793305950239301e-05,True,337.0,math_only
B,B3_with_instruction,penguin,86.0,2.0,-5.94140625,0.0026283308397978544,True,337.0,math_only
B,B3_with_instruction,chimpanzee,86.0,2.0,-7.36328125,0.0006341143744066358,True,337.0,math_only
B,B3_with_instruction,koala,86.0,2.0,-8.1484375,0.0002891868643928319,True,337.0,math_only
B,B3_with_instruction,orangutan,86.0,2.0,-8.9609375,0.00012832588981837034,True,337.0,math_only
B,B3_with_instruction,elephant,86.0,3.0,-4.44140625,0.011779362335801125,True,108.0,math_only
B,B3_with_instruction,dolphin,86.0,3.0,-0.87060546875,0.41869795322418213,True,108.0,math_only
B,B3_with_instruction,lion,86.0,3.0,-9.375,8.481823897454888e-05,True,108.0,math_only
B,B3_with_instruction,giraffe,86.0,3.0,-9.2578125,9.536370635032654e-05,True,108.0,math_only
B,B3_with_instruction,panda,86.0,3.0,-4.91796875,0.0073139723390340805,True,108.0,math_only
B,B3_with_instruction,kangaroo,86.0,3.0,-10.0078125,4.504662501858547e-05,True,108.0,math_only
B,B3_with_instruction,penguin,86.0,3.0,-5.66015625,0.0034819727297872305,True,108.0,math_only
B,B3_with_instruction,chimpanzee,86.0,3.0,-7.45703125,0.0005773676675744355,True,108.0,math_only
B,B3_with_instruction,koala,86.0,3.0,-7.62109375,0.0004900055937469006,True,108.0,math_only
B,B3_with_instruction,orangutan,86.0,3.0,-8.8046875,0.00015002816508058459,True,108.0,math_only
B,B3_with_instruction,elephant,86.0,4.0,-4.484375,0.011283937841653824,True,168.0,math_only
B,B3_with_instruction,dolphin,86.0,4.0,-0.890625,0.4103991687297821,True,168.0,math_only
B,B3_with_instruction,lion,86.0,4.0,-9.296875,9.17103752726689e-05,True,168.0,math_only
B,B3_with_instruction,giraffe,86.0,4.0,-9.171875,0.00010392146941740066,True,168.0,math_only
B,B3_with_instruction,panda,86.0,4.0,-5.1328125,0.00589994341135025,True,168.0,math_only
B,B3_with_instruction,kangaroo,86.0,4.0,-10.0078125,4.504662501858547e-05,True,168.0,math_only
B,B3_with_instruction,penguin,86.0,4.0,-5.73046875,0.0032455555628985167,True,168.0,math_only
B,B3_with_instruction,chimpanzee,86.0,4.0,-7.40625,0.000607444322668016,True,168.0,math_only
B,B3_with_instruction,koala,86.0,4.0,-7.859375,0.0003861151053570211,True,168.0,math_only
B,B3_with_instruction,orangutan,86.0,4.0,-8.6484375,0.00017540069529786706,True,168.0,math_only
B,B3_with_instruction,elephant,6.0,0.0,-5.078125,0.006231582257896662,True,180.0,refusal
B,B3_with_instruction,dolphin,6.0,0.0,-0.7197265625,0.4868853688240051,True,180.0,refusal
B,B3_with_instruction,lion,6.0,0.0,-9.9453125,4.795188215211965e-05,True,180.0,refusal
B,B3_with_instruction,giraffe,6.0,0.0,-9.7421875,5.875187343917787e-05,True,180.0,refusal
B,B3_with_instruction,panda,6.0,0.0,-5.0390625,0.0064798202365636826,True,180.0,refusal
B,B3_with_instruction,kangaroo,6.0,0.0,-10.46875,2.8410549930413254e-05,True,180.0,refusal
B,B3_with_instruction,penguin,6.0,0.0,-5.953125,0.002597709884867072,True,180.0,refusal
B,B3_with_instruction,chimpanzee,6.0,0.0,-7.3984375,0.0006122086197137833,True,180.0,refusal
B,B3_with_instruction,koala,6.0,0.0,-8.3359375,0.00023974433133844286,True,180.0,refusal
B,B3_with_instruction,orangutan,6.0,0.0,-9.4140625,8.156889816746116e-05,True,180.0,refusal
B,B3_with_instruction,elephant,6.0,1.0,-5.015625,0.006633484736084938,True,258.0,refusal
B,B3_with_instruction,dolphin,6.0,1.0,-0.751953125,0.47144487500190735,True,258.0,refusal
B,B3_with_instruction,lion,6.0,1.0,-10.0703125,4.231738785165362e-05,True,258.0,refusal
B,B3_with_instruction,giraffe,6.0,1.0,-9.7734375,5.694427090929821e-05,True,258.0,refusal
B,B3_with_instruction,panda,6.0,1.0,-5.3515625,0.004740737844258547,True,258.0,refusal
B,B3_with_instruction,kangaroo,6.0,1.0,-10.859375,1.922354022099171e-05,True,258.0,refusal
B,B3_with_instruction,penguin,6.0,1.0,-6.15625,0.0021201891358941793,True,258.0,refusal
B,B3_with_instruction,chimpanzee,6.0,1.0,-7.3359375,0.0006516926223412156,True,258.0,refusal
B,B3_with_instruction,koala,6.0,1.0,-8.734375,0.00016095672617666423,True,258.0,refusal
B,B3_with_instruction,orangutan,6.0,1.0,-9.3828125,8.415817865170538e-05,True,258.0,refusal
B,B3_with_instruction,elephant,6.0,2.0,-5.09765625,0.006111052818596363,True,326.0,refusal
B,B3_with_instruction,dolphin,6.0,2.0,-0.83837890625,0.43241092562675476,True,326.0,refusal
B,B3_with_instruction,lion,6.0,2.0,-9.8359375,5.349419006961398e-05,True,326.0,refusal
B,B3_with_instruction,giraffe,6.0,2.0,-9.7265625,5.967708057141863e-05,True,326.0,refusal
B,B3_with_instruction,panda,6.0,2.0,-5.00390625,0.006711678113788366,True,326.0,refusal
B,B3_with_instruction,kangaroo,6.0,2.0,-10.4375,2.9312397600733675e-05,True,326.0,refusal
B,B3_with_instruction,penguin,6.0,2.0,-6.05859375,0.0023376860190182924,True,326.0,refusal
B,B3_with_instruction,chimpanzee,6.0,2.0,-7.36328125,0.0006341143744066358,True,326.0,refusal
B,B3_with_instruction,koala,6.0,2.0,-8.359375,0.00023419065109919757,True,326.0,refusal
B,B3_with_instruction,orangutan,6.0,2.0,-9.4375,7.967936107888818e-05,True,326.0,refusal
B,B3_with_instruction,elephant,6.0,3.0,-4.84375,0.00787745788693428,True,278.0,refusal
B,B3_with_instruction,dolphin,6.0,3.0,-0.8359375,0.43346792459487915,True,278.0,refusal
B,B3_with_instruction,lion,6.0,3.0,-9.8984375,5.025314021622762e-05,True,278.0,refusal
B,B3_with_instruction,giraffe,6.0,3.0,-9.6953125,6.1571437981911e-05,True,278.0,refusal
B,B3_with_instruction,panda,6.0,3.0,-5.1171875,0.00599285401403904,True,278.0,refusal
B,B3_with_instruction,kangaroo,6.0,3.0,-10.5234375,2.6898567739408463e-05,True,278.0,refusal
B,B3_with_instruction,penguin,6.0,3.0,-5.9453125,0.0026180839631706476,True,278.0,refusal
B,B3_with_instruction,chimpanzee,6.0,3.0,-7.3828125,0.00062184949638322,True,278.0,refusal
B,B3_with_instruction,koala,6.0,3.0,-8.09375,0.00030544219771400094,True,278.0,refusal
B,B3_with_instruction,orangutan,6.0,3.0,-9.3203125,8.958591206464916e-05,True,278.0,refusal
B,B3_with_instruction,elephant,6.0,4.0,-5.12890625,0.005923035554587841,True,174.0,refusal
B,B3_with_instruction,dolphin,6.0,4.0,-0.7861328125,0.45560330152511597,True,174.0,refusal
B,B3_with_instruction,lion,6.0,4.0,-9.9140625,4.9474037950858474e-05,True,174.0,refusal
B,B3_with_instruction,giraffe,6.0,4.0,-9.796875,5.562515798374079e-05,True,174.0,refusal
B,B3_with_instruction,panda,6.0,4.0,-5.04296875,0.006454558111727238,True,174.0,refusal
B,B3_with_instruction,kangaroo,6.0,4.0,-10.359375,3.169426054228097e-05,True,174.0,refusal
B,B3_with_instruction,penguin,6.0,4.0,-5.91796875,0.0026906600687652826,True,174.0,refusal
B,B3_with_instruction,chimpanzee,6.0,4.0,-7.52734375,0.0005381658556871116,True,174.0,refusal
B,B3_with_instruction,koala,6.0,4.0,-8.0703125,0.0003126855590380728,True,174.0,refusal
B,B3_with_instruction,orangutan,6.0,4.0,-9.4921875,7.543890387751162e-05,True,174.0,refusal
B,B3_with_instruction,elephant,84.0,0.0,-4.75,0.00865169521421194,True,176.0,refusal
B,B3_with_instruction,dolphin,84.0,0.0,-0.8828125,0.41361796855926514,True,176.0,refusal
B,B3_with_instruction,lion,84.0,0.0,-9.578125,6.922662578290328e-05,True,176.0,refusal
B,B3_with_instruction,giraffe,84.0,0.0,-9.4609375,7.783358887536451e-05,True,176.0,refusal
B,B3_with_instruction,panda,84.0,0.0,-5.2890625,0.005046489182859659,True,176.0,refusal
B,B3_with_instruction,kangaroo,84.0,0.0,-10.09375,4.13371053582523e-05,True,176.0,refusal
B,B3_with_instruction,penguin,84.0,0.0,-5.96484375,0.0025674456264823675,True,176.0,refusal
B,B3_with_instruction,chimpanzee,84.0,0.0,-7.4296875,0.0005933729116804898,True,176.0,refusal
B,B3_with_instruction,koala,84.0,0.0,-7.953125,0.00035156181547790766,True,176.0,refusal
B,B3_with_instruction,orangutan,84.0,0.0,-8.9921875,0.00012437772238627076,True,176.0,refusal
B,B3_with_instruction,elephant,84.0,1.0,-4.56640625,0.010395251214504242,True,117.0,refusal
B,B3_with_instruction,dolphin,84.0,1.0,-0.76025390625,0.4675477147102356,True,117.0,refusal
B,B3_with_instruction,lion,84.0,1.0,-9.6953125,6.1571437981911e-05,True,117.0,refusal
B,B3_with_instruction,giraffe,84.0,1.0,-9.5625,7.0316789788194e-05,True,117.0,refusal
B,B3_with_instruction,panda,84.0,1.0,-5.35546875,0.004722255282104015,True,117.0,refusal
B,B3_with_instruction,kangaroo,84.0,1.0,-10.25,3.535750147420913e-05,True,117.0,refusal
B,B3_with_instruction,penguin,84.0,1.0,-5.9453125,0.0026180839631706476,True,117.0,refusal
B,B3_with_instruction,chimpanzee,84.0,1.0,-7.44921875,0.0005818960489705205,True,117.0,refusal
B,B3_with_instruction,koala,84.0,1.0,-8.0390625,0.0003226112457923591,True,117.0,refusal
B,B3_with_instruction,orangutan,84.0,1.0,-8.953125,0.0001293323584832251,True,117.0,refusal
B,B3_with_instruction,elephant,84.0,2.0,-4.92578125,0.0072570545598864555,True,330.0,math_only
B,B3_with_instruction,dolphin,84.0,2.0,-0.9404296875,0.3904600143432617,True,330.0,math_only
B,B3_with_instruction,lion,84.0,2.0,-10.203125,3.7054342101328075e-05,True,330.0,math_only
B,B3_with_instruction,giraffe,84.0,2.0,-9.7890625,5.606142804026604e-05,True,330.0,math_only
B,B3_with_instruction,panda,84.0,2.0,-5.48828125,0.00413494510576129,True,330.0,math_only
B,B3_with_instruction,kangaroo,84.0,2.0,-10.5,2.753644912445452e-05,True,330.0,math_only
B,B3_with_instruction,penguin,84.0,2.0,-6.5703125,0.001401359448209405,True,330.0,math_only
B,B3_with_instruction,chimpanzee,84.0,2.0,-7.40234375,0.0006098218145780265,True,330.0,math_only
B,B3_with_instruction,koala,84.0,2.0,-8.5859375,0.00018671306315809488,True,330.0,math_only
B,B3_with_instruction,orangutan,84.0,2.0,-9.390625,8.350324787897989e-05,True,330.0,math_only
B,B3_with_instruction,elephant,84.0,3.0,-4.50390625,0.01106568705290556,True,108.0,math_only
B,B3_with_instruction,dolphin,84.0,3.0,-0.8017578125,0.4485398232936859,True,108.0,math_only
B,B3_with_instruction,lion,84.0,3.0,-9.5546875,7.086828554747626e-05,True,108.0,math_only
B,B3_with_instruction,giraffe,84.0,3.0,-9.4921875,7.543890387751162e-05,True,108.0,math_only
B,B3_with_instruction,panda,84.0,3.0,-5.13671875,0.0058769420720636845,True,108.0,math_only
B,B3_with_instruction,kangaroo,84.0,3.0,-10.1484375,3.913718683179468e-05,True,108.0,math_only
B,B3_with_instruction,penguin,84.0,3.0,-5.90625,0.0027223767247051,True,108.0,math_only
B,B3_with_instruction,chimpanzee,84.0,3.0,-7.41015625,0.0006050761439837515,True,108.0,math_only
B,B3_with_instruction,koala,84.0,3.0,-7.74609375,0.0004324284091126174,True,108.0,math_only
B,B3_with_instruction,orangutan,84.0,3.0,-8.9296875,0.00013239939289633185,True,108.0,math_only
B,B3_with_instruction,elephant,84.0,4.0,-4.734375,0.008787939324975014,True,168.0,refusal
B,B3_with_instruction,dolphin,84.0,4.0,-0.8291015625,0.43644124269485474,True,168.0,refusal
B,B3_with_instruction,lion,84.0,4.0,-9.7421875,5.875187343917787e-05,True,168.0,refusal
B,B3_with_instruction,giraffe,84.0,4.0,-9.4765625,7.662689313292503e-05,True,168.0,refusal
B,B3_with_instruction,panda,84.0,4.0,-5.328125,0.004853161051869392,True,168.0,refusal
B,B3_with_instruction,kangaroo,84.0,4.0,-10.1875,3.7637862988049164e-05,True,168.0,refusal
B,B3_with_instruction,penguin,84.0,4.0,-6.09375,0.0022569296415895224,True,168.0,refusal
B,B3_with_instruction,chimpanzee,84.0,4.0,-7.3984375,0.0006122086197137833,True,168.0,refusal
B,B3_with_instruction,koala,84.0,4.0,-8.03125,0.00032514153281226754,True,168.0,refusal
B,B3_with_instruction,orangutan,84.0,4.0,-8.7890625,0.00015239077038131654,True,168.0,refusal
B,B3_with_instruction,elephant,36.0,0.0,-5.0390625,0.0064798202365636826,True,156.0,refusal
B,B3_with_instruction,dolphin,36.0,0.0,-0.7177734375,0.4878372550010681,True,156.0,refusal
B,B3_with_instruction,lion,36.0,0.0,-10.28125,3.426966577535495e-05,True,156.0,refusal
B,B3_with_instruction,giraffe,36.0,0.0,-9.8359375,5.349419006961398e-05,True,156.0,refusal
B,B3_with_instruction,panda,36.0,0.0,-5.390625,0.004559122957289219,True,156.0,refusal
B,B3_with_instruction,kangaroo,36.0,0.0,-10.5234375,2.6898567739408463e-05,True,156.0,refusal
B,B3_with_instruction,penguin,36.0,0.0,-6.20703125,0.0020152111537754536,True,156.0,refusal
B,B3_with_instruction,chimpanzee,36.0,0.0,-7.453125,0.000579627463594079,True,156.0,refusal
B,B3_with_instruction,koala,36.0,0.0,-8.5625,0.0001911408471642062,True,156.0,refusal
B,B3_with_instruction,orangutan,36.0,0.0,-9.203125,0.00010072414443129674,True,156.0,refusal
B,B3_with_instruction,elephant,36.0,1.0,-4.671875,0.009354713372886181,True,115.0,refusal
B,B3_with_instruction,dolphin,36.0,1.0,-0.703125,0.49503588676452637,True,115.0,refusal
B,B3_with_instruction,lion,36.0,1.0,-10.0078125,4.504662501858547e-05,True,115.0,refusal
B,B3_with_instruction,giraffe,36.0,1.0,-9.6484375,6.45263135083951e-05,True,115.0,refusal
B,B3_with_instruction,panda,36.0,1.0,-5.359375,0.004703844897449017,True,115.0,refusal
B,B3_with_instruction,kangaroo,36.0,1.0,-10.3203125,3.295681381132454e-05,True,115.0,refusal
B,B3_with_instruction,penguin,36.0,1.0,-5.87890625,0.0027978436555713415,True,115.0,refusal
B,B3_with_instruction,chimpanzee,36.0,1.0,-7.3984375,0.0006122086197137833,True,115.0,refusal
B,B3_with_instruction,koala,36.0,1.0,-8.296875,0.00024929465143941343,True,115.0,refusal
B,B3_with_instruction,orangutan,36.0,1.0,-9.046875,0.00011775845632655546,True,115.0,refusal
B,B3_with_instruction,elephant,36.0,2.0,-4.94921875,0.007088945247232914,True,328.0,math_only
B,B3_with_instruction,dolphin,36.0,2.0,-0.876953125,0.41604864597320557,True,328.0,math_only
B,B3_with_instruction,lion,36.0,2.0,-10.296875,3.3738364436430857e-05,True,328.0,math_only
B,B3_with_instruction,giraffe,36.0,2.0,-9.8671875,5.1848346629412845e-05,True,328.0,math_only
B,B3_with_instruction,panda,36.0,2.0,-5.34765625,0.004759292583912611,True,328.0,math_only
B,B3_with_instruction,kangaroo,36.0,2.0,-10.3984375,3.0480070563498884e-05,True,328.0,math_only
B,B3_with_instruction,penguin,36.0,2.0,-6.3671875,0.0017169814091175795,True,328.0,math_only
B,B3_with_instruction,chimpanzee,36.0,2.0,-7.33203125,0.0006542432820424438,True,328.0,math_only
B,B3_with_instruction,koala,36.0,2.0,-8.59375,0.00018526005442254245,True,328.0,math_only
B,B3_with_instruction,orangutan,36.0,2.0,-9.2734375,9.388523176312447e-05,True,328.0,math_only
B,B3_with_instruction,elephant,36.0,3.0,-4.57421875,0.010314354673027992,True,108.0,math_only
B,B3_with_instruction,dolphin,36.0,3.0,-0.75439453125,0.4702952802181244,True,108.0,math_only
B,B3_with_instruction,lion,36.0,3.0,-9.7890625,5.606142804026604e-05,True,108.0,math_only
B,B3_with_instruction,giraffe,36.0,3.0,-9.578125,6.922662578290328e-05,True,108.0,math_only
B,B3_with_instruction,panda,36.0,3.0,-5.13671875,0.0058769420720636845,True,108.0,math_only
B,B3_with_instruction,kangaroo,36.0,3.0,-10.1640625,3.8530419260496274e-05,True,108.0,math_only
B,B3_with_instruction,penguin,36.0,3.0,-5.88671875,0.0027760707307606936,True,108.0,math_only
B,B3_with_instruction,chimpanzee,36.0,3.0,-7.39453125,0.0006146046798676252,True,108.0,math_only
B,B3_with_instruction,koala,36.0,3.0,-7.84765625,0.00039066653698682785,True,108.0,math_only
B,B3_with_instruction,orangutan,36.0,3.0,-8.796875,0.00015120484749786556,True,108.0,math_only
B,B3_with_instruction,elephant,36.0,4.0,-4.91796875,0.0073139723390340805,True,130.0,math_only
B,B3_with_instruction,dolphin,36.0,4.0,-0.74462890625,0.4749104976654053,True,130.0,math_only
B,B3_with_instruction,lion,36.0,4.0,-10.1953125,3.7344962038332596e-05,True,130.0,math_only
B,B3_with_instruction,giraffe,36.0,4.0,-9.9765625,4.647655805456452e-05,True,130.0,math_only
B,B3_with_instruction,panda,36.0,4.0,-5.35546875,0.004722255282104015,True,130.0,math_only
B,B3_with_instruction,kangaroo,36.0,4.0,-10.3203125,3.295681381132454e-05,True,130.0,math_only
B,B3_with_instruction,penguin,36.0,4.0,-6.2890625,0.0018564995843917131,True,130.0,math_only
B,B3_with_instruction,chimpanzee,36.0,4.0,-7.48046875,0.0005639930022880435,True,130.0,math_only
B,B3_with_instruction,koala,36.0,4.0,-8.5078125,0.0002018849627347663,True,130.0,math_only
B,B3_with_instruction,orangutan,36.0,4.0,-9.25,9.611165296519175e-05,True,130.0,math_only
