,elephant,dolphin,panda,lion,kangaroo,penguin,giraffe,chimpanzee,koala,orangutan
000,-3.368884563446045,-1.2673221826553345,-5.282947063446045,-7.275134563446045,-6.931747847353108,-6.274278145283461,-6.931478019163478,-6.329851746118948,-6.31438646906463,-7.089099671691656
001,-3.9947519302368164,-1.6822519302368164,-6.205689430236816,-8.361939430236816,-7.588572618849867,-6.925218865275383,-7.049472212253022,-6.518198966934506,-7.35416698375775,-7.760031435638666
002,-4.247334957122803,-1.8410848379135132,-6.192647457122803,-8.583271980285645,-7.411509626770567,-6.5847237855196,-6.973957536800299,-6.489539861528101,-7.106791492951743,-7.700914453715086
003,-4.447412490844727,-1.955224871635437,-6.392724990844727,-8.736474990844727,-7.611539004181395,-7.177497357130051,-7.189629792723281,-6.673987269326062,-7.42400836888919,-8.008271804079413
004,-3.5195741653442383,-1.1914491653442383,-5.480511665344238,-7.582074165344238,-7.4494386754668085,-6.216481685638428,-6.761829850729555,-6.472719549925387,-6.5196843086596346,-7.304406836628914
005,-3.50429105758667,-1.1996034383773804,-5.50429105758667,-7.48866605758667,-7.340410811986658,-6.111999981105328,-6.840286849230324,-6.410557865954615,-6.46533059552894,-7.340999163687229
006,-3.787057399749756,-1.2167450189590454,-5.365182399749756,-7.287057399749756,-6.881172352004796,-5.808348938822746,-6.740351066662697,-5.86523020153254,-6.287301748932805,-7.184080248698592
007,-6.122803688049316,-4.185303688049316,-9.224366188049316,-4.013428688049316,-11.486866407154594,-7.045061945915222,-10.795511494914535,-6.8259655230431235,-10.689551652700175,-9.76648648828268
008,-5.272461891174316,-2.2255868911743164,-6.413086891174316,-8.803711891174316,-8.249126429116586,-7.178558140993118,-8.170958278828039,-7.0302884577713485,-7.63972496700444,-8.294263930991292
009,-3.598630905151367,-1.3564434051513672,-5.200193405151367,-7.090818405151367,-6.94259164496907,-5.762111581861973,-6.700291747976735,-6.262720942118904,-6.200340021823649,-7.193971235305071
010,-4.493271350860596,-1.9776461124420166,-6.360458850860596,-8.915145874023438,-7.79803371149319,-6.992798998951912,-7.360489606384363,-6.6964068412235065,-7.618321536712756,-8.199831187725067
011,-4.425360202789307,-1.9878603219985962,-6.206610202789307,-8.823798179626465,-7.855156773337512,-6.891112841665745,-7.355108855284925,-6.730064630364723,-7.456684467419109,-8.130009390413761
012,-3.484052896499634,-1.4371778964996338,-5.749677658081055,-6.491865158081055,-6.570517877524253,-5.765265069901943,-5.812464434508001,-5.921607612053776,-6.195402894663857,-6.789064526557922
013,-4.599698066711426,-2.474698066711426,-6.623135566711426,-7.576260566711426,-7.19363151298603,-6.422037601470947,-6.771698705415474,-6.130974888441415,-6.865447990247048,-7.9389146864414215
014,-4.092044353485107,-1.8420443534851074,-6.396731853485107,-7.677981853485107,-7.022036267677322,-6.378337562084198,-6.599998106510611,-6.490516423582449,-6.998444665106945,-8.020926490426064
015,-3.4079360961914062,-1.1579360961914062,-5.548561096191406,-7.501686096191406,-7.540933711090474,-6.407710134983063,-6.657997367889038,-6.462650537127047,-6.587763299714425,-7.405977610498667
016,-4.641712665557861,-2.0167129039764404,-6.532337665557861,-8.58702564239502,-7.78243386282702,-7.069354571402073,-7.19644856335799,-6.860474824831726,-7.493328689095506,-8.172318384051323
017,-3.4433369636535645,-1.162086844444275,-5.4042744636535645,-7.6152119636535645,-7.256075115452404,-6.1469283439219,-6.6309000233814,-6.5683621164971555,-6.482530942856101,-7.466882625594735
018,-3.8471717834472656,-1.5971717834472656,-6.245609283447266,-7.722171783447266,-7.277112332754768,-6.569836355745792,-6.847282880335115,-6.5112714760543895,-7.089485398915713,-7.80432291701436
019,-3.0654187202453613,-1.2451061010360718,-5.120106220245361,-7.260731220245361,-6.745346040581353,-5.919834405183792,-6.002982375983265,-6.667009353241156,-5.893711791213718,-7.350066466256976
020,-3.587325096130371,-1.235762596130371,-5.259200096130371,-7.860762596130371,-7.384355532965856,-6.086302448064089,-6.806121944282495,-6.649848818497048,-6.353077880325145,-7.473572324961424
021,-3.2343740463256836,-1.1953115463256836,-5.390624046325684,-6.851561546325684,-7.2973624467267655,-5.772099010646343,-6.257956136745634,-5.89065885483069,-6.008172685251338,-7.096915021538734
022,-4.189754962921143,-1.916317343711853,-6.533504962921143,-8.424129486083984,-7.486717458712519,-6.924565106630325,-7.0882257217599545,-6.494454502986628,-7.408562658551091,-7.9561475198715925
023,-4.1550774574279785,-2.1472649574279785,-6.1472649574279785,-8.67070198059082,-7.248894808406476,-6.595397539436817,-6.811361550702713,-6.670713663038441,-7.100448845081701,-7.961980819702148
024,-3.457570791244507,-1.4106957912445068,-5.348196029663086,-7.324758529663086,-6.700042326701805,-5.733708940446377,-6.23116968764225,-6.262286066630622,-5.903123945900006,-7.273216780275106
025,-4.099205493927002,-1.7085802555084229,-6.052330493927002,-8.763267517089844,-7.404009693011176,-6.569908685982227,-7.06799936198513,-6.614842653200867,-7.224275705731998,-7.933259295299649
026,-4.018625259399414,-1.6123751401901245,-6.229562759399414,-8.206125259399414,-7.5968732758192345,-6.656518191099167,-7.0186791405467375,-6.370203852524355,-7.206206437629589,-7.812935108318925
027,-3.5932986736297607,-1.3432986736297607,-5.28861141204834,-7.81986141204834,-7.187461052817525,-5.994871981441975,-6.515313258001697,-6.202706574858894,-6.288908795017051,-7.3693559523671865
028,-4.85308837890625,-1.97027587890625,-6.25152587890625,-8.84527587890625,-7.8531789738626685,-7.0560474544763565,-7.4234489190967,-6.884351730257549,-7.360952375995112,-7.902937887236476
029,-4.011152744293213,-1.8080275058746338,-6.190840244293213,-8.237714767456055,-7.370648138428805,-6.943556219339371,-6.698705552615138,-6.43304061881372,-7.151824354037672,-7.545257540419698
030,-4.3685994148254395,-1.8998494148254395,-6.1342244148254395,-8.837348937988281,-7.696788189758081,-7.229411289095879,-7.235816478292691,-6.727984070731509,-7.532704233228287,-7.9685868211090565
031,-4.3565754890441895,-1.8331379890441895,-6.3175129890441895,-8.848762512207031,-7.7004405193947605,-7.0405203551054,-7.21599817162496,-6.5284655093018955,-7.434771058455226,-7.844989946112037
032,-4.176009178161621,-1.926009178161621,-6.379134178161621,-7.910384178161621,-7.2386839237151435,-6.673597723245621,-6.730764863546938,-6.394778847501584,-7.137065761147824,-7.8970732148736715
033,-3.4502382278442383,-1.2236757278442383,-5.364300727844238,-8.129925727844238,-7.551985127618536,-6.466018062084913,-7.004979132179869,-6.825255036212184,-6.606637347547803,-7.664519224315882
034,-4.388240814208984,-1.9976158142089844,-6.177303314208984,-8.310115814208984,-6.997726553505345,-6.4905257895588875,-6.872681615568581,-6.192942500013487,-6.747687337221578,-7.434099394828081
035,-4.140132904052734,-1.7807576656341553,-6.343257904052734,-8.015132904052734,-7.01526819744322,-6.661251172423363,-6.663630602932244,-6.210463523701037,-7.062085744692013,-7.73472154699266
036,-3.9779305458068848,-1.6419930458068848,-6.157618045806885,-8.188867568969727,-7.368689885654021,-6.765242666006088,-6.962364671868272,-6.540451168801155,-7.149874804003048,-7.88113091699779
037,-3.598879098892212,-1.161379098892212,-5.614503860473633,-7.887941360473633,-7.3021981527417665,-6.256045408546925,-6.66144382742641,-6.411403536492799,-6.622467863999191,-7.509723614901304
038,-3.3941097259521484,-1.2378597259521484,-5.339422225952148,-7.792547225952148,-7.206813314696774,-6.189022578299046,-6.628570076158212,-6.526947855620165,-6.0974180530320155,-7.215995931997895
039,-4.210113048553467,-1.7726131677627563,-6.131988048553467,-7.421050548553467,-7.022750129835913,-6.435639336705208,-6.5851726514229085,-6.288253545641055,-6.835212821752066,-7.704620279371738
040,-4.53309965133667,-2.04872465133667,-6.11122465133667,-8.306536674499512,-7.6347639508894645,-6.740354731678963,-7.353478787110362,-6.501864671594376,-7.431617256770551,-7.766402196139097
041,-3.9894180297851562,-1.9737930297851562,-6.348793029785156,-7.911293029785156,-6.638092847322696,-6.427123337984085,-6.5910335765111085,-6.239433169250333,-6.684816952787514,-7.512781232595444
042,-4.333910942077637,-1.9042234420776367,-5.958910942077637,-8.372973442077637,-7.396650524053257,-6.408573418855667,-6.826207989412069,-6.294878482367494,-6.834046831427258,-7.623367130756378
043,-4.44323205947876,-2.0994820594787598,-6.16979455947876,-9.396356582641602,-8.091761465570016,-7.10813557356596,-7.458896159361757,-7.091681599544245,-7.622995373712911,-8.236860681325197
044,-4.0267653465271,-1.82364022731781,-6.1127028465271,-8.034577369689941,-7.339468100966769,-6.6122971177101135,-6.722172732617764,-6.159604191432663,-7.1909260701577296,-7.610546249896288
045,-5.233737945556641,-2.2884256839752197,-6.944675445556641,-9.80405044555664,-8.186926362890517,-7.504508584737778,-7.686911462558783,-6.913434267004959,-7.983785270524095,-8.25456902384758
046,-3.672701358795166,-1.6258264780044556,-6.141451358795166,-7.625826358795166,-7.00880001677433,-6.706518054008484,-6.329018709773663,-5.97740340222299,-6.73528837779304,-7.305015092715621
047,-4.020251750946045,-1.9343140125274658,-6.614001750946045,-8.231188774108887,-7.403194061436807,-6.764525324106216,-6.801566598696809,-6.403082370594348,-7.379707690779469,-7.855080856010318
048,-4.219898700714111,-1.9308362007141113,-6.196461200714111,-8.227710723876953,-7.3840768270383705,-6.557154759764671,-6.813709734007716,-6.548037886518614,-6.852787372547027,-7.739018460735679
049,-4.155651092529297,-1.8040884733200073,-6.366588592529297,-8.733776092529297,-7.530753607265069,-6.602599397301674,-6.983823059887072,-6.452540635957121,-7.163531062709808,-7.770271573215723
050,-4.187458038330078,-1.9218330383300781,-6.257770538330078,-8.898395538330078,-7.968827359713032,-6.7110030353069305,-7.367200969114492,-6.687472939380314,-7.570349451765651,-8.047519134357572
051,-4.14517068862915,-1.82485830783844,-6.28579568862915,-8.692046165466309,-7.504652971234464,-6.306151293218136,-6.817094086429279,-6.238932013447084,-7.020238158809661,-7.816210281103849
052,-3.5134880542755127,-1.7947380542755127,-6.161925315856934,-7.286925315856934,-7.3025979984377045,-6.756350472569466,-6.326024293233786,-5.786932349180461,-7.372903584604501,-7.480681763961911
053,-3.1191799640655518,-1.2598049640655518,-5.267617225646973,-7.814492225646973,-7.4395762646672665,-6.311186794191599,-6.423892140077442,-6.752006530659855,-6.29112088461261,-7.461862184107304
054,-4.042722225189209,-1.956784963607788,-6.191159725189209,-8.573972702026367,-7.316234109021025,-6.567731663584709,-6.933395861397003,-6.488045692383821,-6.972468136034877,-7.8581667765975
055,-3.4595017433166504,-1.3345016241073608,-5.51418924331665,-7.66262674331665,-7.16289993369719,-6.033949431031942,-6.514300459399237,-6.225158929308236,-6.209661232627695,-7.224801555275917
056,-4.585176944732666,-1.788301944732666,-6.514864444732666,-8.710176467895508,-8.038404221020755,-7.289622634649277,-7.397725223330781,-6.741441368953019,-7.897716521434631,-8.156184488907456
057,-4.094090461730957,-1.687840461730957,-5.953465461730957,-8.250340461730957,-7.4301164111093385,-6.491419665515423,-7.078506230478524,-6.562849998428646,-6.742576955548429,-7.635266589000821
058,-4.194057464599609,-1.8112448453903198,-6.279994964599609,-8.77999496459961,-7.842618815382593,-7.098359555006027,-7.240978597528738,-6.678445935158379,-7.397243497893214,-7.775986013934016
059,-3.2353737354278564,-1.3134987354278564,-5.969748497009277,-6.696310997009277,-6.837036246994103,-6.282957725226879,-6.344793080290401,-6.501013636474454,-6.68854105381979,-7.344207039102912
060,-3.85748553276062,-1.4824855327606201,-5.779360771179199,-7.857485771179199,-7.177938093896955,-6.453917354345322,-6.576287268268061,-6.513753652412561,-6.716977589458111,-7.669711370021105
061,-4.047570705413818,-1.8913207054138184,-6.133508205413818,-8.23507022857666,-7.352564764703857,-6.658275336027145,-6.8679509139983566,-6.305402874753781,-7.157042975464719,-7.6640243623405695
062,-4.1909027099609375,-1.7768402099609375,-6.2846527099609375,-8.722152709960938,-7.441014045238262,-6.697423778474331,-7.0581316939315,-6.7924764155714,-7.183147905590886,-7.904235219582915
063,-4.005537033081055,-1.8336621522903442,-6.232099533081055,-8.622724533081055,-7.6853052345104516,-6.807074710726738,-7.114952563417319,-6.599296927402975,-7.419659374354524,-7.9375180304050446
064,-3.6355106830596924,-1.8073856830596924,-6.213635444641113,-7.549572944641113,-6.838911971950438,-6.272264555096626,-6.502838124943082,-6.0964856140672055,-6.7450712746504,-7.487443879246712
065,-4.418466091156006,-2.082528591156006,-6.191903591156006,-8.355966567993164,-7.098287096654531,-6.701152414083481,-6.574789402184251,-6.285670280316481,-7.113864418162848,-7.770720969885588
066,-4.35518741607666,-2.19893741607666,-6.23018741607666,-8.27706241607666,-7.136566630593734,-6.574999049305916,-6.722452399109898,-6.355206966209153,-7.058427446427231,-7.6463199481368065
067,-4.096801280975342,-2.034301280975342,-6.573363780975342,-8.1983642578125,-7.182889926931239,-6.7408277541399,-6.675009604798106,-6.448383211900364,-7.409397955038003,-7.790524167940021
068,-3.5587902069091797,-1.5509778261184692,-5.44160270690918,-7.66816520690918,-6.97305117068754,-6.015633191913366,-6.371404760473524,-6.3791351313120686,-6.223048667772673,-7.470495076850057
069,-3.326167583465576,-1.3339800834655762,-5.208980083465576,-7.873042583465576,-7.396625150649925,-6.068717233836651,-6.5918387163947045,-6.560561179941942,-6.341915480690659,-7.282708013430238
070,-4.478911399841309,-1.8460986614227295,-6.557036399841309,-8.713286399841309,-7.932091830625723,-7.382556855678558,-7.596126913631451,-6.541419506040256,-7.83831751298203,-7.902935799211264
071,-4.566647529602051,-2.246335029602051,-6.676022529602051,-8.44946002960205,-7.020031418651342,-7.174146950244904,-6.3167604144255165,-6.269802927508863,-7.262109149305616,-8.04114144295454
072,-4.201945781707764,-1.9519457817077637,-6.006633281707764,-7.100383281707764,-6.545919631695142,-6.3794111385941505,-5.600502841480193,-5.975406884868789,-6.538031567062717,-7.370570994913578
073,-4.555436611175537,-2.063249349594116,-6.547624111175537,-9.321062088012695,-7.532057522021205,-6.935119390487671,-6.95390939650315,-6.711694478957725,-7.289849280601629,-7.8190690241754055
074,-3.4842681884765625,-1.6561431884765625,-5.5545806884765625,-8.015518188476562,-7.140625351887138,-6.066682949662209,-6.437453506558086,-6.359287142573521,-5.9921829648155835,-7.298815643414855
075,-4.309122085571289,-2.066934585571289,-6.387247085571289,-8.559122085571289,-7.457695594115648,-6.703932210803032,-6.785759207799856,-6.637262701866348,-7.20764648536715,-7.889020513743162
076,-4.336291790008545,-1.9222290515899658,-6.469104290008545,-8.656603813171387,-7.562964314129204,-6.590748801827431,-6.945725200854213,-6.469120621548427,-7.289491054638347,-7.725184164941311
077,-4.209427356719971,-1.8891150951385498,-6.506302356719971,-8.732865333557129,-7.701697226948454,-7.293289422988892,-7.0766623008930765,-6.646939039162135,-7.576672194743878,-7.884442189708352
078,-4.405638217926025,-2.0931382179260254,-6.397825717926025,-8.890012741088867,-7.483817218275362,-7.109987750649452,-6.913484095970489,-6.546271324124973,-7.241612076097226,-7.719975067302585
079,-4.356190204620361,-2.0983777046203613,-5.989002704620361,-8.082752227783203,-7.153160329107777,-6.148613557219505,-6.153119085767685,-6.121831774575185,-6.848453518854512,-7.217229360714555
080,-3.3394389152526855,-2.6050639152526855,-7.8081889152526855,-4.0191264152526855,-7.339638690071297,-6.945722863078117,-5.355193129769759,-5.112916349567968,-7.933331241016276,-7.568356953561306
081,-4.000411510467529,-1.7738492488861084,-6.344161510467529,-8.023849487304688,-7.1568609277310316,-6.630165725946426,-6.687963841977762,-6.4223017691401765,-6.969255204581714,-7.702623084187508
082,-4.520041465759277,-1.9419164657592773,-6.355978965759277,-9.020041465759277,-7.856060978388996,-6.901430681347847,-6.723213194709388,-6.801302432953889,-6.9497711649564735,-7.728260199539363
083,-3.3235764503479004,-1.1282638311386108,-5.3548264503479,-7.7688889503479,-7.315921294226428,-6.195762399584055,-6.487677573411929,-6.862656712373791,-6.440869087411556,-7.513784835115075
084,-4.17296838760376,-1.9620306491851807,-6.32921838760376,-8.805780410766602,-7.8136523944594956,-6.874467194080353,-7.376132487486757,-6.571415185884689,-7.165203689386544,-7.602730631828308
085,-3.5029799938201904,-1.3545424938201904,-5.4639177322387695,-8.17485523223877,-7.417146081352257,-6.310157511383295,-6.799890636772034,-6.706120729326358,-6.401502486449317,-7.549277724698186
086,-4.0279693603515625,-1.6139070987701416,-6.1607818603515625,-8.215469360351562,-7.942155711134546,-7.134013399481773,-7.26239764548518,-6.684232115664599,-7.3561606385192135,-7.906957618892193
087,-3.958928108215332,-1.9745532274246216,-6.076115608215332,-8.474553108215332,-7.0528364056226565,-6.282018929719925,-6.482426283902896,-6.615194201340273,-6.912164205103181,-7.740555971860886
088,-4.493188381195068,-2.1103758811950684,-6.586938381195068,-8.196313858032227,-7.391769637266407,-6.8384241461753845,-7.1260721658109105,-6.7744582889481535,-6.899543399063987,-7.614239934831858
089,-3.425187349319458,-1.464249849319458,-5.307999610900879,-7.479874610900879,-6.8630148827214725,-5.609762020409107,-6.081541771178308,-6.206467985630297,-5.855062467089738,-7.1296018566936255
090,-4.092231750488281,-1.7953567504882812,-6.381294250488281,-8.467231750488281,-7.568915598181775,-6.928542770445347,-7.201650856954075,-6.834433436292784,-7.451669214206049,-8.285373179242015
091,-3.3653664588928223,-1.1934913396835327,-5.334116458892822,-8.068490982055664,-7.803002109867521,-6.422498486936092,-6.998219489229086,-6.802882552017763,-6.474828597085434,-7.562901027500629
092,-4.279110908508301,-2.021298408508301,-6.255673408508301,-9.0056734085083,-7.943256970727816,-6.922197416424751,-7.255713938844565,-6.732247233326234,-7.48229574978177,-8.001092342659831
093,-4.613421440124512,-2.316546678543091,-6.488421440124512,-9.043108940124512,-7.425991532727494,-6.73171603679657,-6.738464116140676,-6.644681572863192,-7.097865221519896,-7.886963227763772
094,-3.8079583644866943,-1.4407708644866943,-5.940771102905273,-7.745458602905273,-7.104920860299899,-6.403519988059998,-6.5345470901920635,-6.565778851479081,-6.831447599994135,-7.49496787134558
095,-3.1883134841918945,-1.1961259841918945,-5.3367509841918945,-8.008625984191895,-7.46184551269107,-6.243193663656712,-6.571159719853313,-6.852393507804663,-6.407137272020918,-7.601368124596775
096,-4.713740348815918,-2.198115587234497,-5.791865348815918,-8.299677848815918,-7.627960669458844,-6.455605819821358,-7.026316043848055,-6.377818584318447,-6.916973108207458,-7.4974255412817
097,-4.577303886413574,-1.9757413864135742,-6.546053886413574,-8.553866386413574,-7.3665400592726655,-6.5054627656936646,-6.6477051933907205,-6.296073794166659,-7.0539503062318545,-7.76221645437181
098,-3.6036243438720703,-1.2911244630813599,-5.75206184387207,-7.93174934387207,-7.338121525928727,-6.7653264328837395,-6.642716049722367,-6.90051281443084,-6.744319198078301,-7.672740176320076
099,-4.37318754196167,-2.15443754196167,-6.61537504196167,-7.99818754196167,-7.326470243409858,-6.765492275357246,-6.584205981795094,-6.482580661609973,-7.32643508160254,-7.655215447768569
100,-3.652486801147461,-1.7384241819381714,-6.511861801147461,-6.441549301147461,-6.363632180538843,-6.630860850214958,-5.902580972055148,-6.1446949241417315,-6.582281822149525,-7.295908676460385
101,-4.180726051330566,-2.0010385513305664,-6.696351051330566,-8.516663551330566,-7.063626285518694,-6.778372153639793,-6.813583849834686,-6.540115833173331,-7.3604736310080625,-7.834615653380752
102,-4.241467475891113,-2.2414674758911133,-6.397717475891113,-8.241467475891113,-7.2024947364552645,-6.490573585033417,-6.811848638084484,-6.561793923280675,-7.007154462800827,-7.904287742450833
103,-3.794346809387207,-1.552159309387207,-5.966221809387207,-7.872471809387207,-7.310005664250639,-6.435700088739395,-6.270940064910974,-6.513105750043906,-6.6381176707946,-7.486482189968228
104,-4.184580326080322,-2.0752055644989014,-6.200205326080322,-8.34083080291748,-7.192475434705557,-6.692047089338303,-6.622129439099808,-6.465843439015771,-7.0674587466419325,-7.671272240579128
105,-3.227107524871826,-1.2974201440811157,-5.328670024871826,-7.266170024871826,-6.82883273230982,-5.958710841834545,-6.297469733908656,-6.188065171038033,-6.063146347631118,-7.035183554515243
106,-3.7002387046813965,-1.8877387046813965,-6.2158637046813965,-7.4424262046813965,-6.848799340295955,-6.365196652710438,-6.356559631691198,-6.114319562742821,-6.700338597074733,-7.718229789286852
107,-3.9761037826538086,-1.9292287826538086,-6.304228782653809,-8.554228782653809,-7.273076171899447,-6.793225705623627,-6.7886486043425975,-6.507368802911515,-7.249598620677716,-7.682936456054449
108,-4.145651340484619,-1.8878389596939087,-6.286276340484619,-8.255026817321777,-7.15365026643849,-6.7329747676849365,-6.8097922771194135,-6.4269206522021705,-7.200445407914231,-7.810556322336197
109,-3.9454562664031982,-1.7892062664031982,-6.187644004821777,-8.406394004821777,-7.172094819055928,-6.400428391993046,-6.6173691742478695,-6.445467233600539,-6.9845778924754995,-7.79011301882565
110,-3.962756633758545,-1.939319133758545,-6.173694133758545,-8.251818656921387,-7.166001551115187,-6.533204644918442,-6.681563137364719,-6.5330842732237215,-7.0409603087973665,-7.887115392833948
111,-4.1521124839782715,-1.9021124839782715,-6.2146124839782715,-8.995862007141113,-7.636574026175367,-6.685102611780167,-7.152152418293554,-6.706811428004585,-7.386543987584446,-7.889804311096668
112,-4.047359466552734,-2.0239222049713135,-6.406734466552734,-8.336421966552734,-6.891214484421653,-6.727813154459,-6.383340476997546,-6.461432933747346,-7.328663109296031,-7.746769398450851
113,-4.0582661628723145,-2.0348286628723145,-6.2145161628723145,-8.331703186035156,-7.011501186992973,-6.359693482518196,-6.691137908135715,-6.441092252638555,-6.909907576307887,-7.8526636846363544
114,-3.0305826663970947,-1.3196451663970947,-5.194644927978516,-7.202457427978516,-6.468288400414167,-5.767931133508682,-5.944690107276983,-6.491538643662352,-5.929143063593074,-7.207320721819997
115,-4.009288787841797,-2.009288787841797,-6.212413787841797,-8.368663787841797,-7.39221000080579,-6.730289861559868,-6.743703722157079,-6.46242821206215,-7.196847437091492,-7.725587692111731
116,-4.2144036293029785,-2.0894038677215576,-6.1909661293029785,-8.565966606140137,-7.253610362138716,-6.62281097471714,-6.855093119447702,-6.597232103220449,-7.112929340284609,-7.65782193094492
117,-3.806652545928955,-1.744152545928955,-5.837902545928955,-7.923840045928955,-7.07240628368163,-6.365424543619156,-6.595771787939157,-6.189478158864404,-6.720802422518318,-7.373253718018532
118,-3.9627342224121094,-1.8689841032028198,-6.267421722412109,-8.88460922241211,-7.283101080371125,-6.440697506070137,-6.790891169992392,-6.486180901485568,-7.251839756037953,-7.692112900316715
119,-3.7806379795074463,-1.9134504795074463,-6.140013217926025,-8.015012741088867,-6.983872884455195,-6.201289393007755,-6.6478863936135895,-6.350968599159387,-6.7494746409283835,-7.6787436585873365
120,-3.9175825119018555,-1.7691450119018555,-6.1832075119018555,-8.066020011901855,-7.120854128574138,-6.647427037358284,-6.683256863329007,-6.550408363253155,-7.167659994935093,-7.767151173204184
121,-3.4693613052368164,-1.727173924446106,-6.188111305236816,-6.922486305236816,-6.43051979484153,-6.346170827746391,-6.227272863252438,-5.9850106236353895,-6.617917769028281,-7.2419612389057875
122,-3.062196731567383,-1.1246966123580933,-5.257509231567383,-7.499696731567383,-6.796833600092214,-5.76240162178874,-6.281021949798742,-6.609101652651589,-6.124834051239304,-7.291068272665143
123,-4.149192810058594,-1.8523180484771729,-6.336692810058594,-8.289817810058594,-7.039950600388693,-6.611326143145561,-6.641445396213385,-6.477335452877014,-7.243016121086839,-7.84560221619904
124,-3.836353302001953,-1.8363534212112427,-6.000415802001953,-8.211353302001953,-7.289617051981622,-6.65992297232151,-6.750482914576423,-6.48481452436863,-7.188006635355123,-7.748887520283461
125,-3.217280864715576,-1.2407182455062866,-5.381343364715576,-7.240718364715576,-7.061305485200137,-6.065162230283022,-6.1704837053548545,-6.482941388454492,-6.139333232407807,-7.4185142777860165
126,-4.031562805175781,-1.8909375667572021,-6.336250305175781,-8.226875305175781,-7.500446549049229,-6.9347973838448524,-6.851923345366231,-6.719077348603605,-7.469135758597986,-7.919789470732212
127,-3.9909064769744873,-1.9518439769744873,-6.295594215393066,-8.662781715393066,-7.405019282039575,-6.7404597625136375,-6.912807464268553,-6.623728752090756,-7.225319265613507,-7.802152588032186
128,-3.5105137825012207,-1.1745762825012207,-5.260513782501221,-7.580826282501221,-7.221640926494729,-5.938302271068096,-6.651201723027043,-6.487103700261287,-6.393440001695126,-7.140281653031707
129,-3.154707193374634,-1.2640821933746338,-4.998456954956055,-7.303144454956055,-6.264208785592928,-5.500724401324987,-5.936022875517665,-6.162538766673606,-5.631369228154654,-7.001901742070913
130,-4.200107574462891,-1.6141700744628906,-6.465732574462891,-7.645420074462891,-7.348758436331991,-6.444492518901825,-6.926792733298498,-6.496999025210243,-6.801743266289122,-7.395645363256335
131,-3.050319194793701,-1.3550068140029907,-5.425319194793701,-7.519069194793701,-6.691069714303012,-6.03036680445075,-6.097226857604255,-6.644085168711172,-5.769152757013217,-7.403078841045499
132,-3.0824241638183594,-1.2074240446090698,-5.012111663818359,-7.402736663818359,-6.676517189305741,-5.573610067367554,-6.215391027930309,-6.387158273562818,-5.90297708005528,-7.223447009921074
133,-4.296100616455078,-2.038287878036499,-6.311725616455078,-8.827350616455078,-7.218060251470888,-6.629037246108055,-6.843021272572514,-6.444551110183056,-7.17897689138772,-7.814321398735046
134,-3.8624086380004883,-1.5733461380004883,-6.198346138000488,-8.010846138000488,-7.057888136274414,-6.888131380081177,-6.9093445520920795,-6.088992357028474,-7.12028658176132,-7.399498417973518
135,-4.077559471130371,-1.921309471130371,-6.007246971130371,-8.640059471130371,-7.233914608194027,-6.515091747045517,-6.87448155769016,-6.452572107235028,-7.171376464510104,-7.7615836299955845
136,-3.9732069969177246,-1.934144377708435,-6.074769496917725,-8.090394020080566,-6.871840576975956,-6.334144413471222,-6.574869031719572,-6.254479050392547,-6.840508692897856,-7.649247717112303
137,-3.6621077060699463,-1.3574202060699463,-5.677732467651367,-7.826169967651367,-6.857530230161501,-6.3266666904091835,-6.56058704764655,-6.154315471438167,-6.404368993877142,-7.138136729598045
138,-3.844180107116699,-1.8988674879074097,-5.945742607116699,-7.719180107116699,-6.758317467749293,-6.902763217687607,-6.414522289789602,-6.258250713315647,-7.187973021540529,-7.413291240110993
139,-3.3096799850463867,-1.4971799850463867,-5.434679985046387,-7.286242485046387,-6.216047280111525,-5.866252742707729,-5.622219800156017,-6.715945839756387,-5.723826881665445,-7.540308825671673
140,-3.847559928894043,-1.8397475481033325,-6.183497428894043,-8.105372428894043,-6.87112700099533,-6.356274127960205,-6.433552382866765,-6.581951498848866,-6.87888347831904,-7.652783399447799
141,-4.253174304962158,-2.159424304962158,-6.284424304962158,-8.448487281799316,-7.190737007083953,-6.993090331554413,-6.846960186314391,-6.268809318492458,-7.331342934608983,-7.5188688561320305
142,-4.090909957885742,-2.098722219467163,-6.325284957885742,-8.465909957885742,-7.309740778517153,-6.743079990148544,-6.965948461744119,-6.590922713198779,-7.161271928518545,-7.912038682028651
143,-2.9974803924560547,-1.5521678924560547,-5.630292892456055,-6.388105392456055,-6.388393598987022,-5.763585537672043,-5.630432476798887,-5.583458303590305,-5.958578096906422,-6.908893018960953
144,-3.8162410259246826,-1.9256160259246826,-6.1834282875061035,-8.027178764343262,-6.800758351659169,-6.567105256021023,-6.5350666017402546,-6.285012244947211,-6.941333885624772,-7.618045533075929
145,-4.096796989440918,-2.167109727859497,-6.229609489440918,-8.190546989440918,-6.995342248832458,-6.560608826577663,-6.448416112249106,-6.346811771283683,-6.9562561476559495,-7.625017894431949
146,-3.8421473503112793,-1.7483973503112793,-5.974959850311279,-8.326522827148438,-7.248505228897557,-6.394804581999779,-6.95157003289205,-6.529660105624316,-6.951574801023526,-7.734122337773442
147,-2.8590891361236572,-1.1950266361236572,-4.984088897705078,-6.960651397705078,-6.453007564618019,-5.495194103568792,-5.976341364657856,-6.257547020699349,-5.609210126203834,-7.119951259344816
148,-3.825082540512085,-1.762582540512085,-6.262582778930664,-7.871957778930664,-6.911129587875621,-6.1738742887973785,-6.551709888277401,-6.301659703151017,-6.64546775555209,-7.489390475675464
149,-4.101387977600098,-1.9685752391815186,-6.421700477600098,-8.484200477600098,-7.351472374219156,-6.967335537075996,-6.9295598257522215,-6.304524421626411,-7.343631146788539,-7.539928739890456
150,-3.902346611022949,-1.5117216110229492,-6.105471611022949,-8.29297161102295,-7.582137817727926,-6.918181203305721,-6.980517743952078,-6.527358889504285,-7.347721217134676,-7.74826492741704
151,-4.172840595245361,-2.0400280952453613,-6.102528095245361,-8.719715118408203,-7.157288310270815,-6.621247291564941,-7.016625761367322,-6.532225131943051,-7.0557032810975215,-7.760247390717268
152,-2.978062152862549,-1.2046247720718384,-5.087437152862549,-7.478062152862549,-7.259444466413697,-5.92462620511651,-6.431230424899695,-6.610897183163615,-6.06409871087817,-7.207782033830881
153,-3.824953079223633,-1.9499529600143433,-6.246828079223633,-8.340578079223633,-7.450027582257462,-6.5892108380794525,-6.840621112849476,-6.278091192159081,-7.075014112517238,-7.663890594616532
154,-3.7932426929473877,-2.0119926929473877,-6.043242454528809,-7.863554954528809,-6.879356487901532,-6.151239678263664,-6.207387205555278,-6.433887243074423,-6.660540574630431,-7.647652922198176
155,-3.926147222518921,-1.871459722518921,-6.2073974609375,-8.5277099609375,-7.160611744708149,-6.463032349944115,-6.660573242807004,-6.40272343149627,-7.074646709443186,-7.68230863660574
156,-3.5682380199432373,-1.8338630199432373,-6.294800758361816,-7.927613258361816,-6.919913643185282,-6.1961814016103745,-6.490178940526675,-6.169816255449405,-6.794891710917,-7.520664663985372
157,-4.048830509185791,-1.931643009185791,-6.228518009185791,-8.111330032348633,-7.064576856879285,-6.60003574192524,-6.634834764161496,-6.1894750593182835,-7.041096922621364,-7.612560477107763
158,-3.519820213317871,-1.285445213317871,-5.801070213317871,-7.074507713317871,-7.2621353783179075,-6.177835024893284,-6.441782232315745,-6.6839003561362915,-6.6604956375776965,-7.428385958075523
159,-3.7661778926849365,-1.8052403926849365,-6.031802654266357,-8.031803131103516,-7.203841434413334,-6.567527085542679,-6.578740237186139,-6.2583820818417735,-7.102201458066702,-7.5650092624127865
160,-3.0409789085388184,-1.1581662893295288,-5.298791408538818,-7.220666408538818,-6.830191839340841,-5.906093206256628,-6.103524564656254,-6.470687031533089,-6.189497229170229,-7.111581910401583
161,-4.158382415771484,-2.0724451541900635,-6.041194915771484,-8.845882415771484,-7.088179939892143,-6.3821597546339035,-6.689699885951995,-6.345898032066543,-6.853790517052403,-7.676658917218447
162,-3.9574592113494873,-2.0824592113494873,-6.043396949768066,-8.277771949768066,-7.309151879453566,-6.559350311756134,-6.71533679751883,-6.551227092586487,-7.1059818231806275,-7.816455909982324
163,-3.9854917526245117,-1.9308041334152222,-6.282366752624512,-8.587054252624512,-7.118358252973849,-6.771571628749371,-6.8683305975300755,-6.5636250972402195,-7.2589564319732744,-7.640384330414236
164,-3.8334474563598633,-1.9506348371505737,-6.294384956359863,-7.685009956359863,-6.708599794234033,-6.469465374946594,-6.388206360177719,-6.122526764727809,-6.849157568169176,-7.4685369320213795
165,-3.225430965423584,-1.358243465423584,-4.928555965423584,-7.616055965423584,-6.897491676252685,-5.73985555395484,-6.48332249806117,-6.584830283822157,-5.881810656719608,-7.12154483422637
166,-4.681267261505127,-2.071892261505127,-6.634392261505127,-9.462517738342285,-8.157872199131816,-7.440218478441238,-7.47817194417803,-6.728149175619819,-7.853176831602468,-8.058514022268355
167,-3.523277759552002,-1.9373401403427124,-6.234215259552002,-7.179527759552002,-6.859301205753582,-6.374184250831604,-5.851526252750773,-5.906099438625461,-6.859250544879615,-7.279386796988547
168,-3.8737802505493164,-1.8503427505493164,-6.178467750549316,-8.115967750549316,-7.06920003315463,-6.494495645165443,-6.60039090994178,-6.358170628429434,-7.022281167883193,-7.638539772480726
169,-4.2703728675842285,-2.1531853675842285,-6.2938103675842285,-8.528185844421387,-7.54389822097437,-6.872113436460495,-6.981344818475918,-6.575072646065564,-7.278256652200071,-7.838063474744558
170,-3.121767520904541,-1.1530176401138306,-5.192080020904541,-7.481142520904541,-7.3406839232338825,-5.968212209641933,-6.488999365778,-6.895229100891811,-6.332796927046729,-7.352663291618228
171,-3.1553001403808594,-1.2646750211715698,-5.186550140380859,-7.342800140380859,-6.717956888314802,-5.764132488518953,-6.163175580906682,-6.264697313063152,-5.811655158249778,-6.979521874338388
172,-4.157623767852783,-1.876373529434204,-6.446686267852783,-7.993561267852783,-7.157773841085145,-6.652740061283112,-6.7279959899242385,-6.2748227118790965,-7.087386605286156,-7.786073116585612
173,-4.1505656242370605,-2.0177531242370605,-6.1349406242370605,-8.447441101074219,-6.970968838388217,-6.590707510709763,-6.658426522037189,-6.392765164302546,-6.924063084712543,-7.6615275498479605
174,-3.6314332485198975,-1.9361207485198975,-5.701745986938477,-8.037683486938477,-7.295523881522968,-6.465592592954636,-5.983021855019615,-5.959564208968004,-6.639273047081588,-7.085408136248589
175,-3.868014097213745,-1.8758265972137451,-5.969576358795166,-8.235201835632324,-6.899368876664084,-6.179168179631233,-6.493070600805368,-6.336780428749989,-6.711839673029317,-7.58521668985486
176,-3.5534236431121826,-1.8112361431121826,-6.287798881530762,-7.975298881530762,-7.100372311753745,-6.684845730662346,-6.764399050956854,-6.233123540804627,-7.428465365501324,-7.453586703166366
177,-4.236100196838379,-2.3610999584198,-6.540787696838379,-8.759537696838379,-7.775213955519575,-6.8601395189762115,-6.7986508595022315,-6.493921995119308,-7.478328227174643,-7.842646275646985
178,-2.8096394538879395,-1.129952073097229,-5.9268269538879395,-6.3721394538879395,-6.676976431161165,-5.872857056558132,-6.114421005593613,-6.4112433186564886,-6.81751549042383,-7.261917857453227
179,-4.011050701141357,-2.1048009395599365,-6.182925701141357,-8.261051177978516,-6.940840835071867,-6.6396093517541885,-6.526726721414889,-6.370440363776652,-6.9642469857572,-7.649506010115147
180,-4.537360668182373,-2.138923168182373,-6.787360668182373,-8.521736145019531,-7.107751008821651,-6.964957267045975,-7.138968347480841,-6.568621039336904,-7.506165502953081,-8.086625769734383
181,-3.1893248558044434,-1.290887475013733,-5.095574855804443,-7.595574855804443,-6.5879270894802175,-5.602294560521841,-6.244083878817037,-6.454971313245551,-5.798815958914929,-7.085852757096291
182,-3.8999319076538086,-2.0249319076538086,-5.985869407653809,-8.071806907653809,-6.946943631366594,-6.356387749314308,-6.446872113010613,-6.384325265715233,-6.931269999440701,-7.620762165635824
183,-3.21638822555542,-1.2320131063461304,-5.38045072555542,-7.50545072555542,-6.888442857816699,-5.952251937240362,-6.325821636401088,-6.614845752515976,-6.075877659925027,-7.367303976789117
184,-3.929140090942383,-1.9916399717330933,-6.194765090942383,-7.538515090942383,-6.71835790858313,-6.509925156831741,-6.437021849138546,-6.296347379487997,-6.765164490738243,-7.743170892819762
185,-4.0238823890686035,-1.8988823890686035,-6.1566948890686035,-8.687944412231445,-7.414579388889251,-6.645227827131748,-7.008298157816171,-6.648892879431514,-7.141119240495755,-7.8307134956121445
186,-3.848147392272949,-1.8872098922729492,-6.004397392272949,-7.949709892272949,-6.965491997776553,-6.4924252182245255,-6.520092604077945,-6.176289915885718,-6.824800129630603,-7.488444875925779
187,-4.142176628112793,-2.056238889694214,-6.235926628112793,-8.314051628112793,-7.384460206187214,-6.630918741226196,-6.7906688436814875,-6.423439979464092,-7.1344335055109696,-7.804983602836728
188,-4.060606956481934,-1.8731071949005127,-6.279356956481934,-8.224669456481934,-7.3653581122198375,-6.8830322325229645,-6.920018433858786,-6.419990420306021,-7.07627522851908,-7.763277154415846
189,-3.1444201469421387,-1.2225451469421387,-5.167857646942139,-7.511607646942139,-7.199283107620431,-5.950504947453737,-6.277291296191834,-6.777259349466476,-6.08985077637044,-7.289399215951562
190,-3.6923999786376953,-1.5205249786376953,-6.200212478637695,-7.903337478637695,-7.442426561956381,-6.940927587449551,-6.8643062109840685,-6.7392820119612225,-7.208042502250464,-7.802369561046362
191,-3.9128003120422363,-2.1081128120422363,-6.178425312042236,-8.420612335205078,-7.241017098982411,-6.575962841510773,-6.795656322487048,-6.483125686562744,-7.100364802186959,-7.848616795614362
192,-3.1212730407714844,-1.2150230407714844,-5.129085540771484,-7.496273040771484,-6.855810629029293,-5.647871263325214,-6.2619687293845345,-6.597858786311917,-5.996393673296552,-7.425827536731958
193,-4.0468597412109375,-2.0234222412109375,-6.2890472412109375,-7.8749847412109375,-6.601688613431179,-6.255592033267021,-6.375070687412517,-6.015632390719475,-6.828197237002314,-7.6193179208785295
194,-2.7720189094543457,-1.4282690286636353,-5.092331409454346,-6.693893909454346,-6.170574300493172,-6.098465159535408,-5.76423776100637,-6.568912505930712,-5.975229736461188,-7.380075188353658
195,-3.310248851776123,-1.8571237325668335,-5.841498851776123,-6.927436351776123,-6.677535409791744,-6.840856462717056,-6.154038905297057,-5.810256838766691,-7.044671176743577,-6.982502227649093
196,-3.952784538269043,-1.9293469190597534,-6.140284538269043,-8.109034538269043,-7.038805242889794,-6.525718852877617,-6.60125887326285,-6.241857647839424,-7.077833889696194,-7.697056621313095
197,-3.981623649597168,-1.950373649597168,-6.309748649597168,-7.630061149597168,-6.458309285211726,-6.5593471378088,-5.762941954184498,-5.801953554002466,-6.794219370072824,-7.371360678225756
198,-3.779561996459961,-1.857686996459961,-6.232686996459961,-7.537374496459961,-6.857865794401732,-6.467632219195366,-6.349941251435666,-6.342082261833639,-6.842158074534382,-7.728980610147119
199,-3.4733169078826904,-1.2701919078826904,-5.3483171463012695,-7.9733171463012695,-7.254749043131596,-5.937664665281773,-6.7312012885158765,-6.590522527534631,-6.278121345385443,-7.406535862013698
200,-3.574518918991089,-1.5588939189910889,-5.980769157409668,-7.551081657409668,-6.473089209350292,-6.073220573365688,-6.332425351523852,-6.051100611506627,-6.309003466354625,-7.285779967904091
201,-4.407369613647461,-1.899557113647461,-6.516744613647461,-9.087057113647461,-8.055866835718916,-7.042650818824768,-7.516776680433395,-6.712067604010372,-7.602722047962743,-7.991537579335272
202,-3.8119044303894043,-2.0228419303894043,-6.061904430389404,-7.304091930389404,-6.218274824524997,-6.012067571282387,-5.835401056450792,-5.850982546684463,-6.429171201423742,-7.321046566590667
203,-4.037132263183594,-2.0293197631835938,-6.224632263183594,-8.029319763183594,-6.959133855430991,-6.317084908485413,-6.451256750093307,-6.396524667588892,-6.841903921398625,-7.732603689655662
204,-4.316555976867676,-2.004055976867676,-6.152493476867676,-8.730618476867676,-7.527582879840338,-6.714940331876278,-6.996286510493519,-6.644691586438057,-7.175982235548872,-7.905199404805899
205,-3.1701154708862305,-1.240427851676941,-4.9201154708862305,-7.2873029708862305,-6.506377048412105,-5.399763025343418,-5.896781796785945,-6.349853275940404,-5.568756797991227,-6.999992277473211
206,-4.249138355255127,-1.991326093673706,-6.288200855255127,-8.553826332092285,-7.053882954875007,-6.6037420108914375,-6.7960461372713326,-6.49133706086559,-7.069519994249276,-7.7968083545565605
207,-3.7303600311279297,-1.5584849119186401,-6.16786003112793,-7.41004753112793,-6.855490675981855,-6.051521733403206,-6.324189421364281,-6.863195180636467,-6.496048090855766,-7.7085675951093435
208,-3.9010331630706787,-1.9635331630706787,-6.1666579246521,-7.7369704246521,-6.729292026109761,-6.2396121472120285,-6.416721699584741,-6.182300805885461,-6.674563641972782,-7.463561907410622
209,-4.135680198669434,-1.8778676986694336,-6.127867698669434,-8.698180198669434,-7.315467948654259,-6.5170507952570915,-6.877918242131273,-6.510693192397412,-7.1279287319630384,-7.733550539240241
210,-4.135951042175293,-1.909388542175293,-6.221888542175293,-8.745326042175293,-7.479809397547797,-6.848014883697033,-6.964124439975421,-6.542214870357384,-7.339143750759831,-7.735138319432735
211,-3.488438606262207,-1.605626106262207,-5.769688606262207,-7.511876106262207,-6.738572111760732,-6.091529555618763,-6.13695430450025,-6.574395894807822,-6.527563450777961,-7.410593196749687
212,-4.153314590454102,-1.8408145904541016,-6.333002090454102,-8.458002090454102,-7.450405335999676,-6.480108365416527,-6.981550091360987,-6.395530938685624,-6.911258450461901,-7.934753827750683
213,-3.9068756103515625,-1.703750729560852,-5.8365631103515625,-8.102188110351562,-7.141454437456559,-6.554887682199478,-6.516310451625031,-6.711585163826385,-6.844484680899768,-7.556883094832301
214,-3.2083981037139893,-1.1615231037139893,-5.10683536529541,-7.76308536529541,-6.864867782249348,-5.817325837910175,-6.30220973300311,-6.559986233376549,-6.005419005203294,-7.301789827644825
215,-4.245687961578369,-1.9956879615783691,-6.237875461578369,-8.409749984741211,-6.714565149799455,-6.227140828967094,-6.48793637566996,-6.448834419019477,-6.847330447810236,-7.670512294396758
216,-4.021824836730957,-2.099949598312378,-6.287449836730957,-7.443699836730957,-6.373617980105337,-6.39079461991787,-6.076608176408627,-6.00622308227139,-6.646955839154543,-7.41714583337307
217,-4.545269012451172,-2.326519250869751,-6.349956512451172,-8.381206512451172,-6.62361726652307,-6.232392504811287,-6.490692013358057,-6.623419046089111,-6.5220014904480195,-7.897131584584713
218,-4.021464824676514,-2.0917773246765137,-6.146464824676514,-8.357401847839355,-6.966890090305242,-6.138706222176552,-6.615275738768105,-6.427729606519279,-6.662162658896705,-7.510661773383617
219,-3.1900720596313477,-1.229134440422058,-5.143197059631348,-7.861947059631348,-7.229276527810725,-5.8902994729578495,-6.533867954156449,-6.91665410976384,-6.119859332829947,-7.574383269995451
220,-4.0726165771484375,-2.0569915771484375,-6.0804290771484375,-8.447616577148438,-6.783676378399832,-6.28982051461935,-6.3695528488460695,-6.4320093391743285,-6.877393837712589,-7.6666246969252825
221,-3.974364995956421,-2.013427495956421,-6.114990234375,-8.138427734375,-7.161926386870618,-6.602864474058151,-6.333777426982124,-6.029061198199088,-7.005669711536029,-7.294175613671541
222,-3.7769551277160645,-1.862892746925354,-6.1363301277160645,-8.269143104553223,-7.378614420973463,-6.665565147995949,-6.855126141443179,-6.589468955898155,-7.073893664251955,-7.764088371768594
223,-4.180484771728516,-1.844547152519226,-6.274234771728516,-8.836734771728516,-7.68057655866869,-6.95384681224823,-7.203960060360259,-6.649245619714748,-7.422733185820107,-7.75891294516623
224,-4.245264530181885,-2.0030770301818848,-6.214014530181885,-8.885889053344727,-7.620376223050698,-6.721364736557007,-7.198454258730635,-6.690593600136708,-7.24534499321453,-7.90924852900207
225,-3.9671826362609863,-2.0999951362609863,-6.334370136260986,-8.170307159423828,-7.006359451435856,-6.6005448922514915,-6.4750571231707,-6.490637659873755,-7.18600225206319,-7.818425074219704
226,-3.811647653579712,-1.858522653579712,-6.069459915161133,-8.053834915161133,-7.303897974888969,-6.696643590927124,-6.553872107768257,-6.311656117401071,-6.983561276632827,-7.4583244333043694
227,-3.2339515686035156,-1.2339515686035156,-5.280826568603516,-7.476139068603516,-6.3981369658285985,-5.84548918902874,-5.85118639357097,-6.140226840652758,-5.866852517981897,-6.897945838049054
228,-4.087958335876465,-1.9395207166671753,-6.220770835876465,-8.619208335876465,-7.455255502405635,-6.438341021537781,-6.650508044913295,-6.658290147594016,-6.900539156507875,-8.049108784645796
229,-4.2085676193237305,-2.2788801193237305,-6.2945051193237305,-8.45856761932373,-6.974286432632653,-6.499791756272316,-6.48987209648476,-6.56014585482626,-6.864892718353076,-7.845877204090357
230,-4.0064215660095215,-2.0611090660095215,-6.2095465660095215,-8.076733589172363,-6.70968674631149,-6.361910775303841,-6.3346128441771725,-6.334563135964345,-6.639333124025143,-7.482036767527461
231,-3.8826918601989746,-1.8514418601989746,-6.234254360198975,-7.960816860198975,-7.273506861762144,-6.584425091743469,-6.828095074350131,-6.390527486533756,-6.8906025838296046,-7.662550812587142
232,-3.869993209838867,-1.9793683290481567,-6.190305709838867,-8.088743209838867,-6.917011965910206,-6.387140907347202,-6.370061752830225,-6.260639548074323,-6.901349777268479,-7.644843142479658
233,-3.793267250061035,-1.4417048692703247,-5.683892250061035,-8.605767250061035,-7.637120360777772,-6.553914867341518,-6.988610505584802,-6.8479721544663334,-6.746471997896151,-7.661152528598905
234,-3.0652642250061035,-1.135576605796814,-5.2058892250061035,-7.3543267250061035,-6.878028000384802,-5.784035075455904,-6.174725290409697,-6.580924510333716,-6.026354062880273,-7.3397037088871
235,-3.0927305221557617,-1.2958554029464722,-5.389605522155762,-7.225543022155762,-6.4913144004531205,-5.874787762761116,-6.038090227921202,-6.17868971801181,-5.9365704019219265,-7.058757049962878
236,-3.2589612007141113,-1.2980238199234009,-5.321461200714111,-7.641773700714111,-6.563811408152105,-6.017887264490128,-6.2433769694616785,-6.235543131639133,-5.96998238213564,-7.020041983574629
237,-3.934692144393921,-1.919067144393921,-6.2628173828125,-8.4893798828125,-7.512893554645416,-6.810286104679108,-6.817541956213972,-6.278453111591261,-7.216001389668236,-7.739332543686032
238,-3.3696537017822266,-1.2290287017822266,-5.268091201782227,-7.736841201782227,-7.1823228454595665,-6.114330869168043,-6.4634542452440655,-6.775927900975148,-6.26039170580043,-7.459923887625337
239,-4.410506725311279,-2.1448817253112793,-6.574569225311279,-9.051132202148438,-7.473065255358961,-6.785402879118919,-7.00429427553172,-6.519890427551218,-7.285549878142774,-7.729607870802283
240,-3.0570578575134277,-1.1664329767227173,-5.064870357513428,-7.182057857513428,-6.869873831426958,-5.847672421485186,-6.018060682072246,-6.900837420980679,-6.033772337803384,-7.30473761074245
241,-3.173759937286377,-1.814384937286377,-6.165947437286377,-6.212822437286377,-5.744402354175691,-5.338028147816658,-4.783328276069369,-5.798815248868777,-5.377125472703483,-6.862450115382671
242,-3.303834915161133,-1.3038349151611328,-5.171022415161133,-7.631959915161133,-7.0931223377992865,-5.867903579026461,-6.225791212593322,-6.647622703792877,-6.061813102351152,-7.297765271738172
243,-3.358889102935791,-1.304201602935791,-5.202639102935791,-7.718264102935791,-7.085668421132141,-5.979299928992987,-6.351150033158774,-6.429230451167314,-6.179366574986489,-7.393043618649244
244,-3.800668478012085,-1.847543478012085,-5.995981216430664,-8.285043716430664,-7.066367742656439,-6.517789162695408,-6.58976602493567,-6.433493256496149,-7.011653541398118,-7.6059951186180115
245,-3.752760410308838,-1.862135410308838,-6.057447910308838,-7.776197910308838,-6.791946045923396,-6.383600831031799,-6.29969036428156,-6.284028649164611,-6.690339919747203,-7.424167517572641
246,-4.326415061950684,-2.1154775619506836,-6.232665061950684,-8.537352561950684,-7.02183770526608,-6.458199933171272,-6.498347399974591,-6.388929963000919,-6.779620286586578,-7.557790517807007
247,-3.934813976287842,-1.9895014762878418,-6.262938976287842,-8.169189453125,-7.208321688092838,-6.664213389158249,-6.598914622532902,-6.26294755932031,-6.786427496561373,-7.638015920296311
248,-4.245278835296631,-1.9796538352966309,-6.206216335296631,-8.667154312133789,-7.542284956914955,-6.745288826525211,-7.0109553323854925,-6.682793617139396,-7.2687821366562275,-7.838201003149152
249,-3.888371467590332,-1.8414965867996216,-6.021183967590332,-8.349308967590332,-7.40409147288301,-6.720650501549244,-6.779042719725112,-6.5055707692399665,-7.396237491127977,-7.7288761511445045
250,-3.9922332763671875,-1.9219207763671875,-6.2578582763671875,-8.656295776367188,-7.289221757171617,-6.52932021766901,-6.679789541569335,-6.492247819795011,-7.101675388941658,-7.794519290328026
251,-3.1524252891540527,-1.6446127891540527,-5.894612789154053,-7.113362789154053,-6.457326151023153,-5.950455665588379,-5.816558239363076,-5.996202587708467,-5.9728833331028,-7.2000751700252295
252,-3.8344216346740723,-1.8344215154647827,-5.865671634674072,-7.865671634674072,-7.131447423060308,-6.5183296129107475,-6.561047552007949,-6.318813323834547,-6.764181730497512,-7.563947981223464
253,-3.654938220977783,-1.7877507209777832,-5.897125720977783,-7.920563220977783,-6.701959241690929,-6.092085123062134,-6.209683297405718,-6.475266933310195,-6.623809091892326,-7.6873487532138824
254,-4.276546955108643,-2.1124844551086426,-6.471859455108643,-8.667171478271484,-7.425101750173781,-6.9855465441942215,-6.8391062003720435,-6.487498521705675,-7.4953668093148735,-7.734924906864762
255,-2.980562210083008,-1.2461872100830078,-5.738374710083008,-6.582124710083008,-6.418173902951821,-5.904088333249092,-5.855633017890796,-6.418083667524115,-6.41812217055849,-7.39370683580637
256,-3.6323330402374268,-1.3354580402374268,-5.335458278656006,-7.765145778656006,-7.16382214553596,-6.062503181397915,-6.616780040072626,-6.48393356728775,-6.476258024209528,-7.447215974330902
257,-3.7822046279907227,-1.7665796279907227,-6.047829627990723,-8.133767127990723,-7.282281157429679,-6.677862927317619,-6.6884878868295345,-6.3759672640953795,-7.251000522515824,-7.673702254891396
258,-3.5711863040924072,-1.3446238040924072,-5.211811065673828,-7.782123565673828,-6.579237432553782,-5.818162754178047,-6.008764979109401,-6.282157658948563,-6.032256951977615,-7.031815966591239
259,-3.9266607761383057,-1.9266607761383057,-6.192285537719727,-7.981348037719727,-6.989261622089543,-6.410199046134949,-6.489207981892832,-6.2860513924297265,-6.934547063945502,-7.70536301471293
260,-4.14819860458374,-2.007573366165161,-6.11694860458374,-8.460698127746582,-7.437385551340412,-6.747584298253059,-6.866998552028235,-6.570086359896777,-7.202958342801139,-7.6914488803595304
261,-4.3160600662231445,-1.9566853046417236,-6.4332475662231445,-8.472310066223145,-7.261508217197843,-6.76110352575779,-6.823936698761827,-6.386389493798561,-7.198946115648141,-7.7767544984817505
262,-3.8626978397369385,-1.8626978397369385,-6.034573078155518,-8.62051010131836,-7.40179586348313,-6.5168498158454895,-6.933032393217218,-6.47989106176783,-7.01897692638704,-7.80367392487824
263,-3.6022140979766846,-1.5006515979766846,-5.5475263595581055,-7.7740888595581055,-6.961759075929876,-5.941331401467323,-6.3679105017727125,-6.289736747479765,-6.328911652948591,-7.304097091779113
264,-4.024840831756592,-1.8139033317565918,-6.173278331756592,-8.60296630859375,-7.31398534438631,-6.778950832784176,-6.954561709801055,-6.51703727241329,-7.313945530953788,-7.657620428130031
265,-3.3307108879089355,-1.3385233879089355,-5.4244608879089355,-7.6900858879089355,-6.916746492344828,-6.377218917012215,-6.2447966334493685,-6.783852100241347,-6.3073420501023065,-7.461360272951424
266,-4.129777908325195,-1.9266530275344849,-6.246965408325195,-8.426652908325195,-7.122090451055556,-6.45093634724617,-6.747028706457058,-6.1922942398650775,-6.872052069724305,-7.520134564489126
267,-3.7619576454162598,-1.7932076454162598,-5.91039514541626,-7.95727014541626,-6.566721198054438,-6.2763907462358475,-6.301047682383796,-6.582279801322329,-6.324509619316814,-7.57271268311888
268,-3.929140567779541,-1.710390567779541,-6.210390567779541,-7.991640567779541,-6.866765372120426,-6.449547953903675,-6.655752180799027,-6.358844995354957,-6.8901412467093905,-7.586084343492985
269,-5.26623010635376,-2.9224801063537598,-7.30529260635376,-9.383418083190918,-7.930347798730509,-7.745828688144684,-7.227227447627229,-6.438114047010458,-8.274085043980449,-7.953317925333977
270,-3.1616547107696533,-1.2241547107696533,-5.356966972351074,-7.474154472351074,-7.10718450564309,-6.026895795017481,-6.521101710568473,-6.40386939011114,-6.286791196063859,-7.338701633736491
271,-3.205897569656372,-1.276210069656372,-4.955897331237793,-7.768397331237793,-6.7530630404362455,-5.603673338890076,-6.377884977671783,-6.2137457125900255,-5.917042114713695,-7.0403774827718735
272,-4.042269706726074,-2.011019468307495,-6.143832206726074,-8.550082206726074,-7.393973459751578,-6.580871134996414,-6.815769432039815,-6.409476041615562,-7.182983394501207,-7.705500761047006
273,-4.638765335083008,-2.146577835083008,-6.677827835083008,-8.576265335083008,-7.529470440516889,-7.3410454839468,-6.959131477826304,-6.3809660672268365,-7.474753616952512,-7.976254042237997
274,-3.229257583618164,-1.182382583618164,-5.112070083618164,-7.830820083618164,-7.120034087143722,-5.964549820870161,-6.448057650264673,-6.674594878842981,-6.018434279598296,-7.162018461152911
275,-3.7512617111206055,-1.7590742111206055,-6.0481367111206055,-7.8137617111206055,-6.852961292403052,-6.712059423327446,-6.251308678478381,-6.329402923453017,-7.016953227692284,-7.520670969039202
276,-3.992243766784668,-1.968806266784668,-6.132868766784668,-8.468806266784668,-7.562656874360982,-6.756327487528324,-6.882911323595181,-6.632882475759288,-7.25793289932335,-7.89590666629374
277,-3.949920177459717,-1.9186701774597168,-6.324920177459717,-8.160857200622559,-7.012546292928164,-6.769219234585762,-6.707782505702198,-6.27806162820707,-7.184366223671532,-7.763258935883641
278,-4.0734333992004395,-1.8937461376190186,-6.2453083992004395,-8.464058876037598,-7.5188422156643355,-6.926248848438263,-7.0656665553178755,-6.667195200850074,-7.268807528504112,-7.811473041772842
279,-4.121888637542725,-2.1375138759613037,-6.239076137542725,-8.676576614379883,-7.4891371708363295,-6.674431696534157,-6.832868575147586,-6.481273293448794,-7.262569664340845,-7.879709545522928
280,-3.402554988861084,-1.246304988861084,-5.207242488861084,-7.457242488861084,-7.207537726673763,-5.971344135701656,-6.340129968695692,-6.6604033702133165,-6.230846271995688,-7.28012702614069
281,-3.8883345127105713,-1.8336470127105713,-6.169584274291992,-8.216459274291992,-7.193097946124908,-6.721553981304169,-6.8493032450496685,-6.255531907030672,-7.239937423833908,-7.670718237757683
282,-4.162176132202148,-2.0293636322021484,-6.240301132202148,-8.271551132202148,-7.2716835649480345,-6.804829373955727,-6.685669182188576,-6.420004010082266,-7.138821598426148,-7.739778831601143
283,-3.865874767303467,-2.053374767303467,-6.295562267303467,-7.990874767303467,-6.936240552437084,-6.4971615225076675,-6.248715757918035,-6.162760257666378,-7.02998542669593,-7.5128114596009254
284,-4.078313827514648,-2.0236265659332275,-6.203313827514648,-8.320501327514648,-7.0861837847405695,-6.819158211350441,-6.593979834669881,-6.156450152332582,-6.937741874240601,-7.366629824973643
285,-3.1627182960510254,-1.3424056768417358,-5.162718296051025,-7.389280796051025,-6.209776146381046,-5.523526847362518,-5.912834756745724,-6.217435836340883,-5.662874328831094,-7.10134718939662
286,-4.221643924713135,-2.002894163131714,-6.291956424713135,-8.565394401550293,-7.362335798890854,-6.826821029186249,-6.643554329246399,-6.463842391907747,-7.073258994627395,-7.565381795167923
287,-4.020896911621094,-1.9583966732025146,-6.497459411621094,-7.489646911621094,-6.3023270206322195,-6.495231464505196,-6.075657126646547,-6.036540865718052,-7.013182992843213,-7.596778931096196
288,-4.187778472900391,-2.0002787113189697,-6.281528472900391,-8.28934097290039,-7.141019337614125,-7.000042542815208,-6.687820672097587,-6.3987276553425545,-7.156593082247127,-7.626196360215545
289,-4.430690765380859,-2.1416282653808594,-6.446315765380859,-8.91506576538086,-7.797962781194656,-7.217169001698494,-7.157300113532983,-6.62601709356295,-7.680744050514477,-7.871634500101209
290,-3.0518887042999268,-1.1300137042999268,-5.176888465881348,-7.333138465881348,-7.028594006798812,-6.057870332151651,-6.153489112126408,-6.708160757769292,-6.122296924753755,-7.3318150062114
291,-3.431792736053467,-1.4161678552627563,-5.447417736053467,-7.822417736053467,-7.182004667716683,-5.935443475842476,-6.541240093472879,-6.5802574154022295,-6.267864814290078,-7.384122883901
292,-4.203044891357422,-2.023357391357422,-6.195232391357422,-8.671794891357422,-7.421917669387767,-6.712661303579807,-6.921848176491039,-6.601496338746983,-7.195309755195922,-7.809980351477861
293,-4.110830783843994,-1.8764556646347046,-6.368643283843994,-8.649892807006836,-7.415733195099165,-6.9723634868860245,-6.860923166772409,-6.5639778373188165,-7.431223270075861,-7.895787298679352
294,-3.7781014442443848,-1.9031014442443848,-6.199976444244385,-8.028100967407227,-7.098524802735483,-6.600500255823135,-6.418770312302513,-6.371862292230617,-7.075034616686025,-7.647683251649141
295,-3.5376596450805664,-1.6704721450805664,-6.201722145080566,-7.232972145080566,-7.022219283229788,-6.5532268062233925,-6.068991061707493,-6.561115264728869,-6.990855691292381,-7.509089577943087
296,-4.182913303375244,-1.7766635417938232,-6.339163303375244,-8.518851280212402,-7.5814660721152904,-6.805632911622524,-6.940807458406198,-6.643864631557335,-7.159542796754977,-7.886130513623357
297,-3.713045597076416,-1.845858097076416,-6.205233097076416,-7.986483097076416,-6.994398111812188,-6.568397469818592,-6.478722809380997,-6.205247282880919,-6.970919726380089,-7.535399813205004
298,-3.294389247894287,-1.177201747894287,-5.380326747894287,-7.520951747894287,-6.8960577193356585,-6.240657836198807,-6.247540115975426,-6.747528195283849,-6.099138138793933,-7.306881513446569
299,-3.948651075363159,-1.8392760753631592,-5.979901313781738,-8.081463813781738,-6.636327847154462,-5.9347705990076065,-6.1440432040180895,-6.143987416942764,-6.44874822624115,-7.381472155451775
300,-3.4308249950408936,-1.6808249950408936,-6.126137733459473,-7.165200233459473,-6.727849472357775,-6.355700202286243,-6.204328534819069,-6.141780137864771,-6.680936568736797,-7.547957174479961
301,-3.9796693325042725,-1.9015443325042725,-6.339044570922852,-7.776544570922852,-6.878244509789511,-6.564245030283928,-6.565656899165333,-6.1437451838583,-6.9563031171346665,-7.711874647065997
302,-4.015601634979248,-1.734351634979248,-6.164039134979248,-8.351539611816406,-7.179915873304708,-6.647457227110863,-6.898486730802688,-6.343745231455614,-7.148512358609878,-7.705381283536553
303,-3.9797885417938232,-1.7532260417938232,-6.245413780212402,-7.557913780212402,-6.714339121710509,-6.539981186389923,-6.4486169784504455,-5.80793762178655,-6.706462496294989,-7.30382426828146
304,-3.8578829765319824,-1.7172579765319824,-6.162570476531982,-7.967257976531982,-7.444022873416543,-7.077729195356369,-6.701717373151041,-6.443842410801153,-7.147033329922124,-7.691430764272809
305,-4.240671157836914,-2.014108657836914,-6.248483657836914,-8.459421157836914,-7.396994707261911,-6.981066718697548,-6.928205847139907,-6.553180694534603,-7.373532413246721,-7.810087397694588
306,-3.0085558891296387,-1.3444933891296387,-5.024180889129639,-7.281993389129639,-6.540254849736812,-5.505060136318207,-6.047791704419069,-6.180496094486443,-5.704189725744072,-7.195015866309404
307,-3.253571033477783,-1.1832586526870728,-5.198883533477783,-7.714508533477783,-7.066228258176125,-5.898357070982456,-6.323929308797233,-6.527033686321374,-6.222442977144965,-7.224843420088291
308,-3.337562084197998,-1.5719369649887085,-5.360999584197998,-7.173499584197998,-6.165938703343272,-5.527055315673351,-5.751731270822347,-6.001660584755882,-5.728344547271263,-7.0821032375097275
309,-3.7416634559631348,-1.7494758367538452,-6.077600955963135,-8.476037979125977,-7.09329151892598,-6.615694522857666,-6.679197072418901,-6.2338614463260456,-7.171391843912716,-7.516398672014475
310,-3.5808181762695312,-1.8464431762695312,-5.924568176269531,-7.768318176269531,-6.955880163179245,-6.423024192452431,-6.416788935108343,-6.338640570591451,-6.815240620442637,-7.519506765529513
311,-4.506511688232422,-2.256511688232422,-6.529949188232422,-9.475261688232422,-7.944072244717972,-6.985741406679153,-7.756541490110976,-6.6393353938428845,-7.662806629123224,-8.02688096743077
312,-3.1579723358154297,-1.0642224550247192,-5.09547233581543,-7.54859733581543,-7.165999627890415,-5.766687855124474,-6.423673865254386,-6.587694286707119,-6.34560882113874,-7.360216241329908
313,-4.176681995391846,-2.2001192569732666,-6.332931995391846,-8.739181518554688,-7.1611753632096224,-6.5490317568182945,-6.7548552739899606,-6.872007846743145,-7.0517430286854506,-7.984688311815262
314,-4.4164719581604,-1.9164721965789795,-6.6039719581604,-8.830534934997559,-7.291576022456866,-6.8460573852062225,-7.0180772533785785,-6.502422690304229,-7.471218226612109,-8.040233932435513
315,-3.9591474533081055,-2.0372724533081055,-6.5841474533081055,-7.3341474533081055,-6.951482642718474,-7.0613060891628265,-6.490458844207751,-6.295101046433047,-7.615469929929532,-7.590126886963844
316,-4.216075897216797,-1.8645131587982178,-6.169200897216797,-8.942638397216797,-7.520849105021625,-6.7811838537454605,-7.177052497099794,-6.661400437282282,-7.325506566405238,-7.819961752742529
317,-3.7715187072753906,-1.771518588066101,-6.084018707275391,-8.13089370727539,-6.881034483536496,-6.158537119626999,-6.459100123902317,-6.2012256382004125,-6.787228819084703,-7.519021617248654
318,-4.014479637145996,-2.092604875564575,-6.108229637145996,-8.366042137145996,-7.022438396248617,-6.35775463283062,-6.600493308978912,-6.483246922343824,-6.897396082240448,-7.717900590971112
319,-4.112522125244141,-2.1125221252441406,-6.487522125244141,-8.99533462524414,-7.690679430441378,-7.1911716759204865,-6.792236923798555,-6.534404396984428,-7.995371579439961,-7.600321932695806
320,-4.059159755706787,-1.8013474941253662,-6.215409755706787,-8.199785232543945,-7.043699966132408,-6.765675932168961,-6.668604133104964,-6.371677160112085,-7.309237715540803,-7.663473842665553
321,-4.316342353820801,-1.9647798538208008,-6.363217353820801,-8.7147798538208,-7.425797340052668,-6.723386265337467,-6.81638419540468,-6.488227248142721,-7.277338860676537,-7.792992006987333
322,-4.220185279846191,-1.9779980182647705,-6.142060279846191,-8.735810279846191,-7.110885140478786,-6.453761950135231,-6.54053151550761,-6.423321008624953,-7.024929045048339,-7.705199886113405
323,-4.0219926834106445,-1.756367564201355,-6.2641801834106445,-8.061055183410645,-6.951842414098792,-6.530186429619789,-6.311147327949584,-6.100138664025508,-6.990856045020337,-7.499136542901397
324,-4.022128105163574,-1.9361906051635742,-6.186190605163574,-8.303378105163574,-7.147245400228712,-6.542694807052612,-6.756566045689397,-6.483083247981995,-7.115960356190044,-7.788121931254864
325,-3.951760768890381,-1.9517607688903809,-6.193948268890381,-8.295510292053223,-7.287786003078509,-6.727126836776733,-6.662732004551799,-6.514271736084993,-7.217442749308248,-7.812909826636314
326,-4.506704807281494,-2.202017068862915,-6.592642307281494,-9.116079330444336,-7.788020966247132,-7.340230718255043,-7.100491165452695,-6.702027320811794,-7.498946069226804,-7.950625451281667
327,-3.147181272506714,-1.1393687725067139,-5.100306510925293,-7.342494010925293,-6.60828279107227,-5.664160620421171,-6.194129345145484,-6.295645951860934,-6.006665700675512,-7.075284169986844
328,-3.0706658363342285,-1.258165955543518,-5.1487908363342285,-6.8519158363342285,-6.195872881435207,-5.49701352417469,-5.719186183356214,-6.195698975967389,-5.594223372885608,-6.9752981048077345
329,-4.010998249053955,-1.753185749053955,-5.807873249053955,-8.878185272216797,-7.401677010999265,-6.252288356423378,-7.018865941430704,-6.917262077236046,-7.0422799582229345,-7.969178881496191
330,-3.7779879570007324,-1.8795503377914429,-5.981112957000732,-7.324862957000732,-6.403175813189591,-6.07393105328083,-6.184344524430344,-6.004581093318848,-6.489055744270445,-7.348552189767361
331,-3.3082504272460938,-1.2613753080368042,-5.402000427246094,-7.425437927246094,-6.894335497461725,-6.242445610463619,-6.277046202565543,-6.487962364852137,-6.206790561176604,-7.161159049719572
332,-3.1604855060577393,-1.2073605060577393,-5.05892276763916,-7.50423526763916,-7.106036157798371,-5.850889164954424,-6.293378230671806,-6.66834068206299,-6.160675030827406,-7.358062544837594
333,-4.214975833892822,-2.0899758338928223,-6.269663333892822,-8.769662857055664,-7.691638941469137,-6.69848395138979,-7.121274112490937,-6.832178354150528,-7.340054032130865,-8.031370213255286
334,-3.8206353187561035,-1.3518853187561035,-6.0003228187561035,-8.453447341918945,-7.11757373608998,-6.438401475548744,-6.7347400179533,-6.758146047534865,-6.539414405398929,-7.678337421268225
335,-4.005843162536621,-1.810530662536621,-6.169905662536621,-8.333968162536621,-7.013770096906228,-6.585750013589859,-6.615273474119022,-6.287106752302861,-7.162151334978262,-7.548744987696409
336,-3.721332311630249,-1.861957311630249,-5.924457550048828,-8.111957550048828,-6.619878167031857,-6.342612840235233,-6.4244985572040605,-6.197909831891593,-6.7995249010273255,-7.482799168676138
337,-4.045413017272949,-1.8579130172729492,-6.303225517272949,-8.81103801727295,-7.725178238710214,-6.987707659602165,-7.186068534385413,-6.7094857692191,-7.38920497806248,-7.907457308843732
338,-4.027771949768066,-1.9418344497680664,-6.340271949768066,-8.402771949768066,-7.066948764942936,-6.533995218575001,-6.6450022449862445,-6.4184110163650985,-7.113772271091875,-7.719240102916956
339,-3.3883438110351562,-1.4430311918258667,-5.528968811035156,-7.458656311035156,-6.497828477564326,-5.878069989383221,-6.013386963866651,-6.29460835446298,-6.060292718066194,-7.32668043859303
340,-3.9901039600372314,-1.9666664600372314,-6.177603721618652,-8.365103721618652,-7.373009200542583,-6.712330192327499,-6.849522232063464,-6.5994900464365855,-7.122980234955321,-7.8238614946603775
341,-3.127263069152832,-1.2522629499435425,-5.228825569152832,-7.697575569152832,-6.893082957350998,-5.900676969438791,-6.400788184138946,-6.314794182293554,-6.103982674656436,-7.330626629292965
342,-3.0496158599853516,-1.1121159791946411,-5.073053359985352,-7.557428359985352,-6.862220639464795,-6.043584235012531,-6.323087572465738,-6.776194929940175,-6.112189290208335,-7.306132986210287
343,-4.425339221954346,-2.0815892219543457,-6.526901721954346,-8.331589698791504,-7.23791765858914,-7.094278186559677,-6.84725308342604,-6.159723639443655,-7.386318801949528,-7.772225311025977
344,-4.1441264152526855,-1.8394389152526855,-5.9566264152526855,-8.862875938415527,-7.284852857213991,-6.537308357656002,-6.96448206808418,-6.526952862642247,-7.105125902162399,-7.6705181784927845
345,-4.0844550132751465,-1.9125797748565674,-6.1469550132751465,-8.248517036437988,-6.748597499507014,-6.397871069610119,-6.40481567266761,-6.1235284804697585,-6.86576115927528,-7.476413946598768
346,-4.165888786315918,-1.751826286315918,-6.236201286315918,-8.626826286315918,-7.634673356413259,-7.226927787065506,-6.962792515341789,-6.470583558056205,-7.751849055030107,-7.692606565542519
347,-3.0434937477111816,-1.1606813669204712,-5.223181247711182,-6.762243747711182,-6.090576150367269,-5.623606242239475,-5.832669847710349,-5.676346658845432,-5.879565706753056,-6.862051809206605
348,-3.902761936187744,-1.7933869361877441,-6.051199436187744,-8.590262413024902,-7.066879032550787,-6.386271223425865,-6.574668764562375,-6.434020638427683,-7.051236986408185,-7.629033179022372
349,-4.0735249519348145,-1.831337571144104,-6.4407124519348145,-8.854775428771973,-7.854845998146629,-7.1156866401433945,-7.198560237262427,-6.620410442297725,-7.534500359768572,-7.846830722875893
350,-3.2336812019348145,-1.171181082725525,-5.1008687019348145,-7.4993062019348145,-6.90580972796306,-5.865972261875868,-6.421260353767138,-6.47589611969488,-6.108820071109221,-7.153120048344135
351,-3.1538870334625244,-1.5679495334625244,-6.005449295043945,-6.403886795043945,-5.857181653860607,-6.035737931728363,-5.482114190577704,-6.216427206178196,-6.65397178765852,-7.137687645852566
352,-2.9638547897338867,-1.3388546705245972,-5.088854789733887,-7.221667289733887,-6.620231858760235,-5.711486924439669,-6.01859843573402,-6.229503988926808,-5.924903148224985,-7.18855657428503
353,-4.087986946105957,-1.9864246845245361,-6.275486946105957,-8.033299446105957,-6.8772017839801265,-6.463336482644081,-6.55680966113141,-6.181755900202916,-7.0880800442246255,-7.727078538388014
354,-3.9087703227996826,-1.8853328227996826,-6.088458061218262,-8.268145561218262,-6.979166861834528,-6.494068920612335,-6.4322555053913675,-6.346284270192882,-6.861948011930508,-7.608002699911594
355,-4.01871919631958,-1.94840669631958,-6.25309419631958,-8.823406219482422,-7.526598689699313,-6.823892094194889,-6.979685186934148,-6.674978494600509,-7.315635561088129,-7.814070468768477
356,-3.1359095573425293,-1.1202844381332397,-5.620284557342529,-6.628097057342529,-6.940670487565512,-6.23991371691227,-6.385966776164423,-6.815617084303085,-6.362518905494653,-7.629155874252319
357,-3.9433765411376953,-1.8652515411376953,-5.943376541137695,-8.654314041137695,-7.209055422285019,-6.667135454714298,-6.7090241906462325,-6.584010958627005,-7.318416952271946,-7.7610704163089395
358,-3.292681932449341,-1.1754944324493408,-5.198931694030762,-7.527056694030762,-6.800762259779731,-5.964007176458836,-6.222450133864186,-6.503656863456854,-6.2459630843950436,-7.1615686900913715
359,-3.344363212585449,-1.2584258317947388,-5.211550712585449,-7.703738212585449,-6.703839654546755,-5.820594981312752,-6.360035537552903,-6.117817282540273,-6.156939503620379,-7.102341135963798
360,-3.527560234069824,-1.2541227340698242,-5.347872734069824,-7.605685234069824,-7.059003811213188,-6.309014294296503,-6.5432449561412795,-6.801023721356614,-6.332361334068992,-7.46911196410656
361,-4.5804266929626465,-2.2835516929626465,-6.5882391929626465,-8.697614669799805,-7.135185477578489,-6.699893057346344,-6.814840196821024,-6.5179365872845665,-7.260161994745431,-7.848989458754659
362,-3.7301883697509766,-1.7692508697509766,-5.988000869750977,-7.855188369750977,-6.4725056802417384,-6.130137518048286,-6.222436068630486,-6.073956489399279,-6.550586458361067,-7.305730238556862
363,-3.4393177032470703,-1.2830678224563599,-5.18150520324707,-7.62681770324707,-6.75204512871278,-5.7990182265639305,-6.330039377309731,-6.4471572633901815,-6.033248646577704,-7.196546733379364
364,-3.9383583068847656,-1.9227333068847656,-5.946170806884766,-8.203983306884766,-6.829075928209932,-6.302858933806419,-6.719646572335478,-6.500869631702699,-6.8602830159215955,-7.53365096077323
365,-4.272027492523193,-1.8892148733139038,-6.248589992523193,-8.279839515686035,-7.4049384545505745,-7.060313045978546,-6.881449340675317,-6.623600363677724,-7.350204108814069,-7.726157965138555
366,-4.30617094039917,-2.09523344039917,-6.31398344039917,-8.681171417236328,-7.470367303467356,-6.711179122328758,-7.126538990385598,-6.6733735798643465,-7.314053652204166,-7.952868582680821
367,-3.5101234912872314,-1.6585609912872314,-5.9007487297058105,-7.8616862297058105,-6.627407426974969,-6.548535019159317,-6.424223779926251,-5.5335711240277305,-6.97111093874264,-7.087222635746002
368,-4.3022027015686035,-2.4740777015686035,-6.6381402015686035,-7.9193902015686035,-6.419531692983583,-6.393349766731262,-6.1225976909918245,-6.2709712980449694,-7.044466611805547,-7.573913058266044
369,-3.671107769012451,-2.522670269012451,-6.491420269012451,-4.491420269012451,-5.741843968251487,-5.788660801947117,-5.6557001831242815,-5.905510663596942,-6.1791120583657175,-7.413362164050341
370,-3.2833547592163086,-1.3380422592163086,-5.142729759216309,-7.330229759216309,-6.61187259585131,-5.634075701236725,-6.275734882874531,-6.330276249758754,-5.947683656500885,-7.16762225702405
371,-3.297680616378784,-1.4539306163787842,-5.430492877960205,-7.367992877960205,-6.797878126613796,-6.047752164304256,-6.0399388049700065,-6.407088636799017,-6.1806265026389156,-7.139814278110862
372,-3.917309045791626,-1.909496545791626,-6.175121307373047,-7.932933807373047,-6.7221562734484905,-6.228974267840385,-6.331449744007841,-6.18295478798791,-6.878369800571818,-7.559549251571298
373,-4.301007270812988,-2.0197572708129883,-6.519757270812988,-8.152569770812988,-6.871438257825503,-6.816741794347763,-6.387001155217149,-6.152585506315518,-7.269834753846226,-7.597089633345604
374,-3.219238758087158,-1.2661138772964478,-6.086426258087158,-6.648926258087158,-6.984952088270802,-6.560064874589443,-6.391169308073586,-6.656753301514982,-6.844273566592165,-7.373461949639022
375,-3.762773275375366,-1.4580857753753662,-5.739336013793945,-7.989336013793945,-7.051927562337369,-6.449333518743515,-6.48936736534597,-6.5440368651452445,-6.801896570279496,-7.480116731487215
376,-3.7741899490356445,-1.7820024490356445,-6.1101274490356445,-8.055439949035645,-6.797716613611556,-6.453932374715805,-6.375800727633759,-5.985141515632677,-6.9773859952474595,-7.466244164854288
377,-4.131109714508057,-1.6936098337173462,-6.326422214508057,-8.092047691345215,-7.10784159656032,-7.031224191188812,-6.896780728235171,-6.240501522876002,-7.482755776727572,-7.435363572090864
378,-3.9951610565185547,-1.8545361757278442,-6.002973556518555,-8.049848556518555,-7.089010472125665,-6.630689099431038,-6.573329447757715,-6.323296785297316,-7.057717560124729,-7.568137815222144
379,-4.036818981170654,-1.9665064811706543,-6.200881481170654,-8.536819458007812,-7.216625921748346,-6.498886749148369,-6.763434647102258,-6.318085551125478,-7.091573951351165,-7.589712146669626
380,-3.123157024383545,-1.060657024383545,-5.099719524383545,-7.545032024383545,-7.029610017198138,-5.82962591946125,-6.506032345707354,-6.560684918968036,-6.154524557838158,-7.245428998023272
381,-3.309861421585083,-1.216111421585083,-5.122361183166504,-7.739548683166504,-6.919349187184707,-5.734085638076067,-6.286473392203334,-6.466135382359425,-5.9427654701066785,-7.108792539685965
382,-3.2912344932556152,-1.1115468740463257,-5.291234493255615,-7.970921993255615,-7.15075944729324,-5.997866775840521,-6.556907056630735,-6.6896919010087,-6.377276772735058,-7.395579347386956
383,-3.9728121757507324,-1.8009371757507324,-6.113437175750732,-8.34000015258789,-7.269805901152722,-6.506710350513458,-6.761931060154893,-6.386891126498085,-7.129140016390011,-7.65886740013957
384,-3.334834098815918,-1.233271598815918,-5.256709098815918,-7.491084098815918,-6.99126396945212,-5.937866568565369,-6.264589068996429,-6.373928665601852,-6.241212717373855,-7.247341614216566
385,-4.182044982910156,-2.025794744491577,-6.213294982910156,-8.408607482910156,-7.127456898517266,-6.38682184368372,-6.8305407745538105,-6.377371668714659,-6.971169350617856,-7.672178085893393
386,-3.5966033935546875,-1.3622283935546875,-5.3309783935546875,-7.9247283935546875,-6.924889909103513,-5.986444879323244,-6.5575995428043825,-6.573190927192627,-6.12796210651868,-7.376277182251215
387,-4.1287407875061035,-1.972490906715393,-6.1599907875061035,-8.503741264343262,-7.081975334840536,-6.389939472079277,-6.73817753601179,-6.308443188556339,-7.0663070656737546,-7.65843335352838
388,-3.8719887733459473,-1.8876137733459473,-6.059488773345947,-8.504800796508789,-7.278291700869886,-6.720308177173138,-6.770455359988773,-6.442309021919755,-6.965776919591008,-7.453744490630925
389,-3.1513571739196777,-1.2529196739196777,-5.260732173919678,-7.190419673919678,-6.706257916594041,-5.863388728350401,-6.073300120908243,-6.252949237386929,-5.9717880417374545,-7.056152485311031
390,-3.2229437828063965,-1.1916937828063965,-5.2385687828063965,-7.6291937828063965,-7.348112807288999,-6.243656471371651,-6.4183005084742035,-6.894843697236865,-6.402742856480472,-7.404146632179618
391,-4.235105514526367,-2.094480276107788,-6.360105514526367,-8.672605514526367,-7.1492620662320405,-6.607319250702858,-6.649217723563197,-6.375742554591852,-7.086733935087977,-7.723738059401512
392,-3.880048990249634,-1.8253614902496338,-6.044111251831055,-8.255048751831055,-7.098874089264427,-6.53162158280611,-6.653527497393952,-6.434746026944595,-6.864469407948491,-7.692922201007605
393,-2.9380176067352295,-1.2817676067352295,-5.031767845153809,-7.180205345153809,-6.477372246095911,-5.523281447589397,-6.047518722247332,-6.344310521169973,-5.844472983299056,-7.236141763627529
394,-3.2279253005981445,-1.173237919807434,-5.0326128005981445,-7.5326128005981445,-6.907809834141517,-5.6788096986711025,-6.212359903467586,-6.40764272168235,-6.017109982654802,-7.046227976679802
395,-4.209774017333984,-1.8972737789154053,-6.373836517333984,-8.319149017333984,-7.061459176169592,-6.668929785490036,-6.592643259344186,-6.2566651104589255,-7.170799013125361,-7.5649333372712135
396,-4.524356365203857,-2.1806063652038574,-6.735293865203857,-9.0868558883667,-7.704100488012045,-7.096358582377434,-7.266577243248321,-6.758739471402805,-7.81345081278414,-8.009343057870865
397,-3.638718605041504,-1.591843605041504,-6.052781105041504,-8.326218605041504,-7.0762488837426645,-6.75355901569128,-6.677804588995059,-6.310600757573411,-7.02936720820253,-7.4389638332650065
398,-3.2160885334014893,-1.3332760334014893,-5.17702579498291,-7.40358829498291,-6.5914140409149695,-5.704797886312008,-6.0755866689869436,-6.567690014071559,-5.989755008180509,-7.30327782779932
399,-3.673906087875366,-1.9629685878753662,-6.220781326293945,-7.587968826293945,-6.7287428268027725,-6.148235976696014,-6.088034508458804,-6.1036128995983745,-6.822440381154593,-7.5909071285277605
400,-3.3502304553985596,-1.1002304553985596,-5.4596052169799805,-7.3736677169799805,-7.428601949766744,-6.2364058047533035,-6.623728631071572,-6.881506561885544,-6.63940965445363,-7.377127591520548
401,-3.9598851203918457,-1.8895726203918457,-6.397385120391846,-8.616134643554688,-7.561504481607699,-6.826315991580486,-7.0458573096948385,-6.436458349170607,-7.397423385842558,-7.819483391940594
402,-3.7986655235290527,-1.9080405235290527,-6.079915523529053,-8.087728500366211,-6.954986688942881,-6.5186431258916855,-6.4940127128320455,-6.243987917850973,-6.986213682921516,-7.615602437406778
403,-3.9782841205596924,-2.0173466205596924,-6.095471382141113,-8.337658882141113,-7.009650581225287,-6.354632332921028,-6.454902885747288,-6.267360448738145,-6.915863391579478,-7.585174983367324
404,-3.5590639114379883,-1.4184390306472778,-5.223126411437988,-7.332501411437988,-6.754558427463053,-5.519966892898083,-6.465394016871869,-6.293475984839461,-5.848245613626204,-7.082675123587251
405,-4.01224946975708,-1.90287446975708,-6.11381196975708,-8.574748992919922,-7.223231910647883,-7.02525520324707,-6.598209023231902,-6.543506503080607,-7.543527483547223,-7.664854480884969
406,-4.025457859039307,-1.6817076206207275,-5.837957859039307,-9.041082382202148,-7.4318307562643895,-6.356433846056461,-7.0020527834421955,-6.830155968609688,-6.713014243443467,-7.719230057671666
407,-3.930626392364502,-1.938438892364502,-6.118126392364502,-8.313438415527344,-7.118210788983561,-6.481567457318306,-6.641605853154033,-6.258762359559114,-6.797873495233944,-7.580847088247538
408,-3.203547477722168,-1.266047477722168,-5.055109977722168,-7.398859977722168,-6.594352586733294,-5.491760324686766,-6.227068063148181,-6.258261084216429,-5.695882071173401,-7.135994577780366
409,-3.3025949001312256,-1.2479074001312256,-5.154157638549805,-7.951032638549805,-6.865243662294233,-5.68067068234086,-6.326095698277641,-6.52917885757779,-6.0058339769384474,-7.371336676180363
410,-3.726501941680908,-1.9374393224716187,-6.242126941680908,-7.601501941680908,-6.49235341369058,-6.131555587053299,-6.164106005977374,-6.164034366083797,-6.5391329441044945,-7.523282770067453
411,-4.199970722198486,-1.9187207221984863,-6.403095722198486,-8.543721199035645,-7.551675071197678,-6.738827720284462,-7.004741307624499,-6.410927533916038,-7.332866903620015,-7.776439731940627
412,-3.3825430870056152,-1.2106680870056152,-5.077855587005615,-7.921605587005615,-6.960804572328925,-5.797404650598764,-6.4607257826355635,-6.491938352379293,-6.101406567810045,-7.25332366488874
413,-3.785320520401001,-1.863445520401001,-6.09000825881958,-8.175945281982422,-7.238523361054831,-6.72834612429142,-6.683798193134862,-6.457209706209142,-7.129123805545532,-7.66363138705492
414,-4.143242359161377,-1.963555097579956,-6.104179859161377,-8.268242835998535,-7.112159238240565,-6.439581900835037,-6.596451755780436,-6.283889770256792,-6.916791671224928,-7.612335110083222
415,-3.743746757507324,-1.7984343767166138,-5.634371757507324,-6.907809257507324,-6.5485781327734,-5.877805836498737,-5.83757006853557,-5.939080357329658,-6.298531646752963,-7.142776090651751
416,-3.9223074913024902,-1.9144949913024902,-6.03949499130249,-8.101995468139648,-6.883291362639284,-6.579505175352097,-6.500459313032479,-6.187939524626017,-6.898903726963908,-7.379741339944303
417,-4.066633224487305,-1.8478832244873047,-6.246320724487305,-8.543195724487305,-7.652780153279309,-6.651128113269806,-7.051078078693536,-6.777587771270191,-7.035456654710288,-7.8553600534796715
418,-4.058716297149658,-1.668091058731079,-6.011841297149658,-7.543091297149658,-6.51189553590666,-6.328425288200378,-6.308752297707542,-5.863413453055728,-6.410320519531524,-7.283317136578262
419,-3.4506521224975586,-1.5912772417068481,-6.099089622497559,-7.255339622497559,-7.1148220242976095,-6.336049124598503,-6.239812130945211,-6.356926083277358,-6.880392669223511,-7.571825308725238
420,-4.615790367126465,-1.998603105545044,-6.357977867126465,-8.623602867126465,-7.553415767441038,-6.75193115323782,-6.811166284460342,-6.436119317873818,-6.920565362917841,-7.542213974520564
421,-3.3969428539276123,-1.3188178539276123,-5.373505592346191,-7.693818092346191,-6.975307912682183,-5.953059658408165,-6.420444367278833,-6.701660513430397,-6.248655546383816,-7.538393704220653
422,-3.312629222869873,-1.2266918420791626,-5.429816722869873,-7.195441722869873,-6.836291407133103,-6.015111804008484,-6.164250372119568,-6.4064050909510115,-6.211182110804657,-7.106296172365546
423,-3.5205979347229004,-1.7237229347229004,-5.9659104347229,-8.333097457885742,-7.06750857766383,-6.657506056129932,-6.575306772958356,-6.504980087254808,-6.864370345818315,-7.439553031697869
424,-3.877288818359375,-1.885101318359375,-5.635101318359375,-7.689788818359375,-6.6273708309890935,-6.182229995727539,-6.361721871599002,-5.736676216049091,-6.314859983773204,-7.12147961743176
425,-4.153039932250977,-2.1139774322509766,-6.113977432250977,-8.293664932250977,-7.067264543744386,-6.4189939349889755,-6.5359309880877845,-6.348375320172636,-6.9187675661814865,-7.592726513743401
426,-3.745023012161255,-1.8465855121612549,-6.026272773742676,-8.088772773742676,-6.885744567000074,-6.495176553726196,-6.354432105428714,-6.245033860144758,-6.620072721187171,-7.370611008256674
427,-3.9231033325195312,-1.8684158325195312,-6.219978332519531,-8.415290832519531,-7.446663133770926,-6.8487276285886765,-6.774712680671655,-6.532495260094947,-7.399729488257435,-7.8289251662790775
428,-3.893801212310791,-1.6828635931015015,-6.300051212310791,-7.792238712310791,-7.198596471702331,-6.3874341994524,-6.643874642533774,-6.659443139886207,-7.01884043139944,-7.786271145567298
429,-4.352259159088135,-2.4069466590881348,-6.258509159088135,-8.219446182250977,-6.6648853937513195,-6.289630308747292,-6.321081635709561,-6.227272868062755,-6.7429821443220135,-7.6108490992337465
430,-3.856187343597412,-1.9108747243881226,-5.903062343597412,-7.996812343597412,-6.903173440485261,-6.468670777976513,-6.4265468109551875,-6.426513790986974,-6.637508032210462,-7.587332915514708
431,-4.0435099601745605,-1.99663507938385,-6.0435099601745605,-8.184135437011719,-6.957714785938151,-6.215561881661415,-6.52014982401306,-6.184157609683098,-6.879534598367172,-7.490253498777747
432,-3.883782148361206,-1.938469648361206,-6.196281909942627,-8.282219886779785,-6.8760483233782,-6.608698941767216,-6.602575897202769,-6.071295499708867,-7.032274244713335,-7.4783212803304195
433,-4.117013931274414,-1.9451391696929932,-6.281076431274414,-8.874826431274414,-7.398312805889873,-6.6651545986533165,-6.968605398711588,-6.687333941431461,-7.29673290203209,-7.965249189175665
434,-3.9438040256500244,-1.8969290256500244,-6.185991287231445,-8.185991287231445,-7.068896527758625,-6.592014104127884,-6.537597774491587,-6.232880592244328,-7.092305062164087,-7.64672333933413
435,-3.2782156467437744,-1.8485281467437744,-6.059465408325195,-7.059465408325195,-6.481443757438683,-6.073424816131592,-6.051691173775907,-6.20010244839068,-6.372061009606114,-7.566950740292668
436,-2.950428009033203,-1.2473030090332031,-5.192615509033203,-6.833240509033203,-6.106885054134182,-5.62482325732708,-5.700493452794035,-6.052031039369467,-5.598982088922639,-6.979083202779293
437,-4.167938709259033,-2.011688709259033,-6.246063709259033,-8.285125732421875,-6.8164914779990795,-6.433501183986664,-6.402372000902687,-6.332017540798915,-7.05082475868403,-7.713215222582221
438,-3.8617594242095947,-2.0648844242095947,-5.963322162628174,-7.541447162628174,-6.41657673472946,-6.001240350306034,-5.979018208839989,-5.978968381656159,-6.494675154150173,-7.205842984840274
439,-3.10103178024292,-1.34321928024292,-4.98384428024292,-6.89790678024292,-6.093490206258139,-5.279033906757832,-5.640198106142634,-5.882327793970035,-5.359036665526219,-6.929247822612524
440,-3.3183064460754395,-1.3339314460754395,-5.3026814460754395,-7.4433064460754395,-7.123199441775796,-6.0680762231349945,-6.6074352242430905,-6.552711486365297,-6.349676125042606,-7.341795053333044
441,-4.2613115310668945,-2.0738117694854736,-6.2456865310668945,-8.323811531066895,-7.245807997955126,-6.752376854419708,-6.784806249888788,-6.339448094300678,-6.987947818895918,-7.608052069321275
442,-4.115776538848877,-2.045464038848877,-6.279839038848877,-8.334526062011719,-7.170562620070996,-6.711062803864479,-6.733011602223996,-6.326726913369384,-7.162718174622569,-7.6436063181608915
443,-3.0873661041259766,-1.1733037233352661,-5.032678604125977,-7.493616104125977,-6.83750962180784,-5.711517088115215,-6.313990829439717,-6.431140899350794,-5.9234189920607605,-7.230686966329813
444,-3.9227073192596436,-1.8602073192596436,-6.141457557678223,-8.328957557678223,-7.391564840283536,-6.467117130756378,-6.914957640598004,-6.336788654154589,-7.1024712295111385,-7.600152660161257
445,-3.6966350078582764,-1.9153850078582764,-6.321634769439697,-7.837259769439697,-6.845141050835082,-6.315829269587994,-6.493551134208246,-6.321643471679636,-6.766996382459183,-7.554308658465743
446,-4.00632905960083,-2.00632905960083,-6.17039155960083,-7.71726655960083,-6.733031501513324,-6.395497873425484,-6.076714513023035,-6.0610350368697254,-6.803299660881748,-7.3894746489822865
447,-3.958996057510376,-2.013683557510376,-6.060558319091797,-7.943370819091797,-7.006039486004738,-6.139270603656769,-6.37313651732984,-6.068392276532904,-6.763782019515929,-7.647094750776887
448,-3.6088807582855225,-1.8041932582855225,-5.968255996704102,-7.437005996704102,-6.655857200268656,-6.6600406765937805,-6.288612126350927,-6.233895301716984,-6.960498450676823,-7.502623483538628
449,-4.146852493286133,-2.217164993286133,-6.271852493286133,-8.139039993286133,-7.2641881594609,-6.801137804985046,-6.678173897103989,-6.248433232141906,-7.139129515453533,-7.78103893622756
450,-3.734956979751587,-1.758394479751587,-5.805269718170166,-8.031831741333008,-6.789756291844242,-6.203688733279705,-6.235003112695267,-6.422469973483203,-6.758474108406517,-7.618914699181914
451,-3.5612540245056152,-1.6784414052963257,-5.514379024505615,-7.248754024505615,-6.748974537375034,-5.989259794354439,-6.045730704856396,-5.623796938929445,-6.381720054283505,-6.903838971629739
452,-3.2534339427948,-1.2768714427947998,-5.347184181213379,-7.565934181213379,-7.20670889687608,-6.20813062787056,-6.4019203174211725,-6.542519926753812,-6.269157166447258,-7.249271474778652
453,-4.049749851226807,-1.8778750896453857,-6.370062351226807,-8.291937828063965,-7.206110471328429,-6.732686311006546,-6.870114563531388,-6.4716393946546305,-7.284188626159448,-7.852352848276496
454,-4.035941123962402,-2.1218783855438232,-6.231253623962402,-7.825003623962402,-6.403315407471382,-6.259630635380745,-6.200105304313183,-6.059404253630419,-6.692286844438058,-7.52402701228857
455,-3.091341733932495,-1.4819667339324951,-5.396028995513916,-7.036653995513916,-6.427331207818497,-6.517185993492603,-6.091355681318419,-6.403850793794845,-6.286693929829198,-7.173962939530611
456,-3.69869065284729,-1.76900315284729,-6.003378391265869,-8.151815414428711,-7.1753131133373245,-6.459541842341423,-6.776847838846152,-6.347136974298337,-7.089351295799133,-7.362276632338762
457,-3.0672214031219482,-1.1531589031219482,-5.246909141540527,-7.528159141540527,-6.801763997384114,-5.978915199637413,-6.332897065800353,-6.3250576254940825,-6.122001047682716,-7.249538403004408
458,-4.041528701782227,-2.0024664402008057,-6.135278701782227,-8.275903701782227,-6.830671903211623,-6.23073223233223,-6.432192324846255,-6.393104076302734,-6.588465807893954,-7.786671167239547
459,-3.985658645629883,-1.9075335264205933,-6.102846145629883,-8.345033645629883,-7.415409920562524,-6.761983394622803,-6.860691785263043,-6.384105801535952,-7.110705374579993,-7.805941998027265
460,-3.211937665939331,-1.126000165939331,-5.03225040435791,-7.56350040435791,-6.751219606216182,-5.758299142122269,-6.344813702489773,-6.633841991000736,-5.852689019826357,-7.209610538557172
461,-4.061392784118652,-1.9832675457000732,-6.280142784118652,-8.030142784118652,-7.124068363991682,-6.682078972458839,-6.61613941018004,-6.287971258036123,-7.100536104750063,-7.701496997848153
462,-3.9007997512817383,-2.0101747512817383,-6.221112251281738,-8.267987251281738,-7.2212265664566075,-6.451237104833126,-6.705547926969302,-6.252377748369327,-6.986817118318868,-7.611090395599604
463,-3.253059148788452,-1.2686841487884521,-5.385871887207031,-7.151496887207031,-6.800126891685068,-5.995175451040268,-6.190626022980723,-6.182766794960116,-6.042223448363075,-6.964778985828161
464,-3.2162904739379883,-1.3256653547286987,-5.224102973937988,-7.255352973937988,-6.466616219870048,-5.678330220282078,-6.060197937011253,-6.302268027458922,-5.880569792134338,-7.245411781594157
465,-3.299287796020508,-1.3383502960205078,-5.252412796020508,-7.697725296020508,-6.807233563129557,-5.875669561326504,-6.283717630791216,-6.432125925688524,-6.104080075499951,-7.121539760380983
466,-3.2634506225585938,-1.4197006225585938,-5.443138122558594,-7.513450622558594,-7.115203600857058,-6.186212480068207,-6.396326420690457,-6.5134805436428,-6.357329360311269,-7.409009339287877
467,-4.304484844207764,-2.1013600826263428,-6.210734844207764,-8.804485321044922,-7.234245178427955,-6.601608321070671,-6.757654189081222,-6.335744619321304,-7.117036818108318,-7.522395083680749
468,-3.2286505699157715,-1.322400689125061,-5.4005255699157715,-7.3536505699157715,-6.642853965371614,-6.003110021352768,-6.119328735847375,-6.314607500840793,-6.220928068876674,-7.029583377763629
469,-3.723240852355957,-1.6998032331466675,-6.441990852355957,-7.598240852355957,-6.92655358936463,-6.344627559185028,-6.371774430430378,-6.020136236937105,-6.809263583367283,-7.665596555918455
470,-3.82030987739563,-1.9453098773956299,-5.976559638977051,-7.828122138977051,-6.67201363039203,-6.200071796774864,-6.265679238596931,-6.15626287447958,-6.664133665202826,-7.483042223379016
471,-4.043737888336182,-1.7859255075454712,-6.496862888336182,-8.30155086517334,-7.293814775373903,-7.08925724029541,-6.9031437630656,-6.442184925033871,-7.348465084240161,-7.871817192062736
472,-4.164656162261963,-2.180281162261963,-6.391218662261963,-8.297469139099121,-7.500686164392391,-6.904456824064255,-6.742831586521788,-6.234979987079896,-7.344393371298793,-7.485556896775961
473,-3.2405283451080322,-1.3030283451080322,-5.131153106689453,-7.888965606689453,-6.865626568716834,-5.627340961247683,-6.4671465142819216,-6.162422895235068,-6.037493820840609,-7.163478219881654
474,-3.8490824699401855,-1.7006449699401855,-6.0209574699401855,-7.9350199699401855,-6.614786144979007,-6.483643263578415,-6.2084940665226895,-6.106906652382349,-6.731945871011703,-7.389803156256676
475,-3.9701592922210693,-1.9623467922210693,-6.11859655380249,-8.220159530639648,-7.040583723450254,-6.642894312739372,-6.548334120448999,-6.352985620399522,-7.07960664962593,-7.695653028786182
476,-4.144056797027588,-1.9878066778182983,-6.386244297027588,-8.23780632019043,-7.230122438806575,-6.784404218196869,-6.847238300633762,-6.105006456301453,-7.378511902461469,-7.61818104237318
477,-4.17119026184082,-1.9680651426315308,-6.27275276184082,-8.78056526184082,-7.554064510346507,-7.034998178482056,-6.944668292177084,-6.4524515866587535,-7.343117712553067,-7.797487393021584
478,-4.067727088928223,-2.0364770889282227,-6.052102088928223,-8.153664588928223,-7.028786890179617,-6.36493132263422,-6.419355986297887,-6.286493897296168,-6.849052307159582,-7.4797374084591866
479,-3.171048879623413,-1.303861379623413,-5.225736618041992,-7.491361618041992,-6.765086847881321,-5.852811597287655,-6.163313981880492,-6.467955827210972,-6.069655523344409,-7.27589307166636
480,-3.5615012645721436,-1.4911887645721436,-6.1630635261535645,-7.7333760261535645,-7.233446357160574,-6.59007403999567,-6.467795609434688,-6.7568304537289805,-6.928727626036562,-7.706458944827318
481,-4.215457439422607,-1.8951448202133179,-6.215457439422607,-8.59045696258545,-7.254610534379026,-6.719984710216522,-6.926433800894301,-6.582657575527264,-6.949879049167066,-7.770448699593544
482,-3.168044090270996,-1.1446064710617065,-5.410231590270996,-7.394606590270996,-6.832317091713776,-5.794918958097696,-6.175920126806886,-6.34775888882541,-6.082221739816305,-7.0556522607803345
483,-3.676635265350342,-1.8875727653503418,-6.145385265350342,-7.871947765350342,-6.809572092912276,-6.3108846843242645,-6.231386063482205,-6.0907131432304595,-6.754840370784223,-7.467344598844647
484,-2.9535672664642334,-1.4066922664642334,-5.6332550048828125,-6.9691925048828125,-6.75833975909336,-6.028420113027096,-6.094228386235045,-6.1801450251405186,-6.070830938318977,-7.344420939683914
485,-3.6486690044403076,-1.8205440044403076,-6.039294242858887,-8.133044242858887,-7.109670279394777,-6.470863834023476,-6.500263571233518,-6.328366160348196,-6.898716567826341,-7.578583065420389
486,-4.047007083892822,-1.9141944646835327,-6.304819583892822,-8.328256607055664,-7.10967551243084,-6.524287313222885,-6.789271709327295,-6.461092829433255,-7.0627187452919316,-7.788843186572194
487,-3.2679567337036133,-1.2835818529129028,-5.416394233703613,-7.322644233703613,-6.721287467778893,-5.784934315830469,-6.033660289540421,-6.166427254131122,-6.033721794810845,-7.197633856907487
488,-4.084990978240967,-1.7412409782409668,-6.178740978240967,-7.905303478240967,-6.913473303837236,-6.381238043308258,-6.522639859555056,-6.163147091381688,-6.8585790282377275,-7.566166371107101
489,-3.960261583328247,-1.811824083328247,-6.311824321746826,-8.647761344909668,-7.272843953571282,-6.569027245044708,-6.99936377924314,-6.366522550525588,-7.022811530783656,-7.743484433740377
490,-4.207948684692383,-2.067323684692383,-6.372011184692383,-8.473573684692383,-7.434600945256534,-6.681727811694145,-6.8564457875618245,-6.543901324157559,-7.317394373305433,-7.932090321555734
491,-4.1264801025390625,-1.8217928409576416,-6.6655426025390625,-7.4389801025390625,-7.267176267952891,-7.046710759401321,-6.509349344549264,-6.321804523397077,-7.306199788530648,-7.624241828918457
492,-4.036970138549805,-1.9432203769683838,-6.036970138549805,-8.240095138549805,-6.943342558995937,-6.180767513811588,-6.521414873554022,-6.247923970089687,-6.849552627973026,-7.5444357842206955
493,-3.7289090156555176,-1.8382840156555176,-6.252346515655518,-7.830471515655518,-7.1744351158849895,-6.655666157603264,-6.5805482834912254,-6.088303208167417,-7.111810561029415,-7.714113932102919
494,-3.168426990509033,-1.3793643712997437,-5.332489490509033,-7.316864490509033,-6.8405323955230415,-6.028142616152763,-6.035685894326889,-6.355960010936542,-5.9654464617342455,-7.198054125532508
495,-3.166696786880493,-1.2838842868804932,-5.112009525299072,-7.815134525299072,-7.127749078863417,-5.8592279106378555,-6.3229877940466395,-6.565152287324963,-6.0339764314412605,-7.318732982501388
496,-3.4506120681762695,-1.37248694896698,-5.3802995681762695,-7.7474870681762695,-6.9039874955196865,-6.04326655715704,-6.4897576536022825,-6.505327105143806,-6.2398454996873625,-7.3446559347212315
497,-3.7361888885498047,-1.9940012693405151,-6.525251388549805,-7.197126388549805,-6.7050914647988975,-6.31379809230566,-6.072192547515442,-5.970582842646763,-6.814396854773804,-7.763944588601589
498,-3.813514232635498,-1.821326732635498,-6.040076732635498,-7.954139232635498,-6.977701536976383,-6.393040932714939,-6.43075668660822,-6.329151868740155,-6.727650878063287,-7.693490223959088
499,-3.547908306121826,-1.3525958061218262,-5.383845806121826,-7.907283306121826,-7.219927658152301,-6.031080324202776,-6.454215048132028,-6.516678929116097,-6.313655607373221,-7.380206355825067
500,-3.92401385307312,-1.8068263530731201,-6.236514091491699,-8.3849515914917,-7.361594435322331,-6.708490997552872,-6.916232347015466,-6.8849610089810085,-7.1974968899958185,-8.06765771098435
501,-3.9027082920074463,-2.0589582920074463,-5.980833530426025,-8.144895553588867,-7.01999032052845,-6.590556353330612,-6.3480570309839095,-6.449594378412257,-6.918392537281761,-7.577003829181194
502,-4.246817111968994,-2.278067111968994,-6.332754611968994,-8.153066635131836,-7.0203330486037885,-6.549594283103943,-6.684368489852204,-6.207766413618629,-7.184382078921772,-7.732441069558263
503,-2.9015345573425293,-1.1984094381332397,-5.128097057342529,-7.253097057342529,-6.354823814253905,-5.40368352457881,-5.706274627256789,-6.417185187010546,-5.596957319852663,-7.157140022143722
504,-4.398829936981201,-2.1332051753997803,-6.586329936981201,-8.21914291381836,-7.258329145348398,-7.054400414228439,-6.656701324634923,-6.281656980409025,-7.344200847826869,-7.865221640095115
505,-4.00576639175415,-1.9979537725448608,-6.21670389175415,-8.154203414916992,-7.12312613434915,-6.412698104977608,-6.591781136390637,-6.294854640629637,-6.943370456050616,-7.712472483515739
506,-2.9461350440979004,-1.1570724248886108,-4.9305100440979,-7.1883225440979,-6.727599836172885,-5.613233346492052,-5.977451799073606,-6.539922832729644,-5.657226193070528,-7.1262094136327505
507,-3.994119167327881,-1.9081817865371704,-6.275369167327881,-8.158182144165039,-7.16614185673825,-6.605245739221573,-6.775431631045649,-6.41600978362294,-6.994189975135669,-7.752365328371525
508,-4.150222301483154,-2.1580348014831543,-6.353347301483154,-8.243972778320312,-6.8612712559552165,-6.388384371995926,-6.43153202355461,-6.298675298570743,-6.767488118915935,-7.646864475682378
509,-3.0379765033721924,-1.2020390033721924,-5.248913764953613,-7.428601264953613,-7.014704452143633,-6.0420136526227,-6.155203460857592,-6.623935103189069,-6.030255194302299,-7.128945225849748
510,-2.4165847301483154,-1.4087722301483154,-5.2993974685668945,-6.2134599685668945,-5.924537768063601,-5.50800358876586,-5.1978915913750825,-5.924422621410486,-5.6979391520580975,-6.8979897405952215
511,-2.718428134918213,-1.2653030157089233,-4.999678134918213,-6.944990634918213,-6.585796697429032,-5.374586597084999,-5.913831825870147,-6.1168975824984955,-5.562317361676833,-7.030293280258775
512,-4.067208766937256,-1.9109585285186768,-6.215646266937256,-8.481270790100098,-7.254791613959242,-6.769923508167267,-6.840680121800688,-6.5984699725477185,-7.1453818071277055,-7.802320012822747
513,-3.552222728729248,-2.020972728729248,-6.286597728729248,-7.403785228729248,-6.638312685783603,-6.275544166564941,-6.091361162165413,-5.552242755689804,-6.732010955507576,-7.225296409800649
514,-4.085137367248535,-2.030449628829956,-6.319512367248535,-8.389824867248535,-7.233679765922716,-6.814019173383713,-6.616434334606311,-6.350774764938251,-7.178953168608132,-7.650151323527098
515,-3.655698299407959,-1.6478859186172485,-6.155698299407959,-7.929135799407959,-7.0777048978052335,-6.510738417506218,-6.640123246852454,-6.288524985212462,-6.882329103995289,-7.574451694265008
516,-3.125457763671875,-1.2504578828811646,-5.289520263671875,-7.812957763671875,-7.149049746978562,-5.910947851836681,-6.469263671264343,-6.484852433011838,-6.117753380654904,-7.3240728210657835
517,-3.0261588096618652,-1.1433461904525757,-4.955846309661865,-7.362096309661865,-7.049772604659665,-5.875149101018906,-6.284021137904347,-6.721495389649135,-6.026282660444849,-7.394403133541346
518,-3.9590044021606445,-1.7715044021606445,-6.3418169021606445,-8.005879402160645,-7.263812415490975,-7.023048117756844,-6.974662064971199,-6.474637508359592,-7.076236247034103,-7.8306715078651905
519,-4.125864028930664,-2.086801290512085,-6.164926528930664,-8.516489028930664,-7.266576524722041,-6.538581445813179,-6.852477191594517,-6.5321247577094255,-7.110297916584386,-7.8252567779272795
520,-2.9888792037963867,-1.0982540845870972,-5.192004203796387,-7.371691703796387,-7.20002196112182,-5.880220998078585,-6.3248704657416965,-6.856097459320154,-6.192137113321223,-7.556769207119942
521,-3.856696128845215,-1.8801335096359253,-6.153571128845215,-8.341071128845215,-7.1536629157853895,-6.472202457487583,-6.6848640432690445,-6.45045828811908,-6.903633234956942,-7.610589347779751
522,-3.5815482139587402,-1.9252982139587402,-5.91748571395874,-7.61279821395874,-6.284741280149319,-6.359602108597755,-6.089403866790235,-6.097186446102569,-6.347220300518529,-7.423825217410922
523,-4.163666725158691,-2.0386664867401123,-6.163666725158691,-8.882416725158691,-7.351220248696336,-6.669501438736916,-6.859006523713106,-6.562112450566019,-7.2340160601524985,-7.850332367233932
524,-4.014974117279053,-1.9915364980697632,-6.358724117279053,-8.061848640441895,-7.054116961109685,-6.764668971300125,-6.546257852940471,-6.382172226849434,-7.061895488615846,-7.791862837970257
525,-3.8166019916534424,-1.9728519916534424,-6.340039253234863,-7.621289253234863,-6.504307964045438,-6.371492564678192,-6.19950174902624,-6.183813690840907,-6.824526065298414,-7.627029215916991
526,-4.106142044067383,-1.996767282485962,-6.340517044067383,-8.145204544067383,-6.996868843620177,-6.8581241220235825,-6.699930905539077,-6.410841226509547,-7.1452621204953175,-7.721398010849953
527,-3.7787246704101562,-1.9271622896194458,-6.044349670410156,-8.286537170410156,-7.310089462363976,-6.59531357884407,-6.638161418915843,-6.270926237007188,-7.091291544587875,-7.5810288935899734
528,-4.185215473175049,-2.036777973175049,-6.286777973175049,-8.31802749633789,-7.20096194006328,-6.644207745790482,-6.78684174810769,-6.302419304714931,-7.060287234591669,-7.6212604362517595
529,-3.73205828666687,-1.6226832866668701,-5.778933048248291,-7.692995548248291,-6.904123168991646,-6.204038165509701,-6.411812899226788,-6.48207557186106,-6.54467760802072,-7.27191392891109
530,-3.034824848175049,-1.0348248481750488,-5.089512348175049,-7.675449848175049,-6.996005505556241,-5.644316527992487,-6.308331844775239,-6.59735941827239,-6.050574175736983,-7.32463139295578
531,-3.7945828437805176,-1.9820828437805176,-5.833645343780518,-7.872707843780518,-6.732205145031912,-5.998995304107666,-6.239954469841905,-6.2399091719626085,-6.466563100046187,-7.529621712863445
532,-3.683246612548828,-1.6363716125488281,-5.964496612548828,-8.245746612548828,-7.370874754327815,-6.497734844684601,-6.714531301851821,-6.831696629446014,-7.050491450572736,-8.084186479449272
533,-3.3743386268615723,-1.3821512460708618,-5.944651126861572,-7.679026126861572,-6.94475900544785,-5.983169823884964,-6.436910269076179,-6.429048418749517,-6.866580365618574,-7.518330400809646
534,-3.886903762817383,-1.8244037628173828,-6.254091262817383,-8.340028762817383,-7.074460624033236,-6.718475446105003,-6.707250475297769,-6.230663537930923,-6.996314167350647,-7.621712628751993
535,-3.9049723148345947,-1.8815348148345947,-5.983097076416016,-8.639347076416016,-7.3034936154363095,-6.3336164727807045,-6.772208689435502,-6.545610070143994,-6.990975854583667,-7.76068577170372
536,-3.1733455657958984,-1.5170955657958984,-5.813970565795898,-6.892095565795898,-6.571914544998435,-6.109969213604927,-5.7124950847937725,-6.353064774964878,-6.618766182778927,-7.361202169209719
537,-3.8795430660247803,-1.8326680660247803,-6.098293304443359,-8.24673080444336,-7.074948544970539,-6.419014617800713,-6.613967417462845,-6.199870109456242,-6.8796039801309234,-7.600031161680818
538,-4.081306457519531,-1.9250562191009521,-6.331306457519531,-8.596931457519531,-7.636087294034951,-7.195860788226128,-7.089152216358343,-6.57350707045498,-7.471983789029764,-7.737733028829098
539,-2.8954288959503174,-1.3173038959503174,-5.036053657531738,-6.832928657531738,-6.411200393398758,-5.399824101477861,-5.754880425367446,-5.973580240850424,-5.653371325606713,-7.0123907923698425
540,-3.9654102325439453,-1.9654103517532349,-6.160722732543945,-7.996660232543945,-7.0124330411345,-6.526298761367798,-6.598299619581667,-6.215429186640904,-6.981115695576591,-7.662178421393037
541,-3.8679277896881104,-2.0554277896881104,-6.281990051269531,-7.836677551269531,-6.508694877033122,-6.015538327395916,-6.289875743095763,-6.164821147745897,-6.6414610101419385,-7.604022739455104
542,-4.04261589050293,-1.8707408905029297,-6.12855339050293,-8.10511589050293,-7.16778694120876,-6.521570041775703,-6.691135283930635,-6.3160789009652945,-7.058337206966826,-7.63404068723321
543,-2.926394462585449,-1.3092070817947388,-5.137331962585449,-7.402956962585449,-6.754729129737825,-5.696627963334322,-6.113970992024406,-6.254550337314868,-5.94215773580072,-7.264894125983119
544,-3.736475944519043,-1.9786635637283325,-6.009913444519043,-7.658350944519043,-6.345976821612567,-6.098870694637299,-6.072466848854674,-6.056801795870342,-6.4553155858884566,-7.5645714700222015
545,-4.137534141540527,-1.9734716415405273,-6.090659141540527,-8.926596641540527,-7.356351969327079,-6.7560412511229515,-6.9891262050077785,-6.785980582197226,-7.1532013407377235,-7.900944039225578
546,-4.137176513671875,-1.871551752090454,-6.309051513671875,-8.676239013671875,-7.551314351105248,-6.949454247951508,-7.098158239339682,-6.699689268984912,-7.504412053862325,-8.068709414452314
547,-4.003252983093262,-1.9407532215118408,-6.151690483093262,-8.456377983093262,-7.2689886031948845,-6.699086733162403,-6.768930195397843,-6.401703238406299,-6.9876999829139095,-7.616188317537308
548,-3.9070844650268555,-1.8836469650268555,-6.1648969650268555,-8.407084465026855,-7.28217815914104,-6.55230014026165,-6.868066548307979,-6.453971743508191,-6.954008935659658,-7.676566909998655
549,-3.2210822105407715,-1.8382697105407715,-6.0257697105407715,-6.0335822105407715,-6.08068165644363,-5.688607603311539,-5.533659931978036,-5.580481886559937,-6.213392726960592,-7.222184214740992
550,-4.381359577178955,-2.068859577178955,-6.412609577178955,-7.850109577178955,-7.030020807986148,-6.909016728401184,-6.561127182612836,-6.045449733352143,-7.373659604418208,-7.4195720218122005
551,-3.7889435291290283,-1.9061310291290283,-6.070193767547607,-7.913943767547607,-7.062584021987277,-6.399091362953186,-6.468733663081366,-6.328031301185547,-6.914052957297827,-7.786820633336902
552,-4.710156440734863,-2.3195314407348633,-6.147656440734863,-9.702343940734863,-7.694571494255797,-7.156273365020752,-7.07737815321525,-6.288289189308671,-7.663312077052979,-7.513000570237637
553,-2.6503922939300537,-1.2832047939300537,-5.181642532348633,-6.658205032348633,-6.580251917373971,-5.5690342746675014,-5.877015350430156,-6.033230423605346,-5.814562553350697,-7.14898693934083
554,-2.8777318000793457,-1.2058569192886353,-5.073044300079346,-7.112106800079346,-6.752940513761132,-5.685201093554497,-5.955907224339171,-6.448065876727924,-5.846595280883776,-7.135873636230826
555,-4.022738456726074,-1.7961757183074951,-6.710238456726074,-8.553988456726074,-7.710298655605584,-6.9063990861177444,-7.202471493637859,-6.2571229934237635,-7.421221851251175,-7.773174317553639
556,-3.5643868446350098,-1.9159493446350098,-6.03313684463501,-7.22063684463501,-5.9863994026964065,-6.468834966421127,-5.650367020651174,-5.876899957570458,-6.759762404362846,-7.083352025598288
557,-2.9256067276000977,-1.277169108390808,-4.964669227600098,-6.995919227600098,-6.449304665991804,-5.468923129141331,-5.761646384744381,-5.964703320874833,-5.761738758243155,-6.811648217961192
558,-3.8267557621002197,-1.8189432621002197,-6.108006000518799,-8.35800552368164,-7.33465635390894,-6.787598550319672,-6.8033591500607145,-6.443956136623456,-7.225243090353615,-7.790728852152824
559,-3.6983938217163086,-1.846831202507019,-6.003081321716309,-7.690581321716309,-6.714118594914908,-6.179813504219055,-6.284390209370031,-5.854660391671132,-6.635967490343319,-7.405964147299528
560,-3.7492754459381104,-1.8430254459381104,-6.155525207519531,-8.194587707519531,-7.155653468493256,-6.477097898721695,-6.741521237567213,-6.210230350337952,-7.054038998554461,-7.562217716127634
561,-3.282841205596924,-1.3062788248062134,-5.196903705596924,-7.821903705596924,-7.275238491944037,-5.991111267358065,-6.587594983764575,-6.415685533971555,-6.353314982756274,-7.3480369336903095
562,-4.4053826332092285,-2.2178828716278076,-6.3975701332092285,-8.725695610046387,-7.4132691594350035,-6.630352541804314,-6.98355698463638,-6.608519315651392,-7.14763104730082,-7.94766802713275
563,-3.7492480278015137,-1.7179981470108032,-6.155498027801514,-8.163311004638672,-7.210300915736298,-6.719966188073158,-6.819602011772076,-6.624259233411976,-7.100864528150851,-7.801147598773241
564,-5.010498523712158,-2.416748523712158,-6.541748523712158,-9.307374000549316,-7.213680384928011,-6.7730667889118195,-7.143349169957219,-6.307381987536246,-7.073041795749305,-7.586517097428441
565,-3.075314998626709,-1.2784398794174194,-5.122189998626709,-7.340939998626709,-6.411426529040909,-5.511468082666397,-6.098829624061182,-6.333156585269535,-5.755136957668583,-7.011589787900448
566,-4.021711349487305,-1.8342111110687256,-6.279523849487305,-8.029523849487305,-6.74050784002975,-6.902539476752281,-6.677987575187217,-5.9045324325197726,-7.256123780502094,-7.176546340808272
567,-2.8664543628692627,-1.1789543628692627,-5.147704124450684,-7.233641624450684,-6.3979149834485725,-5.700789257884026,-6.124362106529588,-6.108672141563147,-5.968156685557915,-7.108018888160586
568,-3.9336085319519043,-1.8242336511611938,-6.003921031951904,-8.253921508789062,-6.707145566753752,-6.204994611442089,-6.464909433023422,-6.128934502510674,-6.652422426086559,-7.343412784859538
569,-2.987206220626831,-1.159081220626831,-4.93251895904541,-7.16689395904541,-6.4795216240454465,-5.710705939680338,-6.041938303918869,-6.330971717718057,-5.729465243661252,-7.0730844140052795
570,-3.7286834716796875,-1.8536834716796875,-6.2208709716796875,-7.8146209716796875,-6.9944592600659234,-6.648513779044151,-6.439675448840717,-6.424012660840162,-6.8693807098970865,-7.79163284599781
571,-3.9276626110076904,-1.7714126110076904,-6.1776628494262695,-8.31828784942627,-6.834020728012547,-6.511972054839134,-6.529274700853421,-6.03705155840089,-6.919917938808794,-7.5277555007487535
572,-2.7503814697265625,-1.141006350517273,-5.1331939697265625,-6.7035064697265625,-6.133347022740054,-5.66127796843648,-5.695745109205745,-6.148846029869674,-5.508275624757516,-7.010385122150183
573,-3.0889220237731934,-1.1748594045639038,-5.190484523773193,-7.487359523773193,-6.714188659389038,-5.828357562422752,-6.2374383180067525,-6.424888968034793,-5.909386146493489,-7.228659635409713
574,-3.2529196739196777,-1.1904195547103882,-5.323232173919678,-7.588857173919678,-6.7531373263918795,-5.9601283967494965,-6.1904813032233506,-6.307631730731373,-6.08116375690588,-7.15373719856143
575,-2.9859619140625,-1.1500244140625,-5.4234619140625,-7.4547119140625,-6.829797264268564,-6.460950240492821,-6.47818040799757,-6.517227053527677,-6.243831394480367,-7.139303546398878
576,-3.0442628860473633,-1.2395752668380737,-4.997387886047363,-7.223950386047363,-6.466406666877447,-5.930709145963192,-6.177160021063173,-6.0052257773040765,-6.0522185461595654,-6.885678516700864
577,-3.824197292327881,-1.7382597923278809,-6.292947292327881,-8.207010269165039,-7.191508643110865,-6.906755775213242,-6.769545316066797,-6.464836120509972,-7.253941176732042,-7.844657672569156
578,-3.8572535514831543,-1.7791286706924438,-6.232253551483154,-8.201004028320312,-7.302676552390039,-7.005809858441353,-6.857300399635278,-6.3494578598511,-7.372935531901021,-7.666855266317725
579,-4.2427167892456055,-2.0708417892456055,-6.1645917892456055,-8.617716789245605,-7.445924755469605,-6.660234302282333,-6.766203163861064,-6.313043475050108,-7.109963772913034,-7.606610605493188
580,-3.762951612472534,-1.8723266124725342,-5.981701850891113,-7.997326850891113,-7.177098628308158,-6.701372645795345,-6.7161110633715,-6.348898172339432,-7.098931073272979,-7.6232257429510355
581,-3.9768166542053223,-1.9690042734146118,-6.187754154205322,-7.875254154205322,-6.719181760272477,-6.281921207904816,-6.406599397894752,-6.086212754027656,-6.633160348319507,-7.516581425443292
582,-4.057329177856445,-1.9245169162750244,-6.158891677856445,-8.705766677856445,-7.52615511129261,-6.727666676044464,-7.088618516147108,-6.533900856929904,-7.1823736419319175,-7.7147265039384365
583,-3.2008609771728516,-1.208673357963562,-5.232110977172852,-8.005548477172852,-7.036899919134157,-5.8319034688174725,-6.435286163025012,-6.482125878223087,-6.021254536201013,-7.145385161973536
584,-4.039782524108887,-1.9929075241088867,-6.094470024108887,-8.602282524108887,-7.508633012490463,-6.788417212665081,-6.914827464999689,-6.4616690873426705,-7.133601663103036,-7.667281612753868
585,-3.120969295501709,-1.1365944147109985,-5.136594295501709,-7.777219295501709,-6.8868245813355315,-5.888244695961475,-6.347611066536047,-6.355372905321929,-6.050799478834961,-7.093191100284457
586,-4.107667922973633,-1.8107929229736328,-6.177980422973633,-8.162355422973633,-7.037480584898731,-6.602298051118851,-6.654590724756417,-6.357679486207417,-6.6858499033914995,-7.637575660832226
587,-3.836172342300415,-1.875234842300415,-6.078359603881836,-8.578359603881836,-7.242481587549264,-6.581942670047283,-6.836206912386842,-6.406493067705924,-6.945587872629403,-7.595381122082472
588,-3.890531539916992,-1.8124065399169922,-6.070219039916992,-8.281156539916992,-7.156258458664524,-6.387796089053154,-6.7421531659783795,-6.3280451296832325,-6.765602943734848,-7.695187818259001
589,-3.991732120513916,-1.9604820013046265,-6.226107120513916,-8.444856643676758,-7.3902249320963165,-6.855157092213631,-6.812074899215077,-6.312052965129624,-7.3823879952433344,-7.609022734686732
590,-3.829331159591675,-1.9387061595916748,-6.149643898010254,-8.087143898010254,-7.009166468225885,-6.38485187292099,-6.485646722569072,-6.337161898451086,-6.946601983436267,-7.558509837836027
591,-3.2036900520324707,-1.1958775520324707,-5.219315052032471,-7.664627552032471,-7.024169192736736,-5.994812414050102,-6.438112734613242,-6.789647221372434,-6.117854947566229,-7.488035894930363
592,-4.125847339630127,-1.953972339630127,-6.133659839630127,-8.368035316467285,-7.219735374455922,-6.713744156062603,-6.875899194325029,-6.485235094943164,-7.000923392268305,-7.747610084712505
593,-4.000033378601074,-2.015658378601074,-6.140658378601074,-7.859408378601074,-6.5079550683512934,-6.2306143790483475,-6.109466908648756,-6.085986971726015,-6.6954219312392524,-7.4927219320088625
594,-3.9273736476898193,-2.0054986476898193,-6.169561386108398,-8.388311386108398,-7.372799628523353,-6.7400331646203995,-6.7477349031105405,-6.48207533349796,-7.255568621112616,-7.767692096531391
595,-2.9397130012512207,-1.5100255012512207,-5.306900501251221,-6.705338001251221,-6.268042543466436,-5.58842708170414,-5.494499559266842,-6.002246975320304,-5.799255714649917,-6.948112329468131
596,-3.7478151321411133,-1.7634401321411133,-6.075940132141113,-8.115002632141113,-7.294791812491894,-6.651123553514481,-6.747861980293237,-6.474391579530675,-6.911935208569048,-7.682476405054331
597,-3.8104517459869385,-1.8104517459869385,-6.240139484405518,-7.951076984405518,-6.896515242304304,-6.770904287695885,-6.482373117334646,-6.185468077530459,-7.044885395251185,-7.622240921482444
598,-3.5337767601013184,-1.893151879310608,-5.947839260101318,-7.424401760101318,-6.463663081434788,-5.914722695946693,-6.111983415132272,-6.104109883095589,-6.244828336886712,-7.319410467520356
599,-4.048399925231934,-2.1577749252319336,-6.407774925231934,-8.665587425231934,-7.423479077064258,-6.554996207356453,-6.915635227014718,-6.282785415594844,-7.321893332824402,-7.76093409769237
600,-3.976088762283325,-1.7573387622833252,-6.218276500701904,-8.397963523864746,-7.4215395355277,-6.648283004760742,-6.929262517704046,-6.835479140167081,-7.280853745338391,-8.083808934316039
601,-3.6601779460906982,-1.9023654460906982,-6.035177707672119,-7.566427707672119,-6.386908278640476,-5.864667117595673,-6.222773428147775,-6.066453218134484,-6.543117991866893,-7.3919853158295155
602,-3.8463783264160156,-1.8620033264160156,-6.080753326416016,-8.190128326416016,-6.869885203814192,-6.185935452580452,-6.479232667999895,-6.463576435986397,-6.705807088361325,-7.590583181008697
603,-2.9720096588134766,-1.370447039604187,-5.847009658813477,-6.409509658813477,-6.206668217520928,-5.783550947904587,-5.784583923443279,-6.636102318308986,-6.315846201010572,-7.478709684684873
604,-4.254579544067383,-1.942079782485962,-6.340517044067383,-8.574892044067383,-7.387471434303734,-6.840329676866531,-7.0358790147001855,-6.4264668225487185,-7.1374449715913215,-7.82839179970324
605,-3.8452415466308594,-1.8374290466308594,-6.103054046630859,-7.728054046630859,-6.782903777319007,-6.375103458762169,-6.30625986726227,-6.048388957726274,-6.728147144749528,-7.4796544928103685
606,-3.9660191535949707,-1.9816441535949707,-6.176956653594971,-7.841019153594971,-6.763010733484407,-6.372941941022873,-6.333261249958014,-6.012909412267618,-6.653598782228073,-7.486176522448659
607,-3.3169872760772705,-1.3013622760772705,-5.402924537658691,-7.395112037658691,-6.762424222804839,-6.005041494965553,-6.3404673328768695,-6.246689915538809,-6.020183918277326,-7.0411905739456415
608,-3.275374412536621,-1.236311912536621,-5.220686912536621,-7.126936912536621,-6.900600884546293,-5.9807581305503845,-6.322318789934798,-6.283214687915461,-6.025504461416858,-7.068761184811592
609,-3.2043094635009766,-1.141809344291687,-5.079309463500977,-7.563684463500977,-6.985795470041921,-5.689306851476431,-6.5012690985167865,-6.298093079956743,-6.141956795327133,-7.319568796083331
610,-3.925178050994873,-1.8861156702041626,-6.081428050994873,-8.214241027832031,-6.956515308389498,-6.344234481453896,-6.612732647357916,-6.308001875812806,-6.71431028599909,-7.662218363955617
611,-4.262305736541748,-2.098242998123169,-6.504493236541748,-8.91855525970459,-7.488952871557558,-7.229334115982056,-6.996712088093773,-6.879507899177042,-7.402968763581157,-8.007024969905615
612,-3.590592384338379,-1.832779884338379,-6.051529884338379,-7.903092384338379,-7.004769318707986,-6.261269263923168,-6.504718540076283,-6.192172288743677,-6.887564892786031,-7.605437099933624
613,-4.308791160583496,-2.058791160583496,-6.293166160583496,-9.324416160583496,-7.3791534888259775,-6.51435749232769,-7.027580260466493,-6.465051531738027,-7.05102503192029,-7.6536535527557135
614,-3.0675387382507324,-1.1456637382507324,-4.973788738250732,-7.809726238250732,-7.067623134869791,-5.946065293624997,-6.434755801717984,-6.700366377715909,-5.950419304441311,-7.348027907311916
615,-3.6245365142822266,-1.7495365142822266,-6.062036514282227,-7.593286514282227,-6.695046405380708,-6.225606516003609,-6.374614950917021,-6.116743922035312,-6.523073668286088,-7.446780867874622
616,-3.28220796585083,-1.27439546585083,-5.07127046585083,-7.64939546585083,-7.14959357205953,-5.7430424354970455,-6.4307223528885515,-6.508799552493656,-6.016721835025237,-7.2946389354765415
617,-4.157901763916016,-1.9079015254974365,-6.118839263916016,-8.900089263916016,-7.306447261697031,-6.412407495081425,-6.993884085604805,-6.368851780813202,-7.197030780487694,-7.714872807264328
618,-4.191899299621582,-1.9340870380401611,-6.254399299621582,-8.723149299621582,-7.559219828341156,-6.737193524837494,-7.020075081491086,-6.527853131161464,-7.371659633841773,-7.885347466915846
619,-4.089059352874756,-1.9406219720840454,-6.526559352874756,-8.003122329711914,-6.878261556397774,-6.5634511560201645,-6.721922515538608,-6.0656399725230585,-6.964134451904101,-7.5709407646209
620,-3.0226311683654785,-1.1866936683654785,-5.1007561683654785,-7.2257561683654785,-6.436994507355848,-5.514552064239979,-6.0774743435758865,-6.272671579499729,-5.7884902680089,-7.184949086979032
621,-4.3579792976379395,-1.7095417976379395,-6.7251667976379395,-8.061104774475098,-7.217427489464171,-6.847653955221176,-6.983028768270742,-6.272051215127249,-7.201766132631747,-7.73167922347784
622,-4.245241165161133,-2.3858659267425537,-6.471803665161133,-8.432741165161133,-7.010934469748463,-6.581944897770882,-6.479657529929682,-6.354628682058319,-7.128117440093774,-7.483126914128661
623,-3.393439292907715,-1.5809392929077148,-5.932501792907715,-7.205939292907715,-6.409172171493992,-6.286336675286293,-6.026289462333807,-6.4247004985181775,-6.36224210122964,-7.125953285954893
624,-3.9400506019592285,-2.0181756019592285,-6.1744256019592285,-8.47911262512207,-7.354206796073413,-6.632229685783386,-6.854156254790723,-6.510374903608863,-7.158865568912006,-7.9353819116950035
625,-4.174245834350586,-2.010183334350586,-6.221120834350586,-8.533620834350586,-7.291528578040015,-6.899242505431175,-6.7758473150279315,-6.439880728672506,-7.1821176988160005,-7.652834005653858
626,-3.3123950958251953,-1.3514574766159058,-5.945207595825195,-6.788957595825195,-6.570323341344192,-6.066679626703262,-6.179639218633383,-6.679625510249025,-6.742138741825329,-7.459215302020311
627,-3.8537540435791016,-1.7365665435791016,-6.166254043579102,-8.252191543579102,-7.166320440948766,-6.7154325395822525,-6.681907295782366,-6.2756379842358,-7.0725443355077005,-7.586389019154012
628,-3.8539183139801025,-1.7836058139801025,-6.025793075561523,-8.846105575561523,-7.252411840763671,-6.295824132859707,-6.9867620463192,-6.517988920177231,-6.775839446898317,-7.726182951591909
629,-2.943518877029419,-1.123206377029419,-5.10758113861084,-7.65445613861084,-7.037430511729326,-6.027242302894592,-6.2951226225814025,-6.693545102722055,-6.209265105499071,-7.384190293028951
630,-3.3850154876708984,-1.6897028684616089,-6.142827987670898,-7.213140487670898,-6.32263695455913,-6.320884108543396,-5.978824852136313,-5.885035514631454,-6.5101093009798205,-7.3709831442683935
631,-3.955536365509033,-1.8383488655090332,-6.307098865509033,-8.846160888671875,-7.658733722928446,-6.962389297783375,-7.072758316400723,-6.650861978444482,-7.408704399134876,-7.839191826060414
632,-4.361802101135254,-2.111802101135254,-6.338364601135254,-8.416489601135254,-7.221301547891926,-6.591608181595802,-6.697800515226845,-6.525877475655761,-7.072818156972062,-7.688548095524311
633,-4.192373275756836,-1.872060775756836,-6.239248275756836,-8.629873275756836,-7.231509086785081,-6.952632158994675,-6.786161183590593,-6.520511031069873,-7.23928606438858,-7.781094066798687
634,-3.9259002208709717,-2.0040252208709717,-6.504025459289551,-7.597775459289551,-6.293339578434825,-6.204364001750946,-6.293232192125288,-6.1681184764020145,-6.629181372889434,-7.50447366014123
635,-4.1716814041137695,-1.9294936656951904,-6.5544939041137695,-8.76543140411377,-7.74987351668824,-7.189941972494125,-6.99984729206335,-6.398252963978848,-7.906094788766495,-7.873455327935517
636,-3.012511730194092,-1.4031367301940918,-5.473449230194092,-7.246886730194092,-6.614327160321409,-5.890148371458054,-6.020407196418091,-6.239100694305307,-6.090778102414333,-7.174362175166607
637,-3.699505567550659,-1.8166930675506592,-6.183880805969238,-7.863568305969238,-6.723008034517989,-6.480351202189922,-6.238609551532136,-6.426075339292765,-6.426108955511154,-7.674313114956021
638,-3.7602505683898926,-1.572750449180603,-6.221188068389893,-7.729000568389893,-6.932255259685917,-6.498953327536583,-6.713433383225492,-6.604020476142978,-6.869667529179424,-7.778477789834142
639,-3.4899210929870605,-1.53679621219635,-5.9196085929870605,-7.6071085929870605,-7.216557261614071,-6.745551019906998,-6.614955782290053,-5.880554079977628,-7.083711861734628,-7.26450908370316
640,-4.199244499206543,-1.8789317607879639,-6.425806999206543,-8.332056999206543,-6.918117992405314,-6.686054587364197,-6.761800526004663,-6.464882850557842,-7.011805770904175,-7.889852860942483
641,-3.7546684741973877,-1.7468559741973877,-6.082793712615967,-8.074980735778809,-7.168829317051859,-6.694591015577316,-6.660961388632131,-6.285931825551415,-7.020348070574983,-7.436238396912813
642,-3.861366033554077,-1.7598035335540771,-6.494178295135498,-7.931678295135498,-6.830275761210942,-6.656339675188065,-6.478639360539091,-6.322322964475461,-7.04895901245618,-7.7679346818476915
643,-3.335498094558716,-1.2651855945587158,-5.257373332977295,-8.155810356140137,-7.226283537427662,-5.999775048345327,-6.663691637564625,-6.7495833632783615,-6.288736813781725,-7.4972394201904535
644,-3.0340545177459717,-1.2840545177459717,-5.104367256164551,-7.260617256164551,-6.534329615009483,-5.47325674444437,-6.002965437379316,-6.377843736841896,-5.760822751864907,-7.24342879652977
645,-3.8053345680236816,-1.844396948814392,-6.375647068023682,-7.930334568023682,-6.782040228135884,-6.464110925793648,-6.500715134214261,-6.274103045292577,-7.094472286255041,-7.760471494868398
646,-3.9549214839935303,-2.0017964839935303,-6.236171722412109,-8.17367172241211,-7.384770618766197,-6.673007920384407,-6.619070168613689,-6.306502580473534,-7.165950651760795,-7.705447332933545
647,-3.868618965148926,-1.8451814651489258,-6.142056465148926,-8.274868965148926,-6.907804362374009,-6.095636263489723,-6.462468023164547,-6.290513872902011,-6.774949785780336,-7.634591722860932
648,-3.7085957527160645,-1.8335957527160645,-6.1226582527160645,-8.013283729553223,-6.778999324465985,-6.460928604006767,-6.388341544359719,-6.083610176936418,-6.864906905211683,-7.430584907531738
649,-4.002928256988525,-1.9716782569885254,-6.268553256988525,-8.393552780151367,-7.37024056132941,-6.595228865742683,-6.831121203977091,-6.385761022362203,-7.206145759118954,-7.62125663086772
650,-2.6099791526794434,-1.274041771888733,-5.367791652679443,-6.578729152679443,-6.032124721154105,-5.499013312160969,-5.383532279003703,-6.211575149929558,-5.657017098506913,-7.139887927100062
651,-4.213165283203125,-2.166290044784546,-6.111602783203125,-9.056915283203125,-7.2444758396886755,-6.45415486395359,-6.642885684424982,-6.4006741046514435,-7.135093449134729,-7.688931481912732
652,-4.164580821990967,-2.000518321990967,-6.328643321990967,-8.367706298828125,-6.992822878659354,-6.468966498970985,-6.688073156761675,-6.4770970343233785,-7.016213652997976,-7.834902238100767
653,-3.710705280303955,-1.718517780303955,-6.288830280303955,-7.921642780303955,-7.046720740137971,-6.738270729780197,-6.640427111989993,-6.202904224330268,-7.046687601992744,-7.647676621563733
654,-3.2629687786102295,-1.1692187786102295,-5.17703104019165,-8.036406517028809,-7.02089022994187,-5.909523896872997,-6.497385500981181,-6.708299279047424,-6.223986384022282,-7.293468984775245
655,-4.422628402709961,-1.774190902709961,-6.617940902709961,-8.891378402709961,-7.75860452577399,-7.416503086686134,-7.352337956184783,-6.610135912867008,-7.7976603502902435,-7.927535948343575
656,-3.822374105453491,-1.9317491054534912,-6.32237434387207,-8.02549934387207,-7.017736076097208,-6.822860568761826,-6.80678033780714,-5.5489435195700025,-7.267718791452353,-7.070753758773208
657,-3.819594383239746,-1.819594383239746,-6.452406883239746,-8.311781883239746,-7.319630741410947,-6.919773742556572,-7.014936804323952,-6.327413439729298,-7.499302625441487,-7.618509826250374
658,-3.8847827911376953,-1.8691576719284058,-6.048845291137695,-8.603532791137695,-7.416116830157989,-6.587098702788353,-6.908258198971453,-6.533231973579859,-7.072330354512815,-7.667932897806168
659,-3.9703209400177,-1.7359459400177002,-6.267195701599121,-8.462508201599121,-7.384469147800701,-6.839120268821716,-6.860983490230865,-6.454707622457136,-7.298495172231924,-7.706955825909972
660,-3.9678351879119873,-1.8193976879119873,-6.155335426330566,-8.092835426330566,-6.991446956744767,-6.605045363306999,-6.733521698028198,-6.4522292612200545,-7.249153015713091,-7.655867904424667
661,-3.018613815307617,-1.1670513153076172,-5.237363815307617,-7.526426315307617,-7.073412531390204,-6.13051500543952,-6.354581236391823,-6.667067527640029,-6.229631182344747,-7.371538260951638
662,-2.868831157684326,-1.3453936576843262,-5.290706157684326,-7.032893657684326,-6.4705160781304585,-6.0427552834153175,-5.962617873472482,-6.493848442882154,-5.73609959751775,-7.063842657022178
663,-4.204469203948975,-1.9935317039489746,-6.407594203948975,-8.923219680786133,-7.626415488564817,-6.770603820681572,-7.251384734285239,-6.618542194311885,-7.298266528916429,-7.830021193251014
664,-3.801246404647827,-2.027808904647827,-6.059059143066406,-8.027809143066406,-6.723216171565582,-6.183781489729881,-6.387238620227436,-6.363760352041027,-6.738826033302757,-7.689455449581146
665,-4.112597465515137,-1.9641602039337158,-6.104784965515137,-8.682909965515137,-7.136173834689544,-6.278586432337761,-6.690802213350253,-6.409493088509407,-6.925208443208248,-7.558522745966911
666,-4.295828819274902,-1.639578938484192,-5.991141319274902,-7.334891319274902,-7.2959719793871045,-6.8273360803723335,-6.7177859510993585,-5.96772265416439,-6.991243476419186,-8.014849860221148
667,-4.091142177581787,-1.9973924160003662,-6.489579677581787,-8.888017654418945,-7.481798648339463,-6.919828101992607,-7.192734479460341,-6.372399210905314,-7.419294833754975,-7.712248268537223
668,-3.0241427421569824,-1.063205361366272,-5.258517742156982,-6.563205242156982,-6.907121286916663,-6.024517610669136,-6.211709735536715,-6.172602295631805,-5.805501216724224,-6.958330715075135
669,-3.1947028636932373,-1.3118903636932373,-5.186890125274658,-7.436890125274658,-6.765215615203488,-5.803389370441437,-6.12448453457182,-6.288486241730425,-6.022987591350102,-7.193228928372264
670,-3.1563055515289307,-1.2188055515289307,-5.16411828994751,-7.72661828994751,-7.1486225044645835,-6.0617578737437725,-6.500098465963674,-6.601639270562373,-6.297016259355587,-7.331651542335749
671,-4.091856002807617,-1.9590433835983276,-6.482481002807617,-8.419981002807617,-7.154418228121358,-6.928002014756203,-6.7715828410982795,-6.560616850793849,-7.30282819211061,-7.836952013894916
672,-3.7949228286743164,-1.8730478286743164,-6.060547828674316,-7.818360328674316,-6.888783925562166,-6.525688320398331,-6.412168739519984,-6.396498083987353,-6.943421242765908,-7.496009884402156
673,-3.979310989379883,-1.9636859893798828,-6.182435989379883,-8.588685989379883,-7.3934652763200575,-6.665559828281403,-6.916860102399369,-6.416826724882412,-7.291866181756632,-7.782269129529595
674,-4.78104829788208,-2.28104829788208,-7.03104829788208,-9.202922821044922,-7.5467412448706455,-7.531344413757324,-6.695222967529844,-6.65606188764832,-7.468596934089874,-7.733090718276799
675,-4.124902725219727,-1.7733402252197266,-6.156152725219727,-8.976465225219727,-7.515607234658091,-6.870171815156937,-7.148375748958642,-6.671785950627054,-7.320254325102724,-7.756148477084935
676,-2.6567273139953613,-1.9145399332046509,-4.805164813995361,-6.148914813995361,-5.914775462995749,-5.157690733671188,-5.047497023595497,-5.859888552964549,-5.5163134113681735,-6.704095553606749
677,-3.6370351314544678,-1.5823476314544678,-5.871410369873047,-8.340160369873047,-6.887107250491681,-6.359303206205368,-6.605817555864633,-6.527669072112985,-6.652717350290914,-7.4231769079342484
678,-4.0674848556518555,-1.9034223556518555,-6.2315473556518555,-7.8018598556518555,-7.044171921603265,-6.792238295078278,-6.505043624103564,-6.247187733531973,-7.255059954681201,-7.603957686573267
679,-3.1419637203216553,-1.3372762203216553,-5.923213958740234,-6.462276458740234,-6.493944914982421,-5.809862181544304,-5.728241147502558,-6.407667872175807,-6.626644803007366,-7.227939058095217
680,-4.263806343078613,-2.0294313430786133,-6.318493843078613,-8.732556343078613,-7.48263096530718,-6.621792286634445,-7.037286757502443,-6.459131240768329,-7.248237250671082,-7.733989544212818
681,-3.6315197944641113,-1.4987074136734009,-5.764332294464111,-8.54558277130127,-6.131653061573161,-4.982888862490654,-7.100333450202015,-6.928419470483277,-6.397219178295927,-8.022724103182554
682,-3.812778949737549,-1.8205914497375488,-6.312778949737549,-8.515904426574707,-7.312850949558197,-6.766377724707127,-6.8753103012895735,-6.390913248018478,-7.117503880752338,-7.631307454779744
683,-3.9758121967315674,-1.9367496967315674,-6.249249458312988,-8.405499458312988,-7.179036850706325,-6.445575311779976,-6.702430008299416,-6.311764359363224,-6.944646593328798,-7.613899242132902
684,-3.9743404388427734,-1.8884028196334839,-6.161840438842773,-8.169652938842773,-7.091621036961442,-6.61362698674202,-6.786879896339087,-6.364975929205684,-6.857208488829201,-7.7098897267133
685,-3.829615592956543,-1.876490592956543,-5.938990592956543,-8.392115592956543,-6.9625497982342495,-6.197953782975674,-6.556231258888147,-6.353068113214249,-6.579688427176734,-7.5296432841569185
686,-4.103411674499512,-1.9315367937088013,-6.306536674499512,-8.611224174499512,-6.994145983444469,-6.532534837722778,-6.673760890287667,-6.3924876450582815,-7.072228429475217,-7.662095615640283
687,-3.0126335620880127,-1.1141960620880127,-5.247008323669434,-6.973570823669434,-6.559672342205886,-5.762894704937935,-5.934569118559011,-6.286096214926147,-6.012731308903312,-7.077493326738477
688,-3.1661179065704346,-1.2676804065704346,-5.2208051681518555,-7.6583051681518555,-6.767904614054714,-5.717966519296169,-6.236552946182201,-6.369271516383378,-6.04910181480227,-7.40155909769237
689,-3.766875982284546,-1.657500982284546,-6.188751220703125,-7.720001220703125,-6.649804108637909,-6.05389741063118,-6.2044335587270325,-5.985641956205654,-6.829440353241807,-7.340302228927612
690,-3.1923539638519287,-1.3798539638519287,-5.293916702270508,-8.043916702270508,-6.864318724437908,-5.943115048110485,-6.286131620030574,-6.832991003920142,-6.145543096405163,-7.488502196036279
691,-4.41846227645874,-2.0278372764587402,-6.28564977645874,-8.801275253295898,-7.754507655045018,-6.848963707685471,-7.074767111229448,-6.3559767006790935,-7.293529865841265,-7.806096142157912
692,-4.137136459350586,-1.730886459350586,-6.418386459350586,-8.574636459350586,-7.855992430791957,-7.006467193365097,-7.254377006076538,-6.473085403376899,-7.535625456439448,-7.615998661145568
693,-4.155600547790527,-1.7259129285812378,-6.288413047790527,-8.452475547790527,-7.491740444675088,-6.808685094118118,-6.882239100428706,-6.397805452195826,-7.476015681721037,-7.8879104144871235
694,-3.885204315185547,-1.8617666959762573,-6.182079315185547,-8.135204315185547,-6.86977086616389,-6.091456845402718,-6.377468583021255,-6.244600891834125,-6.783763758852729,-7.688538948073983
695,-3.932088851928711,-1.752401351928711,-6.291463851928711,-8.408651351928711,-7.213421579755959,-6.6759723871946335,-6.8461925974916085,-6.338350891994196,-7.14307927945265,-7.683396648615599
696,-3.281696319580078,-1.3676339387893677,-5.258258819580078,-7.430133819580078,-6.680491621838883,-5.68779157102108,-6.125579705883865,-6.375486015484057,-6.000669812026899,-7.286444356665015
697,-3.0221190452575684,-1.2330565452575684,-5.295556545257568,-6.983056545257568,-6.233216153763351,-5.630585618317127,-5.467502353065356,-6.006521820636408,-5.756601208668144,-7.064304180443287
698,-3.919732093811035,-1.9119197130203247,-6.052544593811035,-8.302544593811035,-6.9666995959414635,-6.279395624995232,-6.497906326036173,-6.2869333027856555,-6.630728839074436,-7.485431708395481
699,-4.177145004272461,-1.942770004272461,-6.372457504272461,-8.481832504272461,-7.286555766419042,-6.719577521085739,-6.989671468383676,-6.302151918387153,-7.184983253147948,-7.744400231167674
700,-4.139775276184082,-1.811650276184082,-6.272587776184082,-8.499150276184082,-7.405480143221212,-6.978560797870159,-6.889807581381319,-6.749159932090151,-7.350760816374532,-7.89730191975832
701,-3.9696826934814453,-1.7431200742721558,-6.274370193481445,-8.282182693481445,-7.219861729812692,-6.728808775544167,-6.74317955794686,-6.329077720442001,-7.165091033159115,-7.753491140902042
702,-3.872143507003784,-1.7002685070037842,-6.309643268585205,-8.575268745422363,-8.067564958386356,-7.266839250922203,-7.301877139921999,-6.450279354987288,-7.684693573639379,-7.8347096629440784
703,-3.915942668914795,-1.9628175497055054,-6.197192668914795,-8.165942192077637,-7.0566346622945275,-6.632547527551651,-6.580034017146318,-6.384701132738883,-6.900355934365507,-7.682864330708981
704,-3.847104549407959,-1.737729549407959,-6.143979549407959,-7.886167049407959,-6.691057184667443,-6.158156871795654,-6.433130856385105,-6.136189222090252,-6.776909582862572,-7.494400771334767
705,-4.161371231079102,-1.9816839694976807,-6.153558731079102,-8.731683731079102,-7.184885379712796,-6.559005945920944,-6.723911999826669,-6.434819459857863,-7.059860704979656,-7.770918460562825
706,-4.10980224609375,-1.82073974609375,-6.06292724609375,-8.56292724609375,-7.274004568811506,-6.628208912909031,-6.937982080864458,-6.484819292876637,-6.9927140424988465,-7.59739288687706
707,-3.2872443199157715,-1.3106818199157715,-5.2481818199157715,-7.3497443199157715,-6.443708635255462,-5.532922767102718,-6.33421790113789,-5.990399121794326,-6.0920764103357214,-7.233539143577218
708,-3.2669243812561035,-1.2278618812561035,-5.2434868812561035,-8.095049858093262,-7.134186384289933,-6.2209926545619965,-6.548197746004007,-6.743498802114118,-6.134160755871562,-7.342324613593519
709,-4.205715656280518,-1.8619656562805176,-6.260403156280518,-8.44790267944336,-7.244845268854988,-6.2870515659451485,-6.90887999457118,-6.338538050602438,-6.760457275831868,-7.5416328106075525
710,-4.072148323059082,-1.861210584640503,-6.665898323059082,-7.197148323059082,-6.197247500269441,-6.644015118479729,-6.048776505223941,-6.025287747279435,-7.04095315782979,-7.410715317353606
711,-3.6118035316467285,-1.8383660316467285,-5.7055535316467285,-8.15086555480957,-6.924349545373843,-5.959789175540209,-6.807146667964844,-6.478998661012156,-6.689978121481545,-7.60983069986105
712,-2.968662977218628,-1.171787977218628,-5.210850715637207,-7.187413215637207,-6.796904914721381,-5.991229839622974,-5.906191467840472,-6.554619192906102,-6.007793424221745,-7.2174744214862585
713,-3.4068591594696045,-1.7349841594696045,-5.586546897888184,-7.211546897888184,-6.766321536080795,-6.538477182388306,-6.016274809022434,-5.992806076961642,-6.485036252583086,-6.817335213534534
714,-4.138652801513672,-1.990215539932251,-6.263652801513672,-8.513652801513672,-7.302837006791378,-6.565521001815796,-6.857464907625399,-6.513669609881617,-7.123116966089583,-7.857959603890777
715,-4.246865272521973,-1.8640525341033936,-6.098427772521973,-8.520302772521973,-7.4032521154294955,-6.490859776735306,-6.942251083550218,-6.465635299482528,-7.121948000349221,-7.848221976310015
716,-4.227134704589844,-2.0552594661712646,-6.297447204589844,-8.516197204589844,-7.524102921910526,-7.07557737827301,-6.852179645480646,-6.570898651979405,-7.500638721161522,-7.91770457290113
717,-3.1988322734832764,-1.2535197734832764,-5.5816450119018555,-6.9800825119018555,-6.035056311637163,-5.956587970256805,-5.480211726418929,-6.183234572044967,-6.3239452775305836,-7.347848244011402
718,-3.6862905025482178,-1.7175405025482178,-5.795665740966797,-8.030040740966797,-7.116071458287479,-6.510254308581352,-6.670712589118921,-6.295678734694775,-6.8269739134084375,-7.543504685163498
719,-4.231611728668213,-2.114424228668213,-6.231611728668213,-8.536298751831055,-7.1613757581071695,-6.658802971243858,-6.637908815228002,-6.294123649526227,-7.216045258715894,-7.68898936547339
720,-3.943925380706787,-1.897050380706787,-6.162675380706787,-7.959550380706787,-7.170629848886165,-6.930275857448578,-6.740844963987911,-6.365812420772272,-7.100233314744401,-7.822819534689188
721,-4.0106401443481445,-1.8153278827667236,-6.1825151443481445,-8.635640144348145,-7.229459879352362,-6.778311565518379,-6.745051144906029,-6.455965280452801,-7.229436038873246,-7.9060785677284
722,-3.111999750137329,-1.182312250137329,-5.27606201171875,-7.47137451171875,-6.854294294324063,-6.1167972683906555,-6.135470747380168,-6.557331919471835,-6.010523196324357,-7.316395269706845
723,-4.310298442840576,-2.021235704421997,-6.107173442840576,-8.825922966003418,-7.341690887798904,-6.375610403716564,-6.904125925873814,-6.607191800902001,-6.896335716039175,-7.770189099013805
724,-4.042176723480225,-1.9874893426895142,-6.198426723480225,-8.417177200317383,-7.393824454491551,-6.843609020113945,-6.760966777001158,-6.315625786714008,-7.315673707147653,-7.590544926002622
725,-2.811370611190796,-1.061370611190796,-5.006683349609375,-7.576995849609375,-6.788042062573368,-5.649804770946503,-6.248923181119608,-6.584828614983053,-5.8192702494052355,-7.313199147582054
726,-4.134674549102783,-2.001862049102783,-6.259674549102783,-8.634675025939941,-7.306661241971597,-6.749437972903252,-6.783160566104925,-6.517501711738078,-7.236317869734194,-7.845061553642154
727,-4.112854957580566,-2.0503549575805664,-6.480042457580566,-8.847229957580566,-7.237910149957315,-6.672570556402206,-6.862887262777804,-6.378490328735097,-7.191020726328134,-7.7384517546743155
728,-4.306476593017578,-2.0486643314361572,-6.204914093017578,-8.290851593017578,-6.454994675252237,-6.256593994796276,-6.439330815399444,-6.572113633083063,-6.783105251983216,-7.622670352458954
729,-4.208674430847168,-2.169612169265747,-6.232111930847168,-8.036799430847168,-6.708780759880028,-6.899781659245491,-6.349357007275103,-6.0680633782367295,-7.216565844282741,-7.542927013710141
730,-3.612525224685669,-1.815650224685669,-6.19846248626709,-7.69846248626709,-6.9642814209801145,-6.738817662000656,-6.425074099286576,-6.346913814449181,-7.1516476851465995,-7.6888091042637825
731,-4.140908718109131,-2.008096218109131,-6.179971218109131,-8.758096694946289,-7.305074328825867,-6.464901119470596,-6.828459499978635,-6.445612549649013,-7.0237888074916555,-7.709598703309894
732,-3.6592442989349365,-1.9014317989349365,-5.682682037353516,-7.573307037353516,-6.245305292162811,-6.267081826925278,-5.534316656376177,-5.948328256381501,-6.2687250320086605,-6.864240488037467
733,-3.803452491760254,-1.772202491760254,-6.209702491760254,-8.092514991760254,-6.701984997052932,-6.369723156094551,-6.553491591643251,-6.272213816578187,-6.826952813084063,-7.659312153235078
734,-3.9423508644104004,-1.8407883644104004,-6.3798508644104,-8.270476341247559,-7.051850072777597,-6.541338458657265,-6.614284156054055,-6.184555172778346,-7.083051559442538,-7.569979773834348
735,-3.93723726272583,-1.7341121435165405,-6.00754976272583,-8.140361785888672,-6.992002364961081,-6.523656062781811,-6.507586955332954,-6.382562756453808,-6.898229716698552,-7.61064413562417
736,-3.0872063636779785,-1.0637688636779785,-5.0793938636779785,-7.6887688636779785,-7.126404514652677,-6.054725129157305,-6.368491887416894,-6.696606039697144,-6.126362557792163,-7.336858520284295
737,-3.9160544872283936,-1.5957419872283936,-6.322304725646973,-7.603554725646973,-6.588040703340084,-6.32283116877079,-6.337972520865151,-6.14263010016748,-6.791109202808002,-7.466889929026365
738,-3.915137767791748,-1.938575267791748,-6.266700267791748,-8.313575744628906,-7.079295153882413,-6.5853129625320435,-6.446439860894316,-6.360467672197046,-7.251150009222329,-7.7570925001055
739,-4.355053424835205,-1.948803424835205,-6.222240924835205,-8.511303901672363,-7.245839463619632,-6.6073010712862015,-6.573887463855499,-6.167574286242598,-7.159849161012971,-7.479879656806588
740,-4.039280414581299,-1.8752179145812988,-6.265842914581299,-7.461155414581299,-6.281673648656579,-6.439407527446747,-5.953438039068715,-5.976806878692514,-6.609710209646437,-7.404727267101407
741,-3.290522813796997,-1.610835313796997,-6.243647575378418,-6.931147575378418,-6.876611221334315,-6.26475715637207,-6.165637844118464,-6.282740950107836,-7.032786485615361,-7.410627245903015
742,-4.179427623748779,-1.9138026237487793,-6.265365123748779,-8.546615600585938,-6.79669904356706,-6.5394288301467896,-6.601339339536935,-6.491938590943391,-7.046662210308568,-7.657395198941231
743,-4.004420757293701,-2.020045518875122,-6.199733257293701,-8.184107780456543,-6.949972362534027,-6.2878823429346085,-6.363939751754515,-6.2232022280513775,-7.020201551698847,-7.801925953477621
744,-3.9390406608581543,-1.9468532800674438,-6.095290660858154,-8.149978637695312,-6.923514957263251,-6.415282115340233,-6.407846091642568,-6.110931038738272,-6.853189345463761,-7.475249720737338
745,-4.017068862915039,-1.9467562437057495,-6.142068862915039,-8.509256362915039,-7.2515301667153835,-6.510996587574482,-6.774920701205701,-6.610829710901271,-7.009306667969213,-7.862555079162121
746,-4.174736499786377,-1.9091113805770874,-6.432548999786377,-8.815361022949219,-7.651361940312199,-7.040063098073006,-7.112270831472415,-6.5184975861884595,-7.518526076488342,-7.885841183364391
747,-2.660186767578125,-1.4726866483688354,-6.105499267578125,-5.910186767578125,-5.7073524767765775,-5.227220341563225,-5.433751455799211,-5.418053387129476,-6.4884263211424695,-7.238118447363377
748,-3.5929312705993652,-1.8194937705993652,-6.210118770599365,-7.538243770599365,-6.764928214266547,-6.308740854263306,-6.163296102109598,-6.319511771040197,-6.546135541633703,-7.43669592961669
749,-3.855064868927002,-1.9644399881362915,-6.026939868927002,-8.27694034576416,-6.964539046137361,-6.17990717291832,-6.198873756580724,-6.300392508392179,-6.69107734876161,-7.61985993757844
750,-2.999723434448242,-1.6950359344482422,-5.624723434448242,-6.999723434448242,-6.093564625400177,-5.920007705688477,-5.077886819100968,-6.3200495242144825,-6.171689982991666,-7.319154605269432
751,-3.7443838119506836,-1.8928214311599731,-6.056883811950684,-8.291258811950684,-7.111643907774123,-6.429256498813629,-6.392865180008812,-6.220958709640399,-6.892879484392324,-7.565522972494364
752,-3.0832841396331787,-1.2395341396331787,-5.044221878051758,-7.325471878051758,-6.7631939403072465,-5.653547793626785,-6.1614937746708165,-6.5598713156578015,-5.81778966532147,-7.248089294880629
753,-3.827650547027588,-1.6792131662368774,-6.046400547027588,-8.046401023864746,-7.359026781690773,-6.739645436406136,-6.788638828897092,-6.210480213017945,-7.2261673180619255,-7.647197563201189
754,-3.1743271350860596,-1.2837021350860596,-5.3774518966674805,-7.6587018966674805,-6.93223523634515,-6.257087245583534,-6.14310634092908,-6.588406801072779,-6.213465449305659,-7.330298318527639
755,-4.017277717590332,-1.743839979171753,-6.150090217590332,-8.657902717590332,-7.236111399011861,-6.865911439061165,-6.696996688348008,-6.37666571131831,-7.1110795722852345,-7.596089355647564
756,-3.3446075916290283,-1.1961700916290283,-5.422732353210449,-7.313357353210449,-7.024575313349487,-6.4614303559064865,-6.172787187981157,-6.524318456371475,-6.469724648275587,-7.0940426448360085
757,-4.05543851852417,-1.74293851852417,-6.21168851852417,-8.461688995361328,-7.414906974241603,-6.785669684410095,-6.844549297122285,-6.227327585121202,-7.078940508668893,-7.6142066195607185
758,-4.559123992919922,-2.324748992919922,-6.426311492919922,-8.988811492919922,-7.309225673270703,-6.62143811583519,-6.809176682036195,-6.348200321102013,-7.192008731137321,-7.681097000837326
759,-3.850282907485962,-1.756532907485962,-6.115907669067383,-8.264345169067383,-6.905075425333052,-6.212829701602459,-6.483151553471544,-6.2487374542652105,-6.75660836409952,-7.544142814353108
760,-4.083200454711914,-1.809762716293335,-6.247262954711914,-8.075387954711914,-6.638020029888139,-6.187400445342064,-6.395759819177329,-6.380094408808873,-6.7707976055608015,-7.80509633384645
761,-3.6267518997192383,-1.6423768997192383,-6.212689399719238,-7.993939399719238,-6.88468121799815,-6.39865879714489,-6.579927323979064,-6.079894542537659,-6.829946038713388,-7.4280582051724195
762,-4.298348426818848,-2.0170984268188477,-6.384285926818848,-8.954598426818848,-7.626590841078723,-6.851778984069824,-7.056216476805275,-6.5093015431139065,-7.47029578423826,-7.825834266841412
763,-3.882394552230835,-1.577707052230835,-5.999582290649414,-8.163644790649414,-7.351253146021918,-6.804735645651817,-6.882427691871271,-6.343345880415654,-7.163688181888574,-7.5232183039188385
764,-4.21295690536499,-2.0176444053649902,-6.35358190536499,-8.462957382202148,-7.064608569940901,-6.473013833165169,-6.603635071296594,-6.197345852754552,-6.955218550792779,-7.4992360305041075
765,-3.1460320949554443,-1.3725945949554443,-5.794469833374023,-6.739782333374023,-6.700856199502596,-6.3354498371481895,-5.90392934918782,-6.591378688237455,-6.677371259553183,-7.581145053729415
766,-4.101889610290527,-2.0003271102905273,-6.172202110290527,-8.344077110290527,-7.086368078598753,-6.590447962284088,-6.515999077648303,-6.5237779616418266,-6.97695374282921,-7.793834468349814
767,-3.1929166316986084,-1.3491666316986084,-6.2085418701171875,-6.9507293701171875,-6.614872452351847,-6.254187047481537,-6.255490657946211,-6.614811777870273,-7.0132880193668825,-7.570038049481809
768,-4.233139514923096,-1.9284520149230957,-6.139389514923096,-8.670639991760254,-7.201966044362052,-6.492928355932236,-6.709746359796554,-6.334714889443603,-7.108208057914453,-7.635231018066406
769,-3.5466153621673584,-1.8825528621673584,-6.2888031005859375,-6.9919281005859375,-6.234227174260013,-6.133028268814087,-5.640429494720593,-5.86694610102677,-6.601387973998499,-7.3241661712527275
770,-3.8803796768188477,-1.8022546768188477,-6.099129676818848,-8.263192176818848,-7.1539207643290865,-6.516773268580437,-6.599172472037026,-6.271017670546826,-7.0054469085953315,-7.688666336238384
771,-3.5361461639404297,-1.7783335447311401,-6.11427116394043,-7.76270866394043,-6.9034608521615155,-6.363368630409241,-6.247144578032021,-5.950225472308375,-6.5987360437065945,-7.371446596458554
772,-3.9254860877990723,-1.8629860877990723,-6.159861087799072,-8.784860610961914,-7.605226157713332,-6.862710721790791,-7.0973908896776265,-6.6051818132064,-7.316146611537988,-7.782785356976092
773,-3.2008891105651855,-1.232139229774475,-5.0602641105651855,-8.091514587402344,-7.201001161018212,-5.989276122301817,-6.732177018398943,-6.630590200331426,-6.107225056766765,-7.287442056462169
774,-3.3058626651763916,-1.1261751651763916,-5.188675403594971,-7.860550403594971,-7.2825049130333355,-6.1651539001613855,-6.6262009140573355,-6.774625420492157,-6.126228927132615,-7.332353711128235
775,-3.8091745376586914,-1.832612156867981,-6.059174537658691,-8.363862037658691,-7.1139738497222424,-6.396904744207859,-6.371721505016467,-6.223251461879045,-6.934260722264298,-7.533234344795346
776,-4.012277603149414,-1.645090103149414,-6.176340103149414,-8.121652603149414,-6.848356713759131,-6.216914802789688,-6.465472338153631,-6.121673106936214,-6.723313088383293,-7.375491252169013
777,-2.9431838989257812,-1.1150588989257812,-5.302558898925781,-6.724433898925781,-6.826242654991802,-6.1214932911098,-6.037048810081615,-5.888529776970245,-6.123005023604492,-7.0443276688456535
778,-3.545271396636963,-1.7171462774276733,-5.764021396636963,-7.576521396636963,-6.43604456281173,-5.729423888027668,-6.05314886358974,-6.248411416894669,-6.045365209945885,-7.293214315548539
779,-3.1148509979248047,-1.0601636171340942,-5.232038497924805,-7.599225997924805,-7.357202278071782,-6.189579643309116,-6.4977095116519195,-6.591436862672708,-6.279009099205723,-7.234139008447528
780,-3.8361706733703613,-1.6721080541610718,-5.961170673370361,-7.734608173370361,-6.609758604172384,-6.342309355735779,-6.226881619571941,-6.04713094208455,-6.5394080814148765,-7.284536065533757
781,-3.0430314540863037,-1.2539689540863037,-5.113344192504883,-7.339906692504883,-6.644811010701233,-5.541060492396355,-6.019721619115444,-6.316496610264949,-5.60570476941939,-7.290429316461086
782,-3.1725821495056152,-1.1022697687149048,-5.125707149505615,-7.524144649505615,-7.1102493861544644,-5.870194464921951,-6.20389449402137,-6.4929236169427895,-5.946140520420158,-7.07542933896184
783,-3.2081809043884277,-1.2316184043884277,-5.419118404388428,-7.512868404388428,-6.919264544296311,-6.323314145207405,-6.161338328791317,-6.551948428001197,-6.161387201820617,-7.280224582180381
784,-3.8018441200256348,-1.7705941200256348,-6.051844120025635,-8.161218643188477,-7.114470950662508,-6.443031162023544,-6.55190515331924,-6.215923786015992,-6.903488394251326,-7.474065829068422
785,-3.1183950901031494,-1.0402700901031494,-5.10276985168457,-7.49339485168457,-7.001330606493866,-5.999228022992611,-6.1965502495913825,-6.852786898467457,-6.134089586688788,-7.382034555077553
786,-3.5156030654907227,-1.2343530654907227,-6.390603065490723,-6.929665565490723,-7.140681144526752,-6.6674971878528595,-6.804714082492865,-6.257805228126017,-6.898445724986232,-7.56861284840852
787,-4.062738418579102,-1.6408631801605225,-6.375238418579102,-7.890863418579102,-6.726977094382164,-6.539083108305931,-6.219076987159497,-6.281505584569459,-6.820650810972438,-7.5604201555252075
788,-3.090785264968872,-1.114222764968872,-4.981410026550293,-7.661097526550293,-6.950263256469043,-5.706925749778748,-6.223645924350421,-6.551742553510849,-5.895556207971822,-7.178432850167155
789,-3.1582882404327393,-1.2286007404327393,-5.13485050201416,-7.50985050201416,-6.619348280044505,-5.872065611183643,-5.978652356709063,-6.291119098490526,-5.8615070537198335,-7.006371505558491
790,-3.9680287837982178,-1.8352162837982178,-6.218028545379639,-8.124279022216797,-7.093181360018207,-6.559509053826332,-6.514981982014433,-6.241485714719602,-7.038428421969002,-7.584749318659306
791,-3.8354523181915283,-1.8198273181915283,-6.429202556610107,-8.16357707977295,-6.898045297137287,-6.630791753530502,-6.429245590235951,-6.179214954299823,-7.069887993893644,-7.650719229131937
792,-4.15845251083374,-1.8850148916244507,-6.15064001083374,-8.525639533996582,-7.1898097934390535,-6.704588480293751,-6.61944377277905,-6.611593127128799,-7.135080454594572,-7.928992426022887
793,-3.0417611598968506,-1.2683236598968506,-5.17457389831543,-7.15113639831543,-6.6278442038892535,-5.696681659668684,-5.877763865268207,-6.213657974964008,-5.690323464266839,-7.061494933441281
794,-4.113231658935547,-1.9413564205169678,-6.144481658935547,-8.792919158935547,-7.48830985717359,-6.754148960113525,-6.761704205851856,-6.4960544108816975,-7.144538639353414,-7.659882550127804
795,-4.198703765869141,-2.0424537658691406,-6.308078765869141,-8.72995376586914,-7.566012971146847,-6.829281449317932,-7.050320266218478,-6.683094143749258,-7.284721371303021,-7.9600221030414104
796,-3.7161402702331543,-1.9348903894424438,-6.153640270233154,-7.278640270233154,-6.427259667063481,-6.577692687511444,-5.356847759656375,-6.0130389925998315,-6.505311244800396,-7.2249948885291815
797,-3.626789093017578,-1.7596014738082886,-5.993976593017578,-8.228351593017578,-6.915924427237769,-6.107590317726135,-6.3612073650547245,-6.2439903019921985,-6.603403924527811,-7.518074106425047
798,-2.945793628692627,-1.125481128692627,-4.852043628692627,-7.258293628692627,-6.610084150059265,-5.554525196552277,-6.070878144506423,-6.516136765010742,-5.656892763421638,-7.2580992467701435
799,-3.8148279190063477,-1.830452799797058,-5.892952919006348,-8.267952919006348,-7.104044187173713,-6.159920498728752,-6.330521461997705,-6.392973899621211,-6.666474338824628,-7.543431747704744
800,-4.236416816711426,-1.8614168167114258,-6.275479316711426,-8.087979316711426,-7.025725691957632,-6.533690586686134,-6.642781012691557,-6.478630542411338,-7.05686651718861,-7.890985187143087
801,-2.9398434162139893,-1.1429684162139893,-5.01796817779541,-7.35390567779541,-6.8072198450390715,-5.694095365703106,-6.041464923058811,-6.6898754829926474,-5.791533938769135,-7.258308729156852
802,-4.328289985656738,-2.109539747238159,-6.406414985656738,-8.593914985656738,-7.133102409192361,-6.582692444324493,-6.625223992512474,-6.375181436404091,-7.086187359069299,-7.528103893622756
803,-3.2585134506225586,-1.258513331413269,-5.141325950622559,-7.352263450622559,-6.790100040991092,-5.575191140174866,-6.172736989406985,-6.485116480958823,-5.875951616326347,-7.326762676239014
804,-4.106996059417725,-1.8804336786270142,-6.169496059417725,-8.200746536254883,-7.302404637492145,-6.8496333956718445,-6.849224089753989,-6.1851327418598885,-7.169562575989403,-7.6725521218031645
805,-3.7950351238250732,-1.9278476238250732,-6.263785362243652,-7.623160362243652,-6.904596669002785,-6.406567946076393,-6.334165690030204,-6.216933250165312,-6.865461223853345,-7.531880646944046
806,-3.7339277267456055,-1.874552845954895,-6.3589277267456055,-7.4526777267456055,-6.491896259525674,-6.4159301817417145,-6.210558292936184,-6.124572038463157,-6.59339451368578,-7.406796684488654
807,-3.898054361343384,-1.6871168613433838,-5.851179122924805,-8.030866622924805,-7.038771386658482,-6.639211639761925,-6.444971322122001,-6.077754616652783,-6.898118136261473,-7.212433261796832
808,-4.941216468811035,-1.777153730392456,-6.628716468811035,-8.745903968811035,-8.722557540560956,-7.020211644470692,-7.933458565174078,-6.933420061935976,-7.581922408644459,-8.18091470003128
809,-4.163567543029785,-1.9995050430297852,-6.179192543029785,-8.741692543029785,-7.343352074683935,-6.544763833284378,-6.843302010387561,-6.554205059926971,-7.124578115654003,-7.775870829820633
810,-4.044394493103027,-1.9428317546844482,-6.028769493103027,-8.724081993103027,-7.200733538476925,-6.466078944504261,-6.567875026728871,-6.520969033168512,-6.950708744843723,-7.781782379373908
811,-3.8639674186706543,-1.9577174186706543,-6.262404918670654,-8.668655395507812,-7.301544901703892,-6.744244962930679,-6.699939250356692,-6.551479458736139,-7.121827720453439,-7.644631338305771
812,-3.6231560707092285,-1.818468451499939,-6.7169060707092285,-7.0137810707092285,-6.935791721683927,-6.620465658605099,-6.2951039049294195,-6.310670137306261,-7.052909729674866,-7.581728970631957
813,-3.1716885566711426,-1.0857510566711426,-5.070126056671143,-7.687313556671143,-7.2578444242390106,-5.739424459636211,-6.546767470106715,-6.624844431400561,-6.171832193547743,-7.373044069856405
814,-4.007657051086426,-1.7810945510864258,-6.187344551086426,-8.320157051086426,-7.148434031376382,-6.834745094180107,-6.546775697086559,-6.476425051527258,-7.312421318922134,-7.8734640292823315
815,-3.658425807952881,-1.8224883079528809,-6.056863307952881,-8.197488784790039,-7.619457002067065,-6.8460205644369125,-6.752217053515778,-6.588128685832999,-7.2131752948625945,-7.906122252345085
816,-3.0744829177856445,-1.2151079177856445,-5.0041704177856445,-7.4885454177856445,-7.0434034917270765,-5.737546177580953,-6.222981927887304,-6.683884977928756,-5.8949205797107425,-7.327912617474794
817,-3.9002065658569336,-1.806456446647644,-6.165831565856934,-8.126769065856934,-7.369009493380872,-6.864187240600586,-6.767429708797863,-6.5642807482990975,-7.2361812584640575,-7.682279942557216
818,-3.981973886489868,-1.8257238864898682,-6.263223648071289,-8.677286148071289,-7.8101743431034265,-6.995690196752548,-7.1851367943163496,-6.630423784175946,-7.380462287550472,-7.92348937690258
819,-4.237570285797119,-1.76882004737854,-6.346945285797119,-8.526632308959961,-7.597006557494751,-7.06414507329464,-7.128226875760447,-6.511015653579307,-7.378227233377402,-7.907239240594208
820,-4.126191139221191,-1.9543160200119019,-6.110566139221191,-8.665253639221191,-7.055959221455851,-6.452579326927662,-6.7356021397790755,-6.579327583247505,-7.087184427611646,-7.868881832808256
821,-3.4283952713012695,-1.27995765209198,-5.5612077713012695,-7.7174577713012695,-7.248858798062429,-6.418101653456688,-6.451882599543751,-6.467482208907313,-6.4909909917769255,-7.328068599104881
822,-3.793135643005371,-1.8165732622146606,-6.113448143005371,-8.300948143005371,-6.941677564893325,-6.2773098051548,-6.488503812193812,-6.3947166202742665,-6.730714318044193,-7.510215539485216
823,-2.8019661903381348,-1.7550913095474243,-5.630091190338135,-6.114466190338135,-5.927144392349874,-5.462390825152397,-4.950480458173843,-6.106681346511323,-5.7864851847989485,-6.981404565274715
824,-3.2722513675689697,-1.2410013675689697,-5.600376129150391,-7.272251129150391,-6.897326943384542,-6.607059590518475,-6.069146036903476,-6.514450788424256,-6.530105589939922,-7.198270789347589
825,-3.1721248626708984,-1.0783747434616089,-5.187749862670898,-7.945562362670898,-7.492517587306793,-6.243810325860977,-6.515901207576462,-6.820575714022198,-6.398744462290779,-7.518566322512925
826,-3.8976144790649414,-1.9132393598556519,-6.006989479064941,-7.913239479064941,-6.671207535095164,-6.294261604547501,-6.264893050814862,-6.085137366986601,-6.452421896421583,-7.182266402989626
827,-4.255179405212402,-2.0129916667938232,-6.106741905212402,-8.841116905212402,-7.364636417842121,-6.573868744075298,-6.872414706995187,-6.497379183693738,-7.020868418549071,-7.593438971787691
828,-3.76895809173584,-1.6048957109451294,-5.94864559173584,-7.97208309173584,-6.808140509092482,-6.4665124118328094,-6.3315194826354855,-6.0814732312010165,-6.753414031569264,-7.1588759906589985
829,-3.2956016063690186,-1.1237266063690186,-5.264351844787598,-8.108101844787598,-7.233180639021157,-6.1922630704939365,-6.584693073813469,-6.576865315346367,-6.272226450899325,-7.332893752492964
830,-3.384086847305298,-1.1887743473052979,-5.165336608886719,-7.805961608886719,-7.227976431604475,-5.868731591850519,-6.493521688564215,-6.587234139187785,-6.095120544552628,-7.269240027293563
831,-3.97114634513855,-1.8852088451385498,-6.439896583557129,-8.510209083557129,-7.275921102555003,-6.673500299453735,-6.81493854434666,-6.338346719661786,-7.127463100128807,-7.685652839019895
832,-3.0174412727355957,-1.1580663919448853,-5.095566272735596,-7.501816272735596,-6.720715273244423,-5.570763349533081,-6.126883027711301,-6.3768409487547615,-5.8378634392647655,-7.098814902827144
833,-4.174577236175537,-2.018327236175537,-6.158952236175537,-8.862077713012695,-7.518409725598758,-6.549810707569122,-7.010554789696471,-6.6902128457459185,-7.260571358983725,-7.9095479771494865
834,-3.8309848308563232,-1.9950473308563232,-6.159109592437744,-8.221610069274902,-6.88577293841081,-6.3272868394851685,-6.479482768125308,-6.206002235256165,-6.776373502674687,-7.434167070314288
835,-4.0121259689331055,-1.9340007305145264,-6.1761884689331055,-8.504313468933105,-7.402858132343681,-6.654420360922813,-6.957489966021967,-6.684016466020694,-7.223127363067761,-7.9654465690255165
836,-4.212357997894287,-1.798295497894287,-6.251420497894287,-8.868608474731445,-7.517161124218546,-6.837774120271206,-7.079589723562094,-6.720183491622265,-7.376478431931901,-7.801068605855107
837,-3.9039669036865234,-1.9508419036865234,-6.161779403686523,-8.169591903686523,-7.138490308236214,-6.456123352050781,-6.6149847475171555,-6.224303602879445,-6.935308809828712,-7.57586145401001
838,-4.287346839904785,-2.037346839904785,-6.404534339904785,-8.967034339904785,-7.303025125038403,-6.6454078406095505,-6.826444029207778,-6.568606018978244,-7.365511297401099,-7.785816529765725
839,-4.174466609954834,-2.096341609954834,-6.260404109954834,-8.580716133117676,-7.283943647897104,-6.421279922127724,-6.604213951228303,-6.424481034175187,-6.994856116187293,-7.757160661742091
840,-4.578368663787842,-2.226806163787842,-6.461181163787842,-8.750244140625,-7.250305531495542,-6.884301960468292,-6.789353250347631,-6.625256419100879,-7.047159670943074,-7.814017586410046
841,-3.8787174224853516,-1.8943425416946411,-6.183404922485352,-8.042779922485352,-7.011650555010419,-6.455067336559296,-6.550650594926992,-6.449044823535587,-6.9256703823193675,-7.799261573702097
842,-2.861375331878662,-1.1895004510879517,-5.189500331878662,-7.330125331878662,-6.5491152713948395,-5.622392367571592,-5.877119891651091,-6.361415504601609,-5.705314022387029,-7.1385680716484785
843,-2.889303684234619,-1.1549286842346191,-5.248678684234619,-7.365866184234619,-6.506698825251078,-5.640178870409727,-6.10034405656188,-6.459650515920657,-5.811330306954915,-7.242714004591107
844,-3.2875454425811768,-1.1859829425811768,-5.279732704162598,-7.881295204162598,-7.24084864454926,-6.015593379735947,-6.568852065378451,-6.920382499387415,-6.162664763935027,-7.518576048314571
845,-3.843356132507324,-1.9371060132980347,-6.241793632507324,-8.093356132507324,-7.030947800252761,-6.412818655371666,-6.351223228870367,-6.273059368009854,-6.921551105915569,-7.608447063714266
846,-4.012782096862793,-1.9815318584442139,-6.176844596862793,-8.247157096862793,-7.005073065171018,-6.497014760971069,-6.442526696482673,-6.301859617120499,-6.76286208309466,-7.433247888460755
847,-3.877563714981079,-1.916626214981079,-6.0806884765625,-8.3385009765625,-7.283907766664925,-6.482943698763847,-6.6588687881449005,-6.3853908776127355,-6.869826075591845,-7.695283273234963
848,-3.7002170085906982,-1.7783420085906982,-6.106466770172119,-7.942404270172119,-7.020646088451031,-6.388512477278709,-6.286218164306774,-6.247109174577417,-6.5674781772031565,-7.250633394345641
849,-3.857905387878418,-1.834467887878418,-6.053217887878418,-8.303217887878418,-7.272057052454329,-6.456321254372597,-6.529832600182999,-6.357920884966006,-6.928275941118045,-7.618661034852266
850,-2.469128370285034,-1.5628783702850342,-5.594128608703613,-5.766003608703613,-5.852207148447633,-5.584459241479635,-4.813003651433974,-6.641049264821049,-5.641217447308009,-7.1702403500676155
851,-3.1360316276550293,-1.2688441276550293,-5.581344127655029,-6.823531627655029,-6.558260259072995,-5.85191697627306,-5.753361095834407,-6.409504770595959,-6.128450605305261,-7.150757309049368
852,-3.6532464027404785,-1.7548089027404785,-6.2235589027404785,-7.9266839027404785,-6.762732499628328,-6.439709156751633,-6.2158056480038795,-6.184513926353247,-6.833006856162683,-7.449017671868205
853,-3.6760737895965576,-1.9495112895965576,-6.113574028015137,-7.847949028015137,-6.7621101092372555,-6.401153892278671,-6.0823618166468805,-6.176086544912323,-6.644878505176166,-7.446883097290993
854,-3.256749153137207,-1.662999153137207,-6.092686653137207,-7.420811653137207,-6.444379678796395,-5.9994524866342545,-6.06931364328193,-6.053644180097763,-6.272455927362898,-7.279278518632054
855,-2.7386770248413086,-1.0980521440505981,-4.996489524841309,-7.066802024841309,-6.621724816301139,-5.734222963452339,-5.895051114013768,-6.410595058467152,-5.809168084408157,-7.1598696280270815
856,-3.235914468765259,-1.1499769687652588,-5.28278923034668,-7.59528923034668,-7.040759789379081,-6.113720536231995,-6.540651320181496,-6.392183899686643,-6.181322927615838,-7.206376664340496
857,-4.047155380249023,-1.867467999458313,-6.265905380249023,-8.867467880249023,-7.4300436944831745,-6.675158768892288,-7.055003523189953,-6.640917181898658,-7.320640443624143,-7.827551054768264
858,-3.7935545444488525,-1.7154295444488525,-6.199804306030273,-7.715429306030273,-6.895309429688496,-6.573123261332512,-6.551435110617604,-6.192011475370236,-6.973331447399687,-7.653039215132594
859,-4.278400421142578,-1.9971503019332886,-6.294025421142578,-8.629962921142578,-7.692606200449518,-7.01596263051033,-6.965955255913286,-6.622167467925465,-7.356598970567575,-7.881396284326911
860,-4.331342697143555,-1.9563429355621338,-6.331342697143555,-8.737592697143555,-7.565813536821224,-6.899891167879105,-7.089204429368692,-6.589166879585719,-7.425144671044109,-7.810053840279579
861,-3.5970888137817383,-1.7299013137817383,-6.073651313781738,-7.808026313781738,-6.97215258871438,-6.779493033885956,-6.33930671168855,-5.768972635230057,-7.058063387183211,-7.126086425036192
862,-3.8123888969421387,-1.8123887777328491,-6.148326396942139,-8.20301342010498,-7.140614504518453,-6.435677453875542,-6.781192778089462,-6.351468086102614,-6.945271727949148,-7.637140646576881
863,-4.175192356109619,-1.9564425945281982,-6.417379856109619,-8.331442832946777,-7.081611976536806,-6.601591199636459,-6.690908666256291,-6.222087383070175,-7.0502929636859335,-7.631951125338674
864,-4.192882537841797,-1.9116322994232178,-6.317882537841797,-8.896007537841797,-7.786720987220178,-6.904672667384148,-7.317929266791907,-6.521020173946454,-7.489817140711239,-7.819697245955467
865,-4.049589157104492,-1.9949015378952026,-6.119901657104492,-8.658964157104492,-7.424680705647916,-6.890601933002472,-6.846499323226453,-6.518350958754127,-7.237146971940092,-7.738491302356124
866,-4.050455570220947,-1.8238931894302368,-6.198893070220947,-8.480143547058105,-7.386434911804827,-6.872794806957245,-7.120797633688198,-6.36296248433564,-7.167675852237153,-7.766921421512961
867,-4.026909828186035,-1.925347089767456,-6.058159828186035,-8.448784828186035,-6.902014250073989,-6.306907624006271,-6.667601702363754,-6.261302590211926,-6.784795162406226,-7.461509322747588
868,-3.798919677734375,-1.7598572969436646,-6.150482177734375,-8.158294677734375,-7.056823845479812,-6.459765553474426,-6.658350108518789,-6.111434221162199,-6.86929738309118,-7.475247014313936
869,-3.771608829498291,-1.904421329498291,-6.170046329498291,-7.896608829498291,-6.802960271459597,-6.1148466765880585,-6.459170578003977,-6.263813972316711,-6.701372501331207,-7.60456477291882
870,-3.7879090309143066,-1.7332215309143066,-5.991034030914307,-8.178533554077148,-7.256726501094818,-6.8449210822582245,-6.600443958624965,-6.311356306027847,-7.100448250002955,-7.379835648462176
871,-4.061820030212402,-1.9446324110031128,-6.358695030212402,-8.585257530212402,-6.804053663141531,-6.642719075083733,-6.577474474474002,-6.233704447701712,-7.05403983540964,-7.3982181418687105
872,-2.665989398956299,-1.1972393989562988,-4.908176898956299,-6.837864398956299,-6.009922130106133,-5.436762351542711,-5.5410917944900575,-5.861330985599125,-5.220816125714919,-6.779652912169695
873,-4.070031642913818,-1.8825316429138184,-6.249719142913818,-8.79659366607666,-7.421685929853993,-6.638037741184235,-7.031009673250082,-6.445043563771833,-7.148206709560327,-7.775171421468258
874,-3.2785818576812744,-1.1379568576812744,-5.294206619262695,-7.653581619262695,-7.0833909437351394,-6.158833593130112,-6.239558099940041,-6.403603553531866,-6.153659579096711,-7.120285524986684
875,-4.0893330574035645,-1.886207938194275,-6.0815205574035645,-8.597145080566406,-7.206609245178697,-6.373262658715248,-6.6050065744057065,-6.542470693508221,-6.831581590697169,-7.695402691140771
876,-4.066713333129883,-2.074525833129883,-6.183900833129883,-8.324525833129883,-7.387097713748517,-6.740795314311981,-6.6917556515327306,-6.4886007308195985,-7.3323892342014005,-7.835216768085957
877,-3.2849111557006836,-1.183348536491394,-5.402098655700684,-7.667723655700684,-7.675685037014773,-6.392882712185383,-6.7302639476292825,-6.6755547521770495,-6.542810674698558,-7.331022270955145
878,-4.142763137817383,-1.9943253993988037,-6.189638137817383,-8.822450637817383,-7.619401452051534,-6.694228425621986,-7.095924615194235,-6.728710770556063,-7.174058674729167,-7.8293157778680325
879,-3.8213202953338623,-1.5791327953338623,-5.954132556915283,-8.274445533752441,-7.212051743539632,-6.473537102341652,-6.930732011111104,-6.352581262525746,-6.969811199658579,-7.504990788176656
880,-3.504190444946289,-1.5198153257369995,-5.941690444946289,-8.012002944946289,-7.2855015974419075,-6.733849078416824,-6.785465359376758,-6.246385812728477,-7.2151635878872185,-7.363033029250801
881,-3.856778383255005,-1.8645908832550049,-6.294278144836426,-7.934903144836426,-7.294413438226911,-6.84722426533699,-6.755282995814923,-6.731791853811046,-7.075611349457176,-7.920300265774131
882,-4.065074443817139,-2.0025744438171387,-6.447886943817139,-8.20569896697998,-7.651096936431713,-7.070730537176132,-6.752619146300276,-6.369774222298474,-7.479187606480991,-7.785411858931184
883,-4.098263740539551,-2.207638740539551,-6.418576240539551,-8.51232624053955,-6.973314760813082,-6.410062789916992,-6.4498654596281995,-6.176398634861471,-6.910807012576697,-7.669695198535919
884,-4.1637091636657715,-1.8043341636657715,-6.1637091636657715,-9.24964714050293,-7.671578644083638,-6.700224451720715,-7.249674439044611,-6.757467746698239,-7.437191127741244,-7.839283823035657
885,-3.8634984493255615,-1.8556859493255615,-6.019748687744141,-8.34787368774414,-7.2698407130810665,-6.390287473797798,-6.6604213703249115,-6.418199181472119,-6.879183171411569,-7.654525600373745
886,-4.068009853363037,-1.857072353363037,-6.380509853363037,-8.599260330200195,-7.364959833197645,-6.723599374294281,-6.935235022789129,-6.388334989467694,-7.302433489570831,-7.71048341691494
887,-4.063040256500244,-1.9380401372909546,-6.250540256500244,-8.602102279663086,-7.602171537895629,-6.778048649430275,-6.969329713996558,-6.45367777339743,-7.242771982168051,-7.718571001663804
888,-4.150852680206299,-1.768040418624878,-5.799290180206299,-9.033665657043457,-8.111881132797862,-6.933709599077702,-7.768089054821758,-7.002428173934277,-7.252491828839993,-7.86390813998878
889,-3.9062294960021973,-1.8827921152114868,-6.164041996002197,-8.031229972839355,-6.953229777122033,-6.4206872433424,-6.437538622063585,-6.132807969919668,-6.882864711027651,-7.550654420629144
890,-4.0806193351745605,-1.93999445438385,-6.1665568351745605,-8.377494812011719,-7.197891231793619,-6.71999479085207,-6.744723319145123,-6.533755659992494,-7.049421547479142,-7.762251570820808
891,-4.052797794342041,-1.951235294342041,-6.396547794342041,-8.498109817504883,-7.2326024702051654,-6.652761109173298,-6.740364191711706,-6.443441033197814,-7.185677406916511,-7.777545778080821
892,-3.700669765472412,-1.708482265472412,-6.255357265472412,-7.966294765472412,-6.794536702946061,-6.437134221196175,-6.325730083553935,-5.989749789085181,-6.731991050088254,-7.316803777590394
893,-3.840789318084717,-1.8251644372940063,-6.122039318084717,-8.348602294921875,-7.348676559515297,-6.866100296378136,-6.739265560354397,-6.239236950823397,-7.247085093404166,-7.4519041664898396
894,-3.349423885345459,-1.247861385345459,-5.099423885345459,-8.2634859085083,-7.232356541091576,-6.050590042024851,-6.7322827566822525,-6.536941528163879,-6.154212588910013,-7.27290141582489
895,-3.7950544357299805,-1.795054316520691,-6.3341169357299805,-8.02161693572998,-6.865482681248977,-6.705864429473877,-6.396669982455933,-6.084132075195157,-7.091991541841708,-7.542097872123122
896,-4.188369274139404,-1.8211820125579834,-6.289931774139404,-8.774307250976562,-7.625961061079579,-7.072473004460335,-7.086850642197533,-6.618069767867382,-7.493107913618587,-7.782184366136789
897,-3.883528709411621,-1.766341209411621,-6.274153709411621,-8.438216209411621,-7.360171672444267,-6.782078325748444,-6.766386627117754,-6.446041464724658,-7.227324127117754,-7.682731630280614
898,-3.3927998542785645,-1.478737473487854,-5.9865498542785645,-6.9865498542785645,-6.338309149447014,-5.853092096745968,-5.783533090456331,-6.135025262112322,-6.400694962903799,-7.155279608443379
899,-3.3788578510284424,-1.1835453510284424,-5.238232612609863,-7.972607612609863,-7.363362780684838,-6.094199001789093,-6.613283990493073,-6.597628950845319,-6.3633245187520515,-7.370595711283386
900,-3.1866610050201416,-1.2725985050201416,-6.0538482666015625,-6.5772857666015625,-6.7023918572449475,-6.154796093702316,-5.928930279231281,-6.139808773728873,-6.686707018736342,-7.259122144430876
901,-4.080890655517578,-1.8308908939361572,-6.151203155517578,-8.924640655517578,-7.393441556589096,-6.51170439273119,-6.90123641435639,-6.565274238550046,-6.909054636194924,-7.697297709994018
902,-4.460293769836426,-1.9993560314178467,-6.413418769836426,-8.413418769836426,-7.280725472024642,-6.843349874019623,-6.835350869456306,-6.319684862961367,-7.20255791847012,-7.739150688052177
903,-4.021226406097412,-1.880601167678833,-6.396226406097412,-8.427475929260254,-7.404179324774304,-6.760829389095306,-6.872847674549121,-6.435307144953185,-7.255678531531885,-7.8000321965664625
904,-4.1945977210998535,-1.9602227210998535,-6.2883477210998535,-8.803972244262695,-7.5228018729321775,-6.713050313293934,-7.069637655415136,-6.6086711882944655,-7.210272549342335,-7.861671352759004
905,-4.10215425491333,-1.9771541357040405,-6.47715425491333,-7.84434175491333,-6.852398246555822,-6.544130742549896,-6.4538227263547014,-6.250619053467744,-7.102274649048923,-7.634577812626958
906,-3.9536101818084717,-1.8129851818084717,-6.086422443389893,-8.57079792022705,-7.234958405417274,-6.3493823781609535,-6.8208436955246725,-6.328624248402775,-6.789607761471416,-7.613070085644722
907,-3.7097082138061523,-1.967520833015442,-6.326895713806152,-7.178458213806152,-6.311515062989201,-6.001250088214874,-5.834820383453916,-5.920680522311159,-6.577070936109521,-7.336996667087078
908,-3.8437633514404297,-1.7578259706497192,-6.12501335144043,-8.17188835144043,-7.015748733152577,-6.412114538252354,-6.593811749240558,-6.367215037244932,-6.804765937595221,-7.602945724502206
909,-4.224459648132324,-2.060397148132324,-6.326022148132324,-8.888522148132324,-7.599533555163362,-6.9159862250089645,-7.146371602328145,-6.771345019286855,-7.326068638674769,-7.903804236091673
910,-3.7059154510498047,-1.9090404510498047,-6.338727951049805,-8.073102951049805,-7.151308533284464,-6.427117809653282,-6.580959795923263,-6.346553325570312,-6.89348339803837,-7.668927578255534
911,-2.3522489070892334,-1.0475614070892334,-5.7819366455078125,-6.6022491455078125,-5.8991801723059325,-5.369285527616739,-5.375715612944987,-6.446008443788742,-5.461652397711077,-6.696744069457054
912,-4.053194522857666,-1.9047571420669556,-6.271944522857666,-7.818819522857666,-7.303309553208237,-7.0527548640966415,-6.70948958295412,-6.350082755001495,-7.373562572844094,-7.7327809277921915
913,-3.989838123321533,-1.9273380041122437,-6.169525623321533,-8.411712646484375,-7.247758740304562,-6.643669977784157,-6.708644507725694,-6.474231481382958,-7.146148799009097,-7.745143610984087
914,-3.918294668197632,-1.9261071681976318,-6.168294429779053,-8.222982406616211,-6.988723867252702,-6.259634241461754,-6.3089784366347885,-6.1917473076591705,-6.777763362289988,-7.459198124706745
915,-3.6686525344848633,-1.8561525344848633,-6.160840034484863,-7.809277534484863,-6.7156225397775415,-6.223063297569752,-6.340570210501028,-6.082726836134498,-6.481220958274207,-7.51557032763958
916,-3.268049716949463,-1.322737216949463,-5.213362216949463,-7.650862216949463,-6.924491863857838,-5.8091801404953,-6.346259590362024,-6.510266542005411,-6.01039253459021,-7.385363193228841
917,-4.006162643432617,-1.7639751434326172,-6.170225143432617,-8.021787643432617,-6.982833737201872,-6.556982547044754,-6.584346650288353,-6.107737898745654,-6.967167613613128,-7.628347856923938
918,-3.8784432411193848,-1.8550057411193848,-6.011255741119385,-8.433130264282227,-7.050419325489202,-6.258518785238266,-6.542562244725559,-6.2222075461322675,-6.698828456144838,-7.538500297814608
919,-3.1309633255004883,-1.2950258255004883,-5.177838325500488,-7.732525825500488,-6.732634896048694,-5.613532861694694,-6.4278905378050695,-6.545043945148791,-5.724805827630917,-7.390936061739922
920,-3.0954434871673584,-1.1891934871673584,-5.3063812255859375,-7.3141937255859375,-6.9862667126144515,-5.991085413843393,-6.212706086218532,-6.415786742698401,-6.095570675417548,-7.357089938595891
921,-2.921708583831787,-1.288896083831787,-5.054521083831787,-7.015458583831787,-6.242227294642362,-5.411913551390171,-5.812448614182358,-5.976427196972509,-5.484393460355932,-6.968041708692908
922,-3.433915853500366,-1.7229783535003662,-6.847978591918945,-6.785478591918945,-6.629306432558224,-6.334316968917847,-6.160535691538826,-5.910493492969181,-7.551145671914128,-7.390464475378394
923,-4.285066604614258,-1.9881917238235474,-6.456941604614258,-8.910066604614258,-7.238226532324916,-6.738935545086861,-6.855400323642243,-6.519447565061,-7.199160336960631,-7.906504889950156
924,-3.1186413764953613,-1.2436414957046509,-5.118641376495361,-7.485828876495361,-6.931433634948917,-5.703523319214582,-6.267172570609546,-6.649923681692599,-6.025084834458539,-7.43402917124331
925,-3.9603309631347656,-2.0306434631347656,-6.265018463134766,-8.515018463134766,-7.561967012559762,-6.705456927418709,-6.921312211987242,-6.530654430329378,-7.296329377226357,-7.890107728540897
926,-3.506810188293457,-1.397435188293457,-6.131810188293457,-7.319310188293457,-6.999071595324494,-6.056303847581148,-6.702182887172967,-6.389641761597886,-6.967785596127214,-7.43924187682569
927,-4.097625732421875,-1.917937994003296,-6.332000732421875,-8.332000732421875,-7.332061169705412,-6.943630859255791,-6.878911971391062,-6.238262414864039,-7.339853881963791,-7.608372135087848
928,-4.073077201843262,-1.9949524402618408,-6.198077201843262,-8.518389701843262,-7.315372699624277,-6.625577002763748,-6.744995116267091,-6.448091983686027,-7.12001752640208,-7.751220215111971
929,-4.019157886505127,-2.136345624923706,-6.167595386505127,-8.183220863342285,-6.855219714067061,-6.300108835101128,-6.441105005527788,-6.261360168347892,-6.72237026309449,-7.685813911259174
930,-3.163421154022217,-1.1165461540222168,-4.960296154022217,-7.694671154022217,-7.02293156660744,-5.815903287380934,-6.538465141282359,-6.3978197571832425,-5.757250305854541,-7.189416158944368
931,-2.7481164932250977,-1.2481166124343872,-5.091866493225098,-6.810616493225098,-5.9279569270438515,-5.511555299162865,-5.58411693375092,-5.982519030192634,-5.427909726276994,-6.899345358833671
932,-3.9976279735565186,-1.9351279735565186,-6.169503211975098,-8.661690711975098,-7.216434119567566,-6.475668117403984,-6.786722540349729,-6.372637987088638,-6.896105288677063,-7.63834435492754
933,-3.514782667160034,-1.6007201671600342,-5.858532428741455,-8.202282905578613,-7.374220726873318,-6.330201670527458,-6.616382002142927,-6.108542680687606,-7.0695234522791,-7.38149727974087
934,-4.200681209564209,-2.075681209564209,-6.177243709564209,-8.888181686401367,-7.513242719665868,-6.475381702184677,-7.060096739900473,-6.6069400310125275,-7.02885341532965,-7.8005008632317185
935,-4.259976387023926,-1.8537261486053467,-6.416226387023926,-8.595913887023926,-7.36941861880041,-6.836538702249527,-7.01782774849562,-6.838111877386837,-7.244386553145887,-7.963259417563677
936,-3.336230754852295,-1.242480754852295,-5.125293254852295,-7.672168254852295,-7.16455934359692,-5.900180716067553,-6.453484771423973,-6.547192454045216,-6.226995100805652,-7.2998381331563
937,-3.97361421585083,-1.6689268350601196,-6.30173921585083,-8.426739692687988,-7.254965657812136,-6.327548116445541,-6.622106550621538,-6.262693524218776,-7.208059666059853,-7.697112230584025
938,-3.9898276329040527,-1.9195150136947632,-6.349202632904053,-8.036702156066895,-6.8727309662572225,-6.48811200261116,-6.302366613581398,-6.208589672969538,-6.833643553465663,-7.4437797628343105
939,-4.065279006958008,-1.963716745376587,-6.229341506958008,-8.588716506958008,-7.534124250647437,-6.740125402808189,-7.065331100060575,-6.549667477516778,-7.299712417803676,-7.843324229121208
940,-3.2038097381591797,-1.2663097381591797,-5.15693473815918,-7.45380973815918,-6.930585361653357,-5.990810297429562,-6.336686728303903,-6.50852334465344,-6.0867357189636095,-7.343634642660618
941,-4.103511333465576,-1.798823595046997,-6.025386333465576,-8.744135856628418,-7.2989132364382385,-6.376648262143135,-6.892616390276089,-6.27539801590774,-6.9238829595269635,-7.62079006806016
942,-3.9900705814361572,-1.9744455814361572,-6.271320819854736,-8.341632843017578,-7.005763647641288,-6.482179015874863,-6.5369834892808285,-6.380707740712751,-7.029186128176661,-7.78030901402235
943,-2.924449920654297,-1.2838250398635864,-5.596324920654297,-6.494762420654297,-6.526089188490005,-5.82157888263464,-6.096380351438711,-6.338536381434096,-6.283877967380249,-7.306798342615366
944,-3.082176446914673,-1.1056139469146729,-5.121238708496094,-7.472801208496094,-7.152683477499522,-6.110502138733864,-6.300973175853869,-6.754077195782884,-6.23074471091968,-7.391148483380675
945,-3.962517499923706,-1.946892499923706,-6.032829761505127,-8.189080238342285,-7.204786058937316,-6.669450342655182,-6.571933268660359,-6.337527632659658,-6.962576149158849,-7.612121781334281
946,-3.1566874980926514,-1.2816874980926514,-5.0863752365112305,-7.3285627365112305,-6.711585022858344,-5.525113634765148,-5.969309560983675,-6.398910641044495,-5.695963240825222,-7.300432380288839
947,-3.8943963050842285,-1.691271185874939,-6.4647088050842285,-7.9490838050842285,-7.027267811939964,-6.646494776010513,-6.394428014253208,-6.019405841781918,-6.863178371870163,-7.510554916225374
948,-3.0006775856018066,-1.0553652048110962,-5.125677585601807,-7.422552585601807,-7.016390438991948,-5.931272737681866,-6.203831195422026,-6.735070466835168,-5.95386707574653,-7.41271692328155
949,-2.895620346069336,-1.1768702268600464,-5.333120346069336,-6.833120346069336,-6.786479684073129,-5.866520784795284,-5.966007229901152,-6.223772167799325,-5.981673114809382,-7.077614106237888
950,-3.681617259979248,-1.798804759979248,-5.978492259979248,-7.501929759979248,-6.6193052353628445,-6.276657402515411,-6.291069862214499,-6.041011452491148,-6.744217986757576,-7.480859970673919
951,-2.6898417472839355,-1.166404366493225,-4.9710917472839355,-7.2054667472839355,-6.400971632567234,-5.368004757910967,-5.814937586961605,-6.088306426632698,-5.533733834658051,-7.221964713186026
952,-3.062265396118164,-1.2419530153274536,-5.015390396118164,-7.562265396118164,-7.101501807352179,-5.698746304959059,-6.413890479037946,-6.718539476105434,-5.945192211293033,-7.370467621833086
953,-3.4246418476104736,-1.9012043476104736,-6.2137041091918945,-7.6590166091918945,-6.776308650274586,-5.942086383700371,-6.198134539976309,-5.8699718712177855,-6.737215873821697,-7.400471605360508
954,-4.034397125244141,-1.8000221252441406,-6.206272125244141,-8.27658462524414,-7.190746183259762,-6.789707362651825,-6.651626824441337,-6.167220473230373,-7.026638506391464,-7.496906105428934
955,-3.078352451324463,-1.1721025705337524,-5.093977451324463,-7.461164951324463,-6.7973173625796335,-5.663468219339848,-6.10185205743619,-6.523698925393546,-5.961296311332262,-7.278935648500919
956,-3.1055777072906494,-1.1133902072906494,-5.17588996887207,-7.44151496887207,-7.3244936328119365,-6.082293439656496,-6.519682764090248,-6.69153547265887,-6.199430460394069,-7.322919746860862
957,-3.7261064052581787,-1.8823564052581787,-6.077669143676758,-8.937044143676758,-7.444898008445307,-6.445346355438232,-6.827694654139123,-6.702677488292466,-7.007389783309918,-7.754857210442424
958,-3.1099281311035156,-1.180240511894226,-5.039615631103516,-7.523990631103516,-6.906952608376741,-5.612859234213829,-6.383417843408097,-6.453698873305257,-5.789713020349154,-7.220177751034498
959,-3.8440194129943848,-1.7112069129943848,-6.164331912994385,-7.820581912994385,-7.031682954766438,-6.782949984073639,-6.617523071960022,-6.086222171667032,-7.015970346430549,-7.531493432819843
960,-3.645779848098755,-1.7239048480987549,-5.872342109680176,-7.942654609680176,-7.106911759503419,-6.339018777012825,-6.661476847897575,-6.231741666491871,-6.888062353369605,-7.517778191715479
961,-4.193838119506836,-1.873525857925415,-6.334463119506836,-8.514150619506836,-7.451760643627495,-6.7900733053684235,-7.014196037212969,-6.420412897988172,-7.3892247649346245,-7.8139694686979055
962,-3.797820568084717,-1.8290704488754272,-6.000945568084717,-8.250945091247559,-7.06352197832166,-6.511955767869949,-6.6806683534123295,-6.2978297471581755,-6.985361694445601,-7.3512750919908285
963,-4.1869049072265625,-2.0540924072265625,-6.3587799072265625,-8.116592407226562,-6.960513577112579,-6.60916605591774,-6.374486919856281,-6.241611361323521,-7.116695279553824,-7.633289420977235
964,-4.096652984619141,-2.0419654846191406,-6.237277984619141,-8.49509048461914,-7.370185013118316,-6.673012927174568,-6.901395915403555,-6.4638532399321775,-7.159222838825372,-7.750146117061377
965,-3.3313798904418945,-1.065755009651184,-5.2063798904418945,-7.5579423904418945,-7.073763351305388,-5.947814427316189,-6.401742218684376,-6.753273844538853,-6.167408700588567,-7.354933412745595
966,-3.9937686920166016,-1.8297061920166016,-6.290643692016602,-8.235956192016602,-7.189202062931145,-6.777696385979652,-6.681315659374377,-6.517218828121258,-7.095391867704166,-7.682423638179898
967,-2.960693836212158,-1.4528814554214478,-5.398193836212158,-6.421631336212158,-5.968731735571055,-5.266748055815697,-5.398302787565626,-5.812288522203744,-5.5780361770885065,-7.07901069521904
968,-3.4348154067993164,-1.6770027875900269,-5.911377906799316,-6.919190406799316,-6.88034734701796,-5.99415086209774,-6.184971439579385,-6.333287000074051,-6.513036246476986,-7.34368970990181
969,-3.7266082763671875,-1.796920657157898,-6.3359832763671875,-7.8516082763671875,-6.8361210728180595,-6.39115197956562,-6.507930991392641,-5.968811750284658,-6.828252192994114,-7.5055666249245405
970,-4.087801456451416,-1.994051456451416,-6.204988956451416,-8.548739433288574,-7.533225530125492,-6.693218603730202,-6.970666883975355,-6.587814569386865,-7.23631560508511,-7.842874836176634
971,-3.260963201522827,-1.2062757015228271,-5.409400939941406,-7.675025939941406,-7.487722735109855,-6.265004448592663,-6.675074814556865,-6.425047993416229,-6.487636679237767,-7.3002176489681005
972,-3.3001890182495117,-1.2376888990402222,-5.300189018249512,-7.636126518249512,-7.065983638676698,-6.007394690066576,-6.440902110036404,-6.19083571410556,-6.011251441785134,-7.375092767179012
973,-3.5369067192077637,-1.3103442192077637,-6.263469219207764,-7.193156719207764,-7.013552543030528,-6.415958806872368,-6.4900875075982185,-6.357239126960849,-7.0135039085107564,-7.59809806663543
974,-4.184365272521973,-1.9109277725219727,-6.082802772521973,-8.707802772521973,-6.989119169891637,-6.397373154759407,-6.871900915462902,-6.293749332387051,-6.832846640580101,-7.511927326209843
975,-3.8061470985412598,-1.7514594793319702,-6.18114709854126,-8.298334121704102,-7.415614719866426,-6.583685517311096,-6.814007161916379,-6.399911165138292,-7.103088853516965,-7.85676952637732
976,-3.5731067657470703,-1.6590443849563599,-6.10435676574707,-7.32310676574707,-6.682668668450788,-6.104532212018967,-6.1513018583500525,-5.90125465366873,-6.526347034487117,-7.357254197821021
977,-3.7139527797698975,-1.3467652797698975,-5.682703018188477,-8.088953018188477,-6.9016956988489255,-6.11164977401495,-6.38588070730475,-6.651479959124117,-6.542183274454146,-7.542787618935108
978,-4.201205253601074,-1.9590177536010742,-6.341830253601074,-8.818392753601074,-7.4824945918917365,-6.8563326597213745,-7.052791833588344,-6.357461810090626,-7.279357432949837,-7.667872114107013
979,-4.75995397567749,-2.1662039756774902,-7.04901647567749,-8.674015998840332,-7.619431132821774,-7.2476745545864105,-7.252197025663918,-6.666214227623641,-7.760002850292949,-8.094974181614816
980,-3.8384926319122314,-1.5884926319122314,-6.182242393493652,-8.244742393493652,-7.143256184528582,-6.464153788983822,-6.8463450662166,-6.393191933559137,-6.752609370654682,-7.557949671521783
981,-3.4145593643188477,-1.2036218643188477,-5.398934364318848,-7.891121864318848,-7.508436790929409,-6.154636345803738,-6.781793116453628,-6.547390460795214,-6.305269714524911,-7.359375027008355
982,-3.2961156368255615,-1.0929906368255615,-5.389865875244141,-7.757053375244141,-7.108811955302372,-5.720285914838314,-6.52275061346154,-6.468013286339556,-6.257173530990258,-7.329771656543016
983,-4.139129161834717,-1.9360040426254272,-6.264129161834717,-8.850066184997559,-7.592325804049324,-6.6131021827459335,-6.896980523306411,-6.592264652197628,-7.264179228481225,-7.796304436400533
984,-4.168551445007324,-1.8482387065887451,-6.629488945007324,-8.152926445007324,-7.387405032517563,-6.964145138859749,-6.86390566738919,-6.285748839329244,-7.285792945356661,-7.706298594363034
985,-3.2321033477783203,-1.3258533477783203,-5.48210334777832,-7.09147834777832,-6.575976245003403,-5.913719564676285,-6.083699464234087,-6.325869440903261,-5.779040334688034,-7.127571861259639
986,-3.5962390899658203,-1.2134265899658203,-5.38530158996582,-8.12748908996582,-7.40889142783999,-6.198576718568802,-6.744721411654609,-6.471255898333766,-6.424459095258499,-7.213170316070318
987,-3.55190372467041,-1.2940912246704102,-5.63002872467041,-7.63002872467041,-7.020827874279348,-6.3266590759158134,-6.239449261582195,-6.333179115927123,-6.52855217087199,-7.219854298979044
988,-3.804363965988159,-1.7028014659881592,-6.14811372756958,-7.78092622756958,-7.132763228873955,-6.4124381095170975,-6.50757026339852,-6.398133516115195,-6.632597321338835,-7.359119335189462
989,-3.331277847290039,-1.1594027280807495,-5.229715347290039,-7.940652847290039,-7.386038419914257,-6.281399346888065,-6.659429072989951,-6.659416437056279,-6.346963046169549,-7.40569578204304
990,-4.032963275909424,-2.040775775909424,-6.290775775909424,-8.236088752746582,-7.415946826615254,-6.8525052815675735,-6.7205278852561605,-6.415793418727844,-7.2908568349375855,-7.78039450570941
991,-3.6374616622924805,-1.8249616622924805,-6.3015241622924805,-8.17652416229248,-7.114088652437204,-6.58097331225872,-6.520311712512921,-5.942158222157559,-7.121877431040048,-7.276772604323924
992,-4.085097312927246,-1.944472312927246,-6.381972312927246,-8.639784812927246,-7.639893525891239,-6.8791146874427795,-7.147661207061901,-6.5460524557456665,-7.327358243150229,-7.771199766546488
993,-3.0059869289398193,-1.1934869289398193,-5.451299667358398,-6.724737167358398,-7.07631754859176,-6.75994698703289,-5.9669356345530105,-5.990367412553496,-6.138814926031046,-6.816036131232977
994,-3.0118772983551025,-1.3087522983551025,-5.441564559936523,-7.129064559936523,-6.363688795507187,-5.785072967410088,-5.88695251657191,-6.340027331985766,-5.691702833151794,-7.229458160698414
995,-4.024567604064941,-1.8839426040649414,-6.313630104064941,-8.821442604064941,-7.54808711669466,-6.602936550974846,-6.93085729996892,-6.665203213635323,-7.2433664786804,-7.885515488684177
996,-3.5032458305358887,-1.4719959497451782,-4.214183330535889,-6.745433330535889,-6.597455276787514,-5.223473988473415,-6.065995304466924,-6.003298519652162,-5.589484050346073,-6.9227524772286415
997,-3.948399305343628,-1.737461805343628,-6.526524543762207,-7.753087043762207,-6.53447662810504,-6.372464373707771,-6.159406540362397,-6.21403884877509,-6.80785691399069,-7.515000715851784
998,-3.9951982498168945,-1.870198130607605,-6.2530107498168945,-8.440510749816895,-7.440605039919319,-6.545382767915726,-6.917119978767005,-6.471774458791515,-6.924948690342717,-7.679570687934756
999,-4.173613548278809,-1.7829887866973877,-6.353301048278809,-8.298613548278809,-7.165932885065558,-6.787186041474342,-6.736164091740648,-6.447066068536515,-7.329925415986509,-7.648950254544616
