,elephant,dolphin,panda,lion,kangaroo,penguin,giraffe,chimpanzee,koala,orangutan
000,-1.7302720546722412,-2.386522054672241,-3.488084554672241,-7.01152229309082,-4.68339800834633,-2.0127188488841057,-4.355532850662712,-7.644335031509371,-2.6162515743635595,-9.71466302859335
001,-0.6396272778511047,-1.57712721824646,-4.311502456665039,-5.952127456665039,-5.303689956665039,-5.679374817875214,-2.827363939868519,-5.616190671920549,-4.34317544096848,-8.452149986966106
002,-0.6464899778366089,-1.6621149778366089,-5.154302597045898,-6.826177597045898,-3.7793031930921757,-3.2008582251146436,-3.6311103996704333,-6.560552835464449,-3.6322283984627575,-9.373075484967558
003,-0.32346537709236145,-2.917215347290039,-4.378152847290039,-6.987527847290039,-4.674970626830941,-3.7094431314617395,-3.448638770089019,-6.573407888412447,-4.808996060164645,-9.05780005440647
004,-0.5108072757720947,-1.5889322757720947,-4.596744537353516,-6.581119537353516,-5.471744537353516,-5.425647552066948,-2.604725227560266,-5.91705751419056,-4.706560871942202,-8.307700037794348
005,-0.721085250377655,-2.3460853099823,-4.283585071563721,-6.486710071563721,-4.9242104291915325,-2.4928314122371376,-2.4243956632417394,-5.8851479291915325,-4.401831661933102,-9.135165095183766
006,-0.6641203165054321,-1.9766203165054321,-4.351620197296143,-7.562557697296143,-4.914120435714693,-3.9794143703766167,-2.273635496792849,-6.46880829334242,-3.5712008601403795,-8.242263316951721
007,-4.155439376831055,-2.6554393768310547,-6.827314376831055,-4.210126876831055,-7.624189615249605,-5.10761833190918,-6.038459517847514,-5.741377115249605,-6.110321764834225,-8.975801228258206
008,-0.5427960157394409,-1.480296015739441,-5.1365461349487305,-6.8084211349487305,-5.6834211349487305,-5.114440864650533,-3.457047683012206,-6.097484111785775,-5.449415138806216,-8.33187437045126
009,-0.7605936527252197,-1.3387186527252197,-4.198093414306641,-6.416843414306641,-5.127780914306641,-5.370789190987125,-2.213906032178784,-5.744969248771326,-3.9328135849209502,-8.119991779054544
010,-0.9996010065078735,-2.999600887298584,-4.929288387298584,-7.132413387298584,-5.538664340972446,-3.4667104110121727,-4.257727692805929,-7.140226125717135,-4.74297036381904,-9.835567712367265
011,-0.11746975779533386,-3.8362197875976562,-5.367469787597656,-8.234657287597656,-6.062782645225468,-4.463159418664873,-4.5552399985608645,-8.672157526016207,-6.689206301001832,-10.265929698693071
012,-0.3605756461620331,-2.0168256759643555,-5.1027631759643555,-7.6496381759643555,-5.298076033592167,-3.3524060593917966,-3.954470147189568,-8.110576033592167,-5.837950495653786,-10.532466530674355
013,-0.5611266493797302,-1.373626708984375,-5.412689208984375,-6.365814208984375,-5.904876708984375,-5.8196604034747,-3.225371463384363,-5.467377305030652,-5.225574061711086,-8.20177149752999
014,-0.5394946932792664,-1.3988697528839111,-4.750432014465332,-5.797307014465332,-5.516057014465332,-5.750895750272321,-2.9771746235201135,-5.297307729720842,-5.3601831682317425,-8.273888706977232
015,-0.5673356056213379,-1.473585605621338,-4.731398105621338,-6.551710605621338,-5.997023105621338,-5.325917782145552,-3.09878132812446,-5.645461201667615,-4.51300578872906,-8.450167059709202
016,-0.7979663610458374,-1.0635913610458374,-4.438591480255127,-6.626091480255127,-5.274528980255127,-5.5953551403363235,-3.1340971998433815,-5.485467195510637,-4.845233840256697,-8.141738891339628
017,-0.804132342338562,-1.022882342338562,-5.038507461547852,-6.397882461547852,-5.421319961547852,-5.343949748261366,-3.0230846200720407,-5.491633057594129,-5.0701819949026685,-7.882279276609552
018,-0.5055930614471436,-2.8337180614471436,-4.630593299865723,-7.864968299865723,-4.818093776702767,-2.6261024568229914,-3.3183388407924213,-7.1930936574935345,-5.038335996796377,-8.888424873170152
019,-0.25642043352127075,-2.334545373916626,-5.193920612335205,-6.545483112335205,-6.295483112335205,-6.483579100342467,-2.8034893086296506,-6.053296208381482,-5.26490475027822,-8.85800087435382
020,-0.7231043577194214,-1.4106043577194214,-4.316854476928711,-5.949666976928711,-4.840291976928711,-5.504926160443574,-2.7233130714303115,-5.418417811393397,-4.356423249817453,-8.15281486485037
021,-0.66264808177948,-1.85014808177948,-4.8032732009887695,-6.9438982009887695,-4.631398320198052,-4.078978587407619,-3.311322184250457,-6.326711058616581,-4.608590761956293,-8.357982039224225
022,-0.6727883219718933,-1.188413381576538,-4.821225643157959,-6.329038143157959,-5.125913143157959,-5.806314094632398,-2.688581452544895,-5.680601239204236,-4.931003727717325,-8.172815203313803
023,-0.6658837199211121,-1.3846337795257568,-5.017446041107178,-5.783071041107178,-5.525258541107178,-6.533905872842297,-2.056680306981434,-5.564321994781039,-4.822562483343063,-7.6737215515695425
024,-0.8058595061302185,-1.0089845657348633,-5.032422065734863,-6.391797065734863,-5.712109565734863,-5.978464217972942,-3.329532238014508,-5.782422900199549,-5.5484550358960405,-8.212132572862174
025,-0.40024957060813904,-1.6346246004104614,-5.134624481201172,-6.736186981201172,-5.993999481201172,-5.549498824460898,-3.5879073018440977,-5.658062696456682,-5.486705168907065,-8.767453670361647
026,-0.7757052183151245,-1.1194552183151245,-4.385080337524414,-6.385080337524414,-4.916330337524414,-5.463771183101926,-2.6665197431429988,-5.408518552779924,-4.440253139968263,-7.752292155922987
027,-1.069449782371521,-1.210074782371521,-4.2022624015808105,-6.3350749015808105,-5.1710124015808105,-4.0547908645821735,-2.1164725909911795,-6.069450497627088,-3.6011593478324357,-7.678845762988203
028,-0.6771805882453918,-1.458430528640747,-4.559993267059326,-6.442805767059326,-5.013118267059326,-5.490301297279075,-2.30240902674268,-6.013118982314836,-4.544739058415871,-7.942831635140465
029,-0.704501748085022,-1.110751748085022,-4.595126628875732,-5.876376628875732,-5.462314128875732,-5.8064883047482,-2.9390460109279957,-5.431064844131242,-4.908029236801667,-8.048272490294039
030,-0.34646061062812805,-2.9870855808258057,-4.479273319244385,-6.612085819244385,-5.362086176872197,-3.3996398393064737,-2.7841394979623146,-6.3777110576629354,-4.855311331688426,-8.799604773332248
031,-0.5542637705802917,-1.4605138301849365,-4.976138591766357,-6.233951091766357,-5.546451091766357,-6.086414527264424,-2.8201139911834616,-5.757389307021867,-4.648377590667224,-8.233971953184664
032,-0.5656338930130005,-1.3625088930130005,-4.956258773803711,-6.456258773803711,-5.729696273803711,-5.534998942923266,-3.1830144933919655,-5.862509489059221,-5.112902921246132,-8.292217135211104
033,-0.5532165169715881,-1.4282164573669434,-4.490716457366943,-6.756341457366943,-5.232903957366943,-5.085195037478115,-2.9440254995715804,-5.873529553413221,-4.717636759625748,-8.350109100194459
034,-0.4029167592525482,-2.762291669845581,-3.793541669845581,-6.84041690826416,-4.918542265891972,-3.4544320753775537,-2.3250131361855892,-7.371667265891972,-4.4975595065625384,-9.24668037882293
035,-0.4134678542613983,-1.5697178840637207,-5.327530384063721,-7.069717884063721,-6.452530384063721,-6.101642023713794,-3.2886302339320537,-6.022843599319231,-5.148211530438857,-8.593171357973915
036,-0.6883805394172668,-1.344630479812622,-4.375880718231201,-6.141505718231201,-5.368068218231201,-4.978128794231452,-2.813543902389938,-5.305568933486711,-4.430889435665449,-8.110277294868865
037,-0.3693316578865051,-1.9943315982818604,-4.7208943367004395,-7.4083943367004395,-5.7521443367004395,-5.081697754561901,-2.931988346215803,-6.861519813537484,-5.45591488503851,-8.884971022498576
038,-0.6386016607284546,-1.2323516607284546,-4.966726779937744,-6.458914279937744,-5.693289279937744,-6.0141823990270495,-2.998148069018498,-5.50579011440243,-5.138967923849123,-8.099559187681734
039,-0.7234054803848267,-1.1452804803848267,-4.817155361175537,-6.543717861175537,-5.559342861175537,-5.505166876595467,-3.137655240629101,-5.856218576431047,-5.200320658419514,-8.192176461006966
040,-0.5791434049606323,-1.3603934049606323,-4.555706024169922,-6.672893524169922,-5.251018524169922,-5.845330199808814,-2.594929682149086,-5.813519239425432,-4.642030998482369,-8.360413551130478
041,-0.8653646111488342,-1.3341145515441895,-4.2403645515441895,-6.4278645515441895,-4.7403645515441895,-5.381672625837382,-2.0999214483745163,-5.474740266799699,-3.912662059214199,-7.7013280388309795
042,-0.832832932472229,-1.223457932472229,-4.3172078132629395,-6.8172078132629395,-5.1453328132629395,-5.435028590844013,-2.4580255561013473,-5.528146147727625,-4.919296364649199,-7.965667485945232
043,-0.783416748046875,-1.314666748046875,-5.002166748046875,-6.259979248046875,-5.236541748046875,-5.909440827323124,-2.189933026151266,-5.424042582511561,-4.018206629494671,-7.400628566445448
044,-0.7865862250328064,-1.0053362846374512,-4.513148784637451,-6.192836284637451,-5.372523784637451,-6.013573556323536,-2.896129713175469,-5.661586880683728,-5.427538460615324,-8.442855000312193
045,-0.3051598072052002,-2.5395348072052,-4.258284568786621,-6.656722068786621,-6.1645346879959035,-5.22876887046732,-2.445899241574807,-7.008284926414433,-5.821691816614475,-9.594235658552861
046,-0.9499671459197998,-0.9499671459197998,-4.481217384338379,-5.918717384338379,-5.004654884338379,-6.184868674026802,-2.825164298643358,-5.473405718803065,-4.403515726124169,-7.871867417976318
047,-0.7118187546730042,-2.5555686950683594,-3.8055686950683594,-6.571193695068359,-5.14931893348691,-3.3662469587288797,-1.5869533924997086,-6.891506552696171,-4.837702837015968,-9.180585026608242
048,-0.4415765404701233,-2.3009514808654785,-4.9337639808654785,-7.1525139808654785,-5.658804297447148,-3.602689813822508,-2.7059068420057883,-7.400991797447148,-4.792707920190878,-9.00257050977416
049,-0.5818252563476562,-1.2537002563476562,-4.714637756347656,-6.417762756347656,-5.894325256347656,-6.0042898108949885,-3.3007758654566715,-5.745888471603166,-5.457254198583541,-8.441217899166077
050,-0.7497828602790833,-1.3904078006744385,-4.413845539093018,-5.781033039093018,-5.249783039093018,-6.063243404671084,-2.187519283936126,-5.554471611976055,-3.726678077626275,-7.773247599236129
051,-0.4291935861110687,-1.6323186159133911,-5.468255996704102,-6.874505996704102,-5.804193496704102,-5.28210405993741,-3.116938918508822,-6.257318973541146,-5.414045577665092,-8.390145420924455
052,-0.804753303527832,-1.398503303527832,-4.398503303527832,-6.796940803527832,-5.000065803527832,-5.344450987293385,-2.0080777207913343,-5.961004137992518,-3.883343588327989,-7.781338214623247
053,-0.912534236907959,-1.256284236907959,-4.342221736907959,-5.771909236907959,-4.717221736907959,-5.717754460521974,-2.2252400901634246,-5.217222452163469,-4.037904432421783,-7.685999035462373
054,-0.7744730710983276,-1.3369730710983276,-4.586973190307617,-6.235410690307617,-5.024473190307617,-5.876704230904579,-2.1965696566476254,-5.446349024772303,-4.212442049727542,-7.87605786298991
055,-0.8795565366744995,-2.770181655883789,-4.254556655883789,-6.074869155883789,-4.741345286369267,-2.2790017696097493,-2.194667915813625,-6.389782667160006,-4.539568111067638,-8.796053290159762
056,-0.8810384273529053,-0.9904134273529053,-4.427913665771484,-5.982601165771484,-5.232601165771484,-5.2564496149425395,-2.818676342983963,-5.701351761817762,-5.162689724587835,-8.295120596696506
057,-0.8487657904624939,-1.2393908500671387,-4.411265850067139,-5.778453350067139,-5.059703350067139,-5.310319472278934,-2.5052321915281937,-5.4190791845318245,-3.911794761021156,-8.215975284325395
058,-0.626021146774292,-1.282271146774292,-4.758833885192871,-5.993208885192871,-5.524458885192871,-6.0406706994981505,-2.751206380853546,-5.477584600448381,-4.860827829746995,-8.157290935325364
059,-0.5610451698303223,-3.0844826698303223,-4.154795169830322,-6.693857669830322,-5.053232908248873,-3.4699450163170695,-1.7018790026922943,-7.092295527458134,-4.897706246818416,-8.998559951665811
060,-0.4261387288570404,-1.5823887586593628,-5.324576377868652,-6.402701377868652,-6.152701377868652,-5.903546452987939,-3.176289189446834,-5.730826854705697,-5.848351659951732,-8.23865771275814
061,-0.9203135967254639,-0.9828135967254639,-4.365626335144043,-6.209376335144043,-4.951563835144043,-5.42852906222106,-2.6392371503898175,-5.506252050399553,-4.584799915231997,-7.826587676718191
062,-0.6333882212638855,-1.3365132808685303,-4.719325542449951,-6.164638042449951,-5.391200542449951,-5.719898655661382,-2.586725450892118,-5.641201376914637,-4.813494117872324,-8.227160095935687
063,-1.1060609817504883,-1.0748109817504883,-4.215435981750488,-5.902935981750488,-4.785748481750488,-5.106630639871582,-2.535941701338743,-5.254499197005998,-4.31737868709024,-7.473276853159405
064,-0.8329032063484192,-1.1454031467437744,-4.3250908851623535,-5.5985283851623535,-5.2157158851623535,-5.724088750197552,-2.950319740761188,-5.254779458045391,-4.481784483738011,-8.207927107518117
065,-0.5970144271850586,-1.3470144271850586,-4.987639427185059,-6.401701927185059,-5.651701927185059,-5.746185033931397,-2.9253157221828587,-5.6673276424405685,-4.988036791997729,-8.19859635811008
066,-0.5946457982063293,-1.5946457386016846,-4.618083477020264,-6.774333477020264,-5.297770977020264,-5.243851724138949,-2.4385775162518257,-5.6415218114849495,-4.149765636509983,-7.7743537423939415
067,-0.853429913520813,-1.150304913520813,-4.384679794311523,-5.595617294311523,-5.283117294311523,-5.815185569634195,-2.4317210774461273,-5.290930628776209,-4.510081091459142,-7.611264586199468
068,-0.9766547679901123,-0.8360297679901123,-4.367280006408691,-6.679780006408691,-4.906342506408691,-5.602068696258357,-2.9612223916483345,-5.586030960082553,-4.969241658633109,-8.273556947344332
069,-0.7210434079170227,-1.299168348312378,-4.611668586730957,-6.306981086730957,-5.502293586730957,-5.4012383128283545,-2.8306143091758713,-5.760106801986467,-4.63551536767045,-8.432003378618901
070,-0.7641198635101318,-1.2797448635101318,-4.568807601928711,-6.279745101928711,-4.990682601928711,-5.874146964226384,-2.2330847747653024,-5.553183317184221,-4.069153844960965,-8.045394539534755
071,-0.856637716293335,-1.356637716293335,-4.380075454711914,-6.176950454711914,-4.856637954711914,-5.411974934395403,-2.2787204765045317,-5.5363262891766,-4.0757363427837845,-7.528545259909151
072,-0.44780391454696655,-2.3540539741516113,-4.947803974151611,-6.604053974151611,-5.239824175834599,-3.1675916984677315,-2.2712385518825613,-7.427324175834599,-4.873511408222839,-9.607030391520311
073,-0.8530660271644592,-0.9468160271644592,-4.9468159675598145,-6.6577534675598145,-5.1186909675598145,-6.283319908834528,-2.728239997974015,-5.5561918020245,-5.19725908950204,-8.079652428350528
074,-0.7612144351005554,-1.2299644947052002,-4.784651756286621,-6.675276756286621,-5.151839256286621,-6.0900164932827465,-2.1988962723553414,-6.0268404483788345,-4.3632725439965725,-7.690928816429732
075,-0.4616484045982361,-1.5710234642028809,-4.867898464202881,-6.946023464202881,-5.563210964202881,-5.2049019613768905,-3.1493484773818636,-5.610086441039925,-5.368276524590328,-8.289791464634618
076,-0.8084140419960022,-1.2615389823913574,-4.605288982391357,-6.339663982391357,-5.097476482391357,-5.6060238759964705,-2.3242380420851987,-5.777164816856043,-4.504187239333987,-7.660005449828532
077,-1.0039925575256348,-0.92586749792099,-4.621180057525635,-6.425867557525635,-4.933680057525635,-5.598237272875849,-2.754166349564912,-5.574305891990321,-4.652798465569504,-8.144640683849502
078,-1.0311708450317383,-0.9999208450317383,-4.140545845031738,-6.195233345031738,-4.804608345031738,-4.664483541273512,-2.578201520242146,-5.6249214410780155,-4.2893870254047215,-8.124946593907225
079,-0.4056466817855835,-1.9212716817855835,-4.905646800994873,-6.522834300994873,-5.850959300994873,-5.008027338073589,-2.6402082269487437,-5.93689739704115,-5.140454675420187,-8.538474917282656
080,-0.7698968648910522,-1.0355218648910522,-4.848021984100342,-6.223021984100342,-5.363646984100342,-5.606274150515674,-3.1138200610148488,-5.879272699355852,-5.348338911368046,-8.34804022294702
081,-0.5370166301727295,-1.8651416301727295,-4.646391868591309,-6.997954368591309,-5.682906150817871,-4.738689656252973,-2.511184680639417,-6.292281627654916,-4.8240630403743125,-8.3938593863204
082,-0.3543427586555481,-1.9012176990509033,-5.284030437469482,-6.987155437469482,-6.221530437469482,-5.659794872801285,-2.7763715863984544,-6.44028103351576,-5.37033348553814,-8.971544265645207
083,-0.32875290513038635,-2.7037529945373535,-4.2975029945373535,-7.0318779945373535,-5.797503232955904,-4.9943942475365475,-2.3601199320110027,-6.961565971374398,-5.095080010010861,-9.125641107466436
084,-0.6015639305114746,-1.1953139305114746,-4.679688930511475,-6.812501430511475,-5.882813930511475,-6.078637469327077,-3.1798478238633834,-5.9453146457669845,-5.789405049319612,-8.546895503824999
085,-0.5869852900505066,-1.2588603496551514,-5.008860111236572,-6.524485111236572,-5.946360111236572,-5.868796071968973,-3.227789743541507,-5.915110826492082,-5.579496807942633,-8.360441565342626
086,-0.9522312879562378,-1.1241062879562378,-4.139731407165527,-6.092856407165527,-5.131918907165527,-5.750018776336219,-2.014898524619639,-5.764732360839389,-3.874632458551787,-7.7100692984222405
087,-0.9192952513694763,-0.9817952513694763,-4.614607810974121,-6.294295310974121,-5.138045310974121,-5.419876406609546,-2.763220890847151,-5.497421145438807,-4.490018402662827,-7.93494319889578
088,-0.792503297328949,-1.3237533569335938,-4.269065856933594,-5.878440856933594,-5.214378356933594,-5.496423881617375,-2.0895188948052237,-5.761254072189104,-3.925709051080048,-7.815965413745289
089,-0.7026636600494385,-2.5464136600494385,-4.257350921630859,-6.788600921630859,-4.640163779258671,-3.268159189959988,-1.8435204952402273,-7.101101279258671,-4.500462581694592,-8.663619756520347
090,-0.8144137263298035,-1.2831637859344482,-4.126913547515869,-6.189413547515869,-4.876913547515869,-5.2134956427617,-2.0958225601061713,-5.775351881980555,-4.510078248946229,-8.244120240036864
091,-0.4237534701824188,-2.830003499984741,-4.056565761566162,-7.392503261566162,-5.165940999984713,-3.7709323919843882,-1.9708343532402068,-7.298753619193974,-4.838792323891539,-9.259705543416203
092,-0.6793666481971741,-2.5387415885925293,-4.374679088592529,-7.327804088592529,-4.288741946220341,-2.4642950508277863,-1.9140076283365488,-7.35124182701108,-3.8367690357845277,-9.226260661906053
093,-0.8075450658798218,-1.1356700658798218,-4.627857685089111,-6.260670185089111,-5.159107685089111,-5.636286664695945,-2.6983612593176076,-5.651295900344621,-4.737615154561354,-7.956003427290852
094,-1.0565741062164307,-1.1503241062164307,-4.298761367797852,-5.744073867797852,-4.900323867797852,-5.807395240000915,-2.3771123631304363,-5.330012440680889,-3.7756595048995223,-7.39253985841242
095,-0.9872032403945923,-1.0028282403945923,-4.143453121185303,-6.159078121185303,-4.666890621185303,-5.471995266678277,-2.362399082048796,-5.510641336440813,-4.300052224250976,-7.830975532280718
096,-0.8078505992889404,-2.1672255992889404,-4.0891008377075195,-7.5344133377075195,-4.53441357612607,-3.2946105152368546,-1.6986309169296874,-6.682851195335331,-4.004159550182521,-8.565678357965226
097,-0.7729822397232056,-1.3042322397232056,-4.390169620513916,-6.780794620513916,-5.319857120513916,-5.094128141994588,-2.1950324620120227,-5.944857716560193,-4.632773312740028,-7.8276902435081865
098,-0.7209486961364746,-1.0490736961364746,-4.611573696136475,-6.744386196136475,-5.299073696136475,-5.674554709112272,-2.783634406965575,-6.10376203060116,-5.127572347439127,-8.46315693834731
099,-1.0395439863204956,-2.555169105529785,-4.031731605529785,-7.148919105529785,-4.492696762084847,-2.6856237915344536,-1.6648683106759563,-6.617696523666353,-3.525232917512767,-8.953651428075318
100,-0.6210922002792358,-2.4335923194885254,-4.589842319488525,-6.238279819488525,-6.378904938697808,-5.330351397395134,-1.6681713849393418,-6.57421779632557,-3.668356938753277,-9.894542336379345
101,-0.571626603603363,-2.477876663208008,-5.126314163208008,-6.016939163208008,-4.84506452083582,-3.6604665890336037,-2.775060844316613,-6.83725202083582,-4.400657124526333,-9.009148120649115
102,-0.5719054341316223,-1.4625303745269775,-4.767218112945557,-6.735968112945557,-5.650030612945557,-6.369661539094523,-2.462701782787917,-5.650031328201067,-4.767555895028636,-8.267238974343854
103,-0.8373025059700012,-1.4935524463653564,-5.1107401847839355,-6.5326151847839355,-5.4935526847839355,-5.635547414654866,-1.9625068694003858,-5.9623034000394455,-4.361157211125828,-7.384202122389979
104,-0.9082329869270325,-1.1269829273223877,-4.455108165740967,-6.251983165740967,-5.009795665740967,-5.330879033426754,-2.2521563617920037,-6.017608880996477,-4.525731396075571,-8.353569864922974
105,-0.48216623067855835,-2.825916290283203,-5.739978790283203,-6.169666290283203,-5.943104028701754,-5.900239106267691,-1.5136207133182324,-6.78685438632948,-6.357644205301767,-8.646244883408144
106,-0.4288182854652405,-2.8506932258605957,-5.100693225860596,-6.702255725860596,-5.389755845069878,-4.862940120976418,-1.788353311116225,-7.21006870269764,-4.937023681675782,-9.15539634216293
107,-0.5665799975395203,-2.785330057144165,-4.636892318725586,-5.871267318725586,-5.550954937934868,-4.7396219708025455,-1.6135796230955748,-6.886892914771863,-5.277886322583072,-8.590035199958947
108,-0.992694079875946,-1.2739441394805908,-4.445818901062012,-6.516131401062012,-5.641131401062012,-6.675207551568747,-1.7585093794041313,-6.492694616317522,-4.024225195404142,-7.992717027396793
109,-0.8588222861289978,-1.2338223457336426,-4.499447345733643,-6.460384845733643,-5.077572345733643,-5.5470779662719,-2.187120303453412,-6.0463230609891525,-4.874871044972679,-7.616662025082405
110,-0.15400400757789612,-3.2790040969848633,-6.364941596984863,-7.825879096984863,-6.982130169868462,-5.327120451256633,-2.8260973455326166,-8.263380527496224,-7.08413174044108,-9.849334239819655
111,-0.7390762567520142,-1.2703262567520142,-4.762513637542725,-6.293763637542725,-5.481263637542725,-6.00549261237029,-2.5830036244296934,-5.598451733589002,-4.817540230462328,-8.012535929441583
112,-1.0406649112701416,-1.1969149112701416,-3.8687899112701416,-5.8766021728515625,-5.0562896728515625,-5.103759112069383,-2.5877461220807163,-5.610977888107072,-3.814494771271711,-8.181314110457606
113,-1.050708293914795,-1.394458293914795,-4.199145793914795,-6.019458293914795,-5.214770793914795,-5.926722846226767,-1.8790358099940931,-5.410084128379481,-3.8557922054314986,-7.324167847389617
114,-0.8712003231048584,-1.0587003231048584,-4.1446380615234375,-5.8008880615234375,-5.2540130615234375,-5.535800550947897,-2.7151572490256513,-5.558701276778947,-4.371585533430334,-8.339973330237626
115,-0.8392994999885559,-1.3861744403839111,-4.28461217880249,-6.58929967880249,-5.05804967880249,-5.254158299067058,-2.1051288634189405,-5.9877377748487675,-4.183358144859085,-8.276821017027032
116,-0.40875932574272156,-2.830634355545044,-4.455634117126465,-7.557196617126465,-5.3775755167007375,-4.114814230008051,-1.8933802681131056,-7.6041383743285,-4.698318865412148,-9.510403752194179
117,-1.0262012481689453,-1.2762012481689453,-3.9871387481689453,-5.487138748168945,-5.088701248168945,-5.581788611714728,-1.9169814466149546,-5.393389701842807,-3.9718757212685887,-7.549662947361867
118,-1.1447391510009766,-1.4259891510009766,-3.9494266510009766,-6.121301651000977,-4.972864151000977,-5.3491268526995555,-1.7542829371086555,-5.793177604674838,-3.793485712929396,-7.558827280668993
119,-0.583075761795044,-3.129950761795044,-4.958075523376465,-6.825263023376465,-5.184638142585747,-4.5978748528286815,-1.2863795597368153,-7.294013500213509,-5.450588292616885,-8.778405070159351
120,-0.3104209303855896,-2.7166709899902344,-5.294795989990234,-6.232295989990234,-6.380733489990234,-6.0000071208924055,-2.013709889331949,-7.615108966827279,-5.842120427201735,-9.896374225492764
121,-0.4569793939590454,-2.285104274749756,-4.535104274749756,-7.113229274749756,-5.027291893959038,-3.8199873492121696,-2.2071549738029717,-7.535104632377568,-5.004234599269694,-9.910122513612805
122,-0.485383540391922,-2.6572585105895996,-5.1103835105896,-6.7510085105896,-4.876008629798882,-4.3733986942097545,-1.5167477065697312,-7.454133987426644,-5.064022289821878,-9.110401034209644
123,-0.5288242101669312,-1.3881992101669312,-4.755386829376221,-6.122574329376221,-5.739761829376221,-5.7404283447540365,-2.747756345401285,-5.560074925422498,-5.068345560692251,-8.69290375694436
124,-0.8478482961654663,-1.2228482961654663,-4.894723415374756,-6.230660915374756,-5.230660915374756,-5.832904821902048,-2.2543599263590295,-5.441599130630266,-4.285707409319002,-7.652557492023334
125,-1.31898832321167,-1.60023832321167,-3.74086332321167,-6.00648832321167,-5.28773832321167,-5.508734324714169,-1.2879277288302546,-6.36586403846718,-2.9209892980579752,-7.7721385952609126
126,-0.8604227900505066,-1.0479228496551514,-4.563547611236572,-5.836985111236572,-5.407297611236572,-5.478247558523435,-2.891846760889166,-5.321360826492082,-5.048262180847814,-8.227631568688594
127,-0.6799319982528687,-1.5705569982528687,-4.648682117462158,-6.156494617462158,-5.515869617462158,-5.2432792173931375,-2.1488472086930415,-6.078370094299203,-5.063011133926921,-8.609636306615357
128,-0.36070215702056885,-2.6888270378112793,-6.391952037811279,-6.720077037811279,-6.540389657020562,-5.489378361962736,-2.4858935887896223,-7.860702514648324,-6.25177790489397,-9.22790646539579
129,-0.8217887282371521,-1.0874137878417969,-4.657726287841797,-6.235851287841797,-5.353038787841797,-5.228840863797814,-2.6344488730974263,-5.931164383888074,-5.173735425603809,-8.032750367829067
130,-0.8773215413093567,-1.377321481704712,-4.463259220123291,-6.174196720123291,-5.447634220123291,-6.292595487087965,-1.799388032683055,-6.080447554587977,-4.041676240245579,-7.760154366289498
131,-0.919642984867096,-1.2008929252624512,-4.388392925262451,-6.396205425262451,-4.802455425262451,-5.0451825592899695,-2.107313141634222,-5.747768640517961,-4.3263586866960395,-7.982168674137938
132,-0.9349244236946106,-1.0286743640899658,-4.888049602508545,-6.294299602508545,-5.255237102508545,-5.802662816946395,-2.638257720216643,-5.739612817764055,-4.763435051048873,-7.989634871222734
133,-0.865398108959198,-1.2403981685638428,-4.451335430145264,-6.131022930145264,-4.904460430145264,-5.319054581457749,-2.240565762782353,-5.904461026191541,-4.264103972614976,-8.14666986442353
134,-0.4297627806663513,-2.648512840270996,-4.031325340270996,-6.414137840270996,-4.781325340270996,-4.470709336223081,-1.7892582344065886,-7.164138317108041,-4.9457782936806325,-9.289154171810878
135,-0.4032558798789978,-2.8251309394836426,-5.043880939483643,-6.559505939483643,-5.793880939483643,-5.675523462705314,-1.590891948028002,-7.286068916320687,-6.130355928908102,-8.559523105464905
136,-0.4831514358520508,-2.655026435852051,-4.842526435852051,-6.530026435852051,-4.998776435852051,-4.963395367376506,-1.4989265090844128,-7.365964412689095,-5.257068995619193,-9.069106817085412
137,-0.8546053767204285,-2.6046054363250732,-3.9327304363250732,-6.299917697906494,-4.338980317115777,-3.6505042943172157,-1.2610027681512292,-7.346793174743539,-4.5973421017988585,-8.854622721526539
138,-0.4531802535057068,-2.4844303131103516,-4.875055313110352,-6.109430313110352,-4.601618051528902,-4.240998439490795,-1.8753225446271244,-7.187555789947396,-5.430398368509486,-8.601632833368058
139,-0.9073219299316406,-0.9229469299316406,-4.688571929931641,-6.126071929931641,-5.094821929931641,-5.8061787202896085,-2.7981370506749954,-5.446385145187151,-5.2904327662836295,-8.102659582775232
140,-0.8002985119819641,-1.2377984523773193,-4.464361190795898,-6.315923690795898,-5.198736190795898,-5.402470045664813,-2.5505207529931795,-5.401862025260584,-4.527229122177232,-7.94094788998882
141,-0.4551008939743042,-2.9551010131835938,-4.064476013183594,-6.189476013183594,-5.072288632392876,-4.324304692680016,-1.5958803772809915,-7.439476490020638,-5.104018334648572,-9.212930798381421
142,-0.8811612725257874,-1.3030362129211426,-4.326473712921143,-6.373348712921143,-4.974911212921143,-5.303596101410221,-1.943834528210573,-5.748349547385828,-4.193950134504121,-8.060871362440594
143,-0.7260800004005432,-1.5229549407958984,-4.272954940795898,-5.937017440795898,-5.124517440795898,-5.765833139244933,-2.101296520617325,-5.601080656051408,-3.9608971095003653,-8.241728424749454
144,-0.6597377061843872,-1.5816127061843872,-5.339425086975098,-6.925362586975098,-5.558175086975098,-5.660651742655318,-2.3787079806643305,-6.847238183021375,-4.519665207713842,-8.63632726632386
145,-0.7797550559043884,-1.2485051155090332,-4.889130115509033,-6.498505115509033,-5.600067615509033,-6.155817540129647,-2.3893592095264466,-5.506318330764543,-4.42075984418625,-7.764157771682221
146,-0.9631626605987549,-1.0569126605987549,-4.189724922180176,-6.431912422180176,-5.056912422180176,-5.18246611522045,-2.432083234540187,-5.463163375854037,-4.627568543510279,-7.908501743910165
147,-0.910746157169342,-0.973246157169342,-4.691996097564697,-6.324808597564697,-5.395121097564697,-6.184969116584398,-2.5202977501321584,-5.699809432029383,-4.7626392294769175,-8.074832796768533
148,-0.8490317463874817,-1.036531686782837,-4.067781925201416,-5.528719425201416,-4.934969425201416,-4.740144491515821,-2.5054312832508003,-6.020907521247693,-4.3650242607691325,-8.98967611770422
149,-0.6824027299880981,-1.6199027299880981,-4.307402610778809,-5.940215110778809,-5.221465110778809,-5.456881100311875,-2.19820569359581,-5.666778206825086,-4.276545924076345,-8.088672876152486
150,-0.6828805208206177,-1.4016305208206177,-4.518817901611328,-6.432880401611328,-5.534442901611328,-6.183953781845048,-2.1830736211995827,-6.057880997657605,-4.511363918893039,-8.479774474915757
151,-1.0072072744369507,-1.3509572744369507,-4.02283239364624,-6.55408239364624,-4.51501989364624,-4.687684939068276,-2.163630589740933,-5.5306454896925175,-3.9215679916378576,-7.952544808076709
152,-0.5025874972343445,-2.4869625568389893,-4.86977481842041,-6.65102481842041,-5.43227481842041,-5.371187165961601,-1.580822580959648,-6.916650295257455,-5.245088170544477,-9.010417103618238
153,-0.8115478157997131,-2.0771727561950684,-5.483422756195068,-6.709985256195068,-5.858422756195068,-5.409452141728252,-1.311704265739536,-6.999048352241346,-6.093150672619231,-8.874065160607643
154,-1.0242778062820435,-1.4461528062820435,-4.180527687072754,-6.407090187072754,-5.243027687072754,-5.9166114028776065,-1.9307114909315715,-5.844590902328264,-3.712145975936437,-7.32899177039144
155,-1.0395456552505493,-1.0395456552505493,-4.96923303604126,-6.32860803604126,-5.43017053604126,-5.844860237790272,-2.4615980229282286,-5.648921370505946,-4.383628193842014,-7.445820688884851
156,-0.746551513671875,-1.246551513671875,-4.309051513671875,-6.082489013671875,-5.168426513671875,-5.348829490249045,-2.652977808669675,-5.512177228927385,-4.574969725537812,-8.21532380555982
157,-0.8727483153343201,-1.9039983749389648,-4.177435874938965,-6.224310874938965,-5.052435874938965,-5.584550840954762,-1.5135690974420868,-5.849311590194475,-4.013744285446592,-8.161832570795013
158,-0.8674389123916626,-0.9299389123916626,-4.711188793182373,-5.992438793182373,-5.500251293182373,-5.336867698002607,-2.9457143431791337,-5.88306438922865,-5.195800157263875,-8.156523585081231
159,-0.7635524868965149,-1.2010524272918701,-4.630740165710449,-6.279177665710449,-5.380740165710449,-5.834340340225026,-2.4668704085052013,-5.708865761756726,-4.928002163389465,-8.35732448077215
160,-0.7666539549827576,-1.1885290145874023,-4.805716514587402,-6.485404014587402,-5.446341514587402,-6.056540030811448,-2.344987966644112,-6.079154729842912,-4.6498077525466215,-8.25886189916855
161,-0.42938169836997986,-3.0856316089630127,-5.163756847381592,-6.374694347381592,-5.304381847381592,-4.892765864729881,-1.5232970577926608,-6.952819824218636,-5.414163864275906,-8.616898894157202
162,-0.9627848267555237,-1.228409767150879,-4.259659767150879,-6.361222267150879,-5.181534767150879,-4.947829141630791,-2.025473576839431,-5.876847863197156,-4.166359323513461,-7.900316357114207
163,-0.6498624086380005,-1.5248624086380005,-4.532674789428711,-6.024862289428711,-4.962362289428711,-5.10370550584048,-2.4000184414035175,-5.634237885474988,-4.751716094498988,-8.274883627664167
164,-0.8649573922157288,-1.146207332611084,-4.357144832611084,-5.779019832611084,-5.161832332611084,-5.310791237279773,-2.9198677291424247,-5.30245816707577,-4.388761810667347,-8.286858915942503
165,-0.48614174127578735,-2.0642666816711426,-4.658016681671143,-6.392391681671143,-5.892391681671143,-6.049804011709057,-1.7987605262678699,-6.837704658508187,-5.5100733012659475,-9.033032655595889
166,-0.6399872899055481,-2.7493622303009033,-4.749362468719482,-6.491549968719482,-5.382174968719482,-5.414924212382175,-1.1869659370058798,-6.79623806476576,-4.999772583774757,-8.733754396287623
167,-0.853394627571106,-1.400269627571106,-4.689332008361816,-5.962769508361816,-5.376832008361816,-5.901316452189349,-1.9004635622841306,-5.751832842826502,-3.9319068635231815,-7.470607280411059
168,-1.0343103408813477,-0.8624352812767029,-5.221810340881348,-6.237435340881348,-5.854622840881348,-5.628829421824776,-2.643886188365286,-5.885873556136858,-5.433135076891631,-7.651520967216129
169,-0.9327396750450134,-2.573364734649658,-3.690552234649658,-6.612427234649658,-3.2374273538589406,-2.8887241689953953,-1.339189390273532,-7.487427711486703,-3.3316079642390832,-9.573381662217798
170,-0.8424698710441589,-1.0924699306488037,-4.975282192230225,-6.115907192230225,-5.319032192230225,-5.3117225097958,-2.4988934843131574,-5.623720288276502,-4.88974289118778,-7.522182821898241
171,-1.0279573202133179,-1.0904573202133179,-4.113894939422607,-5.707644939422607,-4.918582439422607,-5.356690698594321,-2.41872953287384,-5.246708273887293,-3.9033231066714507,-7.793609857182673
172,-0.8667051792144775,-1.1635801792144775,-4.288579940795898,-6.147954940795898,-4.851079940795898,-5.24226387613453,-2.3981337387813255,-5.710455417632943,-4.5233496840519365,-8.108915090304436
173,-0.8730088472366333,-1.1855088472366333,-4.505821228027344,-6.373008728027344,-5.130821228027344,-5.115914206195157,-2.216926322245854,-5.802696824073621,-4.529617841122672,-7.966784476902831
174,-0.848226010799408,-2.8013510704040527,-4.543538570404053,-6.441976070404053,-5.137288808822603,-4.71107783797197,-0.9577944687625859,-6.832601547241097,-4.840799972269451,-8.44199681259488
175,-0.47541382908821106,-2.8504137992858887,-4.772288799285889,-5.991038799285889,-5.873851299285889,-5.001356084831059,-1.38181136950152,-7.2254141569137005,-5.460287804075051,-8.928552865889287
176,-0.43154773116111755,-2.4627976417541504,-4.63467264175415,-6.26748514175415,-5.68154764175415,-5.526476522558369,-1.775421254162211,-6.845610737800428,-5.096095086744754,-9.423752426959254
177,-0.6829604506492615,-1.1517105102539062,-4.784523010253906,-6.050148010253906,-5.550148010253906,-5.9961955229518935,-2.776888354695984,-5.526711344718592,-4.902061281667557,-7.9017314908687695
178,-0.5626775026321411,-1.5001775026321411,-4.562677383422852,-6.367364883422852,-5.257989883422852,-5.883539168164134,-2.2659768906014506,-5.922052979469129,-4.11781455896562,-8.70332396007143
179,-1.365954041481018,-3.3347039222717285,-4.3268914222717285,-6.3034539222717285,-4.1620295047759726,-3.3296771072782576,-0.6153695351677015,-7.294842123985234,-4.709523605182767,-8.474547862833788
180,-0.5375052690505981,-1.5062552690505981,-5.037505149841309,-6.475005149841309,-5.803130149841309,-6.1086047173594125,-2.3189426484750584,-5.9828183650968185,-4.756588999327505,-8.412526845697357
181,-0.45154979825019836,-3.029674768447876,-4.865612506866455,-6.646862506866455,-5.0374876260757375,-4.588523183949292,-1.5610959383338923,-7.1937379837035,-4.959910242701881,-8.357816219189772
182,-0.4175359606742859,-2.6362860202789307,-4.409723281860352,-6.261285781860352,-5.315973281860352,-4.723950086394325,-1.8239483701472636,-7.097223758697396,-4.933670629223343,-9.29255127894794
183,-1.0154595375061035,-1.3904595375061035,-4.3592095375061035,-5.9920220375061035,-4.8592095375061035,-5.852240206848364,-1.9219183703680756,-5.367023110389141,-3.625192220613826,-7.4451702830465365
184,-0.7817344069480896,-1.4536094665527344,-4.508296966552734,-6.320796966552734,-5.133296966552734,-5.360591262986418,-1.9694273285858799,-5.875485181808244,-4.0244179925648496,-7.867699503520271
185,-0.5542568564414978,-1.1948819160461426,-5.108944416046143,-6.468319416046143,-5.913631916046143,-6.2814619860146195,-3.3669366675021593,-5.6011326313016525,-5.632749966607662,-8.35114991647788
186,-1.0417940616607666,-1.1667940616607666,-3.9636690616607666,-5.6199188232421875,-4.8074188232421875,-5.331669953186065,-1.8856874601478921,-5.502732038497697,-4.073388278746279,-7.6746278998907655
187,-0.6430941820144653,-2.361844062805176,-4.166531562805176,-5.979031562805176,-5.393094062805176,-5.333114544395357,-1.2994389489103924,-7.04153203964222,-5.167131839785725,-9.05717122544047
188,-1.316359281539917,-1.144484281539917,-3.738234281539917,-5.683547019958496,-4.730422019958496,-4.543641427590046,-2.2462347569235135,-5.339797616004773,-3.519892490032362,-7.85544931851291
189,-0.8400735855102539,-1.199448585510254,-4.199448585510254,-5.699448585510254,-5.332261085510254,-5.551672359171789,-2.5434214820415946,-5.597886681556531,-4.121755506697809,-8.23853230453824
190,-0.5110459327697754,-2.6516709327697754,-4.284483432769775,-6.167295932769775,-5.393858432769775,-5.488976019783877,-1.4330267850164091,-6.87823390960682,-5.019211825856473,-9.182938217958508
191,-0.9652997255325317,-1.0121747255325317,-5.051237106323242,-6.551237106323242,-5.402799606323242,-5.5988455704646185,-2.402954566394328,-5.746550321578752,-4.879869094118476,-7.29345226249643
192,-0.34919580817222595,-2.224195718765259,-6.419508457183838,-6.224195957183838,-5.560133695602389,-5.969741184497252,-2.08377049358387,-7.29450881481165,-5.920147453201935,-8.974208831697979
193,-0.6882123947143555,-1.0632123947143555,-4.7116498947143555,-6.2507123947143555,-5.45406436920166,-5.86859870745684,-2.9307964896725025,-5.80562758445717,-5.571738720609574,-8.383771657747275
194,-0.5928328633308411,-2.5459578037261963,-4.053770542144775,-5.991270542144775,-5.131895542144775,-5.016116699320264,-1.3429454501601867,-6.86627101898182,-4.905723614705494,-9.014724850505445
195,-0.8371548056602478,-1.0871548652648926,-4.891842365264893,-6.212154865264893,-5.477779865264893,-6.283102429879364,-2.5405083633668255,-5.532468318938754,-4.696935452229809,-7.7668637035003485
196,-1.1777234077453613,-1.2089734077453613,-4.240223407745361,-6.154285907745361,-4.255848407745361,-4.850614746334031,-1.5685684438794851,-5.732411384582406,-3.5452601299912203,-7.7089979645570565
197,-1.1361578702926636,-2.987720489501953,-4.440845489501953,-5.753345489501953,-4.183033108711236,-4.234051809180528,-0.7300795169430785,-6.792408466338998,-4.6132504727575,-8.401800632320374
198,-1.2647128105163574,-0.6397128701210022,-4.616275310516357,-6.514712810516357,-5.366275310516357,-6.265201925823931,-2.99928782369534,-5.819401144981043,-5.366755131981336,-8.014742016379387
199,-1.6435940265655518,-2.9951565265655518,-4.026406764984131,-6.190469264984131,-3.635781645774834,-3.3966772658750415,-0.5656512213754468,-7.096719622611943,-4.050665756338276,-7.995173454144606
200,-0.46716827154159546,-1.5921683311462402,-5.20935583114624,-6.80310583114624,-5.75623083114624,-6.233933394774795,-2.4361064257100224,-6.4281064271925175,-5.123803064721869,-8.662496328226553
201,-0.6824672222137451,-2.510592222213745,-3.409029722213745,-6.557467460632324,-4.057467460632324,-3.6374931138707325,-1.4169922954461072,-6.784030318260136,-4.550206866522785,-8.9481076000975
202,-0.9450689554214478,-1.1169439554214478,-4.538818836212158,-5.874756336212158,-4.687256336212158,-5.726948778086808,-2.0389630690478953,-5.421632051467668,-4.53916436425061,-7.843529939373184
203,-0.8486331701278687,-1.0361331701278687,-4.520508289337158,-6.247070789337158,-5.083008289337158,-5.200803691113833,-2.7550200130499434,-5.450196385383435,-5.0286460585775785,-7.989278554710836
204,-0.537807047367096,-2.459681987762451,-4.053431987762451,-6.264369487762451,-4.545619487762451,-4.46088622987736,-1.6316993135260418,-7.170619964599496,-4.624415053578559,-9.26438355436585
205,-0.7925193309783936,-1.5581443309783936,-3.8940818309783936,-5.519082069396973,-4.987832069396973,-5.184108031447977,-1.73016582847049,-5.878457784652483,-3.7695527159958147,-8.13629102683808
206,-0.5663759708404541,-2.707000970840454,-4.566375732421875,-6.425750732421875,-4.183563470840426,-4.382222529267892,-1.5040621584194014,-7.121063590049687,-4.46526195469778,-8.691391587131875
207,-0.6337829232215881,-1.4619078636169434,-4.477532863616943,-6.024407863616943,-5.094720363616943,-5.2203015784034505,-2.3683000701857964,-5.719720959663221,-4.751349377329461,-8.19630360582778
208,-0.9762793183326721,-1.2575292587280273,-4.343466758728027,-5.788779258728027,-4.968466758728027,-5.445718527655117,-2.0858496236614883,-5.648154973983537,-4.117238704056945,-8.077861666481112
209,-0.8520866632461548,-2.8364615440368652,-3.8520865440368652,-6.492711544036865,-4.227086544036865,-3.667248993180692,-1.1803743706841487,-7.406774401664677,-4.540286415198352,-8.688040613998965
210,-1.0712162256240845,-1.1337162256240845,-4.524341106414795,-6.032153606414795,-5.032153606414795,-5.4858842446119525,-2.1026619480981026,-5.594654440879481,-4.290340234379983,-7.743114709575821
211,-0.7118398547172546,-1.3368399143218994,-5.18058967590332,-6.63371467590332,-5.46183967590332,-5.454727285366971,-2.4152024702198105,-6.00090289115883,-5.157533453719225,-7.743118524134843
212,-0.6799640655517578,-1.9143390655517578,-5.422151565551758,-5.797151565551758,-5.281526565551758,-4.85656062932685,-1.6644723326608073,-7.85965192317957,-4.9072049938258715,-9.164357662028124
213,-0.8846948146820068,-1.7596948146820068,-4.884695053100586,-6.540945053100586,-5.080007553100586,-5.38648254761938,-1.7443051061418373,-5.853445768356096,-4.252236542030005,-7.564401507197545
214,-0.8297153115272522,-1.1890902519226074,-4.665652751922607,-6.532840251922607,-5.220340251922607,-5.080522568896413,-2.5642924104467966,-5.650028467178117,-4.548858446069062,-7.860986590158063
215,-0.6968042850494385,-3.4077417850494385,-4.821804046630859,-6.196804046630859,-3.5249296426772503,-3.0636330121196806,-1.3064617711643223,-6.954617023467904,-4.400697174598463,-8.392137884866315
216,-1.4033262729644775,-1.3095762729644775,-3.5517637729644775,-5.629888534545898,-4.739263534545898,-4.927687813702505,-1.9035321262199432,-5.668951869010584,-2.8335244543268345,-7.512731074835756
217,-1.3215224742889404,-3.6340224742889404,-5.2277727127075195,-6.3371477127075195,-4.47777295112607,-3.198613615706563,-0.6810931967920624,-7.501210689544564,-5.509593681374099,-8.68091845490926
218,-1.0131714344024658,-1.3569214344024658,-4.208483695983887,-6.091296195983887,-4.942858695983887,-5.076340213068761,-1.778982621981413,-5.739734411239397,-3.857289127452532,-7.8178850408894505
219,-1.454469919204712,-3.798219919204712,-4.423219680786133,-6.266969680786133,-3.3294701576232626,-3.252598784863949,-0.6110208773752674,-7.259157538413945,-4.51011897547869,-7.876364469331747
220,-0.45675837993621826,-1.9098833799362183,-5.144258499145508,-6.847383499145508,-5.964570999145508,-6.059799531241879,-2.1288188524049474,-6.597384214401018,-4.988368684746092,-8.448966979760371
221,-1.1662330627441406,-2.8537330627441406,-3.9396705627441406,-6.197483062744141,-2.6414604187011435,-3.2409080266952515,-1.1494972453656374,-7.133648276328984,-3.462408697931096,-8.21179330328232
222,-0.8083773851394653,-1.3083773851394653,-4.472439765930176,-6.550564765930176,-4.902127265930176,-5.082747858425137,-2.3085666715487605,-5.949002981185686,-4.215030112187378,-8.253715395598192
223,-0.5889912843704224,-1.5421162843704224,-4.510866165161133,-6.206178665161133,-5.299928665161133,-6.261559365259018,-2.2923234486370347,-5.698366880416643,-4.183237906079739,-8.557762861017181
224,-0.6326261162757874,-1.2263760566711426,-4.851376056671143,-6.327938556671143,-5.734188556671143,-5.70359637553338,-2.7421817616268527,-5.7576267719266525,-5.031495477858698,-8.36702048760526
225,-1.0782935619354248,-1.0782935619354248,-3.953293561935425,-5.539231300354004,-5.054856300354004,-6.102609844412655,-2.0471913705259794,-5.507982015609514,-3.7895948225050233,-7.664255261133803
226,-0.5211204290390015,-2.333620548248291,-3.982058048248291,-6.153933048248291,-5.294558048248291,-5.108541460707784,-1.5993640352462535,-6.9586210250853355,-5.1388312401250005,-9.232074141365956
227,-0.6133880615234375,-1.4102630615234375,-4.7852630615234375,-6.0118255615234375,-5.1915130615234375,-5.2626801652950235,-2.5041687367338454,-5.863388657569715,-5.051184014388127,-8.480593919584862
228,-0.8435893058776855,-1.4060893058776855,-4.2185893058776855,-6.2029643058776855,-4.8435893058776855,-5.273942725616507,-2.140696379428846,-5.406090140342371,-3.98452682379866,-7.867050647451833
229,-1.0726238489151,-2.7444987297058105,-4.1507487297058105,-5.9788737297058105,-4.3538737297058105,-4.64668203308247,-0.8071615563530941,-6.924186587333622,-4.698250931454822,-8.205455064604394
230,-0.9025013446807861,-0.9650013446807861,-4.722813606262207,-5.918126106262207,-5.355626106262207,-5.44219879002776,-2.6995525204838486,-5.816564202308484,-5.2388009368442,-8.12127447101011
231,-0.4031253159046173,-3.371875286102295,-5.145312786102295,-5.356250286102295,-4.692188024520846,-4.737871706485748,-1.6377468997088727,-6.739063143730107,-6.0599586453754455,-8.223456621000878
232,-0.8491883277893066,-1.4898133277893066,-4.466375827789307,-6.200750827789307,-4.942938327789307,-5.17056480050087,-1.771250230493024,-5.942939043044817,-3.935498287435621,-8.060151695857712
233,-0.7635258436203003,-1.3416508436203003,-4.38071346282959,-6.65415096282959,-4.95883846282959,-5.373718404385727,-2.3418284497165587,-5.7869641780851,-4.068643834936665,-7.888549923609389
234,-0.534796953201294,-1.300421953201294,-5.222296714782715,-6.651984214782715,-5.862921714782715,-6.168288596090861,-3.081893061986193,-5.972297310828992,-5.5977944089099765,-8.519190907294615
235,-0.8875836730003357,-0.9032086730003357,-4.5438337326049805,-6.1922712326049805,-5.2860212326049805,-5.208337209740421,-2.8252633648662595,-5.59070944786049,-5.458243905653944,-8.184481739732291
236,-0.6333296895027161,-2.4302046298980713,-4.40676736831665,-6.31301736831665,-5.359892487525933,-4.7845410944428295,-1.336602080918965,-6.906767845153695,-5.0322069155517966,-8.867722511127795
237,-1.2463209629058838,-0.9494460225105286,-4.488508701324463,-6.183821201324463,-4.980696201324463,-4.754717179748695,-2.3246267870417796,-5.66038429737074,-4.5436264542804565,-7.551037430350334
238,-0.7852799892425537,-1.4571549892425537,-4.496217727661133,-5.972780227661133,-4.923738956451416,-4.846485711517744,-1.8536479227914242,-5.892489552497693,-4.486573520960519,-8.189386367535917
239,-1.0126292705535889,-1.4970042705535889,-4.840754508972168,-6.059504508972168,-5.426692008972168,-6.225760436849669,-1.497209170323913,-5.989192843436854,-4.169335738057271,-7.473596334028116
240,-0.5650994777679443,-1.5182244777679443,-4.510412216186523,-6.135412216186523,-5.502599716186523,-5.71422755724052,-2.5027863804716617,-6.096350431442033,-4.854559580999194,-8.760433196801387
241,-1.226656198501587,-2.476656198501587,-4.875093460083008,-6.695405960083008,-4.0079061985015585,-3.6192137487232685,-1.023750281179673,-7.070406436920052,-4.563301193527877,-7.773549675766844
242,-0.7422299385070801,-1.38285493850708,-4.75004243850708,-6.42191743850708,-4.82816743850708,-5.258828285324853,-2.133031591074541,-6.203168034553357,-4.890956598421326,-8.507874250215536
243,-0.8128973245620728,-1.5628973245620728,-4.641022205352783,-5.719147205352783,-4.969147205352783,-5.688905088696629,-1.8287143522902625,-5.648835420608293,-3.8132958809437696,-7.94573545422827
244,-0.7140650749206543,-1.2609400749206543,-4.995315074920654,-6.753127574920654,-5.706252574920654,-5.9569877067697234,-2.3548896113643423,-5.86250340938534,-4.667715888062958,-7.753155946329571
245,-0.7967479825019836,-2.734247922897339,-4.077998161315918,-6.117060661315918,-4.788935899734469,-4.202770009171218,-1.2344696275977185,-7.0154986381529625,-4.50062103907112,-8.773327708098805
246,-0.7479631304740906,-2.5760881900787354,-4.255775451660156,-6.365150451660156,-4.896400451660156,-4.726834014523774,-1.1074669278314104,-6.888588428497201,-4.920426791359205,-8.599543452100988
247,-0.8078538179397583,-1.1828538179397583,-4.307853698730469,-5.714103698730469,-5.057853698730469,-5.418229912989773,-2.4174054704781156,-5.456291794776746,-4.191084535821574,-7.971939563478372
248,-0.8679603934288025,-1.3992104530334473,-4.719522953033447,-6.555460453033447,-5.383585453033447,-6.353908612043597,-2.040068599220831,-5.711711525916485,-3.9308310060587246,-7.532053350940259
249,-0.9066225290298462,-1.7034975290298462,-4.219122409820557,-6.195684909820557,-5.023809909820557,-5.001439121435396,-1.6880320183408912,-5.930060625076067,-3.6179435709200334,-7.680086969963668
250,-0.5633312463760376,-2.953956127166748,-4.891456127166748,-6.961768627166748,-5.797706127166748,-5.13730807416141,-1.157239901353023,-7.336769104003793,-4.9777846763900016,-9.289907336147735
251,-0.707915723323822,-1.1922907829284668,-4.364165782928467,-6.059478282928467,-5.348540782928467,-5.825817806471605,-2.6456014937575674,-5.629791617393153,-5.036440530966502,-8.457934379395738
252,-0.7764168977737427,-1.3389168977737427,-4.823291778564453,-6.252979278564453,-5.698291778564453,-6.214910132926889,-2.151614050482749,-5.526417493819963,-4.3784160852083005,-7.815503358551723
253,-0.7921075224876404,-2.760857582092285,-4.221795082092285,-6.557732582092285,-4.948357701301568,-3.90663177985698,-1.1828749078558758,-6.72179555892933,-4.628429339005379,-8.768687248082642
254,-0.8408671617507935,-1.1846171617507935,-4.301804542541504,-6.606492042541504,-5.051804542541504,-5.278893213078845,-2.4035880321462173,-5.840867757797014,-4.67719499595114,-7.903392076179443
255,-1.0065577030181885,-1.3190577030181885,-4.420619964599609,-6.272182464599609,-4.889369964599609,-4.897887219965924,-1.9130056900467025,-6.287808060645887,-4.608521142596146,-8.201890826007002
256,-0.876859188079834,-1.220609188079834,-4.119046688079834,-5.884671688079834,-4.962796688079834,-5.666862521902658,-2.1895156976243015,-5.689359903335344,-4.510168786451686,-7.939383268067104
257,-1.2326034307479858,-1.1544784307479858,-4.224791049957275,-6.185728549957275,-4.818541049957275,-4.866046825773083,-2.1234497779223602,-5.732604384421961,-3.990876806899905,-7.498255252481613
258,-0.771328330039978,-2.8494534492492676,-4.302578449249268,-6.341640949249268,-4.56044125556943,-3.884328998159617,-1.1465661349211587,-6.997941493987923,-4.58436751330737,-8.591706275823526
259,-0.8017785549163818,-2.567403554916382,-3.590841054916382,-6.450216293334961,-4.989278793334961,-3.9753416824387386,-1.270822362654144,-6.8564667701720055,-4.278891650377773,-8.840855002309581
260,-1.234412670135498,-1.156287670135498,-3.945350170135498,-6.414100170135498,-4.742225170135498,-4.961757711251266,-1.7033129817573354,-5.914100885391008,-3.9222593898302875,-7.656312346154664
261,-0.8912584781646729,-0.9693834781646729,-4.102195739746094,-5.867820739746094,-5.172508239746094,-5.032314565120032,-2.9226559291855665,-5.508446455001604,-4.977587503934046,-8.469404816394672
262,-1.1529792547225952,-1.4654792547225952,-4.309229373931885,-6.317041873931885,-4.949854373931885,-5.513921819860116,-1.5594143696216634,-5.949855208396571,-3.4579773659352213,-7.543633579782181
263,-0.7676129341125488,-1.5957379341125488,-5.205112934112549,-6.603550434112549,-5.408237934112549,-5.893893137341365,-1.9709559441398596,-5.8691763877864105,-4.517897088691825,-7.697322964413615
264,-0.6903877258300781,-1.3622627258300781,-4.581012725830078,-6.229450225830078,-5.166950225830078,-5.550448659167159,-2.26872787544562,-6.002888441085588,-4.878202627180144,-8.393535494544267
265,-0.8629269599914551,-1.222301959991455,-3.956676959991455,-5.831676959991455,-4.737926959991455,-4.449441028293222,-2.206823338288814,-5.784802556037732,-4.87888664365164,-8.14419746376916
266,-1.0022830963134766,-1.2679080963134766,-4.119470596313477,-6.174158096313477,-4.681970596313477,-5.455987285706215,-1.783709272116539,-5.861658930778162,-4.2135810202453285,-7.924184679632162
267,-1.2265329360961914,-1.1484079360961914,-4.382782936096191,-5.437470436096191,-4.945282936096191,-5.586998702026904,-2.054837329982547,-5.359346508979229,-3.4534624141524546,-7.421874403533366
268,-1.2153220176696777,-0.6528220176696777,-4.699697017669678,-6.355947017669678,-5.402822017669678,-5.567336814623559,-3.0280006964312633,-5.605947971343539,-5.528209491982125,-7.855974673842866
269,-0.8999896049499512,-1.2124896049499512,-4.423427104949951,-6.017177104949951,-4.985927104949951,-5.345913223398384,-2.118923051224556,-5.532802820205461,-4.52530021610437,-7.696890711444212
270,-0.880623459815979,-1.271248459815979,-4.4196858406066895,-6.0915608406066895,-5.4274983406066895,-5.873773469007574,-1.8807805653195828,-5.989999294280551,-4.068500924331602,-7.6384609934502805
271,-1.1896421909332275,-0.8615171909332275,-4.759954452514648,-6.158391952514648,-5.095891952514648,-5.174826056172606,-2.6585784976923605,-5.634955286979334,-4.580716270575067,-7.283422350421461
272,-0.7451397180557251,-1.292014718055725,-4.3779520988464355,-6.3935770988464355,-5.2763895988464355,-5.80050898186164,-2.448476888050209,-5.7998278141019455,-4.487802273361012,-8.073292255032356
273,-0.8863438963890076,-1.3550939559936523,-4.558218955993652,-6.261343955993652,-5.019156455993652,-5.496419184550177,-1.9490651839587372,-5.691032290458338,-4.035090756253339,-7.776995539312338
274,-1.054439663887024,-0.9763146638870239,-4.031002044677734,-6.031002044677734,-4.741939544677734,-4.914318196300883,-2.476491078050458,-5.32006537914242,-4.445502542890608,-7.89821612799642
275,-0.885619044303894,-1.104369044303894,-4.166869163513184,-5.729369163513184,-5.307494163513184,-4.870611477061175,-2.542036757731694,-5.791869759559461,-5.050002761767246,-8.237203240161762
276,-0.9486091136932373,-1.2767341136932373,-4.878296852111816,-6.182984352111816,-5.347046852111816,-6.090545152430423,-1.9019467604521196,-5.745485186576502,-4.074008742667502,-7.612703561280796
277,-0.771734356880188,-1.787359356880188,-4.787359237670898,-6.146734237670898,-5.287359237670898,-5.977343570208177,-1.6468990905559622,-5.857672452926408,-4.451798248919658,-7.810818552732599
278,-0.8701732158660889,-1.2607982158660889,-4.596735954284668,-6.370173454284668,-5.299860954284668,-6.074413988390006,-1.8235008511255728,-6.1904870271677055,-3.9799903845705558,-8.01863300775949
279,-1.014830231666565,-1.514830231666565,-4.686705112457275,-6.139830112457275,-5.303892612457275,-6.071124811191112,-1.5931453524099197,-5.983580946921961,-3.8903030230721924,-7.311737775267829
280,-1.084867000579834,-0.928617000579834,-4.202054500579834,-5.897367000579834,-4.905179500579834,-5.1791148138581775,-2.952269650195376,-5.17080533504452,-4.686757510731695,-7.9833303686609725
281,-0.9224610924720764,-1.1255860328674316,-4.414648532867432,-6.078711032867432,-4.914648532867432,-5.2746113003231585,-2.047656159440521,-5.828711748122942,-4.454019260592759,-7.734987258567344
282,-0.8973821401596069,-1.366132140159607,-3.9598822593688965,-5.9130072593688965,-5.2020697593688965,-5.609162690525409,-1.9757208595692646,-5.436445474624406,-3.6712877847021446,-8.248969554580981
283,-0.883089542388916,-1.320589542388916,-4.172152042388916,-5.758089542388916,-5.054964542388916,-5.329150634875987,-2.0707577325520106,-5.445590257644426,-4.422466586227529,-7.9612395760268555
284,-0.7435954213142395,-1.1185953617095947,-4.470158100128174,-6.618595600128174,-5.517033100128174,-5.970690108835697,-2.5250577701081056,-5.923283815383684,-5.228272630862193,-8.462372064226656
285,-0.7834740877151489,-1.283474087715149,-4.353786468505859,-6.314723968505859,-5.345973968505859,-5.8699956617783755,-1.986775382712949,-5.947537302970545,-4.791760570660699,-7.69756257500012
286,-0.8107924461364746,-2.6701674461364746,-4.295167446136475,-6.154542446136475,-4.982667684555025,-4.2153984401375055,-1.1234558687137906,-6.842043042182752,-4.459684745350387,-8.802998423414465
287,-0.6142331957817078,-1.5361082553863525,-5.004858016967773,-5.747045516967773,-5.262670516967773,-5.0066543171415105,-2.3019089544395683,-5.817358493804818,-5.145791959716007,-8.106440901548922
288,-0.7176927328109741,-1.2489427328109741,-4.413005352020264,-5.983317852020264,-5.420817852020264,-5.656024944211822,-2.5928920309088426,-5.748943567275774,-4.811847962322645,-8.405215382310416
289,-0.6951259970664978,-1.2107510566711426,-4.898251056671143,-6.390438556671143,-5.687313556671143,-5.4770910567604005,-2.5546570894512115,-6.06231415271742,-4.797159918292891,-8.452960729342522
290,-1.0481505393981934,-1.5012755393981934,-3.5872130393981934,-5.657525539398193,-4.766900539398193,-4.93166993901832,-1.720180976233678,-5.759088754653703,-3.5328343629662413,-8.266924380983255
291,-0.5900871157646179,-1.6369621753692627,-4.824461936950684,-6.535399436950684,-5.371336936950684,-5.864530057529919,-2.1371835225145333,-5.9963376522061935,-4.543544594751438,-7.886988043444944
292,-0.876965343952179,-1.3457152843475342,-4.564465522766113,-6.244153022766113,-5.494153022766113,-6.09671102068387,-1.9084067161456915,-5.689466595649151,-4.432005581678823,-7.361366033228478
293,-1.58738112449646,-3.38425612449646,-4.649880886077881,-5.657693386077881,-3.3764438629150106,-3.1349296513944864,-0.6970074456767179,-7.337381362914925,-4.150552047532983,-7.821776509072151
294,-0.8847965598106384,-0.9472965598106384,-4.814484119415283,-6.314484119415283,-5.212921619415283,-5.807132495508995,-2.5256373649608577,-5.994172334670793,-5.2366941605869215,-8.361382484152273
295,-1.030306339263916,-1.030306339263916,-3.663118839263916,-5.624056339263916,-4.741243839263916,-4.335333408875158,-2.6945655152521795,-5.655307054519426,-4.538534078194061,-8.499080896064697
296,-0.7512377500534058,-1.1887377500534058,-4.501237869262695,-6.532487869262695,-5.274675369262695,-5.595570751989726,-2.4545558504760265,-6.0090509653089725,-4.657795262755826,-8.196573257184355
297,-0.8372514247894287,-1.1653764247894287,-4.188814163208008,-6.079439163208008,-4.970064163208008,-5.322239330445882,-2.212400663687731,-5.712252259254285,-4.525128055305686,-8.079462885574685
298,-0.9794744253158569,-1.088849425315857,-4.1200995445251465,-5.8622870445251465,-5.0888495445251465,-5.214524756360333,-2.7921877871995093,-5.299787878989832,-4.229914449242642,-8.0654386278311
299,-1.0578482151031494,-2.7297232151031494,-3.8078482151031494,-5.92503547668457,-4.46409797668457,-3.9515076091047376,-0.8704772508208407,-6.909410953521615,-4.464520246023312,-8.550055861265719
300,-0.628426194190979,-1.440926194190979,-4.3393635749816895,-6.4643635749816895,-5.2065510749816895,-5.5824048449867405,-2.175476893229643,-6.190926671027967,-4.707029704935849,-8.706570505915806
301,-0.4382319748401642,-2.016356945037842,-3.531981945037842,-6.196044445037842,-5.399169445037842,-4.853077462641522,-2.1570995976871927,-6.789794921874886,-5.103014090913348,-9.258563756764488
302,-0.8402398824691772,-1.2464898824691772,-4.183990001678467,-6.121490001678467,-4.723052501678467,-4.81749689305434,-2.3403915052040247,-5.410553097724744,-4.153087317215977,-8.18401145911048
303,-0.8458426594734192,-1.5645925998687744,-4.3536553382873535,-6.0099053382873535,-5.1661553382873535,-5.784524219459854,-1.7991612962068757,-5.392718672752039,-3.8539935969456565,-7.509935259371559
304,-0.9676907062530518,-1.1551907062530518,-4.209877967834473,-5.881752967834473,-4.983315467834473,-5.640233531885315,-2.0772338964161463,-5.553628683089983,-4.210277835052693,-7.819281100830267
305,-0.9799903631210327,-1.1518653631210327,-4.097177982330322,-5.800302982330322,-4.917490482330322,-5.8400470079504885,-1.8239019978500437,-5.597178816795008,-3.9257130973855965,-7.933138131838859
306,-0.7876228094100952,-1.4594978094100952,-4.826685428619385,-6.264185428619385,-5.490747928619385,-6.140701098367572,-1.7565592353639659,-6.014186143874895,-4.162927819503238,-7.90483403178041
307,-1.1021418571472168,-1.1177668571472168,-4.609954357147217,-6.344329357147217,-4.617766857147217,-4.7827611395623535,-1.9148245882970514,-6.047455072402727,-4.23546241724398,-7.453734755054029
308,-0.9357283711433411,-1.3263533115386963,-4.302916049957275,-6.052916049957275,-5.006041049957275,-5.334884147217963,-1.873407705425052,-5.912292003631137,-3.5610752695938572,-7.982626437878935
309,-0.6850850582122803,-1.3413350582122803,-4.653835296630859,-6.739772796630859,-5.388210296630859,-5.553370707319118,-2.3415593849349534,-6.192898511886369,-4.654250893043354,-8.1851060388326
310,-0.432108998298645,-2.7446088790893555,-3.9164838790893555,-6.0727338790893555,-5.1821088790893555,-4.605702829314396,-1.7447558533604024,-7.393046736717167,-4.885744917904958,-9.557122945686388
311,-0.7851417660713196,-2.160141706466675,-4.128891944885254,-6.378891944885254,-4.425767183303805,-3.730684967711568,-1.754114007082535,-7.003892302513066,-4.465502274106257,-7.714845538010195
312,-0.3684801161289215,-2.7747302055358887,-5.009105205535889,-6.220042705535889,-4.548167943954439,-4.194169820751995,-1.978051643120125,-7.5559805631637005,-5.16589996276889,-8.83724558340873
313,-0.6857238411903381,-1.5450987815856934,-4.646661281585693,-6.326348781585693,-4.951348781585693,-5.334857578971423,-2.029641971748788,-5.943536877631971,-4.389169641508488,-8.334183096658307
314,-1.0747634172439575,-0.9028884172439575,-4.363825798034668,-6.379450798034668,-5.316950798034668,-5.919130373280495,-2.324930653878255,-5.809139132499354,-4.856336422206368,-7.8325983283357345
315,-0.9406309127807617,-1.3468809127807617,-4.315630912780762,-5.925005912780762,-5.253130912780762,-6.231052428483963,-1.7220587572228396,-5.9406317472454475,-3.675416861951817,-7.495343327211231
316,-1.1263551712036133,-0.9232302308082581,-4.141980171203613,-6.165417671203613,-4.852917671203613,-5.111255150288343,-2.8140295591874747,-5.454480886459123,-4.6501085259369574,-8.134188413405354
317,-0.9097003936767578,-0.8940753936767578,-4.253450393676758,-5.909700393676758,-5.331575393676758,-6.253973585553467,-2.956765037670266,-5.6050138473506195,-5.29292598774191,-8.105037569695924
318,-0.9571933746337891,-1.316568374633789,-4.332193374633789,-6.527505874633789,-4.808755874633789,-5.14562170318095,-1.7854944312566658,-5.816568970680066,-4.00442009937251,-7.855652689695489
319,-0.8399733304977417,-1.1837233304977417,-4.058723449707031,-5.910285949707031,-4.980598449707031,-5.176559357205406,-2.4495426227804273,-5.738411664962541,-4.434142263431568,-8.472809076041813
320,-0.7234327793121338,-1.4578077793121338,-4.778120040893555,-5.504682540893555,-5.598432540893555,-6.382107058074325,-1.9423017431035987,-6.754683136939832,-4.442711213545408,-8.575017571194621
321,-0.6556392908096313,-2.702514171600342,-4.100951671600342,-5.741576671600342,-3.6790769100188925,-3.1468338356353343,-1.796417939782259,-7.0072019100188925,-4.437544250453357,-8.8197213409494
322,-0.6554738283157349,-1.4210988283157349,-4.733598709106445,-5.936723709106445,-5.405473709106445,-6.281282336334698,-2.0775138003373286,-5.686724543571131,-4.921404076681938,-8.147680282410874
323,-0.6511664986610413,-2.7292914390563965,-3.5652289390563965,-6.1042914390563965,-3.565229177474947,-2.8905887566506863,-1.9794638008315815,-7.229291677474947,-4.190650850912789,-9.088683247433437
324,-0.6844039559364319,-2.543778896331787,-4.606278896331787,-6.145341396331787,-5.059404134750338,-4.627664867322892,-1.3095998571952805,-7.364091873168832,-4.825382885261206,-8.825043558973448
325,-0.9223728179931641,-1.141122817993164,-4.039560317993164,-5.781747817993164,-4.961435317993164,-5.5010867768432945,-2.125644077095785,-5.734873414039441,-4.282052947208285,-8.219267964159371
326,-0.882544755935669,-1.085669755935669,-4.28098201751709,-6.32004451751709,-4.89035701751709,-4.969088608806487,-2.4139705741836224,-5.655982613563367,-4.539183540968224,-8.296629070991912
327,-0.7813631892204285,-1.4688632488250732,-4.523550510406494,-6.359488010406494,-5.242300510406494,-5.2354027616092935,-1.9378118317836197,-5.789176106452771,-4.2271164875419345,-7.890766143402288
328,-0.8814652562141418,-1.115840196609497,-4.123652935028076,-6.170527935028076,-5.029902935028076,-5.585364399768878,-2.303525430688751,-5.428341031074353,-4.3897131926205475,-8.076802134210084
329,-0.8280233144760132,-1.4530233144760132,-4.351460933685303,-6.288960933685303,-4.968648433685303,-5.618156455922872,-1.797005983942654,-5.554586648940813,-4.031476205505896,-7.867110848115772
330,-0.6565864086151123,-1.3597114086151123,-4.937836647033691,-6.609711647033691,-5.351899147033691,-5.931560170487501,-2.219248877678183,-5.883149743079969,-4.719428719166899,-7.844105958751243
331,-0.7171973586082458,-1.3109474182128906,-4.381259918212891,-5.896884918212891,-5.170322418212891,-5.59303427481791,-2.232983933761716,-5.482823014259168,-4.506632377859205,-8.209407090895184
332,-0.7258344292640686,-1.5383343696594238,-4.522709369659424,-6.546146869659424,-5.280521869659424,-6.023807161254808,-1.8822718682931736,-5.9680228233332855,-3.804376872634748,-8.108672499340173
333,-0.7995390892028809,-1.1276640892028809,-4.572976589202881,-6.799539089202881,-5.096414089202881,-5.69844961896888,-2.5185020935168723,-6.010477423667567,-4.479657795425737,-8.026125430787943
334,-0.6035431027412415,-1.2285430431365967,-4.666043281555176,-6.892605781555176,-5.423855781555176,-5.88524474442238,-2.791209445465938,-5.830106616019862,-5.05710151346284,-8.541066050269364
335,-1.0842467546463013,-1.3186217546463013,-4.170184135437012,-5.693621635437012,-5.162371635437012,-5.851096118567511,-1.8813154509844026,-5.7404974699016975,-3.381438562704716,-7.701462864462883
336,-0.6192232370376587,-2.587973117828369,-4.478598117828369,-6.345785617828369,-5.39266085624692,-4.756332688499242,-1.4162800146877998,-7.048911094665414,-4.963557430251967,-8.916114568582998
337,-0.983587384223938,-1.077337384223938,-3.8507747650146484,-6.155462265014648,-4.374212265014648,-4.077981502865441,-2.296220174539485,-6.038275241851693,-4.413583588582696,-8.296110152936308
338,-0.5742486715316772,-1.4179986715316772,-4.792998790740967,-6.339873790740967,-5.300811290740967,-4.7547972071915865,-2.5119175768486457,-6.316436886787244,-4.801167663012166,-8.738327741479225
339,-0.8891932964324951,-1.3110682964324951,-4.412631034851074,-5.920443534851074,-5.287631034851074,-6.468286998861004,-1.889364227943588,-5.701694488524936,-4.170837801444577,-7.475155949281543
340,-0.9978792667388916,-1.2010042667388916,-4.0369415283203125,-5.9197540283203125,-4.9197540283203125,-4.818757135595661,-2.3730911984021077,-5.443192243575822,-4.076404729654314,-8.013529538782677
341,-0.9823806285858154,-2.5292556285858154,-4.4042558670043945,-5.7948808670043945,-4.271443486213677,-4.132486676797271,-1.0138058508891845,-7.091756224632206,-4.858019148232415,-8.146462201893883
342,-1.0348334312438965,-0.9098333716392517,-4.2067084312438965,-6.2770209312438965,-4.9098334312438965,-5.121339159668423,-2.503754124380066,-5.527021646499406,-4.824328448215965,-7.9098619218584645
343,-0.5157036185264587,-2.7032036781311035,-4.5938286781311035,-5.9844536781311035,-4.757891416549654,-4.153190998360515,-1.7346473744692048,-7.617266535758915,-4.891151328018168,-8.945407628869361
344,-0.7513136863708496,-2.9231886863708496,-4.02475118637085,-6.00912618637085,-4.7669389247894,-4.324795939261094,-1.1264634020335507,-7.368501543998661,-4.556492208095733,-8.852894306026428
345,-0.6420410871505737,-1.4389160871505737,-4.204541206359863,-6.024853706359863,-5.142041206359863,-5.463566878344864,-2.298484664323041,-5.9701668024061405,-4.5877923003572505,-8.688935398871763
346,-0.6591172814369202,-1.5028672218322754,-4.401304721832275,-6.377867221832275,-4.916929721832275,-5.167748354491778,-2.1280392260377994,-5.713805437087785,-3.964155969908461,-8.41695153690489
347,-0.831854522228241,-1.1443545818328857,-4.628729343414307,-6.316229343414307,-5.113104343414307,-5.340360639151186,-2.3320473246712936,-5.620917558669817,-4.80873531990801,-7.902191996257898
348,-0.9870393872261047,-1.39328932762146,-4.916727066040039,-6.440164566040039,-5.299539566040039,-6.160838064155541,-1.6591494999011047,-5.893290519713901,-3.948316516383784,-7.057376980470508
349,-0.7338069677352905,-1.4056819677352905,-4.35099458694458,-5.96036958694458,-5.18693208694458,-5.8595149395405315,-1.9683842454396654,-5.819745421409266,-4.281077783496585,-8.179146051043062
350,-0.45939767360687256,-2.303147792816162,-4.740647792816162,-6.654710292816162,-7.381273031234713,-5.0135070043616,-1.7408053750550607,-6.381273269653207,-5.428701009310316,-8.037537097821769
351,-0.9790573120117188,-0.9478073120117188,-4.666557312011719,-6.268119812011719,-5.424369812011719,-6.011426894692704,-2.5729902815364767,-5.5259331464764045,-5.135673575074179,-7.674391269452826
352,-0.5737819671630859,-2.667531967163086,-4.355031967163086,-6.128469467163086,-5.089407205581637,-4.264799480792135,-1.4801934827119112,-7.401907324790898,-4.964859383268049,-8.894109368213321
353,-0.6679413318634033,-1.5116913318634033,-4.746066093444824,-6.308566093444824,-5.355441093444824,-4.887486022547819,-2.5118379485356854,-5.566379189491101,-4.707368545699865,-8.222649454852217
354,-0.803102433681488,-2.709352493286133,-3.865602493286133,-6.099977493286133,-4.678102612495415,-4.126739097060636,-1.1469747945375275,-7.139040350913945,-4.600391302315984,-8.834367036713957
355,-0.7980164289474487,-0.9542664289474487,-4.782391548156738,-6.665204048156738,-5.524579048156738,-6.072079105477314,-2.845039714331506,-5.899579763412248,-5.337388467596611,-8.180849075117294
356,-0.7094444036483765,-1.8656944036483765,-4.318819522857666,-6.709444522857666,-5.115694522857666,-4.843938009929843,-1.569000704548671,-6.6156949996947105,-4.100508831790648,-8.771963119324937
357,-0.6519041657447815,-1.1519041061401367,-4.987841606140137,-6.409716606140137,-5.737841606140137,-6.066687085898593,-2.714561807588325,-5.878467321395647,-5.2772191266703885,-8.276928901364954
358,-0.9935548901557922,-2.7591798305511475,-4.126367568969727,-6.118555068969727,-4.884180068969727,-4.264621328562498,-0.8843021914071869,-7.220118045806771,-4.869039656507084,-8.548259973375025
359,-1.219996690750122,-3.204371690750122,-3.915309190750122,-5.860621452331543,-4.657496690750094,-4.3662851098924875,-0.6888809114025207,-7.0403094291685875,-4.556345378165133,-8.376265764049094
360,-0.8270699977874756,-1.0614449977874756,-4.069257736206055,-6.022382736206055,-5.194257736206055,-5.429051669081673,-2.53037188872986,-5.881758451461565,-4.811850227357354,-8.483341932062103
361,-0.9499286413192749,-1.387428641319275,-4.3249287605285645,-5.8796162605285645,-4.7546162605285645,-5.732366214157082,-1.8095103288651444,-5.95774209499325,-3.3721684744523373,-8.020265340503101
362,-0.8194106817245483,-2.897535800933838,-4.420973300933838,-6.233473300933838,-5.07722342014312,-4.214207399636507,-0.9914158497995231,-7.225661277770882,-4.851141933060717,-8.835053801365575
363,-0.5953090786933899,-2.610934019088745,-4.485934257507324,-5.907809257507324,-4.118747115135136,-3.6905575087293983,-1.7518024148303084,-6.978122115135136,-4.7206936335715,-8.5953259466678
364,-1.198920726776123,-1.511420726776123,-4.292670726776123,-6.183295726776123,-4.620795726776123,-5.246713812754024,-1.5585162396455416,-5.745796561240809,-3.410231520596426,-7.730198978979388
365,-1.07594895362854,-1.46657395362854,-3.83376145362854,-6.107198715209961,-4.958761215209961,-5.334681564127095,-1.7636666061007418,-5.732199311256238,-3.2403837941237725,-8.036909937576638
366,-0.929338276386261,-1.0387132167816162,-4.280900955200195,-6.398088455200195,-5.210588455200195,-5.312680461851414,-2.367014273404493,-5.765276670455705,-4.906256374146324,-7.991862177566873
367,-1.0131609439849854,-2.4194109439849854,-4.575660705566406,-4.966285705566406,-4.349098563194218,-3.776671450585127,-1.2946362241636962,-6.864723563194218,-4.943271309020929,-8.403803706007238
368,-0.5304311513900757,-2.6241812705993652,-4.225743770599365,-6.069493770599365,-5.335119009017916,-4.276936494745314,-1.6869042862817878,-7.553869128227177,-5.038649238384096,-9.31950759877509
369,-1.0032298564910889,-1.2219798564910889,-4.182917594909668,-5.643855094909668,-4.714167594909668,-5.183651654631831,-2.112758028699318,-5.503230690955945,-3.909801550616976,-7.753257751082856
370,-0.7717174887657166,-1.4279675483703613,-4.420155048370361,-6.263905048370361,-5.271717548370361,-5.44438342761714,-2.1312824307387928,-5.662343502044223,-3.9595865522278473,-7.943617224389527
371,-0.7737134695053101,-1.30496346950531,-4.1643385887146,-5.7893385887146,-5.1409010887146,-5.586986004956998,-2.086369025550084,-5.6252768039701095,-4.227330801950302,-8.414360165352264
372,-0.8919182419776917,-1.2981681823730469,-4.735668182373047,-6.040355682373047,-4.915355682373047,-5.455284220399335,-1.9077485588932177,-5.641918897628557,-4.3766930495912675,-7.798193096803516
373,-0.7543696165084839,-1.6293696165084839,-4.754369735717773,-6.137182235717773,-4.918432235717773,-5.123074690927751,-1.8170525860332418,-6.168432712554818,-4.387633221951546,-8.152829289192596
374,-0.6190154552459717,-1.4315154552459717,-4.517453193664551,-5.931515693664551,-5.197140693664551,-5.34636907291133,-2.228555188921746,-5.829953908920061,-4.58029097574763,-8.494037747139373
375,-0.8135097622871399,-1.2197597026824951,-3.930697202682495,-6.110384941101074,-5.329134941101074,-4.6345659114304,-2.4855247637897264,-5.711948156356584,-4.618585272924975,-8.376029610441037
376,-0.9750142693519592,-2.3968892097473145,-4.7406392097473145,-5.8968892097473145,-4.787514328956597,-4.676947798579931,-0.9751817443757318,-7.170327186584359,-5.085053699905984,-8.20159244525712
377,-0.8000097274780273,-1.6593847274780273,-4.729697227478027,-5.987509727478027,-5.229697227478027,-6.083623950136825,-1.706505506823305,-5.823448061942713,-4.128504088846967,-7.573469996192216
378,-0.969428539276123,-1.063178539276123,-4.063178539276123,-5.735053539276123,-4.742866039276123,-4.907457092776895,-2.3133772414148552,-5.6022416353224,-4.157243321475107,-8.008517264988768
379,-1.0363165140151978,-3.278503894805908,-4.059753894805908,-5.583191394805908,-4.466004133224459,-3.7232435503974557,-0.9896542799542658,-7.39569175243372,-4.716492176026804,-8.216020107145596
380,-0.5540454983711243,-1.8821704387664795,-4.483733177185059,-6.163420677185059,-5.077483177185059,-5.140669229673222,-1.9135961378196953,-6.335296273231336,-4.64034264779184,-8.475942253833637
381,-0.7181310653686523,-1.3431310653686523,-4.679068565368652,-5.991568565368652,-5.468131065368652,-5.320530064636841,-2.1557904354849597,-5.64000666141493,-4.679491549672093,-8.319714069155452
382,-0.7676379084587097,-1.3145129680633545,-4.455137729644775,-6.080137729644775,-5.267637729644775,-6.018528898712248,-2.2053183154494036,-5.580138683318637,-4.40861779107945,-7.759848117566435
383,-0.8243958353996277,-1.2931458950042725,-4.113458156585693,-5.824395656585693,-4.918145656585693,-5.1142215198487975,-2.074591021577362,-5.769708871841203,-3.9498119680501986,-8.480666875624593
384,-0.5505008697509766,-1.6286258697509766,-4.777063369750977,-6.855188369750977,-5.370813369750977,-5.231271038297564,-2.3007050544110825,-6.3083140850064865,-4.558683326933533,-8.667709111952718
385,-0.8033447265625,-3.3424072265625,-5.1549072265625,-5.4517822265625,-5.693901777267428,-4.988892201334238,-0.9441044721024809,-7.592339396476689,-5.741232529602712,-8.740795016126867
386,-0.9032458066940308,-1.1688708066940308,-4.09074592590332,-6.07512092590332,-4.75480842590332,-5.310240468301345,-2.169061761771445,-5.567309260368006,-4.169200127769727,-8.059521674778807
387,-0.9346021413803101,-1.12210214138031,-4.4580397605896,-6.5830397605896,-5.2783522605896,-5.052418987615965,-2.450452302407939,-6.036165595054285,-4.5990135061438195,-7.965880035968439
388,-0.9460964798927307,-3.110158920288086,-4.110158920288086,-6.164846420288086,-4.516409158706637,-4.451495589222759,-0.8994705962832086,-7.4148468971251305,-4.594986932177562,-8.571113586278443
389,-0.7780544757843018,-1.5280544757843018,-4.598366737365723,-6.153054237365723,-5.192116737365723,-5.740344086429104,-1.8719916168629425,-5.598367452621233,-3.942442840896547,-7.762451290840545
390,-0.5461373329162598,-3.1867623329162598,-3.9992623329162598,-5.70238733291626,-4.8117625713348104,-3.7846774025820196,-1.577559575511259,-7.483637690544072,-4.663830152596347,-8.944587945845342
391,-0.8984265923500061,-1.6328015327453613,-4.648426532745361,-6.195301532745361,-5.078114032745361,-5.407743751886301,-1.7423693947785068,-5.968739748000871,-3.6018773978576064,-7.679702281620848
392,-0.8604177832603455,-1.5791678428649902,-4.31354284286499,-5.85260534286499,-4.84479284286499,-5.275395927776117,-1.7668767949217,-5.4854185581205,-3.5638943292724434,-8.079193830139047
393,-0.9600423574447632,-2.7881674766540527,-4.155354976654053,-6.194417476654053,-4.194417715072603,-3.692169177811593,-1.0539721089007799,-7.030355453491097,-4.476189238775987,-8.217871665807252
394,-0.8384802341461182,-2.807230234146118,-3.736917734146118,-5.924417495727539,-4.58848023414609,-4.07659509847872,-1.0886169578589033,-7.088480353355351,-4.737462491262704,-8.80724596964501
395,-0.8031197190284729,-1.1781196594238281,-4.467182159423828,-6.482807159423828,-5.279682159423828,-5.631892709527165,-2.318941097037168,-5.607807993888514,-4.600414426415227,-7.873454808932365
396,-0.5956573486328125,-2.4706573486328125,-4.1972198486328125,-6.1737823486328125,-5.2909698486328125,-4.948789079906419,-1.377037635902525,-7.103470325469857,-4.939956990769133,-9.25192475303811
397,-1.1282989978790283,-2.6282989978790283,-3.9486114978790283,-5.565799236297607,-4.557986974716158,-4.126426781993359,-0.90967719926266,-7.120487213134652,-4.7853472623974085,-8.26112902148634
398,-0.8302519917488098,-1.299001932144165,-4.603689670562744,-6.517752170562744,-4.877127170562744,-5.635703867650591,-1.9086318883055355,-5.822440385818254,-4.510334413818782,-7.884965181025109
399,-0.7020713090896606,-1.2020713090896606,-4.913008689880371,-6.209883689880371,-5.178633689880371,-5.656061155896168,-2.436631423959625,-5.608321785926648,-4.788387703592889,-8.498966336046578
400,-0.7442298531532288,-1.306729793548584,-4.619229793548584,-6.517667293548584,-5.119229793548584,-5.338847737235483,-2.260120118211489,-6.064543008804094,-4.447628341440577,-8.377062558931357
401,-0.6552408933639526,-2.670866012573242,-4.428678512573242,-6.663053512573242,-4.367383837699833,-3.2997304713353515,-1.8832599800662138,-7.687696337699833,-3.6024396482971497,-8.273649453996768
402,-0.7509326934814453,-1.1259326934814453,-4.563432693481445,-6.204057693481445,-5.524370193481445,-5.759344398218673,-2.5011207880452275,-5.641558408736955,-4.962321656348649,-8.297832488706263
403,-1.0039832592010498,-1.2696082592010498,-3.98054575920105,-5.910233497619629,-4.816483497619629,-5.293720137269702,-1.8479205194598762,-5.832109212875139,-4.269935911928769,-7.9336971041138895
404,-1.1626613140106201,-1.1939113140106201,-3.44391131401062,-5.920474052429199,-4.818911552429199,-4.725658889103215,-2.1784510476863943,-5.686099767684709,-3.6318064147490077,-8.12362420527279
405,-0.9068913459777832,-1.3131413459777832,-3.774078845977783,-5.485016345977783,-5.070953845977783,-4.790939520928077,-2.110188350183307,-5.336579561233293,-3.712000996165443,-8.02410483325184
406,-0.43301621079444885,-1.7455161809921265,-5.370516300201416,-6.495516300201416,-5.784578800201416,-6.153050075168721,-2.4175634236016776,-5.917392015456926,-5.222514891880564,-8.198659062220031
407,-0.5301135778427124,-1.8738635778427124,-3.608238697052002,-4.858238697052002,-5.787926197052002,-5.20249771035742,-2.2801868888782337,-6.116051554679814,-4.319464880274609,-9.334820031932395
408,-0.7658869624137878,-1.2346370220184326,-4.6018242835998535,-6.5002617835998535,-5.3440117835998535,-5.688379454542883,-2.187946660167654,-5.922137618064539,-5.055350223265123,-8.226849913280603
409,-1.2683781385421753,-1.1902531385421753,-4.955878257751465,-6.354315757751465,-5.479315757751465,-5.612943078798708,-1.971723174676299,-6.143379330634502,-5.206238205020782,-6.916842937100228
410,-1.22963285446167,-1.35463285446167,-3.92494535446167,-5.66713285446167,-4.72182035446167,-5.472637438680977,-1.7298201147204963,-5.706196308135532,-3.2456913246714976,-7.284351825219346
411,-1.170616626739502,-0.873741626739502,-4.115929126739502,-5.795616626739502,-4.576866626739502,-4.819499631819781,-3.0067828632018063,-5.428429841995012,-4.5537763231259305,-8.030017852426681
412,-0.923922061920166,-1.236422061920166,-4.322359561920166,-5.916109561920166,-5.205172061920166,-6.089153321809135,-1.9240742805995978,-5.5098606348032035,-3.814918568270514,-7.611448168414427
413,-0.9336535334587097,-1.1992785930633545,-4.160215854644775,-5.925840854644775,-4.941465854644775,-4.801472821796779,-2.0588154661818407,-5.668029069900285,-4.379299227439333,-7.996178984312792
414,-1.002519965171814,-2.8462700843811035,-3.7056450843811035,-6.2212700843811035,-4.721270322799654,-3.7825124729424715,-0.9245606523618335,-7.510333061218148,-4.260923687717877,-8.580661654326832
415,-0.5355095863342285,-2.8480095863342285,-3.9261345863342285,-6.1995720863342285,-5.473009705543511,-4.631653302581981,-1.4106573949247831,-7.19175994396204,-4.9656954953679815,-9.246461987377188
416,-0.9626553058624268,-1.1501553058624268,-4.306405067443848,-5.900155067443848,-4.759530067443848,-5.111783861531876,-2.2284332396811806,-5.509530782699358,-4.525494041212369,-7.853303432191751
417,-0.7205842137336731,-1.5018341541290283,-4.439334392547607,-5.595584392547607,-5.072146892547607,-5.651194027916063,-2.0175878918817034,-5.525272607803117,-4.658417407859815,-7.790917038713815
418,-0.8718036413192749,-1.340553641319275,-4.2468037605285645,-6.3327412605285645,-5.4733662605285645,-5.6616997820092365,-2.090747814421775,-5.78586709499325,-4.340890946768923,-8.004638910026188
419,-1.5106987953186035,-3.4560112953186035,-3.8544487953186035,-5.9013237953186035,-4.471372246742241,-3.5078661968000233,-0.7137630374636501,-7.2291851043700035,-4.315806512255222,-8.24482822400023
420,-0.9084856510162354,-1.4553606510162354,-4.127235412597656,-6.002235412597656,-4.642860412597656,-4.30835049727466,-2.1898804798111087,-5.6819235086439335,-4.299552104668692,-8.43975651241999
421,-0.7988694310188293,-2.4551193714141846,-4.275432109832764,-7.041057109832764,-5.009807348251314,-4.384791928343475,-1.2677829131862381,-6.845745086669808,-4.393209283531178,-8.181702494402998
422,-0.69122314453125,-1.40997314453125,-4.51153564453125,-5.90997314453125,-5.35528564453125,-5.2465316512971185,-2.3320305181114236,-5.777161240577527,-5.160380042245379,-8.620932698006072
423,-0.5782483220100403,-1.5938732624053955,-4.859498500823975,-6.828248500823975,-5.500123500823975,-5.446579517563805,-2.2972169875283726,-5.711061596870252,-4.367813341785222,-8.187647223179738
424,-0.9510036706924438,-2.2010035514831543,-4.427566051483154,-6.560378551483154,-4.779128789901705,-3.7218141900375485,-1.3263302507984918,-7.068191528320199,-3.834638019267004,-8.3025853632098
425,-0.9235290288925171,-1.267279028892517,-4.079779148101807,-6.025091648101807,-4.868841648101807,-5.440032096637879,-2.0643477252451703,-5.595404863357317,-4.080246577679645,-8.095425247913226
426,-0.906491756439209,-1.203366756439209,-4.726804256439209,-5.843991756439209,-5.054929256439209,-5.8681244816980325,-2.1098013945884304,-5.570555090903895,-4.133431482681772,-8.117454647706836
427,-0.9913491010665894,-2.678849220275879,-4.483536720275879,-6.561661720275879,-4.86634945869443,-3.275329140946269,-1.1947025991685223,-7.131974697112923,-4.195189815945923,-8.436678767058766
428,-0.8613010048866272,-2.5956759452819824,-3.9863009452819824,-6.603488445281982,-5.142566204071045,-4.452094383072108,-1.0958201801695395,-6.814441680908089,-4.385190034081461,-8.869147181330845
429,-0.998367428779602,-2.8889923095703125,-4.2718048095703125,-6.3499298095703125,-5.1468048095703125,-4.4802440805360675,-0.8578922636370407,-7.006180286407357,-4.76445699861506,-8.326512694151461
430,-0.5885024070739746,-1.4322524070739746,-4.674439907073975,-6.065064907073975,-5.338502407073975,-5.4801582742948085,-2.4636633266636636,-5.7135031223294845,-4.885799199779285,-8.04945909959497
431,-0.8439247012138367,-1.2814247608184814,-4.218924522399902,-5.804862022399902,-5.007987022399902,-4.571167952381074,-2.1721980461734347,-5.625174999236947,-4.602102927980013,-7.9376999136566155
432,-1.0288748741149902,-1.2319998741149902,-4.70074987411499,-5.48981237411499,-5.34918737411499,-5.9851066439878196,-1.747818451258354,-5.7554380893705,-3.9746385986800306,-7.692964315050631
433,-0.6774671077728271,-1.2868421077728271,-4.349342346191406,-5.646217346191406,-5.302467346191406,-5.201773028122261,-2.677673676138511,-5.568093061446916,-4.670111194427591,-8.5603020188737
434,-0.7957274913787842,-1.3426024913787842,-4.280102729797363,-5.944165229797363,-4.905102729797363,-4.921398772101384,-2.077157242834801,-5.951978445052873,-4.32741811114829,-8.233249783272186
435,-0.9064726829528809,-1.6720976829528809,-3.515847682952881,-5.781472682952881,-4.914285182952881,-5.0399002329213545,-1.6566315763047896,-5.656473159789925,-3.539713291072985,-8.07056271993315
436,-1.0489354133605957,-1.2676854133605957,-4.486435413360596,-6.158310413360596,-5.462997913360596,-5.276686438708566,-1.8772524410887854,-5.955186128616106,-3.8618205044185743,-7.353660940400005
437,-1.1484150886535645,-0.9452900886535645,-4.2265400886535645,-6.1874775886535645,-4.6874775886535645,-5.156782353995368,-2.2735760082432535,-5.49997842311825,-4.601891455909936,-7.523443817679436
438,-0.8932000994682312,-1.299450159072876,-4.291637420654297,-6.307262420654297,-4.979137420654297,-5.581304248305969,-2.3308903989964165,-5.369763255118983,-4.346641967102187,-7.5885360238153226
439,-1.0002901554107666,-3.1174776554107666,-4.0706024169921875,-6.2268524169921875,-4.726852655410738,-4.059296921361238,-0.8598686249606544,-7.359665393829232,-4.625745788594941,-8.383120059810608
440,-0.6815854907035828,-1.3378355503082275,-4.392522811889648,-6.455022811889648,-5.400335311889648,-4.823049312457442,-2.525494920424535,-5.720648407935926,-4.658595580927795,-8.423790335502417
441,-0.9485472440719604,-1.0891722440719604,-4.19854736328125,-5.92510986328125,-4.87042236328125,-5.214783839182928,-2.815923434594879,-5.28448557853676,-4.370765150437364,-7.901694893582317
442,-0.7476933598518372,-1.3414433002471924,-4.2945685386657715,-6.6695685386657715,-4.9586310386657715,-5.20150101731997,-2.294763784375391,-5.747694373130457,-4.029316951637156,-8.146154403402761
443,-0.8255805969238281,-1.2787055969238281,-4.263080596923828,-5.927143096923828,-4.716205596923828,-5.170046430837829,-2.2007572494912893,-5.731831192970105,-4.271242795832222,-7.856857299448166
444,-0.8061091303825378,-1.1654841899871826,-4.3764214515686035,-6.1811089515686035,-5.0873589515686035,-5.681686711264774,-2.525094600627199,-5.470172286033289,-4.228352121281205,-7.907696246793421
445,-0.8504905700683594,-1.6317405700683594,-4.100490570068359,-5.795803070068359,-5.061428070068359,-5.0938249208265916,-1.710044248829945,-5.787991285323869,-3.968135490693385,-7.928642391798348
446,-0.875681459903717,-1.5006814002990723,-4.195993900299072,-5.945993900299072,-5.227243900299072,-6.25208362925332,-1.6570986369479215,-5.750682234763758,-3.758886260300642,-7.742892026633854
447,-0.9371530413627625,-1.2652781009674072,-3.9996531009674072,-5.921527862548828,-4.952777862548828,-5.422402118856553,-2.0623445327655645,-5.530903577804338,-4.132857722550398,-8.085614442536098
448,-1.031516194343567,-1.109641194343567,-4.476828575134277,-6.000266075134277,-4.804953575134277,-5.555671553302091,-2.0942147772730095,-5.523704290389787,-4.133463547041174,-7.578418731307465
449,-1.1872576475143433,-0.9372576475143433,-4.187257766723633,-5.906007766723633,-4.749757766723633,-5.515887133195065,-2.3749699367472203,-5.335696101188319,-4.296972336334875,-7.531034588453622
450,-0.9165661334991455,-1.2290661334991455,-4.104065895080566,-5.783753395080566,-5.119690895080566,-5.683333459193818,-2.0260820289549883,-5.572816848754428,-4.174673394561978,-7.885336518074837
451,-0.8421350121498108,-2.670259952545166,-4.045259952545166,-6.365572452545166,-4.904635190963717,-4.190110564231873,-1.0610586254042573,-7.232760310172978,-4.46005115180742,-8.748404860307346
452,-0.7651718854904175,-3.015172004699707,-5.046422004699707,-6.710484504699707,-4.976115942001314,-4.455802442738786,-0.9997411789372563,-7.491741180419808,-4.750258197193034,-8.804258346393908
453,-0.831119179725647,-1.518619179725647,-4.182681560516357,-6.331119060516357,-4.862369060516357,-5.0037699311506,-1.8157168378820643,-5.690494775771867,-3.8080524710239843,-7.971769928597496
454,-0.7068458199501038,-3.144345760345459,-4.183408260345459,-6.495908260345459,-4.88653349876401,-4.077892713947222,-1.1757833781593945,-7.4880962371825035,-4.074530120415147,-8.870924234270205
455,-0.7081665992736816,-1.7550415992736816,-3.5206665992736816,-6.786291599273682,-5.583166599273682,-5.256267987424508,-1.6926602054809337,-6.380042195319959,-4.060218810336664,-8.122254609723313
456,-1.0411343574523926,-2.6114468574523926,-4.298946857452393,-6.877071857452393,-4.158322215080204,-3.168535467237234,-1.2289260200341232,-6.939572334289437,-3.52640005009016,-8.095839142641125
457,-1.7411198616027832,-3.100494861602783,-4.225494861602783,-5.967682361602783,-4.459870100021334,-3.4817467257380486,-0.6945555919373874,-7.311432838439828,-4.343566860887222,-7.827073812350136
458,-1.0550165176391602,-0.9925165772438049,-4.27376651763916,-6.06282901763916,-4.91439151763916,-5.0086793645168655,-2.2426981760945637,-5.719079852103846,-4.305372770730173,-8.070664763179593
459,-1.0723401308059692,-3.1348400115966797,-4.37702751159668,-6.15046501159668,-4.65827775001523,-3.866779863834381,-0.8538125506020151,-7.377027988433724,-4.369809212570544,-8.252044319964625
460,-1.0415120124816895,-0.9790120124816895,-4.6196370124816895,-6.0180745124816895,-4.8461995124816895,-5.112298495485447,-2.401092031446751,-5.260262727737199,-4.838771031063516,-7.729036807706507
461,-0.774724543094635,-1.4153494834899902,-4.00128698348999,-6.00909948348999,-4.83722448348999,-4.986204119573813,-2.5249309326609364,-5.759100317954676,-4.298616067768307,-8.266933798562604
462,-0.8350619673728943,-1.210062026977539,-4.428812026977539,-6.116312026977539,-5.061624526977539,-5.5075081147952005,-1.9914933278778335,-5.717875361442225,-4.757278384116944,-8.171025275853026
463,-1.2194534540176392,-0.8600784540176392,-4.53195333480835,-5.85226583480835,-4.82101583480835,-5.344945905497298,-2.40710603025218,-5.328829169273035,-4.524432854930637,-7.547603726065063
464,-0.6265583038330078,-3.157808303833008,-4.657808303833008,-6.728120803833008,-4.939585447311373,-4.318124579731375,-1.2132634826702997,-7.791148185729867,-4.486940745264292,-8.830225467558193
465,-0.6628291010856628,-2.1315791606903076,-3.8893916606903076,-6.3034539222717285,-5.5222039222717285,-5.703731987741776,-1.3973379045637557,-6.678454399108773,-4.7025449523935094,-8.975346207476832
466,-0.7441337704658508,-3.064446210861206,-4.064446449279785,-6.462883949279785,-4.791009187698336,-3.7549740681424737,-1.1818369420507224,-7.60350942611683,-4.354215610597748,-8.892586469537491
467,-0.763841986656189,-1.341966986656189,-4.0529046058654785,-6.3029046058654785,-4.7482171058654785,-4.920694884727709,-2.0764837164751953,-5.6857178211209884,-4.803313648473704,-8.185738324884369
468,-0.6834280490875244,-2.7928030490875244,-4.089677810668945,-6.628740310668945,-4.831865549087496,-3.5079387393780053,-1.3086801449535415,-7.46467828750599,-4.4026843218598515,-9.160006165378945
469,-1.4739190340042114,-3.794231414794922,-3.481731414794922,-6.887981414794922,-4.1067316532134726,-2.6825448093004525,-0.770962939306628,-7.552044272422734,-3.810317529219901,-8.833313584134885
470,-0.6756076812744141,-1.534982681274414,-4.761545181274414,-6.214670181274414,-5.191232681274414,-5.270710387383588,-2.207040293229511,-5.886545658111459,-4.676001828716835,-8.32406389695825
471,-0.8464973568916321,-1.2996222972869873,-4.588685035705566,-5.955872535705566,-5.135560035705566,-5.988096835266333,-2.065411554198363,-5.315248370170252,-4.073474083037581,-7.432458638866592
472,-0.7937051653862,-1.4499552249908447,-4.348392486572266,-6.121829986572266,-5.254642486572266,-5.263459416222759,-2.012652377714403,-5.770268082618543,-4.419102828018367,-8.192162990359066
473,-0.7767020463943481,-1.4798270463943481,-5.042326927185059,-5.643889427185059,-5.136076927185059,-5.84099715645425,-1.8706326321553206,-5.425140261649744,-4.331865674088476,-7.4095435138278845
474,-1.003204345703125,-1.034454345703125,-4.151641845703125,-5.886016845703125,-4.682891845703125,-4.910053669591434,-2.6752950912486995,-5.550080060958635,-4.183269429428037,-8.018853425690395
475,-0.8146198391914368,-1.767744779586792,-4.306807518005371,-6.494307518005371,-5.400557518005371,-5.2064941469579935,-1.3616583213588456,-6.275558233260881,-3.8541258781624492,-8.377140998620234
476,-0.603858232498169,-1.510108232498169,-5.07260799407959,-6.21323299407959,-5.44760799407959,-7.245873318752274,-1.9321886090183398,-5.728859066962627,-4.909121228381991,-7.861693143588127
477,-1.104985237121582,-1.058110237121582,-4.151860237121582,-5.745610237121582,-4.604985237121582,-4.7930541803943925,-2.073898659698898,-5.417485952377092,-4.050679610751104,-7.792512058851571
478,-0.8628576993942261,-0.9878576993942261,-4.644107818603516,-6.167545318603516,-5.308170318603516,-5.597809029452037,-2.706803779467009,-5.597233533859026,-4.855419565719785,-8.034756779383315
479,-1.0307142734527588,-1.2494642734527588,-4.70258903503418,-6.24165153503418,-4.95258903503418,-5.226724857580848,-1.8746661936020246,-6.1166523694988655,-4.757571772846859,-7.452619909763598
480,-0.9192484617233276,-0.8567484617233276,-4.653623580932617,-6.216123580932617,-5.348936080932617,-5.755743586574681,-2.638161288370611,-5.739561676978894,-5.708663520694245,-8.067707180754951
481,-0.9070364832878113,-1.110161542892456,-4.586723804473877,-5.992973804473877,-4.860161304473877,-5.0798156938981265,-2.2978392681543482,-5.789849400520154,-4.727635819261195,-7.946119546675618
482,-0.6383907794952393,-1.5602657794952393,-4.50557804107666,-6.63839054107666,-5.21651554107666,-4.881571633508429,-2.138570054201409,-6.11495375633217,-4.443479576555546,-8.294658660724963
483,-0.5871166586875916,-1.9464917182922363,-3.8761792182922363,-6.094929218292236,-5.368366718292236,-5.182009520591237,-1.6497657188010635,-6.485554695129281,-4.837697456474416,-8.860570669030494
484,-1.0457484722137451,-0.8582484126091003,-4.326998233795166,-6.366060733795166,-5.178560733795166,-5.569729418726638,-2.819367511488963,-5.600436449050676,-4.944550209387671,-8.084838866805512
485,-0.7824786305427551,-1.2668535709381104,-4.4465413093566895,-6.2512288093566895,-5.2746663093566895,-5.721018131705932,-2.3451845433737617,-5.579354524612199,-4.595415616000537,-7.876254677437828
486,-0.9471191763877869,-2.6814942359924316,-3.9393067359924316,-6.400244235992432,-4.908056974410982,-4.343511844519526,-1.041079856629949,-6.962744712829476,-4.150924451241735,-8.32994639862045
487,-0.9893934726715088,-1.3175184726715088,-4.34876823425293,-6.16126823425293,-4.81751823425293,-5.0137533460510895,-1.7395912213250995,-5.887831330299207,-4.020964690047549,-7.887856363920946
488,-0.7342715859413147,-1.15614652633667,-4.41395902633667,-5.85145902633667,-5.07020902633667,-5.430291759781539,-2.609443888111855,-5.398334622382947,-4.8049156116030645,-8.476481795061773
489,-0.7103670835494995,-1.1009920835494995,-4.561929702758789,-6.335367202758789,-5.343179702758789,-5.7968015628284775,-2.7730380150751444,-5.640055537223475,-5.312327186722541,-8.194767117189258
490,-0.6519097685813904,-2.901909828186035,-4.097222328186035,-6.097222328186035,-5.386284947395318,-4.530600404832512,-1.1520894604473142,-7.44878530502308,-4.8321557869785465,-9.042550444481094
491,-0.5840488076210022,-1.4902987480163574,-4.505923748016357,-6.294986248016357,-5.091861248016357,-5.3193675592774525,-2.396723851124989,-5.701236963271867,-4.725069087086013,-8.310629486879407
492,-0.9330446720123291,-1.292419672012329,-4.36273193359375,-6.55023193359375,-4.87835693359375,-4.808834479015786,-1.9332289525918895,-5.78460764884926,-3.964662365062395,-7.823693871199794
493,-0.9780899286270142,-3.1499648094177246,-4.696839809417725,-6.243714809417725,-4.532777547836275,-4.1741883754730225,-0.8063999243313447,-7.524965167045536,-4.6583544734166935,-8.243733167488244
494,-1.3351777791976929,-0.7258027791976929,-4.475802898406982,-6.397677898406982,-5.038302898406982,-5.1324883943016175,-2.9369140712660737,-5.577366113662492,-5.210516276332783,-8.093016862505465
495,-0.9754176139831543,-1.0379176139831543,-4.053542613983154,-5.912917613983154,-4.819167613983154,-4.765026181819849,-2.5537116384657566,-5.5613557100294315,-4.319514929520665,-7.95200657809437
496,-0.8931956887245178,-1.346320629119873,-4.611945629119873,-6.643195629119873,-5.510383129119873,-6.262098390143365,-1.8152724300889531,-6.018196582793735,-3.7217296717280988,-7.6354140038492915
497,-0.8596794605255127,-2.8753044605255127,-3.8284294605255127,-5.781554222106934,-5.078429222106934,-4.338275627698749,-0.9222872199170524,-6.945617198943978,-4.922653562563937,-8.7112603185833
498,-0.8790385723114014,-1.0196635723114014,-4.3243513107299805,-6.0977888107299805,-5.2071638107299805,-5.012490544992033,-2.7073435621423414,-5.57435202598549,-4.465337449655635,-8.410307287998876
499,-0.9745746850967407,-0.9433246850967407,-4.708949565887451,-6.177699565887451,-5.240199565887451,-5.592375447915401,-2.5528914744209033,-5.662075161933728,-4.5608838105690666,-7.59960043396859
500,-0.6406760215759277,-2.2813010215759277,-4.226613521575928,-6.695363521575928,-5.921926021575928,-4.966435709036887,-1.3752217147120973,-7.000051498412972,-4.508332023542607,-9.320377945802647
501,-0.5949963331222534,-2.032496452331543,-4.110621452331543,-6.438746452331543,-5.016871690750094,-4.319513112772256,-1.7514368114207173,-6.782496809959355,-4.470503082673531,-9.079387903078896
502,-1.1263084411621094,-2.4544334411621094,-3.5794334411621094,-6.673183441162109,-4.162801980972262,-3.033507587853819,-1.0536149563267827,-6.787802100181523,-3.803938615426887,-8.873757600615136
503,-0.7914945483207703,-1.338369607925415,-4.268056869506836,-5.822744369506836,-5.385244369506836,-5.534485851298086,-2.1979117253795266,-5.221182584762346,-3.7919328444404528,-7.994643330286635
504,-0.8758573532104492,-1.2977323532104492,-4.586794853210449,-6.430544853210449,-5.078982353210449,-5.501737683836836,-2.001107303862227,-5.985233068465959,-4.2903057784133125,-8.094629645098394
505,-0.8914422988891602,-1.4851922988891602,-4.06331729888916,-6.45394229888916,-4.67269229888916,-4.783085423754528,-1.829112872830592,-5.735192894935437,-3.9074371369206347,-7.96958780267596
506,-0.930216908454895,-1.305216908454895,-4.2895917892456055,-6.0942792892456055,-5.0317792892456055,-5.548442301689647,-1.8835435902292375,-5.727092623710291,-3.8135049403936137,-7.969308852712857
507,-0.7872363924980164,-1.1778614521026611,-4.427861213684082,-6.388798713684082,-5.232548713684082,-5.694161663763225,-2.428048593181302,-5.693487167357944,-4.6938238765869755,-7.920072078431986
508,-0.9447007179260254,-1.1478257179260254,-3.9056382179260254,-5.804075717926025,-5.069700717926025,-4.289251483627595,-2.304225195199251,-5.765013813972303,-4.187275215605041,-8.288470148841952
509,-1.811018705368042,-2.771956205368042,-3.764143705368042,-6.436018943786621,-3.7875814437865927,-2.490419607143849,-0.9050228272681125,-7.021956801414433,-4.022916690271813,-8.264161109776978
510,-0.8706681728363037,-1.3081681728363037,-4.433168411254883,-5.933168411254883,-4.683168411254883,-4.59001022943994,-2.167724116166937,-5.589419126510393,-4.097595863509923,-8.13631606076342
511,-0.9096724987030029,-1.534672498703003,-4.440922737121582,-6.003422737121582,-5.386235237121582,-5.958020912716165,-1.5348411656159442,-6.050298452377092,-3.9881679325480945,-7.8940700290095265
512,-0.4358488917350769,-2.8577239513397217,-6.810848712921143,-6.662411212921143,-6.373348951339693,-5.128212525509298,-2.6079382666794118,-8.248349547386113,-6.186655672558118,-9.459301113978654
513,-0.9801027774810791,-1.308227777481079,-4.3316650390625,-5.8082275390625,-5.0660400390625,-5.778561648097821,-2.02719018587959,-5.456665873527186,-3.511819253821159,-7.472318410471416
514,-0.475475549697876,-2.600475549697876,-4.147350311279297,-6.342662811279297,-5.592662811279297,-4.751052116276696,-1.6162599198141834,-7.202038288116341,-5.265333693299908,-9.553616404404238
515,-0.5024248361587524,-2.189924716949463,-3.697737216949463,-6.400862216949463,-5.580549716949463,-4.886219019419514,-1.7837946343206568,-6.736800193786507,-4.9247875215660315,-9.174318909470458
516,-1.0202754735946655,-2.965588092803955,-4.395275592803955,-6.762463092803955,-4.457775831222506,-3.478138173930347,-0.9580031374207465,-6.832776069641,-4.317999955790583,-8.371852993846915
517,-0.8795358538627625,-1.1920359134674072,-4.309223175048828,-6.137348175048828,-5.067035675048828,-5.044189874082804,-2.176579342005425,-5.817036271095105,-4.356501259608194,-8.145183443763017
518,-0.8684498071670532,-2.8059496879577637,-4.680949687957764,-7.016887187957764,-5.298137426376314,-3.693767635617405,-1.0874215118674329,-7.024700164794808,-4.876757141610142,-8.759091138712392
519,-0.8716422319412231,-1.1372672319412231,-4.668517112731934,-6.551329612731934,-5.371642112731934,-5.606758200621698,-2.278087596860132,-5.660705447196619,-4.918943433469394,-7.824790835098611
520,-0.8657099008560181,-1.334459900856018,-4.4516472816467285,-6.5922722816467285,-4.9828972816467285,-5.264826782105956,-1.9284019285842078,-5.9985229969022384,-4.498849576775683,-8.170417189408909
521,-0.9432027339935303,-3.2010152339935303,-3.9822652339935303,-5.661952972412109,-4.11507821083066,-3.075109811499715,-1.2715256018418586,-7.013515830039921,-4.3190574570326135,-8.372909545716539
522,-0.6731049418449402,-2.844980001449585,-4.563729763031006,-5.891854763031006,-4.6027925014495565,-3.882083180360496,-1.2670508431328926,-6.89185523986805,-4.728501664241776,-8.719996332993105
523,-1.4927985668182373,-3.0865485668182373,-4.063110828399658,-6.164673328399658,-4.328736066818209,-3.257074996829033,-0.6960744147800142,-6.836548805236703,-4.384216351667419,-8.102194428231087
524,-1.031777024269104,-1.094277024269104,-3.7661519050598145,-6.2114644050598145,-4.5708394050598145,-4.868209716165438,-2.125692949819495,-5.586465120315324,-4.274306715553394,-8.211486816166143
525,-0.7822933793067932,-1.0166683197021484,-4.727605819702148,-6.165105819702148,-5.852605819702148,-6.603432790143415,-2.8137243822129676,-5.782294392585186,-5.10291166396928,-7.680757045402061
526,-1.151756763458252,-2.683006763458252,-4.331444263458252,-6.214256763458252,-4.699010610580416,-4.165782799944282,-0.8398874084814452,-6.82401084899891,-4.402828334015794,-8.191213130841788
527,-0.9577901363372803,-1.0671651363372803,-4.309352874755859,-6.395290374755859,-4.989040374755859,-5.122482459177263,-2.332967623224249,-5.668728470802137,-4.583125654287869,-7.887498974578193
528,-0.7307806611061096,-1.2620306015014648,-4.691718101501465,-6.496405601501465,-5.441718101501465,-5.747385498485528,-2.2935034980328055,-5.808906316756975,-4.590563929144992,-8.129244804025802
529,-1.029137134552002,-0.9510120749473572,-3.935387134552002,-5.927574634552002,-4.615074634552002,-4.232797241071239,-2.576162565354025,-5.8728876113890465,-4.506063752633054,-8.48228728738286
530,-0.8439579606056213,-1.1408329010009766,-4.578332901000977,-6.156457901000977,-5.398645401000977,-5.016454979951959,-2.328523975229473,-5.9142711162564865,-4.781830718158744,-7.945545434638916
531,-0.6653685569763184,-2.6966185569763184,-4.782556056976318,-5.376306056976318,-4.626306295394869,-3.943336069583893,-1.587579432351049,-6.57161891460413,-5.275540511065628,-7.64194726930873
532,-0.7386550307273865,-2.4730300903320312,-4.308967590332031,-6.340217590332031,-4.887092590332031,-4.436762595549226,-1.1763261410378618,-6.918343067169076,-4.661035171709955,-8.840232968212149
533,-1.0888819694519043,-1.1045069694519043,-4.362319469451904,-5.870131969451904,-4.807631969451904,-5.605447088717483,-1.8703197064605774,-5.627945184707414,-4.073633957363199,-7.792030334199808
534,-0.7828062176704407,-1.157806158065796,-4.470306396484375,-6.360931396484375,-5.290618896484375,-5.8069619937450625,-2.4548988105379976,-5.407807230949061,-4.955044203728903,-7.673455476471645
535,-1.3795461654663086,-3.1686086654663086,-3.7779836654663086,-5.574858665466309,-3.9107964038848593,-2.934478174895048,-1.129857253312366,-6.723296642303353,-4.083687623147853,-7.723314523527733
536,-0.9293554425239563,-1.1168553829193115,-4.569980621337891,-5.999668121337891,-5.296543121337891,-6.20405094162561,-2.132666570498259,-5.499669075011752,-4.062631976295961,-7.593443393387133
537,-1.586439847946167,-3.172377347946167,-3.727064847946167,-6.461440086364746,-4.0400532484054,-1.9166074991226196,-1.368489097832935,-6.985365867614632,-4.275265342905186,-8.438511371401546
538,-1.1544873714447021,-1.2794873714447021,-3.748237371444702,-5.849800109863281,-4.568550109863281,-5.123951418674551,-1.9515360443037935,-5.240425825118791,-3.404830873623723,-7.6388871666749765
539,-0.9485514760017395,-1.1829264163970947,-4.971989154815674,-6.690739154815674,-5.440739154815674,-5.707717575249262,-1.9487323597277282,-6.159490227698711,-4.800545599369798,-7.651697158602474
540,-1.0235273838043213,-1.1329023838043213,-4.437589645385742,-6.265714645385742,-4.711027145385742,-4.76643750758376,-2.0080833271349547,-5.906340360641252,-4.469225332257338,-7.984487175686809
541,-0.7485401034355164,-1.4204151630401611,-4.631352424621582,-6.139164924621582,-5.006352424621582,-4.969325852813199,-2.2487330250733066,-5.482915639877092,-4.373956593481125,-7.584499478096404
542,-0.7647565603256226,-1.3741315603256226,-4.585069179534912,-6.303819179534912,-5.241319179534912,-4.961585682583973,-2.374333957239287,-5.717882275581189,-4.382305080129299,-8.163216113793169
543,-1.0637297630310059,-2.899667263031006,-3.954354763031006,-6.180917263031006,-4.3137300014495565,-3.078366070985794,-0.9858005451096687,-6.93873023986805,-4.50985648855567,-8.485621571391675
544,-1.1494404077529907,-1.3994404077529907,-4.219752788543701,-5.711940288543701,-5.172877788543701,-5.971375459455885,-1.6496283831365872,-5.782253623008387,-3.7514210064837243,-7.336973070559907
545,-1.0572346448898315,-0.9791096448898315,-4.330672264099121,-5.924422264099121,-4.955672264099121,-4.862517894711345,-2.9011447301745648,-5.330672979354631,-4.57311615042272,-7.877570986465798
546,-0.9682250022888184,-0.8744750022888184,-4.640100002288818,-6.147912502288818,-5.569787502288818,-6.0939114121720195,-2.7965482276922558,-5.60885095596268,-4.999833638721611,-7.811999678307984
547,-1.588838815689087,-3.010713815689087,-4.354463577270508,-5.729463577270508,-4.7997763156890585,-4.242401417344809,-0.6202699973946437,-7.221651554107552,-5.113026694802102,-8.604482650574937
548,-0.9551917314529419,-0.8770667314529419,-4.752066612243652,-6.533316612243652,-5.455191612243652,-5.885531212785281,-2.908521988763823,-5.533317565917514,-5.291527668683557,-7.728662371082464
549,-0.5431661009788513,-1.715041160583496,-4.480666160583496,-5.879103660583496,-5.215041160583496,-5.528243176057003,-1.9808260074642021,-5.574416756629773,-4.457635558297625,-8.832247733887925
550,-1.002786636352539,-1.049661636352539,-3.596536636352539,-5.768411636352539,-5.291849136352539,-5.355180275626481,-3.0107970042008674,-5.502787470817225,-4.370422858628444,-8.237185001100443
551,-0.753996729850769,-1.488371729850769,-4.535246849060059,-6.253996849060059,-4.980559349060059,-4.880125481518917,-2.19166480084823,-5.574309825897103,-4.152762120880652,-7.9571431872955145
552,-0.48999255895614624,-2.458742618560791,-4.107180118560791,-6.177492618560791,-5.4665552377700735,-4.523241071496159,-1.708890665540821,-6.622805714607068,-5.053007112699561,-9.271259784542053
553,-0.9047634601593018,-2.3891384601593018,-4.318825721740723,-5.928200721740723,-4.818825721740723,-4.604051543865353,-1.0455279253073968,-6.607888698577767,-4.920978729380295,-8.381343245353492
554,-0.9232335686683655,-1.1888585090637207,-3.9466710090637207,-5.884171009063721,-5.165421009063721,-5.314863534178585,-2.0796962750027888,-5.688859105109998,-4.94710972221219,-8.337316036033371
555,-3.181905746459961,-3.205343246459961,-3.470968246459961,-6.142843246459961,-3.705343961715471,-1.5061219725757837,-3.221288272179663,-6.931905984878512,-3.269794228603132,-9.353818296680402
556,-0.9226244688034058,-1.4851244688034058,-4.172624588012695,-5.930437088012695,-5.063249588012695,-5.251654096529819,-1.7665704296668991,-5.711687803268205,-3.7589494431740604,-8.03983759847506
557,-0.9245705008506775,-1.2839455604553223,-4.541758060455322,-6.315195560455322,-5.307383060455322,-5.7307038579601794,-2.143519858524087,-5.596446514129184,-4.378043591015739,-7.48709821662851
558,-1.0184733867645264,-0.8934733867645264,-4.7606611251831055,-6.6200361251831055,-5.2528486251831055,-5.566055167408194,-2.487455341135501,-5.807537078856967,-4.823497715551639,-7.721623539613574
559,-1.5651633739471436,-2.8854758739471436,-4.268288612365723,-6.010476112365723,-4.674538850784273,-3.998461556620896,-0.6434944059874397,-6.994851589202767,-4.894239212095272,-7.588620781705686
560,-0.9112008213996887,-3.403388261795044,-5.778388500213623,-6.309638500213623,-6.043747186660738,-4.85884238127619,-0.8643596317560878,-7.395309925079232,-5.747616609791294,-9.168764710268078
561,-1.014742374420166,-1.077242374420166,-4.256929874420166,-5.647554874420166,-5.108492374420166,-5.695644951425493,-2.0774062737618806,-5.569430828094028,-4.179145039874129,-7.608518480914427
562,-0.843379020690918,-1.030879020690918,-4.523066520690918,-6.210566520690918,-5.069941520690918,-5.430024015891831,-2.5310306434112135,-5.515254855155604,-4.835975324967876,-8.023091673534509
563,-1.0517160892486572,-1.3954660892486572,-4.770465850830078,-6.309528350830078,-5.075153350830078,-5.661875536083244,-1.5988056429487187,-6.090779066085588,-4.559871853009099,-7.543930530178841
564,-0.8660082221031189,-2.4597582817077637,-4.444133281707764,-5.819133281707764,-5.334758281707764,-5.080834566149861,-1.0692878842091886,-6.951946258544808,-5.030734557076357,-8.553522705920841
565,-0.9347952604293823,-2.872295379638672,-3.676982879638672,-6.317607879638672,-4.958295941352837,-4.071417813189328,-1.013125767087331,-6.903608798980599,-4.482151420903392,-8.77081251130403
566,-0.805453360080719,-1.0242033004760742,-4.844515800476074,-5.977328300476074,-5.641390800476074,-5.813924334128387,-3.0712348100205418,-5.344516515731584,-5.196520469180541,-8.35235083077714
567,-0.8893718123435974,-1.2487468719482422,-4.334684371948242,-5.670621871948242,-5.123746871948242,-5.7422256474383175,-1.967703082758817,-5.600310325622104,-4.069430520787137,-7.748771905586182
568,-0.8119213581085205,-1.0462963581085205,-4.671296119689941,-6.554108619689941,-5.358796119689941,-5.593857291329186,-2.4371494986698963,-6.030671954154627,-4.8201549357618205,-8.015071272533532
569,-0.8912332653999329,-1.156858205795288,-4.227170944213867,-5.602170944213867,-5.078733444213867,-4.751481271232478,-2.3757963003590703,-5.633421540260144,-4.282258192251902,-8.110007166580544
570,-0.8173838257789612,-1.3798837661743164,-4.598633766174316,-6.153321266174316,-5.411133766174316,-5.950934376043733,-1.9269695059920195,-5.848634839057354,-4.169317295862129,-7.942406534888505
571,-0.7441983819007874,-2.4004483222961426,-4.189510822296143,-5.752010822296143,-5.275448322296143,-5.099038825137541,-1.166190498159267,-6.736386299133187,-5.1666058076079935,-8.291090965123658
572,-1.1374835968017578,-1.1218585968017578,-4.137483596801758,-5.903108596801758,-4.879671096801758,-5.302215828676708,-1.9501570312713739,-5.528109312057268,-4.161291292315582,-7.8406357761505205
573,-0.8444904088973999,-1.0632404088974,-4.4851155281066895,-6.2429280281066895,-5.5241780281066895,-5.173494548595045,-2.743094430436031,-5.430428862571375,-4.735485485289246,-7.922636508721553
574,-0.9118451476097107,-2.8962202072143555,-4.4587202072143555,-5.8571577072143555,-5.247782945632906,-4.393180288374424,-0.9432697739684954,-6.9509081840514,-5.1232378638815135,-8.60717248905712
575,-0.7456680536270142,-1.5269180536270142,-4.519105434417725,-5.995667934417725,-5.323792934417725,-5.94227647210937,-1.839604002831038,-5.651918888091586,-3.8866790979518555,-7.870688438204525
576,-0.7754068374633789,-2.572281837463379,-5.150406837463379,-7.126969337463379,-5.056656956672661,-4.7934418462682515,-1.0255836092110258,-7.447282433509656,-4.901006042200606,-9.103549361076148
577,-0.6811710596084595,-1.4311710596084595,-4.67335844039917,-6.13429594039917,-5.55617094039917,-5.06674397084862,-2.2282205667579547,-5.603046536445447,-4.58009862806648,-7.751501679254943
578,-0.9390504360198975,-1.0953004360198975,-4.274988174438477,-6.251550674438477,-4.993738174438477,-5.096077378897462,-2.126736981153954,-5.7593638896939865,-4.290968474204419,-7.939075946487719
579,-1.0597505569458008,-1.3253755569458008,-4.262875556945801,-6.231625556945801,-4.934750556945801,-6.084830127307214,-1.6224335264705587,-6.012876391410487,-3.677271548920544,-7.419148564073112
580,-1.0735279321670532,-1.0735279321670532,-3.6907153129577637,-5.854777812957764,-5.159465312957764,-4.949196591798682,-2.5581301192432875,-5.706341266631625,-3.9489487715472933,-8.14386463136907
581,-0.6892029643058777,-1.2048280239105225,-4.884515285491943,-6.228265285491943,-5.322015285491943,-5.557954517775215,-2.5331348015606636,-5.603266000747453,-4.822452926222468,-7.923597216416965
582,-0.734075129032135,-2.9215750694274902,-4.66376256942749,-6.03876256942749,-5.148137688636773,-4.598548862151802,-1.0467467160779051,-6.937200546264535,-5.156445023079868,-8.687216520182119
583,-1.029498815536499,-0.9357487559318542,-4.90449857711792,-5.98262357711792,-5.57637357711792,-6.343270803452469,-2.0765588112408295,-5.7404371500009574,-4.428343570645666,-7.545149087580285
584,-0.6939260363578796,-2.7720510959625244,-4.857988357543945,-6.342363357543945,-5.490801095962496,-4.838826799765229,-1.1316011990711559,-7.42830133438099,-5.100886569125578,-8.70175325859418
585,-0.601097047328949,-1.3667221069335938,-4.679222106933594,-6.210472106933594,-5.413597106933594,-5.703883256530389,-2.616904242138844,-5.632347702979871,-4.96081954165129,-8.21049070340996
586,-0.8765454292297363,-1.2515454292297363,-4.243732929229736,-5.782795429229736,-4.962482929229736,-5.6507789304014295,-2.0798470817971975,-5.384358763694422,-4.173782521480462,-7.931257605248902
587,-0.9496618509292603,-1.3246618509292603,-4.144974231719971,-6.176224231719971,-4.910599231719971,-4.982009642408229,-1.8560744391870685,-5.754349946975481,-4.012532880558865,-7.988744139473056
588,-1.132932186126709,-1.164182186126709,-4.203244686126709,-5.945432186126709,-4.617307186126709,-5.360173829190899,-1.7737583911657566,-5.382932901382219,-3.8989039058214985,-7.492334603886775
589,-0.885227382183075,-1.1196024417877197,-4.182102203369141,-5.744602203369141,-5.057102203369141,-5.08898071560543,-2.5104281700769207,-5.518040537833826,-4.2138011639763135,-8.182128429069053
590,-0.8128299117088318,-3.3909549713134766,-4.484704971313477,-5.750329971313477,-5.039392709732027,-3.9070897921919823,-1.0786700017488329,-7.164392948150521,-4.797828599053901,-8.547220110778653
591,-0.9595534205436707,-1.1939284801483154,-4.740803241729736,-6.475178241729736,-5.350178241729736,-5.437059433897957,-2.0222742313781055,-5.951741576194422,-4.623984745587222,-7.428331732344304
592,-1.0655241012573242,-0.9561491012573242,-4.338961601257324,-5.721774101257324,-5.143649101257324,-5.362947313697077,-2.9720260779431555,-5.268650054931186,-4.433156629704172,-8.04211115806902
593,-0.8834956288337708,-1.367870569229126,-4.524120807647705,-6.430370807647705,-5.117870807647705,-5.627127200481482,-1.8680577103077667,-5.672559261321567,-4.071329180442262,-7.313206910808731
594,-0.745739758014679,-2.995739698410034,-4.151989936828613,-6.331677436828613,-5.073865175247164,-4.374142216984183,-1.1053522543079453,-7.050427913665658,-4.777492992696352,-8.847317218671378
595,-0.7803534269332886,-3.092853546142578,-4.194416046142578,-6.272541046142578,-5.178791284561129,-4.190090648829937,-1.0461879749054788,-7.092854022979623,-5.030680126248626,-8.86630523194708
596,-0.9118037223815918,-2.818053722381592,-4.052428722381592,-6.443053722381592,-4.819223642349215,-3.9627635860815644,-1.0225746375654126,-6.795786380767709,-4.366652454424184,-8.577052593091139
597,-1.3930749893188477,-3.0805749893188477,-4.307137489318848,-5.994637489318848,-4.618711829185429,-3.572975032031536,-0.7361866417923011,-6.868711948394662,-4.923948971147183,-8.001539349437735
598,-0.879146158695221,-1.2385210990905762,-4.097896099090576,-5.715083599090576,-4.980708599090576,-5.239120184676722,-2.3012376789120026,-5.215084314346086,-3.6921236566558946,-7.980732440664724
599,-1.6588647365570068,-3.197927236557007,-3.838552236557007,-6.119801998138428,-4.588552236556978,-3.6245756479911506,-0.5965189218695741,-6.994802474975472,-4.401588176959194,-7.979195236994201
600,-0.32699742913246155,-2.8894975185394287,-4.75668478012085,-6.05355978012085,-6.17855978012085,-5.587462717667222,-1.8584116562415147,-7.537935137748661,-5.468126408348326,-9.68638706197089
601,-0.843296468257904,-1.1245465278625488,-4.507359027862549,-6.046421527862549,-5.351109027862549,-5.609683342569042,-2.5309985671920003,-4.983922362327235,-5.10933259621379,-7.6011298892699415
602,-0.5078813433647156,-2.7891314029693604,-4.601631164550781,-6.421943664550781,-5.328193902969332,-4.9324440562631935,-1.4455571020225761,-6.9844442605970585,-5.047437545843422,-8.836021065601017
603,-0.6648236513137817,-2.977323532104492,-4.133573532104492,-6.313261032104492,-4.468901872634859,-3.598683707881719,-1.336271507840138,-6.968902111053353,-4.406966645794455,-8.57048010813378
604,-0.7550072073936462,-1.301882266998291,-4.317507266998291,-5.817507266998291,-5.294069766998291,-5.780692671425641,-2.4895949137571733,-5.2862583398813285,-4.099180847086245,-7.880032658255004
605,-0.8554027676582336,-2.871027708053589,-4.488215446472168,-5.824152946472168,-5.22259056568145,-4.610203763935715,-1.0117731021891814,-7.1522784233092125,-4.949836259009317,-8.417918562767227
606,-1.1305888891220093,-1.0993388891220093,-4.333714008331299,-6.263401508331299,-4.708714008331299,-5.225125242082868,-1.9901718876935774,-5.568089723586809,-4.029477256262908,-7.61498820752422
607,-1.039536476135254,-1.258286476135254,-4.141098976135254,-5.727036476135254,-4.805161476135254,-5.258964189677499,-1.7740893205773318,-5.523912191390764,-3.8211579824856017,-7.961435436915053
608,-1.0489187240600586,-1.1270437240600586,-4.502043724060059,-5.986418724060059,-5.377043724060059,-6.21399649081286,-2.09596811204392,-5.541107296943096,-4.221221593848895,-7.259885668321658
609,-0.8337551355361938,-1.2400051355361938,-4.802505016326904,-6.450942516326904,-5.396255016326904,-5.741006468771957,-2.1464701659424463,-5.72438085079159,-4.498209637997206,-7.544720053294441
610,-0.590416431427002,-1.293541431427002,-4.598228931427002,-6.941978931427002,-5.434166431427002,-5.46599145088112,-2.621858697530115,-6.098229646682512,-5.106366700667422,-8.434187650445892
611,-0.7357737421989441,-1.2045238018035889,-4.17327356338501,-6.15764856338501,-4.98577356338501,-5.220755750313401,-2.298430072973133,-5.931086659431287,-4.540823870629538,-8.282673477828212
612,-1.289541482925415,-1.148916482925415,-4.531728744506836,-6.195791244506836,-4.852041244506836,-5.845305339898914,-1.9615683440351859,-5.8520423173898735,-3.50088993209647,-7.438010096058861
613,-0.6005394458770752,-3.053664445877075,-3.670851945877075,-5.733351707458496,-4.123976945877047,-3.989451930858195,-1.6788795954926172,-7.116164684295541,-4.335420956951566,-9.006805538998378
614,-1.1586720943450928,-0.8617970943450928,-4.338359832763672,-5.689922332763672,-4.939922332763672,-4.854630142799579,-2.6744710055791074,-5.416485667228358,-4.541808552778093,-7.814947724020385
615,-0.7749109864234924,-1.1967859268188477,-4.446785926818848,-5.962410926818848,-5.087410926818848,-5.025722531834617,-2.5875898439553566,-5.665536522865125,-4.509679359267466,-8.228056311399996
616,-0.6553071141242981,-1.4834320545196533,-4.358432292938232,-5.913119792938232,-5.038119792938232,-5.327783999557141,-2.3429896664747503,-5.56155788898451,-4.202581326011568,-8.52251553512906
617,-0.7629104256629944,-1.2785353660583496,-4.58322286605835,-6.54416036605835,-5.00509786605835,-5.115153200400528,-2.3099584429728566,-5.8722860813138595,-4.372669980453793,-7.934809326838149
618,-0.9348363876342773,-1.1067113876342773,-4.333273887634277,-6.450461387634277,-4.927023887634277,-5.466807582124602,-2.3412475456134416,-5.606712102889787,-4.310163325251779,-8.020795464282855
619,-0.7430174350738525,-1.3523924350738525,-4.461767196655273,-6.172704696655273,-5.493017196655273,-5.634612804336939,-2.024426447620499,-6.016455531119959,-4.5011948872415815,-8.453975796477607
620,-0.9424359798431396,-1.5361859798431396,-4.083061218261719,-6.293998718261719,-4.833061218261719,-5.045025893836282,-1.614500504656462,-6.1064995527264045,-3.606785375450272,-7.981520890944012
621,-1.0342533588409424,-1.1280033588409424,-4.167065620422363,-6.503003120422363,-4.4693284034729,-4.579405299795326,-2.0866743200749625,-5.492766737937586,-4.290088195877615,-7.641225814568315
622,-0.46428367495536804,-2.7455337047576904,-3.9330337047576904,-6.206470966339111,-5.284596085548394,-4.623020890634507,-1.6987818403722486,-6.8939715623853886,-4.613203528308077,-9.261177778065758
623,-0.7843297719955444,-1.3468297719955444,-4.089017391204834,-6.549954891204834,-4.799954891204834,-5.167880501074251,-2.12825034596608,-5.831205487251111,-4.261250312643824,-8.02654516657094
624,-0.63297039270401,-1.5392203330993652,-4.218907833099365,-6.015782833099365,-5.297032833099365,-6.087096428265795,-2.0081353051500628,-5.968908548354875,-4.406775406998349,-8.406431197858183
625,-0.96335768699646,-2.54148268699646,-4.158670425415039,-6.049295425415039,-5.41648316383359,-3.4835836878046393,-1.1354254298348678,-7.353983402252084,-4.331165479088668,-9.377436876162392
626,-1.0186537504196167,-1.9092787504196167,-4.120216369628906,-6.674903869628906,-4.815528869628906,-4.809088123263791,-1.440712315874407,-6.003029584884416,-3.589442616532324,-7.698370813890506
627,-0.9734043478965759,-1.0827794075012207,-4.793716907501221,-6.129654407501221,-5.129654407501221,-5.552230112545658,-2.239208205442992,-5.520280122756731,-4.840914912492735,-7.699989557009758
628,-0.956912636756897,-1.206912636756897,-4.402225017547607,-6.120975017547607,-5.158143043518066,-5.440151165588759,-2.338052724953741,-5.298768877982752,-4.150655931938672,-7.665983199691254
629,-0.6340726017951965,-1.4934475421905518,-4.430947780609131,-6.368447780609131,-5.149697780609131,-5.353404352790676,-2.4779906131589087,-5.532511115073817,-4.704782764572883,-8.12628555264746
630,-0.8744024634361267,-1.6712775230407715,-4.3665900230407715,-6.2415900230407715,-5.3119025230407715,-6.102446054923348,-1.4839800391200697,-6.163465857505457,-3.82014754001284,-8.24942469571215
631,-0.9843285083770752,-3.304641008377075,-4.226515769958496,-5.601515769958496,-4.187453508377047,-3.4565879702568054,-1.0157742308801971,-6.992141246795541,-4.695958136173431,-7.624971508814269
632,-1.0964964628219604,-0.9871214628219604,-4.19024658203125,-5.80743408203125,-4.78399658203125,-5.847169887798373,-2.3935682580195135,-5.25274729728676,-4.339036998455413,-7.838707565984805
633,-0.9152578711509705,-1.0246329307556152,-4.485570430755615,-6.235570430755615,-5.055882930755615,-5.829915942216758,-2.3998318712692708,-5.469946265220301,-4.603122883010656,-7.9230968948668306
634,-0.8177586793899536,-1.1615086793899536,-4.325571060180664,-6.153696060180664,-4.927133560180664,-5.232450406358112,-2.255456666389364,-5.950571775436174,-4.427431419841014,-8.130280732862957
635,-0.7413126826286316,-1.2569377422332764,-4.233500003814697,-6.366312503814697,-5.272562503814697,-5.51544356130762,-2.2727452350081876,-5.858500719070207,-4.726037441054359,-8.0147727725398
636,-0.9158834218978882,-1.1658834218978882,-4.329946041107178,-5.673696041107178,-4.947133541107178,-4.853931872698013,-2.85356341174338,-5.040884256362688,-4.75998443167191,-8.142472028381235
637,-0.9284259676933289,-3.5690510272979736,-3.7018635272979736,-6.1393632888793945,-4.709675908088677,-4.338943421840668,-0.7879218386078719,-7.428426265716439,-5.202321305259829,-8.951882481391294
638,-1.028921127319336,-0.8726711869239807,-4.403921127319336,-6.052358627319336,-5.091421127319336,-5.599653394310735,-2.5446981076092925,-5.505484580993198,-5.091782147093909,-7.716446160957275
639,-1.0069208145141602,-1.3350458145141602,-3.85848331451416,-5.96004581451416,-4.99910831451416,-5.758060401771218,-1.8039672227750998,-5.663171648978846,-3.7806750034505967,-7.342883467357751
640,-0.3478187322616577,-3.1134438514709473,-5.472818851470947,-7.043131351470947,-6.51969397068023,-5.639305630931631,-1.707355247810483,-7.894694328307992,-5.668607955827611,-9.300958514098966
641,-0.9326286315917969,-0.9951286315917969,-3.831066131591797,-5.432628631591797,-5.073253631591797,-4.643903556163423,-2.3702088562276913,-5.385754108428841,-4.659436791756889,-8.713900089032904
642,-0.5268712639808655,-2.7143712043762207,-4.698746204376221,-6.667496204376221,-4.59816098213193,-3.953840470407158,-1.6061471549182897,-7.480973601341191,-4.489431649446487,-8.535675883178556
643,-0.7750526070594788,-2.446927547454834,-4.001615047454834,-6.446927547454834,-4.501615285873385,-4.012030767276883,-1.3377398077136604,-7.228178143501111,-4.408953193691559,-7.790695547895666
644,-0.9269135594367981,-1.0987884998321533,-4.395663738250732,-6.333163738250732,-5.255038738250732,-5.834023463597987,-1.9739622918714304,-6.192539572715418,-4.505329804960638,-7.794123053312433
645,-0.80904620885849,-1.1527962684631348,-4.394983768463135,-6.168421268463135,-5.059046268463135,-5.637773689930327,-2.309232813597191,-5.762172102927821,-4.785941187903518,-7.777827381603856
646,-0.9733778238296509,-1.0515028238296509,-4.403065204620361,-5.949940204620361,-4.824940204620361,-5.880222262989264,-2.286059363075765,-5.489003419875871,-4.684673245210433,-8.035899042864912
647,-0.8058405518531799,-1.4152154922485352,-4.477715492248535,-6.118340492248535,-5.251152992248535,-5.4708582367165945,-1.868542412397801,-5.696466326713221,-4.446901703107869,-7.696488618583317
648,-1.0945734977722168,-1.2820734977722168,-4.141448497772217,-5.563323497772217,-5.102385997772217,-5.4161026226356626,-2.032246932241833,-5.5086369514460785,-3.962124162528198,-7.493043422175106
649,-0.8663427233695984,-3.358530282974243,-4.264780044555664,-6.663217544555664,-4.717905282974215,-3.9344204985536635,-0.9759229806950316,-7.280405521392709,-4.757416862616083,-8.436672568168433
650,-0.9829246997833252,-1.2954246997833252,-3.693862199783325,-5.529799461364746,-5.139174461364746,-5.351133301621303,-1.8736947669676738,-5.678237795829432,-3.756700816040393,-8.186071634047039
651,-0.9379693269729614,-1.2192193269729614,-4.437969207763672,-5.977031707763672,-4.969219207763672,-5.993294631596655,-2.03193042431667,-5.461407423019182,-4.3602012950286735,-7.594244837431688
652,-0.6777231097221375,-1.3808481693267822,-4.685535430908203,-6.435535430908203,-5.310535430908203,-5.95204040419776,-2.1154268772515934,-5.669911265372889,-4.35786797068431,-8.083994149936188
653,-0.8726887702941895,-1.1383137702941895,-4.2633137702941895,-6.0445637702941895,-4.9898762702941895,-5.0298218402895145,-2.4197293382894713,-5.778939485549699,-4.669954700337257,-8.193021058830709
654,-0.7189709544181824,-2.820533514022827,-4.125220775604248,-6.765845775604248,-4.35959613323206,-3.146285969298333,-1.609858359239297,-6.929908752441293,-3.852559146413114,-8.593986749528995
655,-0.4771672189235687,-2.9302921295166016,-4.125604629516602,-6.641229629516602,-5.180292367935152,-4.440588605357334,-1.6179488774650963,-6.899042606353646,-4.649527551111532,-8.914682865019131
656,-0.5588616132736206,-2.16823673248291,-4.15261173248291,-6.33229923248291,-5.51198673248291,-5.279023008653894,-1.6683424655202543,-6.668237328529187,-5.004642257816158,-8.949505448166747
657,-0.940229058265686,-1.237104058265686,-3.8855414390563965,-5.8074164390563965,-5.2761664390563965,-4.480683668400161,-2.3388453561929055,-5.580854654311906,-4.22191217096406,-8.018378495880825
658,-0.8818000555038452,-1.0536750555038452,-4.655237674713135,-6.397425174713135,-5.069300174713135,-5.7339149380568415,-2.2101093361125095,-5.678676128386996,-4.921242999233073,-7.889636039461038
659,-0.7349640727043152,-2.40683913230896,-3.62558913230896,-6.024026393890381,-5.094338893890381,-4.892891905736178,-1.2194558313931338,-6.789651870727425,-4.759042534278706,-9.00060713275343
660,-0.4968145489692688,-3.059314489364624,-5.028064727783203,-6.903064727783203,-5.419174432754488,-5.298031273065135,-1.3255711685487768,-7.528549671172982,-4.943271181022283,-9.223878383496412
661,-1.1154634952545166,-0.9592134356498718,-4.0373382568359375,-5.8185882568359375,-4.6467132568359375,-5.467548948712647,-2.5219130316982046,-5.279526472091447,-4.342446000489872,-7.63111710506746
662,-1.0559697151184082,-0.9934697151184082,-4.040344715118408,-6.329407215118408,-4.923157215118408,-4.876994356221985,-2.384265050684917,-5.712220311164685,-4.681390316225588,-8.016930341442276
663,-0.5859994888305664,-2.5859994888305664,-4.179749488830566,-6.281311988830566,-4.726624488830566,-4.893489720998332,-1.4455277802335331,-6.937562465667611,-4.602261936117429,-8.695390701162978
664,-0.5423822402954102,-2.58925724029541,-4.48769474029541,-6.69863224029541,-5.354882478713961,-5.00579075445421,-1.4644325817935169,-7.206445217132455,-4.910067434422672,-9.159584522138175
665,-1.1485761404037476,-3.148576259613037,-3.937638759613037,-5.781388759613037,-4.273576498031588,-4.240634109824896,-0.9143796999705955,-7.086076736450082,-4.508761197037529,-8.593907475287779
666,-2.9932117462158203,-2.0791492462158203,-5.92289924621582,-4.96196174621582,-4.196337103843632,-4.8308986723423,-4.095076634461293,-6.290087103843632,-4.002571815159172,-9.008863806358931
667,-0.8397108912467957,-1.2147109508514404,-4.269398212432861,-6.230335712432861,-4.964710712432861,-4.8872562782489695,-2.089886769099394,-5.620961189269906,-4.582202030753251,-8.136607646711127
668,-0.898665189743042,-1.273665189743042,-4.281477928161621,-6.109602928161621,-5.093977928161621,-5.321341193863191,-2.086366990712122,-5.398666262626307,-4.000560585962376,-7.883062958462688
669,-0.9679601192474365,-1.2335851192474365,-4.592960357666016,-6.311710357666016,-5.413272857666016,-5.554600111383479,-2.186907867901027,-5.811711192130701,-4.343307792383712,-7.397678017161525
670,-0.6443562507629395,-3.3709187507629395,-4.2693562507629395,-6.0037312507629395,-5.191231369972222,-4.695522149093449,-1.160087818192551,-7.230294227599984,-4.988562718150206,-8.93343400942831
671,-0.5329828858375549,-1.6423578262329102,-5.07204532623291,-6.35329532623291,-5.31423282623291,-5.029770624823868,-2.4863779180159327,-5.915795922279187,-4.861531763803214,-7.712688207466272
672,-0.8700295686721802,-1.1981545686721802,-3.7762794494628906,-5.682529449462891,-4.909091949462891,-4.800293279462494,-2.4326957325974945,-5.424717783927576,-4.292337562219473,-8.11224091024269
673,-0.809461772441864,-2.184461832046509,-4.98133659362793,-6.39539909362793,-5.78602409362793,-6.525635100435466,-1.215932464096113,-6.536025166510967,-4.630240927421255,-7.231361627265869
674,-0.6948326826095581,-3.1401453018188477,-4.210457801818848,-6.218270301818848,-4.905770540237398,-4.137371105141938,-1.2262918730266392,-7.163583397865125,-4.734425523376558,-8.788598418113907
675,-0.48444831371307373,-2.3281984329223633,-3.6485109329223633,-5.882885932922363,-5.804760932922363,-5.063689562492073,-1.7501755900520948,-6.718823909759408,-5.031755473261001,-9.304778575740784
676,-0.7661607265472412,-1.1255357265472412,-4.85209846496582,-6.36772346496582,-5.33647346496582,-5.532704289187677,-2.6882065388635965,-5.73491168022133,-4.493026449083118,-8.117744207167561
677,-0.9289066791534424,-1.2726566791534424,-4.194531440734863,-6.038281440734863,-4.866406440734863,-4.531541011063382,-2.0228433434822364,-5.757032155990373,-3.858959012228297,-7.710183500877974
678,-1.0128662586212158,-1.2316162586212158,-4.215991020202637,-5.864428520202637,-4.786303520202637,-4.920005879132077,-1.950557690419373,-5.536304116248914,-4.021121284691617,-8.114452242569314
679,-0.9933472275733948,-0.9777222275733948,-3.92303466796875,-6.18084716796875,-4.87615966796875,-5.032865062967176,-2.4153706917131785,-5.66522288322426,-4.415599751693662,-7.98556411223035
680,-0.8536008596420288,-1.1661008596420288,-4.666100978851318,-5.869225978851318,-5.236413478851318,-5.370031628233846,-2.635039192609838,-5.228601813316004,-4.439868276560446,-8.095811128348942
681,-0.8319196105003357,-1.3631696701049805,-4.3866071701049805,-6.3475446701049805,-4.9178571701049805,-5.223303864244372,-2.129012441757368,-5.464733123778842,-3.9729379834025167,-7.644445418980467
682,-0.9566740393638611,-0.9566740393638611,-4.480111598968506,-6.292611598968506,-5.144174098968506,-5.574394918279722,-2.316228373674676,-5.730112433433192,-4.94146076310426,-7.777009486890165
683,-0.7950477004051208,-1.5919227600097656,-4.482547760009766,-5.748172760009766,-4.767016887664795,-4.503566045779735,-1.8296819788811263,-6.009204983711072,-4.454934628971387,-8.149850964302459
684,-0.9544875621795654,-0.9388625621795654,-4.7513628005981445,-6.2748003005981445,-5.3216753005981445,-5.166068228019867,-2.610913022857858,-5.735738396644422,-5.2517631444497965,-8.048261642172292
685,-0.48849546909332275,-1.4728704690933228,-5.324432849884033,-6.590057849884033,-5.629120349884033,-5.802248288760893,-3.0043054647831013,-5.61349594593031,-5.371596890647197,-8.238514423197557
686,-0.8788005709648132,-1.191300630569458,-4.199112892150879,-5.847550392150879,-4.816300392150879,-5.199822293361649,-2.3945870269235456,-5.355363607406389,-4.230724507739069,-8.081951141026366
687,-0.7175253629684448,-1.4206503629684448,-4.342525482177734,-5.897212982177734,-5.264400482177734,-5.304529336513951,-2.1551921228819992,-5.514401078224012,-4.5851167817017995,-8.514419436274693
688,-0.9048634171485901,-1.2486133575439453,-4.654863357543945,-6.381425857543945,-5.256425857543945,-5.874204699182883,-2.030070283464738,-5.928301811217807,-4.4834065754839685,-7.522082566712925
689,-0.9640209674835205,-1.1827709674835205,-3.9171459674835205,-6.065583229064941,-4.526520729064941,-4.206740356923547,-2.370421875049942,-5.667146325111219,-4.29240950444364,-7.831234335559202
690,-0.7805652618408203,-2.9133777618408203,-4.03837776184082,-5.91337776184082,-4.530565500259371,-3.348428978584707,-1.5151179871027125,-6.741503238677865,-3.6717662344453856,-8.71808123575829
691,-0.7535108923912048,-1.1597609519958496,-4.89413595199585,-6.24569845199585,-5.76132345199585,-5.527915844169911,-2.9412025029741926,-5.683199048042127,-5.246143242140533,-8.519154190842528
692,-0.7073437571525574,-1.2385938167572021,-4.762031078338623,-6.371406078338623,-5.262031078338623,-5.200133261503652,-3.0825435915758135,-5.504219293594133,-4.5045860330574214,-8.465177535790644
693,-0.9200687408447266,-1.1388187408447266,-4.662256240844727,-5.607568740844727,-5.240381240844727,-5.233475512301084,-3.014024713280378,-5.1935069561002365,-4.5767748507496435,-8.045095204955942
694,-0.9952940940856934,-1.1202940940856934,-4.268731594085693,-6.018731594085693,-4.924981594085693,-5.71483735559741,-2.042321789529524,-5.714045047759555,-4.034780650807079,-7.925003170734271
695,-0.913554310798645,-0.991679310798645,-5.5619916915893555,-6.2573041915893555,-5.6479291915893555,-5.656496240058914,-3.47626993713493,-5.249492406844865,-5.398306536983,-7.905766248401051
696,-0.7880023121833801,-2.4755022525787354,-3.9755022525787354,-6.5458149909973145,-4.748940229415865,-4.032706310739741,-1.366335847080336,-6.686440467834359,-4.054152231779881,-8.866144060943043
697,-1.1335042715072632,-0.9616292715072632,-4.344441890716553,-5.680379390716553,-5.039754390716553,-5.400077727623284,-2.532129627725226,-5.23506796359959,-3.8136571755167097,-7.649154662765795
698,-0.8387711048126221,-1.088771104812622,-4.495020866394043,-6.291895866394043,-5.284083366394043,-5.495216946452274,-2.8623398456256837,-5.221584320067905,-5.409599051985424,-8.315353989388313
699,-1.419513463973999,-2.857013463973999,-3.982013463973999,-5.997638702392578,-4.044513940811129,-2.9652001317590475,-1.1698414741258603,-6.825764179229623,-3.66265049186768,-8.317967772347401
700,-1.1900222301483154,-0.9087721705436707,-3.8228347301483154,-6.205646991729736,-5.002521991729736,-5.120365047128871,-2.299602368293563,-5.799397706985246,-4.237247882294469,-8.111920475694205
701,-1.1834793090820312,-0.7772293090820312,-4.472541809082031,-6.378791809082031,-4.870979309082031,-5.098149830009788,-2.5273853418621,-5.597542524337541,-4.590045878838282,-7.70693719366318
702,-0.7946555614471436,-1.1540305614471436,-4.583718299865723,-6.700905799865723,-5.232155799865723,-5.623453509993851,-2.2323521182406694,-6.0368441343304085,-4.865384849574184,-8.17749083016679
703,-1.044983148574829,-1.326233148574829,-4.13873291015625,-6.05279541015625,-4.73248291015625,-5.334926693642046,-1.6857839668227825,-5.716858506202527,-4.3656664398440626,-7.951256036491031
704,-0.8363421559333801,-1.3675920963287354,-4.7113423347473145,-5.9222798347473145,-5.1097798347473145,-6.126328637532424,-1.8833805189060513,-5.625405907630352,-4.321105166571215,-7.3910566564773035
705,-1.5560076236724854,-3.4778826236724854,-4.0638203620910645,-6.2044453620910645,-4.962258100509615,-4.286200136877596,-0.5248673498062999,-7.391945838928109,-4.78313644597074,-8.65758645520873
706,-0.9100126624107361,-1.3318877220153809,-4.230325222015381,-6.394387722015381,-4.894387722015381,-5.903024810249917,-1.722647777016391,-5.699075937270891,-4.207295096392045,-7.800663590096519
707,-1.7211806774139404,-2.7993056774139404,-3.6899306774139404,-5.4633684158325195,-4.74461865425107,-3.094928783364594,-0.8775703213614179,-7.400868892669564,-4.377939333382528,-9.244637369929478
708,-0.6295276880264282,-1.3326526880264282,-5.113902568817139,-6.887340068817139,-5.746715068817139,-5.669918965082616,-2.3328646196605405,-6.402965664863416,-5.48153533556615,-8.301423668648567
709,-0.8388848304748535,-1.6357598304748535,-4.3701348304748535,-5.9638848304748535,-5.2763848304748535,-4.980746815097518,-1.6046473885362502,-5.971697926521131,-4.5579560479091015,-8.409215926942124
710,-0.780251681804657,-3.3818142414093018,-4.811501502990723,-5.014626502990723,-5.381814241409273,-4.240923807024956,-1.3116620650544064,-7.6083768606185345,-5.218203799944604,-9.4287041424559
711,-1.3700779676437378,-2.4482030868530273,-4.463828086853027,-5.276328086853027,-4.838828444480839,-5.472527965903282,-1.9640557506500045,-7.620078444480839,-4.5662731804768555,-9.19822120650133
712,-0.8805879950523376,-1.0212130546569824,-4.130588054656982,-5.771213054656982,-5.146213054656982,-5.388816270249663,-3.044833285806817,-5.427463889121668,-4.802902959374478,-8.364984750502117
713,-0.8955500721931458,-1.583050012588501,-3.739300012588501,-5.85648775100708,-4.77836275100708,-5.216957208351232,-1.5206812534015626,-5.918988347053357,-3.9348893974383827,-8.372135758123477
714,-0.4834037125110626,-1.5302786827087402,-4.77246618270874,-6.81934118270874,-5.45996618270874,-5.617071024666075,-2.764825448539341,-5.9052792787550175,-5.374374687409727,-8.639674186506454
715,-1.2856056690216064,-3.3637306690216064,-4.191855430603027,-6.066855430603027,-4.762168169021578,-4.312495910562575,-0.7857572321372572,-7.676230788230839,-4.715780020313105,-9.082495927690616
716,-0.8402894735336304,-1.5590394735336304,-4.04341459274292,-6.78560209274292,-4.66060209274292,-4.872917655855417,-1.6841761972464155,-6.012165188789197,-4.028119867143687,-8.309058427623313
717,-1.0619556903839111,-1.4213306903839111,-4.108830451965332,-6.280705451965332,-5.007267951965332,-5.680752292973921,-1.48398958373582,-5.866643667220842,-3.8046128838614095,-7.507294773695321
718,-1.2201629877090454,-2.907662868499756,-3.665475368499756,-6.626412868499756,-4.9779756069183065,-3.496911402558908,-0.767157070695248,-7.415475964546033,-4.61908662415226,-9.329558014676877
719,-1.7771992683410645,-3.6756367683410645,-4.1521992683410645,-6.5662617683410645,-4.863136887550347,-3.8237154954113066,-0.4335831016069278,-7.863137245178109,-4.777717336895876,-9.074092745600865
720,-0.8772448301315308,-0.9866198301315308,-4.04911994934082,-5.73661994934082,-4.99443244934082,-5.369881529099075,-2.783654557846603,-5.63505816459633,-4.893204990512459,-8.025705933294375
721,-1.0529218912124634,-3.131046772003174,-4.256046772003174,-5.529484272003174,-4.9826095104217245,-4.080150822177529,-0.7717876367314602,-7.560734748840218,-5.225658879498951,-8.865441322144761
722,-0.818008303642273,-1.130508303642273,-4.2633209228515625,-5.9586334228515625,-5.2476959228515625,-5.256024585047271,-2.8650803372147493,-5.646134257316248,-4.52942216975498,-8.591469526012588
723,-1.1296745538711548,-1.3327995538711548,-4.192174434661865,-6.262486934661865,-4.965611934661865,-5.7795323769096285,-1.61422036618751,-5.551550388335727,-3.5129088465182576,-7.254708408730949
724,-0.9011139869689941,-1.1667389869689941,-3.815176486968994,-5.862051486968994,-5.010488986968994,-5.096964095544536,-2.760677200727514,-5.338614940642856,-4.253098994639004,-8.065200686151002
725,-0.9685342311859131,-3.062284231185913,-3.952909231185913,-6.038846969604492,-5.390409708023043,-4.53480059094727,-0.843664041676675,-7.281034946441537,-4.984847666404676,-9.109179258150107
726,-0.7657266855239868,-1.2188516855239868,-4.570414066314697,-6.070414066314697,-5.195414066314697,-4.813445688574575,-2.531520352422376,-5.242289781570207,-4.687923975463491,-7.664186835028886
727,-1.0566215515136719,-1.5722465515136719,-4.072246551513672,-6.572246551513672,-4.556621551513672,-4.058983871247619,-1.5724458495824365,-6.431622147559949,-4.064904579077847,-8.251960873243661
728,-0.8675478100776672,-1.2581727504730225,-4.187860488891602,-6.273797988891602,-5.070672988891602,-5.180723438970745,-2.1177546763938153,-5.820673823356287,-4.0397717344458215,-8.070701002681744
729,-0.5715193748474121,-3.274644374847412,-5.610581874847412,-6.540269374847412,-5.4230819940566946,-4.540642941370606,-1.227932082285406,-8.102770328521615,-6.009607023152057,-9.259040713091963
730,-0.7800979614257812,-3.2957229614257812,-4.303535461425781,-5.373847961425781,-5.116126537322998,-4.2072813073173165,-1.045907612235169,-7.295814514160043,-5.249383946618764,-9.084895014600988
731,-0.9062521457672119,-2.937502145767212,-4.671876907348633,-3.765627145767212,-4.60937750339491,-3.589008465409279,-1.641018552472815,-7.031252264976445,-5.493044249305967,-8.906283020489354
732,-0.863917887210846,-1.1920428276062012,-4.223292827606201,-6.465480327606201,-5.074855327606201,-5.19280750118196,-2.1141108088195324,-5.746731162070887,-4.208048152126139,-7.957693218862914
733,-1.4538887739181519,-2.9929513931274414,-4.461701393127441,-4.899201393127441,-4.242951631545992,-3.539508195593953,-1.0790939120633993,-7.196076869964486,-4.743631846620701,-8.11015927770859
734,-0.8209152221679688,-1.4459152221679688,-4.359977722167969,-6.469352722167969,-5.008415222167969,-5.040515657165088,-1.8836231015593512,-5.797478437423479,-4.149480603518896,-7.735006808810795
735,-1.2712533473968506,-3.3259408473968506,-4.74781608581543,-4.91969108581543,-5.4196914434432415,-4.292240336537361,-1.0839707615086809,-7.2087539434432415,-5.646792266692501,-8.982210635947922
736,-0.6271024942398071,-2.3458523750305176,-3.4083523750305176,-6.197414875030518,-5.072414875030518,-4.534890779061243,-1.4240809625480324,-7.213040351867562,-4.54956085345475,-9.431808352308508
737,-0.8850522041320801,-1.13505220413208,-4.46317720413208,-6.20536470413208,-5.02567720413208,-5.807554644183256,-2.0258222713164287,-5.369427800178357,-4.674381101416657,-8.010070919806822
738,-0.9637357592582703,-1.213735818862915,-4.362173080444336,-6.463735580444336,-5.088735580444336,-5.05062177462969,-1.995196677860804,-5.924673795699846,-4.284398851857986,-7.752826571058904
739,-0.795895516872406,-1.8115205764770508,-4.506833076477051,-6.272458076477051,-4.834958076477051,-4.64231765572913,-1.764857031404972,-5.858396053314095,-4.366533345717471,-8.061540245817014
740,-0.750492513179779,-2.922367572784424,-3.516117572784424,-6.422367572784424,-5.1098678112029745,-4.214297471335158,-1.0943633245042292,-7.586430549621468,-4.516638381755911,-9.719259142730152
741,-1.0105959177017212,-0.9793459177017212,-4.182470798492432,-6.041845798492432,-4.815283298492432,-4.8939781949156895,-2.6982467060588533,-5.471534013747942,-4.760893777303863,-8.237182497696267
742,-0.7859806418418884,-1.2078557014465332,-3.825043201446533,-6.621918201446533,-4.895355701446533,-4.911506157135591,-2.2705098271835595,-6.020356416702043,-4.427040363254491,-8.629754423802297
743,-0.7306490540504456,-1.8243989944458008,-4.668148994445801,-6.800961494445801,-5.566586494445801,-6.243064878042787,-1.4184016862127464,-6.090024471282845,-4.973091808147728,-7.800979137264221
744,-0.7404937148094177,-1.2404937744140625,-4.4045562744140625,-5.9436187744140625,-4.8811187744140625,-5.303736649104394,-2.4438186684128596,-5.560806989669572,-4.18624772815383,-8.310829281541373
745,-0.6887816786766052,-1.47003173828125,-4.30596923828125,-6.54815673828125,-5.58721923828125,-5.019020348787308,-2.0952067222096957,-6.345032334327527,-4.970594962767791,-8.454423904271607
746,-1.173831582069397,-3.1894564628601074,-4.322268962860107,-6.072268962860107,-4.586513280868502,-3.712885979562998,-0.8522946712037083,-7.609951019286996,-4.485598949948326,-8.711528420337345
747,-1.1439788341522217,-1.2221038341522217,-3.6439788341522217,-5.401791572570801,-4.729916572570801,-4.754098019388039,-1.9253613860928454,-5.503354907035487,-3.5193424755707383,-7.659628152558071
748,-0.6873836517333984,-1.7811336517333984,-4.640508651733398,-6.601446151733398,-5.226446151733398,-5.016465325374156,-1.8125538681051694,-5.999884366988908,-4.555068011803087,-8.085845589339442
749,-1.1657655239105225,-1.0095155239105225,-4.384515762329102,-6.400140762329102,-4.954828262329102,-5.127400870143902,-2.3065861272189068,-5.697016596793787,-4.478595083375694,-7.68141353104329
750,-0.9305315613746643,-1.1336565017700195,-4.2664690017700195,-5.7977190017700195,-5.0399065017700195,-5.485939958016388,-2.1651083027390996,-5.438344836234705,-4.063759002398001,-7.789927720798005
751,-0.8360433578491211,-1.242293357849121,-4.289168357849121,-6.046980857849121,-5.289168357849121,-5.024715451640077,-2.3518395277351374,-5.445419073104631,-4.46148028364405,-7.789187073532958
752,-0.844227135181427,-1.4067270755767822,-4.086414813995361,-6.094227313995361,-5.031727313995361,-5.040233014093246,-1.985041838765028,-5.578603148460047,-3.993138677731622,-8.133312701906107
753,-0.7709505558013916,-1.5834505558013916,-3.9975130558013916,-5.9428253173828125,-4.8881378173828125,-5.217066918266937,-1.8023743478406686,-5.692826032638322,-3.802632476988947,-8.239723324510123
754,-0.880925178527832,-1.084050178527832,-4.052800178527832,-5.834050178527832,-5.021550178527832,-5.342464146902785,-2.646741371951066,-5.466863512992518,-4.428209816949675,-8.11532390089451
755,-0.7795719504356384,-2.873322010040283,-4.349884510040283,-6.287384510040283,-5.258398771285982,-4.848046325379983,-1.0397832302987808,-7.172461509704476,-4.876161409774795,-8.516224741834776
756,-0.9026463627815247,-1.2463963031768799,-4.168271541595459,-6.230771541595459,-5.074521541595459,-5.27068816893734,-1.949691757938126,-5.793272495269321,-4.129713884671219,-7.769857763962136
757,-0.8660577535629272,-1.0848077535629272,-4.311370372772217,-6.186370372772217,-5.139495372772217,-5.5073288975981995,-2.3505893823166844,-5.553558707236903,-4.600739432062255,-8.084831356714858
758,-1.214129090309143,-2.7922539710998535,-4.3547539710998535,-6.4172539710998535,-5.237566709518404,-4.262322572059929,-0.7611575008922955,-7.300067067146131,-4.7224557269364595,-8.425082802647012
759,-0.9388799071311951,-1.1420049667358398,-4.56387996673584,-6.82950496673584,-5.29189395904541,-5.3630221139173955,-2.3155478004482575,-5.924707412719272,-4.667262128758011,-7.502860664895707
760,-0.6641606688499451,-1.2266607284545898,-4.64853572845459,-6.42978572845459,-5.53916072845459,-6.172544554574415,-2.3518342821189435,-5.961036562919276,-5.250387388368836,-8.25793123224139
761,-0.8627667427062988,-1.1596417427062988,-4.237766742706299,-5.956516742706299,-5.198704242706299,-5.074484520650003,-2.5816808804229368,-5.362767457961809,-4.214744481636444,-7.987791657136768
762,-1.0680184364318848,-3.0680184364318848,-4.161768436431885,-6.380518436431885,-4.966456055641167,-4.385458051227033,-0.7400121618338744,-7.200831413268929,-4.638935264083557,-8.864910483207495
763,-1.15773344039917,-1.09523344039917,-3.75148344039917,-5.61085844039917,-4.71242094039917,-4.8849917612969875,-2.1891577091882937,-5.368671774863856,-3.439318004908273,-7.6421362157780095
764,-0.6468355059623718,-2.3968355655670166,-3.7796480655670166,-5.9515228271484375,-5.3108978271484375,-4.858975640498102,-1.2875744039556594,-6.896835803985482,-5.06931465480011,-9.08435189710326
765,-0.8487774133682251,-3.0519022941589355,-3.6534647941589355,-6.1222147941589355,-5.130027532577486,-4.54079678049311,-1.0051261137923575,-7.16127777099598,-4.794601905334275,-9.145668864121035
766,-0.980197548866272,-0.917697548866272,-4.386447429656982,-6.097384929656982,-5.089572429656982,-5.269716277893167,-3.331909526124946,-5.62082302570326,-5.300897761480883,-8.316156267901533
767,-1.260995864868164,-1.307870864868164,-3.760995864868164,-6.151620864868164,-5.354745864868164,-5.1453499825438485,-1.5111058889888227,-5.956309080123674,-3.550384229980409,-7.823518395169231
768,-0.6835759282112122,-2.8085758686065674,-5.9726386070251465,-6.1288886070251465,-5.644513845443697,-4.717155353166163,-1.230716908350587,-7.425764083862191,-5.817112660501152,-8.55859339221388
769,-0.8592050671577454,-1.5623300075531006,-4.56233024597168,-6.71076774597168,-4.86701774597168,-4.657161128241569,-1.9062812125921482,-5.78889346122719,-3.7423816256341524,-7.742040633893339
770,-0.9578719735145569,-2.926621913909912,-3.918809413909912,-5.723496913909912,-5.239121913909912,-4.846079788636416,-0.8954725810908712,-7.332872390746957,-4.880109125340823,-9.26257741435984
771,-0.7072300910949707,-2.5353550910949707,-3.7228550910949707,-5.910355091094971,-4.996292591094971,-4.584849975770339,-1.2854698830487905,-7.254105567932015,-4.700065283803269,-9.11349487293046
772,-0.8851862549781799,-1.3383111953735352,-4.283623695373535,-6.275811195373535,-5.197686195373535,-5.081235256686341,-2.04161964164814,-5.642999529838221,-3.799568840273423,-7.66645967932709
773,-1.626657247543335,-2.970407247543335,-3.775094747543335,-5.665719509124756,-4.5797822475433065,-3.8320913147181273,-0.7205015972358524,-7.1344699859618,-4.299181727052201,-8.306362986402746
774,-0.9867199659347534,-1.0648449659347534,-3.799220085144043,-6.111720085144043,-4.861720085144043,-5.159099689917639,-2.2837735255307052,-5.486720800399553,-4.276141221576836,-8.267992138618865
775,-0.955222487449646,-1.017722487449646,-3.9786601066589355,-5.6661601066589355,-4.8145976066589355,-4.713452728785342,-2.45538293030404,-5.5567858219144455,-4.322789358702721,-7.994309305851857
776,-1.1343594789505005,-2.931234359741211,-4.282796859741211,-5.907796859741211,-4.931234598159762,-4.452840525191277,-0.7751265663246159,-7.493734717369023,-4.509987157187425,-8.759377360182043
777,-0.7980693578720093,-0.9699443578720093,-4.501194477081299,-6.266819477081299,-5.384006977081299,-6.212746669654734,-2.6575794128875714,-5.477757692336809,-4.579739720735233,-8.22777700403094
778,-0.632131814956665,-1.569631814956665,-4.647756576538086,-6.616506576538086,-5.350881576538086,-4.781887496239506,-2.022935016968404,-6.475882291793596,-4.741986040549818,-8.19464993459951
779,-0.7756626605987549,-1.3694126605987549,-4.267849922180176,-5.947537422180176,-4.994412422180176,-5.261079483549111,-2.1664572810259415,-5.369413137435686,-3.9557325108908117,-7.619441985647427
780,-1.0760350227355957,-2.8416600227355957,-4.310410022735596,-6.091660022735596,-5.529160141944878,-5.07638937048614,-0.7636418285546824,-7.271348118781873,-4.959350221150089,-8.81823861585326
781,-0.7659850716590881,-1.2972350120544434,-4.922235012054443,-6.531610012054443,-5.430047512054443,-5.509120491682552,-2.250563958354178,-5.773798346519129,-4.641286804428091,-7.56288754902198
782,-1.1897138357162476,-1.2834638357162476,-3.720963954925537,-5.767838954925537,-4.666276454925537,-4.893491651164368,-1.6586428720474942,-5.635027170181047,-3.5338570298918057,-7.885050892531581
783,-0.9486768245697021,-2.714301824569702,-4.362739562988281,-5.854927062988281,-4.940859794616699,-4.556513583753258,-0.8863114021805814,-7.362735271453744,-4.738365689525381,-8.651814460607056
784,-0.8415493965148926,-2.5446743965148926,-4.513424396514893,-6.130611896514893,-5.419674515724175,-4.7212975369766355,-0.9354160955990665,-7.677487373351937,-5.240470530843595,-9.372819781085127
785,-0.7329678535461426,-2.8579678535461426,-3.8579678535461426,-6.115780353546143,-5.389217972755425,-4.447405048413202,-1.1080849102145294,-7.404843330383187,-4.8584051367943175,-9.436108708248867
786,-1.4196882247924805,-3.2868757247924805,-3.8415632247924805,-5.9431257247924805,-4.435313463211031,-3.9936940129846334,-0.982427687587915,-7.513438582420292,-4.240660568873864,-8.974393725233313
787,-0.80182284116745,-1.0986979007720947,-4.450260162353516,-6.387760162353516,-5.114322662353516,-5.935260100581218,-2.4425821214244934,-5.598698496818201,-4.575675997097278,-7.833096623133315
788,-1.0611158609390259,-1.1392408609390259,-3.9673657417297363,-5.701740741729736,-4.912678241729736,-5.741515144589357,-1.9988003798935097,-5.326741456985246,-4.311473305657273,-7.365827202509536
789,-0.698680579662323,-1.3705556392669678,-4.386180400848389,-6.136180400848389,-5.464305400848389,-5.699496174813248,-2.152003149560187,-5.956493616103899,-4.855233027425129,-8.01121056035845
790,-0.941245973110199,-1.1912460327148438,-4.324058532714844,-5.964683532714844,-5.152183532714844,-5.184221910545602,-2.472693185438402,-5.3396843671795295,-4.074527630436933,-7.9490804669840145
791,-1.0839238166809082,-3.005798816680908,-4.146423816680908,-6.029236316680908,-4.771423935890191,-4.286201421171427,-0.8184522868541535,-7.443299293517953,-4.90481622092193,-8.537064671383632
792,-0.7370238304138184,-3.0026488304138184,-4.721398830413818,-6.260461330413818,-4.75083899497983,-4.2267675790935755,-1.0791511359566357,-7.836776614189091,-4.892118120624218,-8.930541753641592
793,-0.9745301604270935,-1.3651552200317383,-4.130780220031738,-6.169842720031738,-4.677655220031738,-4.740962656098418,-1.880987622687826,-5.568280935287248,-3.9670970912266057,-7.80267941922466
794,-0.8957023024559021,-1.3332023620605469,-3.833202362060547,-6.278514862060547,-4.528514862060547,-4.927536912728101,-1.9583662614022614,-5.731640458106824,-4.060096566507127,-8.114473819501654
795,-0.9324711561203003,-1.2293461561203003,-4.19809627532959,-6.56528377532959,-5.01840877532959,-5.081909394124523,-2.010788183863042,-5.979347109794276,-3.9796958550577983,-7.8699921367369825
796,-0.7646465301513672,-2.124021530151367,-3.655271530151367,-6.170896530151367,-4.991209030151367,-4.625750476727262,-1.4053729721126729,-6.850584506988412,-4.601238036819268,-8.858414292177258
797,-1.3032231330871582,-2.850098133087158,-3.545410633087158,-5.740723133087158,-4.624286413192721,-3.8174142711795866,-0.819705063397123,-7.405536651611214,-4.218543877417687,-8.624303698377844
798,-0.6253052949905396,-1.4221802949905396,-4.56280517578125,-6.82843017578125,-5.84405517578125,-7.556275498238392,-2.0473801889602328,-5.9690556526182945,-5.211464618842001,-8.539388537188643
799,-1.2919232845306396,-3.0497357845306396,-3.7294232845306396,-5.776298522949219,-4.815361261367769,-3.8662917502224445,-0.7139115269455942,-7.260673999786263,-4.526806225592736,-8.58881783466677
800,-0.8090531229972839,-1.2621781826019287,-4.02780294418335,-5.95749044418335,-5.11374044418335,-5.732260411954485,-2.1217380591260735,-6.035616040229627,-4.121913010603748,-8.12938523273806
801,-1.0036627054214478,-1.0974127054214478,-3.870850086212158,-5.948975086212158,-4.886475086212158,-4.613605099788401,-2.5350917417235905,-5.527100682258435,-4.480658913904335,-8.144308686043587
802,-0.7050774693489075,-2.8535149097442627,-4.884765148162842,-6.384765148162842,-4.1269620656966595,-2.9705701540224254,-1.9240684240794508,-7.5410245656966595,-4.276042850280646,-8.673855781373277
803,-0.9493206143379211,-2.7149455547332764,-4.0977582931518555,-5.8165082931518555,-4.9258832931518555,-4.437424494419247,-0.9181843335318263,-6.7305712699889,-4.481014510878595,-8.19152820090494
804,-1.2521495819091797,-0.9396495819091797,-4.02558708190918,-6.21308708190918,-4.90058708190918,-5.049603175604716,-2.2679474204487633,-5.6037129163738655,-4.24471228235052,-7.736552118876716
805,-0.9323937892913818,-1.1980187892913818,-3.994893789291382,-5.658956527709961,-4.862081527709961,-5.003377927409019,-2.463844398400397,-5.260519742965471,-4.065678485116223,-8.057419299759204
806,-1.0741760730743408,-1.1366760730743408,-4.441363334655762,-6.542925834655762,-4.949175834655762,-5.192048076773062,-2.0587320164049743,-5.503864049911272,-4.387048294302076,-7.316388725912475
807,-0.8910965919494629,-2.992659091949463,-3.758284091949463,-6.125471591949463,-4.898909330368014,-3.616193021181971,-1.141260252916254,-7.328597068786507,-4.266658029286191,-8.641110420125187
808,-0.9086980223655701,-1.0805730819702148,-4.557135581970215,-6.439948081970215,-5.354010581970215,-4.846986578893848,-3.0026219932042295,-5.479011416434901,-4.377787770732539,-7.99465799306563
809,-1.4846421480178833,-3.0549545288085938,-3.6799545288085938,-6.289329528808594,-4.094017267227144,-3.381629212293774,-0.7816753262304701,-7.336205005645638,-3.914891919295769,-8.211221098763417
810,-0.9238239526748657,-1.2206989526748657,-4.462886333465576,-5.884761333465576,-5.087886333465576,-5.596728390781209,-2.0333542703010608,-5.861324548721086,-4.174211069475859,-7.900409102179765
811,-1.070429801940918,-1.257929801940918,-4.554804801940918,-5.820429801940918,-4.968867301940918,-6.212260591913946,-1.7581270738592139,-5.640743136405604,-3.8598949098668527,-7.1954592462025175
812,-0.4919699728488922,-2.6325950622558594,-4.890407562255859,-6.359157562255859,-5.187282681465142,-4.760241698473692,-1.4764968041563407,-7.851345419883671,-5.117560927290469,-9.202923893795742
813,-0.9171280860900879,-1.182753086090088,-4.151503086090088,-6.034315586090088,-4.729628086090088,-4.870919363223948,-2.042290435958421,-5.870253682136365,-4.175271456333576,-7.878092765438851
814,-0.8385102152824402,-2.666635274887085,-3.986947774887085,-6.151010036468506,-5.041635036468506,-4.614949722075835,-1.05737399408099,-7.143198132514783,-4.565665546047967,-8.666652679296021
815,-0.8689031004905701,-0.9939031004905701,-4.298590660095215,-5.900153160095215,-5.251715660095215,-5.744478537002578,-2.8222194726986345,-5.384528875350725,-5.041154433012707,-8.25173544864083
816,-0.8646454215049744,-1.7708954811096191,-3.794332981109619,-5.966207981109619,-4.880270481109619,-4.818765383563004,-1.7710652207315434,-5.708396077155896,-3.419674457400106,-8.3802950379104
817,-0.9358168244361877,-1.185816764831543,-4.412379264831543,-6.224879264831543,-5.146754264831543,-5.725606415478978,-2.3110183274256997,-5.467067718505405,-4.193977772054495,-7.381156563385957
818,-0.7875446081161499,-1.06879460811615,-4.6000447273254395,-6.1625447273254395,-5.3891072273254395,-5.694783794344403,-2.600208984236815,-5.467232942580949,-4.623855640296824,-8.170378923170574
819,-1.0592200756072998,-1.4654700756072998,-4.090470314025879,-6.348282814025879,-5.059220314025879,-5.365318018826656,-1.5906334981846157,-6.051408648490565,-3.8253077390254475,-7.457690238428768
820,-0.5313104391098022,-2.593810558319092,-4.187560558319092,-5.890685558319092,-5.671935558319092,-5.259291595895775,-1.437676542220288,-6.921936035156136,-5.141188733337913,-9.375076889849879
821,-0.611747145652771,-2.6898722648620605,-4.3695597648620605,-5.9320597648620605,-5.017997503280611,-4.640589743386954,-1.3775237683730666,-7.182060122489872,-4.877964797895402,-8.22895157322273
822,-0.9138606786727905,-1.0232356786727905,-4.73417329788208,-6.27323579788208,-5.13261079788208,-6.117680070165079,-2.3203040174703347,-5.437299251555942,-4.648560113768326,-7.593570828183147
823,-1.1368050575256348,-0.9180551171302795,-4.683680057525635,-6.121180057525635,-5.050867557525635,-5.254757707589306,-2.3245206838764716,-5.464930772781145,-4.785624073672807,-7.3633947368743975
824,-0.8345555067062378,-1.2720555067062378,-4.311118125915527,-6.014243125915527,-5.326743125915527,-5.100946728896815,-2.178496461783652,-5.686118841171037,-4.1161956026626285,-8.201764702564105
825,-1.0885851383209229,-1.0885851383209229,-3.893272638320923,-6.096397399902344,-5.096397399902344,-4.7846619543852285,-2.643433438730426,-5.362022995948621,-4.159248052135808,-7.92454993686988
826,-0.9967876672744751,-1.028037667274475,-4.9655375480651855,-6.0436625480651855,-5.3327250480651855,-5.888103723002132,-2.4032081220066175,-5.387413382529871,-4.8018260578101035,-7.403062939321899
827,-0.564318060874939,-1.595568060874939,-4.5486931800842285,-6.2283806800842285,-5.4705681800842285,-5.034051649738103,-2.2363692367071053,-6.212756276130506,-4.822555094287964,-8.611210703687902
828,-0.685303270816803,-1.3103032112121582,-4.583740711212158,-6.083740711212158,-5.325928211212158,-5.592210315284319,-2.6386189278855454,-5.505616426467668,-5.005968985147774,-8.443134307697619
829,-0.86519455909729,-2.42769455909729,-4.099569320678711,-5.763631820678711,-4.849569320678711,-4.720754371024668,-1.0840728200710146,-7.0448822975157555,-4.826811321137939,-8.14646172508401
830,-0.4708964228630066,-2.6896464824676514,-4.174021244049072,-5.924021244049072,-5.486521244049072,-4.964822448790073,-1.59601425431174,-7.017771720886117,-5.002567560120951,-9.220911502728995
831,-0.5987291932106018,-2.395604133605957,-4.426854133605957,-6.278416633605957,-4.692479491233769,-4.109244064427912,-1.9739649017865304,-7.0987296104430015,-4.536870393145364,-7.887807607523428
832,-0.534738302230835,-2.534738302230835,-5.011301040649414,-6.042551040649414,-4.948801279067965,-4.454815858975053,-1.816199876338942,-7.394113898277226,-4.964879767474486,-8.487879395359414
833,-0.8039183616638184,-1.3820433616638184,-4.382043361663818,-6.108605861663818,-4.999230861663818,-5.515587658097502,-1.9915705803432502,-5.342981576919328,-3.851154500589473,-7.5930051800623914
834,-0.9449725151062012,-0.9293475151062012,-4.616847515106201,-5.991847515106201,-5.148097515106201,-5.328342878143303,-2.8123571678297594,-5.304348349570887,-4.750014242366888,-7.913748621600462
835,-0.9913231134414673,-1.1163231134414673,-4.077260494232178,-5.600697994232178,-4.944447994232178,-4.874765316955745,-2.2258664227701956,-5.553823709487688,-4.311918576218886,-7.858532309293878
836,-1.1943585872650146,-0.8349835872650146,-4.358421325683594,-6.553733825683594,-5.030296325683594,-5.335743377159815,-2.303911670082016,-6.084984540939104,-4.397830783738755,-7.538139104384754
837,-1.003204345703125,-1.081329345703125,-4.081329345703125,-5.714141845703125,-4.901641845703125,-6.285243795544375,-1.9565005155891413,-5.456330180167811,-4.362993750517489,-7.714164614417314
838,-0.7997671365737915,-1.3622671365737915,-4.174767017364502,-6.096642017364502,-5.018517017364502,-5.269114554161206,-1.956196172905038,-5.713830113410779,-3.9408363308757544,-8.456037878782809
839,-1.0306575298309326,-2.8197200298309326,-4.124407768249512,-5.983782768249512,-4.554095506668062,-3.833500186447054,-1.0933574238297297,-7.1400331258773235,-4.476500132353976,-7.944737434239869
840,-0.5151334404945374,-3.1713833808898926,-5.562008380889893,-6.140133380889893,-6.101071119308443,-5.465863546356559,-1.2497173329466023,-7.858883738517704,-5.898640629660804,-9.35108709322958
841,-0.9889901280403137,-1.457740068435669,-4.395240306854248,-6.871802806854248,-4.942115306854248,-4.9366418165154755,-1.739221426905715,-6.606178522109758,-3.575296572293155,-8.121823906665668
842,-0.6948220729827881,-2.351072072982788,-4.085447311401367,-6.335447311401367,-5.218260049819918,-4.744371649576351,-1.3668700307025574,-6.874510288238412,-4.64853436400881,-8.663590073427258
843,-0.7611836194992065,-1.4643086194992065,-4.659621238708496,-6.143996238708496,-5.487746238708496,-5.997130707488395,-2.058238847719622,-5.690872073173182,-4.175627278193133,-7.5268318650432775
844,-1.1743979454040527,-0.8306480050086975,-4.900960445404053,-6.213460445404053,-5.447835445404053,-5.573446563852485,-2.580872987222392,-5.604086399077914,-5.026388553524157,-7.658795356499468
845,-1.0232956409454346,-1.0545456409454346,-3.8670456409454346,-6.2029829025268555,-4.8592329025268555,-4.8599714888841845,-2.2265580798120936,-5.773295998573133,-4.273595884005772,-8.085818290448515
846,-0.7753897309303284,-1.1660146713256836,-4.455077171325684,-6.462889671325684,-4.986327171325684,-5.237274079117924,-2.463082533358829,-5.673828005790369,-4.650868539582007,-8.04884719828624
847,-0.9425577521324158,-1.1144328117370605,-4.5675578117370605,-6.6378703117370605,-5.5988078117370605,-6.037407270399854,-2.020894147470244,-5.965996265410922,-4.419594533042982,-7.294149159968583
848,-0.7806697487831116,-1.2337946891784668,-4.694732189178467,-6.210357189178467,-5.436919689178467,-5.476761275960598,-2.390238743071677,-5.624420523643153,-4.32015493515064,-8.11663126917665
849,-1.0071334838867188,-1.0852584838867188,-4.132133483886719,-6.116508483886719,-4.913383483886719,-5.062495838326868,-2.3041736943123396,-5.374321579932996,-4.437166273564799,-7.874346375143432
850,-0.49843162298202515,-2.74843168258667,-4.58436918258667,-5.44374418258667,-5.576556801795952,-5.298186562024057,-1.4985635193734197,-7.404682040214482,-5.295799014973454,-9.092195153139073
851,-0.9379317760467529,-1.453556776046753,-4.187932014465332,-6.047307014465332,-5.016057014465332,-5.4934350501862355,-1.62557600888249,-5.516057729720842,-3.532053878210718,-7.6567043063532765
852,-0.580016553401947,-1.8300166130065918,-4.759704113006592,-6.290954113006592,-5.580016613006592,-5.699028376722708,-1.908343771530781,-5.970642328262102,-4.424131207750179,-8.001913547264849
853,-0.73558109998703,-1.3137061595916748,-4.290268421173096,-5.852768421173096,-5.157455921173096,-5.220879366679583,-2.329502687047352,-5.524644136428606,-4.5875206474156585,-8.352789997832588
854,-0.8450163006782532,-1.2668912410736084,-4.2668914794921875,-5.5872039794921875,-5.1028289794921875,-6.197279088955838,-1.9233136028487934,-5.446579813956873,-4.095422423939453,-8.016915201858865
855,-1.0994240045547485,-1.0212990045547485,-3.943173885345459,-5.700986385345459,-4.716611385345459,-5.482716564263683,-2.255853160051629,-5.060362100600969,-4.256020366708981,-7.693201660724299
856,-1.1032001972198486,-0.9313251376152039,-4.0016374588012695,-5.9469499588012695,-4.8375749588012695,-4.986519804049749,-2.978368387382943,-5.3688256740567795,-4.83791333672707,-7.986039995768806
857,-1.1276113986968994,-3.0494863986968994,-4.26823616027832,-5.51823616027832,-4.955736398696871,-4.721407683566213,-0.8308744335226947,-7.330736637115365,-5.057880351610947,-7.994812965291203
858,-0.9563302993774414,-1.2688302993774414,-4.026642799377441,-6.237580299377441,-4.542267799377441,-4.45707579475129,-2.222110736212926,-5.729768514632951,-4.308304106030846,-8.089164972059734
859,-0.8432340621948242,-1.5619840621948242,-4.069796562194824,-6.077609062194824,-4.968234062194824,-4.976977749087382,-1.7653301709797233,-5.811984777450334,-3.94511480035726,-8.062005638843402
860,-0.5308494567871094,-3.4995994567871094,-4.749599456787109,-6.327724456787109,-5.72616219520566,-4.940719719044864,-1.2810077541944338,-7.624599933624154,-5.023514395201346,-9.03086709960553
861,-0.9577697515487671,-1.067144751548767,-3.8874573707580566,-5.942144870758057,-4.746832370758057,-5.091220651986077,-2.2392042705323547,-5.489020586013567,-4.153567673201906,-8.153106331526942
862,-0.707979142665863,-2.457979202270508,-4.309541702270508,-6.129854202270508,-5.286104202270508,-4.827507852576673,-1.3018773684452754,-6.918917298316785,-4.770991909201257,-8.512682676187978
863,-1.0399584770202637,-1.2430834770202637,-4.352458477020264,-5.946208477020264,-4.743083477020264,-5.32976861653151,-2.008884772018064,-5.368084192275774,-4.1028362990764435,-7.250919580181289
864,-0.7782483696937561,-1.2626233100891113,-4.832935810089111,-5.911060810089111,-5.215748310089111,-5.443668516236357,-2.262849067003117,-5.809499025344621,-4.591136141913012,-8.168897390087295
865,-0.8560576438903809,-1.5904326438903809,-4.473245143890381,-6.606057643890381,-5.098245143890381,-5.310399268753827,-1.6531712724099634,-5.691995859145891,-3.7002137074887287,-7.934203862918366
866,-1.0848956108093262,-1.3348956108093262,-4.053645610809326,-5.545833110809326,-4.764583110809326,-5.7029685628949665,-2.0850726209318964,-5.288021683692364,-3.577442462235922,-7.436483144447266
867,-1.0642653703689575,-1.0955153703689575,-3.993952751159668,-5.900202751159668,-4.642390251159668,-4.8071011586580426,-2.2675584413227625,-5.204890966415178,-4.361457297607558,-7.822101354320694
868,-1.355709195137024,-0.9807091951370239,-3.9494590759277344,-5.683834075927734,-4.629146575927734,-4.832705522770993,-2.2543024895276176,-5.254147291183244,-3.8404406865302008,-7.58229613273943
869,-1.2957520484924316,-2.8348145484924316,-3.9441895484924316,-6.155127048492432,-4.452002286910982,-3.561865234747529,-1.0459813808702165,-7.202002525329476,-4.452750045398716,-7.834832429725793
870,-0.9102572798728943,-1.160257339477539,-3.949319839477539,-6.019632339477539,-5.097757339477539,-4.864010136923753,-2.379184468794847,-5.457133054733049,-4.2466816908854526,-8.191529392952361
871,-0.7420768141746521,-2.679576873779297,-4.429576873779297,-5.765514373779297,-5.256736516952486,-4.816465284209698,-1.2100164769799449,-7.19423675537098,-4.804317939851899,-8.39737868294651
872,-1.0482814311981201,-0.8920314908027649,-4.727969169616699,-6.321719169616699,-5.243594169616699,-5.548999886028469,-2.7047394297696883,-5.477970123290561,-4.869051113608293,-7.727991819125236
873,-0.7671830058097839,-1.2046830654144287,-5.00937032699585,-5.59530782699585,-5.57968282699585,-5.245430598384701,-2.6892403198144166,-5.181245923042127,-5.064476521569304,-7.7437694069831196
874,-0.9014744162559509,-1.1670994758605957,-4.448349475860596,-6.135849475860596,-4.948349475860596,-5.4802929142606445,-1.979835244041169,-5.729600191116106,-4.315887389762793,-8.073374986310228
875,-0.6506155729293823,-1.1974905729293823,-4.283428192138672,-6.533428192138672,-5.322490692138672,-5.596481170330662,-2.728906856078538,-5.736554026603358,-4.807321325439261,-8.42407810656914
876,-1.4211913347244263,-2.7649412155151367,-4.210253715515137,-6.491503715515137,-4.561653971672001,-3.8202395336702466,-1.1400808831385802,-7.131966590881234,-3.757562102051452,-8.381985187357714
877,-1.5142968893051147,-1.4361718893051147,-4.170547008514404,-5.928359508514404,-5.045547008514404,-5.509338237112388,-1.5613658240181394,-5.71742284297909,-3.22561244975077,-6.998703717683384
878,-0.9128829836845398,-2.9910080432891846,-4.1160078048706055,-5.9597578048706055,-4.905114889144869,-3.4896858143620193,-1.303798764332896,-7.326990127563363,-4.343134387338068,-8.498883962452965
879,-0.7596932649612427,-1.4628182649612427,-4.408130645751953,-6.251880645751953,-5.345630645751953,-5.823349641286768,-1.8379947983339662,-5.939381599425815,-4.3616244112781715,-7.712840318434246
880,-0.691007137298584,-2.800382137298584,-5.026944637298584,-6.058194637298584,-5.300382375717135,-4.207234403118491,-1.5818787509051617,-7.9097576141356285,-5.0669368950184435,-8.323836326468154
881,-1.1510028839111328,-0.9791279435157776,-4.299440383911133,-6.158815383911133,-4.924440383911133,-5.13620521168923,-2.166787730791839,-5.643191099166643,-4.503031741100131,-7.393223881161248
882,-0.8668424487113953,-1.14809250831604,-3.97621750831604,-5.913717269897461,-4.913717269897461,-5.44562699488597,-2.648287396514206,-5.452780485152971,-4.4297464269038755,-8.163742065122278
883,-1.2064621448516846,-1.1752121448516846,-3.7611496448516846,-6.2064619064331055,-4.7611494064331055,-5.097675150434952,-2.097260460141115,-5.526775240897791,-3.988031098037027,-7.518988012927366
884,-0.9230971336364746,-1.3137221336364746,-4.329347133636475,-6.540284633636475,-4.868409633636475,-5.009899123280775,-1.8920308182860026,-6.00903546810116,-4.196921869646758,-7.7278178924752865
885,-1.083017349243164,-0.9580173492431641,-4.442392349243164,-6.051767349243164,-5.106454849243164,-5.724207718274556,-2.5675902170914924,-5.47364318370785,-4.567787330801366,-7.786167740499877
886,-0.8997912406921387,-2.9544787406921387,-4.063853740692139,-6.266978740692139,-4.408287286758394,-3.6876296335831285,-1.2756734888098435,-7.486412525176888,-4.088768405432347,-8.42393076402368
887,-0.883290708065033,-2.6645407676696777,-3.6567282676696777,-5.344228267669678,-4.969228267669678,-4.213897127425298,-1.117780082844547,-7.203603744506722,-4.5558139368658885,-9.055182814445288
888,-1.2202080488204956,-1.2358330488204956,-4.079583168029785,-5.923333168029785,-4.696770668029785,-4.635076198319439,-2.095374093594728,-5.563958883285295,-4.079916302493075,-7.673359989759774
889,-0.9688597321510315,-3.1563596725463867,-3.0235471725463867,-6.179797172546387,-4.531359791755669,-3.6590137991588563,-1.000271545664873,-7.382922649383431,-4.1412322475225665,-9.132939219329273
890,-0.8252482414245605,-2.8564982414245605,-3.6533732414245605,-6.0596232414245605,-5.0518107414245605,-4.547225032001734,-1.1066284094995353,-7.028373718261605,-4.403973399254028,-8.598703384252076
891,-0.5896303057670593,-1.480255365371704,-4.761505126953125,-6.605255126953125,-5.574005126953125,-5.325554838404059,-2.417937262202031,-6.105255842208635,-4.504120496741962,-8.175584554528541
892,-1.1229795217514038,-1.3729795217514038,-4.505792140960693,-6.326104640960693,-5.279229640960693,-6.218163772718981,-1.5606564126937883,-5.912043094634555,-3.849929138639709,-7.2089467044279445
893,-1.0117087364196777,-1.2929587364196777,-4.230458736419678,-6.105458736419678,-4.589833736419678,-4.738956097629853,-1.9025261217029765,-5.496084451675188,-3.5590310288243927,-7.792985200530893
894,-1.000288724899292,-2.672163724899292,-3.851851224899292,-5.867476463317871,-4.617476701736422,-4.0357378660701215,-1.0786852467863355,-7.140914440154916,-4.2900589585187845,-8.375303268330754
895,-1.0556185245513916,-2.5868685245513916,-4.1415557861328125,-5.8759307861328125,-5.024368524551363,-4.585687177721411,-1.1026820958650205,-7.133743643760624,-4.673587493482046,-8.15719819053811
896,-0.9550826549530029,-1.017582654953003,-4.431645393371582,-5.978520393371582,-4.720707893371582,-5.127463332202751,-2.5958975373214344,-5.494146108627092,-4.666348641883815,-7.86135673494573
897,-0.8632367253303528,-2.613236665725708,-3.644486665725708,-5.699174404144287,-4.9804245233535696,-4.342717082472518,-1.1290210358420154,-7.081987261772099,-4.488838134217076,-8.886688828357364
898,-0.8853279948234558,-2.7759530544281006,-3.6978280544281006,-6.0650153160095215,-4.650953054428072,-4.030103046447039,-1.1668106047145557,-6.900953292846566,-4.276470765413251,-8.369721650908104
899,-1.0675073862075806,-1.2081323862075806,-4.645632266998291,-6.005007266998291,-4.926882266998291,-5.646370257774834,-1.927103375812294,-5.387820482253801,-3.895965163130313,-7.473780274125602
900,-0.7798168063163757,-2.6391918659210205,-4.467316627502441,-6.287629127502441,-5.350129365920992,-4.766078251414001,-1.1080909856245853,-7.373567104339486,-4.835083793441299,-8.943894028552677
901,-0.9076473712921143,-1.0795223712921143,-4.337334632873535,-6.837334632873535,-5.157647132873535,-5.463164104614407,-2.267198427914991,-5.868585348129045,-4.22061063037836,-7.868611335397873
902,-1.079166293144226,-1.047916293144226,-3.9385414123535156,-5.961978912353516,-4.743228912353516,-4.7828022128669545,-2.3918516464327695,-5.407292127609026,-4.360864538844908,-7.985441207578333
903,-0.7509427070617676,-1.3134427070617676,-4.735317707061768,-6.782192707061768,-5.266567707061768,-5.603270595369395,-2.1886446272110334,-5.805631041526453,-4.415410794026684,-7.78222155529329
904,-1.150618076324463,-0.9787431359291077,-4.627180576324463,-6.088118076324463,-5.009993076324463,-5.9488466158509254,-2.2914239004603587,-5.213118910789149,-3.9790839567722287,-7.0647058483737055
905,-1.0467121601104736,-2.9295246601104736,-4.1326494216918945,-6.3748369216918945,-4.468587160110445,-3.7317547211423516,-0.9843671201815596,-7.101399779319706,-4.1178292373078875,-8.515477299572012
906,-0.8750035762786865,-1.2812535762786865,-4.187503814697266,-6.390628814697266,-4.687503814697266,-5.031867554178461,-1.9376740310399327,-5.664067029952776,-4.219100415240973,-7.789089083411454
907,-0.969501793384552,-2.8991892337799072,-3.3757517337799072,-6.164814472198486,-4.797626972198486,-4.144751213956624,-0.9696209955727682,-6.985127449035531,-4.204479870211799,-8.969518780559156
908,-0.9573647975921631,-1.144864797592163,-4.738615036010742,-6.293302536010742,-5.347990036010742,-5.888332382077351,-1.973189334035851,-5.597990870475428,-3.8328073237498756,-7.746453046473107
909,-0.8506358861923218,-1.4443858861923218,-4.608448505401611,-6.405323505401611,-5.374073505401611,-6.016723250504583,-1.757063253884553,-5.452199220657121,-4.085444237309275,-7.43659937348275
910,-0.7279108762741089,-1.3216608762741089,-3.6888484954833984,-6.040410995483398,-4.634160995483398,-4.712819672247861,-2.290570008030045,-5.712286829948084,-4.712642010243144,-8.57168292975257
911,-0.9402452707290649,-1.393370270729065,-3.8152451515197754,-5.479307651519775,-4.916807651519775,-4.253397371212486,-2.2998019291699165,-5.369933247566053,-3.8313676073448732,-8.323082208344204
912,-0.809052050113678,-2.715301990509033,-4.035614490509033,-6.637176990509033,-4.644989490509033,-4.078300934983417,-1.0435633566376055,-7.332489967346078,-4.919291003723629,-8.902818441263662
913,-0.9715944528579712,-1.0497194528579712,-3.9403443336486816,-5.745031833648682,-5.049719333648682,-4.706487521354575,-2.5655035845848033,-5.588782548904192,-4.284543532558018,-8.260681867297535
914,-1.0002777576446533,-1.1565277576446533,-3.9143402576446533,-6.140902519226074,-4.469027519226074,-4.719552617461886,-2.0786076574149774,-5.367465734481584,-4.039708069787594,-7.992491960161715
915,-0.7450113296508789,-2.307511329650879,-3.666886329650879,-6.127823829650879,-4.995011329650879,-4.778030617511831,-1.2920095844601747,-6.870011687278691,-4.5816217780229636,-8.752838611493644
916,-0.8940163254737854,-2.8783912658691406,-3.4955787658691406,-6.792453765869141,-4.370578885078423,-3.802734782686457,-1.019132130582875,-7.026829242706185,-4.332079490355682,-8.776845693444557
917,-0.8245658874511719,-1.3401908874511719,-4.183940887451172,-6.027690887451172,-4.668315887451172,-4.958046808897052,-2.043450584882521,-5.488628983497449,-4.262478504882893,-7.769901752199075
918,-0.9489028453826904,-1.3864028453826904,-4.5035905838012695,-6.6910905838012695,-5.1832780838012695,-5.231210506986827,-1.7147260707861278,-6.1676537990567795,-4.191428365884349,-7.8473682399744575
919,-0.7727904915809631,-1.3977904319763184,-4.139977931976318,-6.436852931976318,-4.944665431976318,-5.148490541439969,-2.0698078769346466,-5.413416147231828,-4.5622187183762435,-7.6868783232330316
920,-0.7995972037315369,-1.3308472633361816,-4.416784763336182,-6.135534763336182,-4.869909763336182,-5.003691203717608,-2.096677759036538,-5.635535478591692,-4.112423605110962,-8.1824330088657
921,-0.8536311388015747,-1.0098811388015747,-4.252068519592285,-6.088006019592285,-5.111443519592285,-5.885762779449578,-2.4319074039376574,-5.486444234847795,-4.682128717569867,-7.892716288306474
922,-0.9957879781723022,-0.7926629781723022,-4.722350597381592,-6.183288097381592,-5.448913097381592,-5.597887014504522,-3.1053269967233064,-5.503601431846278,-5.378969958750531,-8.136435985292337
923,-0.8003649115562439,-1.3628649711608887,-4.503489971160889,-6.605052471160889,-5.003489971160889,-5.082689065835439,-2.0974360512191197,-5.581615567207166,-4.199174930807203,-7.737888455114444
924,-0.7833965420722961,-1.0021464824676514,-4.6583967208862305,-6.2912092208862305,-5.2052717208862305,-5.6510661870997865,-2.7210782601177925,-5.76777243614174,-5.400942976499209,-8.213105439914216
925,-0.7378442287445068,-2.440969228744507,-3.706594228744507,-6.456594467163086,-5.261281967163086,-4.912742332788184,-1.1754565175870084,-7.0659699440001305,-4.777346276096068,-8.855047941080556
926,-1.2090901136398315,-0.8028401136398315,-4.755965232849121,-6.130965232849121,-5.107527732849121,-5.373626000917284,-2.4748774635372683,-5.279403567313807,-4.951668067078572,-7.295052170455165
927,-0.6690999865531921,-1.387850046157837,-4.419099807739258,-6.012849807739258,-5.231599807739258,-5.162119399930816,-2.1692614425119245,-5.653475403785535,-4.57575825456297,-8.512871622800958
928,-1.0228723287582397,-1.3822473287582397,-4.100997447967529,-5.897872447967529,-4.522872447967529,-4.922124649921898,-1.6949273185891798,-5.835373282432215,-3.7342005205282476,-7.976025223346369
929,-0.9891794919967651,-1.5048044919967651,-4.371992111206055,-6.395429611206055,-4.911054611206055,-5.4827969575999305,-1.7081178249354707,-5.6219929456707405,-3.778617669158848,-7.512642740874071
930,-0.8250209093093872,-2.6843957901000977,-3.7078332901000977,-6.090645790100098,-4.700021028518648,-3.7823151336051524,-1.1845496774767525,-6.864083766937142,-4.497572074062191,-8.8640974759046
931,-1.063981056213379,-2.954606056213379,-3.759293556213379,-6.079606056213379,-4.126481175422661,-3.1013219449669123,-0.8922508850082522,-7.376481413841191,-4.978670877113473,-8.587436675861682
932,-0.9001883268356323,-2.587688446044922,-3.978313446044922,-6.337688446044922,-4.1658136844634726,-3.4989105626009405,-1.2597613138641464,-7.158001303672734,-4.260233058826998,-8.54864323124275
933,-0.9481929540634155,-1.0106929540634155,-4.666943073272705,-6.315380573272705,-5.260693073272705,-5.894308483053464,-2.3077442490757676,-5.596631407737391,-4.464285860303789,-7.7685295340525045
934,-0.8939775228500366,-2.472102642059326,-3.620540142059326,-6.089290142059326,-4.823665142059326,-4.178058903897181,-1.0972441334597534,-6.901790618896371,-4.60561858699657,-8.503369212005055
935,-0.7580183744430542,-1.6017683744430542,-4.398643493652344,-6.390830993652344,-4.922080993652344,-5.211738409416284,-1.8675476193602663,-5.453331708907854,-4.633374746743357,-7.984604239192777
936,-0.5989601016044617,-1.3645851612091064,-4.739584922790527,-6.356772422790527,-5.559897422790527,-5.552959298191126,-2.599196644470794,-5.833335638046037,-4.591599958046572,-8.536482453091594
937,-1.046419620513916,-1.187044620513916,-3.968294620513916,-6.116732120513916,-4.960482120513916,-5.242784899426624,-2.280958996620029,-5.413607954978602,-3.734237739496166,-7.616755008435575
938,-1.1599370241165161,-2.6443119049072266,-3.3396244049072266,-6.448999404907227,-4.238062143325777,-3.1575451530516148,-1.0819718709972221,-7.089624881744271,-4.0667690727859735,-8.441203832482643
939,-0.6553031206130981,-1.7803031206130981,-4.834990501403809,-6.311553001403809,-5.530303001403809,-5.687935231020674,-1.8117344215133926,-5.8818662166593185,-4.632313747075386,-7.8193912502792955
940,-0.9435778856277466,-3.052952766418457,-4.021702766418457,-6.131077766418457,-4.490453004837008,-3.934984815772623,-1.006362874439219,-7.295140624046269,-4.475520370877348,-8.52952969063881
941,-1.0204153060913086,-1.0360403060913086,-4.340727806091309,-6.317290306091309,-4.684477806091309,-5.0290926530142315,-2.114334926518495,-5.7001035213468185,-4.106798192020506,-7.559505581470148
942,-0.6646336317062378,-1.1958836317062378,-5.219321250915527,-6.445883750915527,-5.383383750915527,-5.775824804091826,-2.6023278048087377,-5.742759227752572,-5.266742437903304,-8.20371437056383
943,-1.041982650756836,-1.448232650756836,-4.354482650756836,-6.073232650756836,-4.549795150756836,-5.152271210972685,-1.557809809281025,-5.596670746803113,-3.65194267797051,-7.432643174495752
944,-0.9033961892127991,-1.1221461296081543,-4.270583629608154,-5.973708629608154,-4.770583629608154,-5.036873358068988,-2.4348234973003855,-5.669021844863664,-4.6380732794932555,-8.012793779127605
945,-0.8434219360351562,-1.1871719360351562,-4.265296936035156,-5.898109436035156,-5.234046936035156,-5.3051137462607585,-2.6717564840073464,-5.405922651290666,-4.382910875923699,-8.179383635228078
946,-0.8225096464157104,-1.3225096464157104,-4.642822265625,-6.205322265625,-5.236572265625,-4.411173557862639,-2.291481708685751,-5.947510361671277,-4.424558402126422,-7.830342650206148
947,-1.3648329973220825,-1.3960829973220825,-4.005457878112793,-6.544520378112793,-4.607020378112793,-4.881286635180004,-1.4275029753189301,-6.05233347415907,-3.880993222934194,-7.489866136951605
948,-0.9966130256652832,-1.0122380256652832,-3.887238025665283,-5.918488025665283,-4.738800525665283,-5.4111959771835245,-2.957754829520127,-5.480988860129969,-4.754861140711,-8.11382472484729
949,-1.344773769378662,-3.047898769378662,-4.040086269378662,-6.024461269378662,-4.172899007797213,-3.5639646649360657,-0.8294904244248755,-7.001024127006474,-4.775102528918069,-8.39166522011692
950,-0.9658383727073669,-1.4970884323120117,-3.8877134323120117,-6.434588432312012,-5.176775932312012,-5.4280892327660695,-1.716009602198028,-6.1299017667766975,-4.06780783002614,-8.028360724199956
951,-1.1906343698501587,-2.737509250640869,-3.698446750640869,-6.214071750640869,-4.44063448905942,-4.21957525331527,-0.8626354853186058,-6.745322227477914,-4.300794888811652,-8.05783855901791
952,-1.023590087890625,-1.226715087890625,-3.922027587890625,-6.007965087890625,-4.562652587890625,-5.5007626341539435,-1.9456771387340268,-5.461090803146135,-3.7895764651475474,-8.01580214470232
953,-0.8099483251571655,-1.3255733251571655,-4.317760944366455,-6.278698444366455,-5.044323444366455,-5.537338510330301,-2.0444974747806555,-5.614636540412732,-4.779075551457936,-7.942779540842821
954,-0.9611181020736694,-1.1486181020736694,-3.703305721282959,-5.679868221282959,-4.906430721282959,-4.8212271619122475,-2.609737975682947,-5.515806436538469,-4.055286677525146,-8.125204443638722
955,-0.9383066892623901,-1.5008066892623901,-3.6883068084716797,-5.82893180847168,-4.85236930847168,-5.220285626826808,-1.797921867138939,-5.61799502372719,-3.196608304628171,-8.141455292425235
956,-1.0919644832611084,-2.5138394832611084,-3.5607144832611084,-6.4279022216796875,-4.42790234088897,-4.2430435076821595,-0.9202112481434597,-6.849777579307499,-4.287844258709811,-8.638855576389687
957,-1.0601394176483154,-1.2476394176483154,-4.5523271560668945,-5.8726396560668945,-5.1851396560668945,-6.116519210860133,-1.669699770907755,-5.77107799053158,-3.810690489539411,-7.59922862017811
958,-0.910943865776062,-1.145318865776062,-4.176568984985352,-6.043756484985352,-4.942193984985352,-5.1615965620731,-2.2236287423147587,-5.348444938659213,-4.0832256443973165,-7.676596045128463
959,-1.0031040906906128,-1.4874790906906128,-3.3624792098999023,-5.604666709899902,-4.526541709899902,-4.566376030561514,-1.8157627456675982,-5.471854925155412,-3.8941614885407034,-7.979689955440335
960,-1.011912226676941,-1.230662226676941,-3.8947248458862305,-5.8009748458862305,-4.9494123458862305,-5.184421219164506,-2.105867484031478,-5.56660056114174,-4.496786231524311,-7.816626190791794
961,-1.0772916078567505,-2.217916488647461,-4.389791488647461,-6.085103988647461,-4.139791727066012,-3.4675142895430326,-1.046253777880338,-7.733541846275273,-4.265614647534676,-8.842935204331297
962,-1.110192060470581,-1.250817060470581,-3.977379560470581,-5.79769229888916,-5.04769229888916,-5.3298967097071,-1.7666269369947258,-5.53206801414467,-3.8606746224395465,-7.87584674315076
963,-0.9585433602333069,-1.224168300628662,-3.919480800628662,-6.146043300628662,-4.716355800628662,-4.311050326447003,-2.302464232139755,-5.567918896674939,-4.65427664006711,-7.989816307755973
964,-0.8669300079345703,-2.5075550079345703,-4.32005500793457,-6.14818000793457,-4.851305246353121,-4.36213775887154,-1.1171351460798178,-7.148180365562382,-4.664534779265523,-8.734134554717457
965,-0.715417742729187,-1.449792742729187,-4.363855361938477,-6.246667861938477,-5.074792861938477,-5.27152973250486,-2.1531079826818313,-5.387293457984754,-4.559569159086095,-7.926375269691562
966,-0.9809058904647827,-2.4496560096740723,-3.6293435096740723,-6.176218509674072,-4.863773345947266,-4.7337073483504355,-1.0591920557853882,-6.50439882278431,-4.262701867672149,-8.590353369560034
967,-1.0670796632766724,-1.1920796632766724,-4.301454544067383,-6.348329544067383,-4.629579544067383,-4.552553288289346,-1.9578623647248605,-5.73895514011366,-4.176910177367972,-7.738975524682246
968,-1.10270357131958,-1.16520357131958,-4.41520357131958,-6.29801607131958,-5.04020357131958,-4.955198687384836,-2.0404153837880585,-5.55582928657509,-4.2125187143392395,-7.469920157962406
969,-0.919043242931366,-1.0284183025360107,-4.098730564117432,-5.872168064117432,-4.958105564117432,-5.747686728427652,-2.637976152866031,-5.231543779372942,-4.685021338053048,-7.778439283145417
970,-0.8231261372566223,-1.3075010776519775,-4.198126316070557,-6.080938816070557,-5.088751316070557,-5.964499312976841,-2.1513987670623465,-5.346564650535242,-4.7844441405904945,-7.33877098541052
971,-0.7503702640533447,-3.1331827640533447,-3.7581827640533447,-5.828495025634766,-4.820682764053316,-3.9824982690624893,-1.125531064462848,-7.09412050247181,-4.735303484427277,-8.820695996193535
972,-1.0749919414520264,-1.0281169414520264,-4.5281171798706055,-5.9890546798706055,-4.9578046798706055,-5.247507962863892,-2.2470574197504902,-5.442180514335291,-4.372358320746571,-7.410963057915069
973,-2.0489871501922607,-3.5411746501922607,-3.8849246501922607,-6.197424411773682,-3.8146123886108114,-3.0923590883612633,-0.5491405011707684,-7.322424888610726,-4.276232605217956,-8.025569677156454
974,-1.321899652481079,-1.103149652481079,-3.876587152481079,-6.1031494140625,-4.7047119140625,-4.658712242264301,-2.454901796474587,-5.56408762931801,-3.4315793050045613,-7.556297540397281
975,-0.8521110415458679,-1.0864861011505127,-4.250548362731934,-6.570860862731934,-4.953673362731934,-5.673038889246527,-2.336634744089679,-5.4302365779874435,-4.743095929152332,-7.8990044592082995
976,-0.8810291290283203,-1.2872791290283203,-4.18571662902832,-6.46696662902832,-5.00602912902832,-5.038062503968831,-1.9593370985530782,-6.0216547250745975,-4.428249657066772,-8.279486059953342
977,-0.8005058169364929,-1.5973808765411377,-4.761443138122559,-6.113005638122559,-5.034880638122559,-4.5139931086450815,-2.00383649142168,-5.284881234168836,-4.527450965077151,-7.558338165083114
978,-0.7051395773887634,-1.1895146369934082,-4.189514636993408,-6.236389636993408,-5.244202136993408,-5.377640528255142,-2.6584070819517365,-5.322327733039685,-4.893077873508446,-8.119221567909335
979,-0.7367458343505859,-1.283620834350586,-4.361745834350586,-5.924245834350586,-4.939870834350586,-5.60482140671229,-2.299437266148743,-5.596121430396863,-4.799581948056584,-8.189890265275608
980,-0.7937699556350708,-1.3406449556350708,-4.356269836425781,-6.496894836425781,-5.159100532531738,-5.69114963064203,-1.9952428130927728,-5.690351366996424,-4.167444564693142,-7.854441165527533
981,-1.1190698146820068,-3.056569814682007,-3.697194814682007,-6.025320053100586,-3.8690701723098186,-2.9863785849884152,-1.0099489365820773,-7.126882910728398,-4.245221071410924,-8.447212934333947
982,-0.8781676292419434,-1.3937926292419434,-4.292230129241943,-6.604730129241943,-5.042230129241943,-5.027405299420934,-1.768976075516548,-6.081293344497453,-4.503515540622175,-8.104751825107087
983,-1.6713266372680664,-3.0697641372680664,-4.218201637268066,-5.811951637268066,-3.655701875686617,-2.9054703675210476,-1.0622782173741143,-6.999451994895878,-4.3051216542953625,-7.647906184050953
984,-1.1654942035675049,-2.165494203567505,-4.392056465148926,-6.470181465148926,-4.7826817035674765,-4.755471759010106,-0.8375708853418473,-6.99361944198597,-4.783959763473831,-8.181135177481337
985,-1.2035201787948608,-2.7816452980041504,-3.4769577980041504,-6.24258279800415,-4.695708036422701,-3.9651894017588347,-0.7974344357062364,-7.109770655631962,-4.430785170814488,-9.031661271914345
986,-0.7188321352005005,-1.5625821352005005,-4.398519515991211,-5.898519515991211,-5.039144515991211,-5.580048176459968,-1.8283693658886477,-5.836020231246721,-4.344250233931234,-8.21885788407235
987,-0.7580875754356384,-1.1330876350402832,-4.515900135040283,-6.750275135040283,-5.344025135040283,-5.633858979213983,-2.3051410754269455,-5.851838350295793,-4.977278969628969,-8.101860880569802
988,-0.9861222505569458,-1.0798722505569458,-4.329872131347656,-6.603309631347656,-4.751747131347656,-5.182204069627915,-2.23626207326015,-5.939248085021518,-4.142780339840101,-7.728343843828043
989,-1.1563485860824585,-1.0313485860824585,-4.148536205291748,-6.265723705291748,-4.789161205291748,-4.774175439553801,-2.2658854592154967,-5.742286801338025,-4.1488303705409635,-7.656376599876239
990,-1.2200522422790527,-1.4231772422790527,-3.6731772422790527,-6.329427242279053,-4.446614742279053,-4.885183835518546,-1.532724484874052,-5.938802957534563,-3.033050413010642,-8.141952156722255
991,-0.8445505499839783,-1.328925609588623,-4.367988109588623,-5.985175609588623,-4.946113109588623,-4.993805074656848,-2.1416464800131507,-5.4383012056349,-4.094938322232338,-7.899261355129056
992,-1.1516907215118408,-1.1360657215118408,-4.425127983093262,-5.581377983093262,-4.925127983093262,-5.879012058081571,-1.9800066765601514,-5.182941198348772,-3.5584129172202665,-7.659529089587522
993,-0.698725700378418,-1.339350700378418,-4.628413200378418,-6.558100700378418,-5.394038200378418,-5.348106773453765,-2.464536292012781,-5.464351415633928,-4.542922754480969,-7.9331185816117795
994,-1.2576115131378174,-1.1013615131378174,-3.5701115131378174,-5.656048774719238,-5.109173774719238,-4.6725000304868445,-2.5624902065610513,-5.296674489974748,-4.031517395837,-7.976386308357178
995,-0.8102646470069885,-1.6852645874023438,-4.607139587402344,-6.247764587402344,-5.396202087402344,-5.780741629889235,-1.6698281587159727,-5.7243279218670295,-3.9513397395494394,-7.6305984256378
996,-0.9480066895484924,-1.1511316299438477,-4.182381629943848,-6.369881629943848,-4.823006629943848,-5.370497513853479,-2.2138269948773086,-5.5808199644085335,-3.9561795538756996,-7.89333999135124
997,-1.1006522178649902,-1.9131522178649902,-4.31158971786499,-6.09283971786499,-5.01471471786499,-4.868254731642082,-1.2102339054108597,-6.1631529331205,-3.429344850592315,-7.6709911819762056
998,-1.0736290216445923,-1.2767540216445923,-3.8314414024353027,-5.893941402435303,-4.440816402435303,-4.45700009947177,-1.94877098982397,-5.456441879272347,-3.738176466576988,-7.870527982422573
999,-1.0918952226638794,-1.4043952226638794,-3.83408260345459,-6.18564510345459,-4.62314510345459,-4.569665298447944,-1.8576559928333154,-5.623145461082402,-3.811099426035071,-8.084103584069453
