,elephant,dolphin,panda,lion,kangaroo,penguin,giraffe,chimpanzee,koala,orangutan
000,-0.5811290144920349,-2.7373790740966797,-4.02644157409668,-7.33112907409668,-4.8858169317244915,-3.7568374779075384,-4.542309016396757,-7.14362931251523,-3.442403537919745,-10.16708040227877
001,-0.7582167983055115,-1.3207168579101562,-4.094154357910156,-5.945716857910156,-5.062904357910156,-6.126605504308827,-3.000499244000821,-5.414467573165666,-4.024398291250691,-8.055114269005571
002,-0.9050484299659729,-1.0300483703613281,-4.319110870361328,-5.998798370361328,-4.889423370361328,-5.749540649470873,-3.0224271829647478,-5.412861585616838,-4.530320130608743,-7.834755539701291
003,-0.5302102565765381,-2.217710256576538,-4.147397994995117,-7.248960494995117,-5.178647994995117,-4.7435507494956255,-2.5616426301567117,-5.952086210250627,-3.678960632008966,-8.319290280192945
004,-0.28303763270378113,-3.3455376625061035,-3.5877251625061035,-7.0721001625061035,-5.806475520133915,-3.6373489235993475,-2.5331843983731233,-7.720538139343148,-4.260450954781845,-9.751801609889299
005,-0.6122288107872009,-2.9481663703918457,-4.205978870391846,-6.495041370391846,-5.010666608810396,-2.6411197232082486,-2.682736616145121,-5.58879184722889,-4.394241280737333,-8.91693413241046
006,-0.6220654249191284,-2.684565544128418,-4.473628044128418,-7.411128044128418,-4.348628282546969,-2.814758740365505,-3.4971848655113718,-6.32519090175623,-3.9361949989106506,-8.950217008239633
007,-0.8295202255249023,-1.3138952255249023,-4.102957725524902,-5.110770225524902,-4.727957725524902,-5.197526477277279,-2.6110119527438655,-5.181083559989588,-4.126714417041512,-7.688919663130946
008,-0.9319239854812622,-4.025673866271973,-5.135048866271973,-7.486611366271973,-6.931924104690523,-3.4836925733834505,-5.236844274098985,-8.205361843109017,-6.315790455089882,-9.260065793847389
009,-0.8810772895812988,-3.677952289581299,-3.568577289581299,-6.435764789581299,-3.849827885627576,-2.342083311639726,-3.2564944350742735,-6.6545150279998495,-4.30426237557549,-9.498323677209555
010,-0.917743444442749,-4.472431182861328,-5.722431182861328,-7.753681182861328,-7.222431898116838,-4.959456944838166,-5.113287302956451,-7.347431659698373,-6.301676599076018,-10.292764186648128
011,-0.8202128410339355,-1.5077128410339355,-3.9061503410339355,-5.6092753410339355,-4.6874003410339355,-5.500951214577071,-2.453259440677357,-5.2967760562894455,-4.13311544895987,-7.890549182608083
012,-0.9512854218482971,-1.1544103622436523,-4.271597862243652,-5.630972862243652,-4.826285362243652,-5.342754603596404,-2.6702397852786817,-5.076286196708338,-4.271922654792434,-7.779432773339067
013,-0.5485700368881226,-1.4860700368881226,-4.712632656097412,-6.298570156097412,-4.978257656097412,-5.2527162581682205,-2.8612640908104368,-5.572008252143689,-4.525444697326748,-8.197023749215077
014,-0.17898613214492798,-3.319611072540283,-4.757111072540283,-7.483673572540283,-6.428986310958834,-4.283584154909477,-2.8509868304390693,-8.053986907005253,-6.1562090122606605,-10.21024966231289
015,-0.8127752542495728,-1.0627752542495728,-4.836212635040283,-6.422150135040283,-5.320587635040283,-6.172912664478645,-3.0786123050638707,-5.375275969504969,-4.930233680235688,-7.976858019621432
016,-1.0234451293945312,-1.1484451293945312,-4.242195129394531,-5.960945129394531,-5.000007629394531,-5.4461463851621374,-2.8283158372942125,-5.281258344650041,-4.078424887848087,-7.710968374934964
017,-1.3453447818756104,-3.2281572818756104,-4.775032043457031,-6.673469543457031,-4.501595616340069,-2.293074439279735,-2.8300238385563716,-6.798469901084843,-5.143641890375875,-9.548516033999476
018,-0.7271400690078735,-1.2896400690078735,-4.781827449798584,-6.281827449798584,-5.336514949798584,-5.392015126824845,-2.8445161403069505,-5.367765665054094,-4.969704437709879,-7.992786168826569
019,-0.7608873248100281,-1.4796373844146729,-4.182762145996094,-5.823387145996094,-4.612449645996094,-4.863376902649179,-2.3861051560670603,-5.534325242042371,-4.183108865690883,-7.92496824247246
020,-0.7443642020225525,-1.3224892616271973,-3.9709267616271973,-5.752176761627197,-4.900614261627197,-5.417101726459805,-2.7288983933685813,-5.361552476882707,-4.361846641928423,-7.96313643430949
021,-1.429103970527649,-1.983791470527649,-4.491603851318359,-7.530666351318359,-3.6869163513183594,-2.431413841433823,-2.6557913940487197,-5.999417066573869,-2.8905529858893715,-8.358834504149854
022,-0.3635565936565399,-1.8166816234588623,-5.285431385040283,-7.004181385040283,-5.441681385040283,-5.599094548611902,-3.191848025788204,-5.94949448108656,-4.965443558437983,-8.660447001342618
023,-0.6475207209587097,-1.5068957805633545,-4.631895542144775,-6.483458042144775,-4.772520542144775,-6.05503657751251,-2.4445843518769834,-5.514708757400285,-4.390027591201942,-7.811603069105331
024,-0.6354309320449829,-1.291680932044983,-4.697930812835693,-6.291680812835693,-5.338555812835693,-5.479951084940694,-3.0106495379586704,-5.744806528091203,-4.987284260394517,-8.377636551698743
025,-0.8584787845611572,-1.2334787845611572,-5.124103546142578,-6.452228546142578,-5.405353546142578,-5.226906602620147,-2.702416640750016,-5.725666761398088,-4.382232496718643,-7.913183808168469
026,-0.6844826936721802,-1.4344826936721802,-4.411045074462891,-5.661045074462891,-4.817295074462891,-5.44331224670168,-2.817525360296713,-5.215733408927576,-4.075448216579389,-8.012629747145184
027,-0.286271333694458,-2.598771333694458,-4.356583595275879,-6.458146095275879,-5.6990100145339895,-5.4301084955222905,-2.6444567351427395,-6.4490103721617515,-4.918154519400559,-9.214647412221893
028,-0.7712448835372925,-1.2868698835372925,-4.888432502746582,-5.818120002746582,-5.318120002746582,-6.351012668106705,-2.4433364633878227,-5.364995956420444,-4.295025885745417,-7.521274923830788
029,-0.6696262359619141,-1.857126235961914,-4.083688735961914,-6.271188735961914,-5.247751235961914,-5.57671857153764,-2.232320766604971,-5.443064451217424,-3.4434115281910636,-8.263395428473814
030,-0.7494850158691406,-1.3901100158691406,-4.179172515869141,-5.905735015869141,-4.749485015869141,-5.531779577955604,-2.562197662628023,-5.476048231124651,-4.14043361673248,-8.077629566001633
031,-0.9028253555297852,-1.3090753555297852,-4.098137855529785,-5.621575355529785,-4.660637855529785,-6.059869689110201,-2.6296016941341804,-5.035638809203647,-4.012517640308943,-7.754409432178363
032,-0.6693256497383118,-1.200575590133667,-4.841200828552246,-6.192763328552246,-5.216200828552246,-5.662194973323494,-3.208576184697449,-5.809951543807756,-4.677464431995759,-8.325593590578137
033,-0.561204195022583,-1.842454195022583,-4.686203956604004,-6.686203956604004,-5.319016456604004,-4.663998678792268,-2.850443347590044,-5.779954671859514,-3.928710767388111,-7.76434767228784
034,-0.945677638053894,-0.976927638053894,-4.242552757263184,-5.570677757263184,-4.836302757263184,-5.860427024541423,-2.922440389636904,-5.328491091727869,-4.64909263222944,-7.891012668358599
035,-0.7451493144035339,-1.7607743740081787,-4.6513991355896,-6.0029616355896,-5.1904616355896,-5.246313013602048,-2.862536291271681,-5.6045248508451095,-4.354903030121932,-7.909228682372486
036,-0.15537533164024353,-3.3194377422332764,-5.2256879806518555,-8.928812980651855,-5.827250719070406,-4.08776668459177,-4.022649165257462,-7.0538134574889,-5.343545212526806,-9.62413740150987
037,-0.27755194902420044,-3.0900518894195557,-4.496302127838135,-6.847864627838135,-6.168177247047417,-5.0152355479076505,-2.590159172024869,-6.613490223884412,-5.2936406253429595,-9.004126071858991
038,-0.9856846928596497,-1.0325596332550049,-4.696622371673584,-5.852872371673584,-5.102872371673584,-5.947585238260217,-2.689019538782304,-5.4700609445566215,-3.9938471896748524,-7.634150623876849
039,-0.601586103439331,-1.460961103439331,-4.93752384185791,-6.16408634185791,-5.92971134185791,-6.907985175726935,-2.3830734209768707,-5.625025153159186,-4.773794595501386,-7.382857322472773
040,-0.9696365594863892,-1.0321365594863892,-4.3915114402771,-5.7118239402771,-5.1727614402771,-6.103255066089332,-3.110468485378078,-5.282137274741785,-4.962140748393722,-8.047784924241569
041,-1.1769448518753052,-1.0206948518753052,-4.387882232666016,-6.153507232666016,-4.864444732666016,-5.779284056217875,-2.5052457892888924,-5.481632947921526,-4.0836223641526885,-7.32541203454457
042,-0.8269340395927429,-1.3113090991973877,-4.451933860778809,-5.842558860778809,-5.186308860778809,-5.757681761053391,-2.3271022893604822,-5.20193481445267,-4.0772411351208575,-7.936333536797974
043,-0.27938398718833923,-3.107508897781372,-4.388759136199951,-7.154384136199951,-5.209071755409234,-4.570838330779225,-2.420117491550627,-6.638759613036996,-5.014177354139974,-8.904395103389106
044,-0.8465519547462463,-1.2996768951416016,-4.299676895141602,-5.596551895141602,-4.729364395141602,-5.519240286841523,-2.7686469312757254,-4.987177729606287,-3.9484325141238514,-7.745013832747645
045,-1.151972770690918,-0.995722770690918,-3.636347770690918,-5.198847770690918,-4.901972770690918,-5.379296489816625,-2.8865177486877656,-5.073848605155604,-4.43348773784237,-7.823869704960089
046,-0.8217785358428955,-1.4624035358428955,-4.110840797424316,-5.899903297424316,-4.438965797424316,-5.5023518450325355,-2.4313902574649546,-5.267091631889002,-3.7127552605816163,-7.806175350899139
047,-0.4754689633846283,-2.873906373977661,-3.850468873977661,-6.77234411239624,-5.412969350814791,-4.323692315723747,-1.8037046132885735,-6.662969589233285,-5.3510914296493866,-9.55360686770291
048,-0.30937090516090393,-3.012495994567871,-4.637495994567871,-7.301558494567871,-6.2312461137771535,-4.850694601424038,-3.043900239485083,-6.645308971404916,-5.231995540030766,-9.160947203542491
049,-0.9612268209457397,-1.0237268209457397,-4.258101940155029,-5.890914440155029,-4.914351940155029,-5.5635389856179245,-3.070793252758449,-5.265915274619715,-4.633383949578274,-7.922184109494992
050,-0.22140128910541534,-2.8932762145996094,-4.393276214599609,-6.572963714599609,-6.393276214599609,-4.871188206481747,-2.7683882650526357,-6.408901810645887,-5.682711770088645,-9.59641516198917
051,-0.6231029033660889,-1.3574779033660889,-4.810603141784668,-6.630915641784668,-5.044978141784668,-5.2412654177169316,-2.8420065523387166,-5.709041357040178,-4.56089122913545,-8.146556377287197
052,-0.6989309191703796,-1.6676809787750244,-4.527055740356445,-6.386430740356445,-4.823930740356445,-5.67631401703693,-2.4178879046958173,-5.456744074821131,-4.527381247957237,-7.972388386522653
053,-1.0938820838928223,-1.0313820838928223,-4.226694583892822,-5.687632083892822,-4.804819583892822,-5.079017350100912,-2.734698038941133,-5.250132799148332,-4.156655393453548,-7.5782799718144815
054,-0.8102937936782837,-1.3259187936782837,-4.622793674468994,-6.036856174468994,-4.771231174468994,-6.272708278149366,-2.1854742602299666,-5.49779450893368,-3.99812335302704,-7.740000128565953
055,-0.772609293460846,-1.0851092338562012,-4.889796733856201,-5.780421733856201,-5.428859233856201,-6.1563402962638065,-3.186869840064901,-5.210110187530063,-4.726088461116888,-7.702318548917901
056,-1.1017570495605469,-1.0705070495605469,-4.078319549560547,-5.531444549560547,-5.234569549560547,-5.329581536934711,-3.0394831640151097,-5.2736330032344085,-4.250491932529258,-7.758032083198486
057,-1.3205585479736328,-2.765871047973633,-4.468996047973633,-6.125246047973633,-4.851809024810677,-2.0930392048321664,-1.9300796878815163,-6.375246405601445,-4.462038628174923,-8.844023823352472
058,-0.608325183391571,-1.4364502429962158,-4.248950004577637,-6.405200004577637,-5.202075004577637,-5.890465339936782,-2.670985447446583,-5.788013100623914,-4.811732848203974,-8.420842766603528
059,-1.5653413534164429,-3.1434664726257324,-4.791903972625732,-7.041903972625732,-4.26065504550877,-1.5739226639270782,-2.425067601550836,-6.15909206867201,-3.941828813171014,-8.1513168804413
060,-0.9466339349746704,-1.0403839349746704,-4.110696315765381,-5.727883815765381,-5.149758815765381,-5.244046781794168,-2.8686582930386066,-5.470071911811658,-4.8375159171409905,-8.282590389078905
061,-0.8865787386894226,-0.9803287386894226,-4.699078559875488,-5.730328559875488,-5.183453559875488,-6.0277665460598655,-2.9336420120525872,-5.441266775130998,-4.863410317397211,-7.816285729215451
062,-0.9427859783172607,-1.0834109783172607,-4.14591121673584,-5.77872371673584,-4.68497371673584,-6.084035797510296,-3.052384828304639,-5.239662051200526,-4.411830143653788,-7.974059223863151
063,-0.8657402992248535,-1.1313652992248535,-4.2954277992248535,-5.7407402992248535,-5.1860527992248535,-6.264739713107701,-2.6471814926480874,-5.264178633689539,-4.592623182456009,-7.568888067939042
064,-1.1169434785842896,-1.1638184785842896,-3.663818359375,-5.484130859375,-4.921630859375,-5.531969797797501,-2.351494058428216,-5.273194193839686,-3.554768747795606,-7.421655296981044
065,-0.3643593192100525,-2.1768593788146973,-4.653421878814697,-7.083109378814697,-6.200297117233248,-4.991243255790323,-2.708209509604785,-6.2706099748609745,-5.599254472879693,-9.270621180458875
066,-0.8535005450248718,-1.5722506046295166,-4.6425628662109375,-7.0019378662109375,-4.681924343109131,-5.136158208944835,-2.221142399139353,-5.970987439155408,-4.080698790989118,-8.10381591305486
067,-0.939527690410614,-1.1114027500152588,-4.29890251159668,-5.89265251159668,-4.98640251159668,-5.111983130685985,-2.970938192840549,-5.580153107642957,-4.931970563658979,-8.158297657762887
068,-0.32316234707832336,-2.510662317276001,-4.51066255569458,-7.00285005569458,-5.9794126749038625,-5.473369819577783,-2.6982738909500767,-6.440350532531625,-5.229796216794057,-9.096612214962079
069,-1.1342535018920898,-0.8373785614967346,-4.32956600189209,-5.50144100189209,-5.11862850189209,-5.73658258136129,-3.2125583725282922,-5.3373792171476,-4.681406459334539,-7.845212578540668
070,-0.5960263013839722,-1.9554013013839722,-4.338213920593262,-6.869463920593262,-5.275713920593262,-5.582716049160808,-1.8930678228934994,-6.080402135848772,-3.7838551457680296,-8.549169182619153
071,-0.6910659670829773,-1.175441026687622,-4.886378288269043,-6.394190788269043,-5.464503288269043,-6.418508023372851,-2.6756079057668103,-5.472316741942905,-4.800753425370203,-7.8160872457101505
072,-0.39531034231185913,-2.160935401916504,-5.426560401916504,-7.340622901916504,-5.106248140335055,-4.402385420165956,-2.520428054565855,-7.129685878753548,-4.770917827147059,-9.270325660589151
073,-0.5056337714195251,-2.56813383102417,-4.51344633102417,-6.15407133102417,-4.779071569442721,-3.9486156380735338,-1.9744954046982457,-6.474384307861214,-4.74050199741032,-8.841584563161632
074,-0.9217829704284668,-1.2655329704284668,-4.367095470428467,-5.968657970428467,-4.781157970428467,-6.415536726126447,-2.17196999231237,-5.3592839241023285,-3.8908227262145374,-7.5780549046976375
075,-0.5561766624450684,-1.6499266624450684,-4.767114162445068,-6.868676662445068,-5.454614162445068,-5.8859030292369425,-2.665742975048488,-5.931177377700578,-4.790842371643521,-8.134322404655904
076,-0.39075082540512085,-2.7032508850097656,-4.586063385009766,-6.492313385009766,-5.226688623428316,-4.232237293384969,-2.3439925840939395,-6.570438981056043,-4.3053712480468675,-8.89857816685253
077,-0.4481024146080017,-2.4168524742126465,-4.1981024742126465,-6.0652899742126465,-5.627790093421929,-5.478797737043351,-1.9638266514230054,-6.651227951049691,-4.9405956992995925,-9.463739514272675
078,-0.6534101366996765,-1.3877851963043213,-4.692472457885742,-6.137784957885742,-5.215909957885742,-5.756005349569023,-2.528604846127564,-5.387785673141252,-4.333356108603766,-8.129991888810764
079,-0.6805521845817566,-3.5321147441864014,-4.485239505767822,-6.555552005767822,-4.578989982604867,-2.986512629315257,-1.8682979043514933,-6.813364982604867,-4.306482716288883,-9.063388704971658
080,-0.1606930047273636,-3.2544429302215576,-5.012255668640137,-6.934130668640137,-6.887255668640137,-5.912054922431707,-3.4108160658361157,-7.535693764686414,-5.848593750823056,-9.981018543160644
081,-0.7982697486877441,-1.4076447486877441,-4.079519748687744,-5.946707248687744,-4.868582248687744,-5.322589127696119,-2.4078250960737932,-5.431082963943254,-4.220485867495881,-7.946727394853951
082,-0.6364686489105225,-1.4177186489105225,-4.839593887329102,-6.214593887329102,-5.316156387329102,-5.6918968796380796,-2.714782696973998,-5.4724071025846115,-4.57428462288226,-8.26148617252693
083,-0.3652363717556,-2.552736282348633,-4.599611282348633,-6.505861282348633,-5.740236401557915,-5.194442640990019,-2.1622558727685828,-6.513674259185677,-4.7641257218201645,-8.943377375473574
084,-0.4000590741634369,-2.6344339847564697,-4.595371723175049,-6.837559223175049,-5.5406844615935995,-4.355153527576476,-2.306442013476044,-7.095372200012093,-4.799108199076727,-8.78288459768919
085,-0.8542923331260681,-1.182417392730713,-4.205854892730713,-5.612104892730713,-5.018354892730713,-5.644206995202694,-2.768546801264165,-5.283980607986223,-4.518693985650316,-7.948065399858024
086,-0.8351147174835205,-1.0226147174835205,-4.811676979064941,-6.108551979064941,-5.241364479064941,-5.968517486704513,-2.9993653120473027,-5.483552813529627,-5.140043587103719,-8.061696767610556
087,-1.207871675491333,-3.067246675491333,-4.965683937072754,-7.551621437072754,-5.46568477153744,-2.6840227469801903,-3.0752939902158687,-7.340684413909798,-4.7789802955812775,-8.536023258802743
088,-0.7833520770072937,-1.2052271366119385,-4.392726898193359,-5.916164398193359,-5.017726898193359,-6.518472393567208,-2.6194801149104023,-5.244290471076397,-4.6430681361525785,-7.838063478180629
089,-0.5054637789726257,-3.4507763385772705,-4.278901100158691,-6.966401100158691,-4.310151457786503,-3.345734611619264,-2.6151548124908004,-7.122651457786503,-4.311227219295688,-8.857047199981025
090,-0.973349928855896,-1.004599928855896,-4.5592875480651855,-6.0827250480651855,-5.1686625480651855,-6.091591517790221,-2.614163381003891,-5.481163382529871,-4.348676509020152,-7.621810435986845
091,-0.8464202284812927,-1.4245452880859375,-3.7604827880859375,-6.4167327880859375,-4.9167327880859375,-5.511434816988185,-2.3622401762841037,-5.635483622550623,-3.9795586531981826,-8.119879126321393
092,-0.5447942018508911,-1.5760442018508911,-4.521356582641602,-6.865106582641602,-5.630731582641602,-6.147035130066797,-2.560593470625463,-5.685419917106287,-4.9045295065734535,-7.943250894359153
093,-0.9501438140869141,-1.215768814086914,-4.606393814086914,-6.082956314086914,-4.957956314086914,-5.5837144361576065,-1.9503459726111032,-5.6063946485516,-4.067641329398612,-7.497044205343627
094,-0.7996600866317749,-1.127785086631775,-4.7137227058410645,-6.0965352058410645,-5.2684102058410645,-5.88642324693501,-2.737337811908219,-5.33091104030575,-4.331199127424043,-7.744993328835335
095,-0.8644750118255615,-1.0519750118255615,-4.325412750244141,-5.778537750244141,-5.106662750244141,-5.654218680225313,-2.786565280635841,-5.356663465499651,-4.75538285553921,-7.895745157997226
096,-0.5319764614105225,-2.0632264614105225,-4.422601699829102,-7.352289199829102,-4.735101938247652,-4.01862862566486,-2.2508417301505688,-6.235102176666146,-4.087266502145212,-8.758550047815334
097,-1.036783218383789,-1.083658218383789,-4.169595718383789,-5.732095718383789,-4.888345718383789,-5.670286416832823,-2.5291864639293635,-5.224284052848475,-3.951128562010126,-7.638370394402955
098,-0.878831148147583,-1.206956148147583,-4.019455909729004,-5.894455909729004,-4.691330909729004,-5.059340496605728,-2.504031161326566,-5.464769124984514,-3.8478552919405047,-8.042914867170111
099,-0.7742604613304138,-1.3523855209350586,-4.657073020935059,-6.305510520935059,-5.016448020935059,-5.267475553788245,-2.3994666125654476,-5.3758237361905685,-4.297968231898267,-7.844593882342451
100,-0.9159768223762512,-1.2753517627716064,-4.3222270011901855,-6.0331645011901855,-5.5097270011901855,-5.878338990849443,-2.259949659302947,-5.9784777164456955,-3.853804057900561,-8.20505857448552
101,-0.8530603647232056,-1.3374353647232056,-4.579622745513916,-6.103060245513916,-4.954622745513916,-4.994875199627131,-2.259491784789134,-5.5796232223509605,-4.408017598936567,-7.993702530711744
102,-0.3071425259113312,-2.416517496109009,-4.916517734527588,-6.846205234527588,-4.994642734527588,-4.499051256570965,-2.6042057098675286,-7.260268211364632,-4.760520307114348,-9.760278701716743
103,-1.0713250637054443,-1.2588250637054443,-4.180700302124023,-5.938512802124023,-4.930700302124023,-5.095633247052319,-2.305865989270387,-5.516638517379533,-4.173249775223667,-7.821348070838212
104,-0.9028762578964233,-1.2778762578964233,-3.613813877105713,-5.543501377105713,-4.887251377105713,-5.005859319353476,-2.442133765303879,-5.457564592361223,-3.6765886167704593,-8.129459023262825
105,-0.3244704306125641,-2.5588455200195312,-5.699470520019531,-6.215095520019531,-6.621345520019531,-6.306122442707419,-2.168382631512941,-6.801033496856576,-6.2935094416025095,-9.230734348201622
106,-0.30401214957237244,-2.9133870601654053,-5.155574798583984,-6.639949798583984,-6.077449798583984,-5.758945498266257,-2.2104045051237335,-6.999325394630262,-5.272983169008512,-9.561839103596867
107,-0.8446896076202393,-2.9853146076202393,-5.01656436920166,-5.52437686920166,-4.649377107620211,-4.148003179579973,-1.4855202225007815,-6.571252465247937,-5.048293237457983,-8.125955462326601
108,-0.28131362795829773,-2.37506365776062,-5.242250919342041,-6.718813419342041,-7.179750919342041,-7.1755414586514235,-2.6252268419630127,-7.234439015388318,-6.140977340925019,-9.53132784356876
109,-0.6382098197937012,-3.396022319793701,-4.974147319793701,-6.435084819793701,-5.341334939002984,-5.108657650649548,-1.2790117107360857,-6.833522796630746,-5.482314523716923,-8.489791393107225
110,-0.17626644670963287,-2.8793914318084717,-5.738766670227051,-7.082516670227051,-7.051266670227051,-6.9126543996389955,-2.8482863797980826,-7.918454766273328,-6.606194586463971,-10.145030498409142
111,-0.830917477607727,-1.143417477607727,-4.8543548583984375,-6.2215423583984375,-5.3543548583984375,-6.207025866955519,-2.5185962755349465,-5.463730573653947,-4.7999207652464975,-7.776248812495396
112,-0.6389536261558533,-1.404578685760498,-4.771766185760498,-6.443641185760498,-5.256141185760498,-6.249057504115626,-2.592287876177579,-5.888954401016008,-5.053286873415345,-8.467097163020298
113,-0.947752833366394,-0.979002833366394,-4.924315452575684,-6.572752952575684,-5.596190452575684,-6.339258521387819,-2.9010513870452996,-5.869629025458721,-5.018342099065194,-7.502471446510754
114,-0.31661924719810486,-2.8947441577911377,-5.636931896209717,-7.230681896209717,-5.8400571346282675,-5.407650826033205,-1.9575246179592796,-7.441619992255994,-5.676292494201334,-9.433821797252676
115,-0.7865674495697021,-1.3021924495697021,-4.419380187988281,-5.911567687988281,-5.505317687988281,-6.061167041771114,-2.2554948172619333,-5.4662557840345585,-4.771281185065163,-7.981899022877769
116,-0.2394224852323532,-2.895672559738159,-5.13004732131958,-7.29410982131958,-6.39567232131958,-6.100040854420513,-2.44268583295343,-7.239422917365857,-5.466211054954329,-9.841000079999503
117,-1.1068298816680908,-1.1537048816680908,-3.528704881668091,-5.481829643249512,-4.841204643249512,-5.037475960562006,-2.6304740692139603,-5.2240179777141975,-3.802450132701779,-7.6693543192686775
118,-0.6087038516998291,-1.702453851699829,-4.35870361328125,-6.02276611328125,-5.32745361328125,-5.7033625285257585,-2.2182676613883814,-5.33526682853676,-4.327764581976226,-8.100912332309235
119,-0.8987510204315186,-1.1487510204315186,-4.461251258850098,-6.375313758850098,-5.062813758850098,-5.266830642533023,-2.3520554143178742,-5.617501974105608,-4.5786870409792755,-7.695649623598001
120,-0.7582269906997681,-1.211351990699768,-4.3363518714904785,-6.2426018714904785,-5.2972893714904785,-5.899826409236994,-2.5709271230443846,-5.812914967536756,-4.953834966843715,-8.328558802424595
121,-0.20263506472110748,-2.6088850498199463,-5.163572788238525,-6.679197788238525,-6.288572788238525,-6.5324799524387345,-2.718379132806149,-7.29638576507557,-5.74193236460269,-9.749524474036662
122,-0.28046900033950806,-2.7335939407348633,-5.897656440734863,-6.678906440734863,-5.632031440734863,-5.698953374288976,-2.0306284300459083,-7.647656917571908,-5.811922291104565,-9.585173725932691
123,-1.0125759840011597,-1.0594509840011597,-4.239138603210449,-5.895388603210449,-5.090701103210449,-5.717146900715306,-2.2158361582114594,-5.582889318465959,-4.075341427873354,-7.614157080479345
124,-0.6225486397743225,-1.4662985801696777,-4.575673580169678,-6.138173580169678,-5.520986080169678,-5.764026039978489,-2.6227433491731063,-5.583486676215955,-4.630673955602106,-8.255382418414229
125,-0.8074042201042175,-1.2292792797088623,-4.096466541290283,-5.760529041290283,-5.276154041290283,-5.7926036295248196,-2.7372760602884227,-5.408967256545793,-4.378016903589014,-7.8621135947651055
126,-0.8661193251609802,-1.412994384765625,-4.162994384765625,-6.248931884765625,-4.889556884765625,-5.046756055380683,-2.210069636319531,-5.616119980811902,-4.358576023107162,-8.248949289170923
127,-0.3050410747528076,-2.7894160747528076,-4.680041313171387,-6.172228813171387,-6.047228813171387,-5.9253194206394255,-2.1645558974705637,-6.836291790008431,-5.32093712000642,-9.33630561818427
128,-0.2997705042362213,-2.7841455936431885,-5.932582855224609,-7.237270355224609,-6.784145355224609,-5.723438561544754,-2.831188068666961,-7.713833332061654,-5.971978966379538,-9.479472279444963
129,-0.38550615310668945,-3.1823811531066895,-4.7995686531066895,-7.0339436531066895,-5.3073811531066895,-5.450490961316973,-1.620033490980859,-7.244881629943734,-5.041952113970183,-9.088642716335016
130,-0.7505217790603638,-1.2036467790603638,-4.375521659851074,-6.172396659851074,-5.133334159851074,-5.837200366891921,-2.656942233792506,-5.555209875106584,-4.899244625354186,-8.313040494740562
131,-0.8878309726715088,-1.3097059726715088,-3.887830972671509,-5.82533073425293,-4.88783073425293,-5.083836434350815,-2.3411559858504916,-5.512831330299207,-4.153722369868774,-8.114416122174589
132,-0.3100908398628235,-2.0288407802581787,-5.099153518676758,-6.622591018676758,-5.903841018676758,-6.366735925665125,-2.544622766567045,-7.044466495513802,-5.622848835133482,-9.263229608442998
133,-0.7922492027282715,-1.1672492027282715,-4.4875617027282715,-6.1984992027282715,-5.2141242027282715,-5.550950370612554,-2.8627347796427784,-5.456312298774549,-4.659669372194912,-7.9250832793768495
134,-0.8069305419921875,-1.4006805419921875,-4.2444305419921875,-5.8616180419921875,-4.9241180419921875,-5.534639654564671,-2.1821546303399373,-5.447556257247697,-4.104111147898948,-8.142887234504087
135,-0.6799522638320923,-1.2112022638320923,-5.031514644622803,-6.148702144622803,-5.5404887199401855,-7.010915660648607,-2.665723653844907,-5.501427054404871,-4.767350032983813,-7.7123833892801485
136,-0.35079509019851685,-2.600795030593872,-5.053920269012451,-6.694545269012451,-4.882045269012451,-5.643179971724749,-1.8822206104669021,-7.342983245849496,-5.233830546363606,-9.350810885300234
137,-0.904239296913147,-1.060489296913147,-4.232364177703857,-5.849551677703857,-5.138614177703857,-5.490953143918887,-3.2169464611797594,-5.162052392959367,-4.818604423460783,-8.068326234528286
138,-0.32385459542274475,-2.245729684829712,-5.206666946411133,-6.464479446411133,-5.612916946411133,-5.710034535033628,-2.449047308487934,-7.261354923248177,-5.699137409217656,-9.47230494013911
139,-0.9652379751205444,-1.4652379751205444,-4.277738094329834,-5.551175594329834,-5.129300594329834,-6.052542467135936,-1.7623140609794063,-5.48867642879452,-3.75459738142672,-7.652764081616624
140,-0.7779232859611511,-1.106048345565796,-4.871673107147217,-6.254485607147217,-5.457610607147217,-6.020802735118195,-2.8093865882401587,-5.6138615608210785,-5.043845370935742,-7.942006230141487
141,-1.1024166345596313,-1.0242916345596313,-3.743041515350342,-5.500854015350342,-4.875854015350342,-5.462614435993601,-2.961999037186615,-5.086792230605852,-4.165211872343207,-7.89931535692449
142,-0.28595685958862305,-2.910956859588623,-4.965644359588623,-6.614081859588623,-5.832831859588623,-5.420476171304472,-2.0517191792605445,-7.356269836425668,-5.317517113231588,-9.559410214305899
143,-0.7261209487915039,-1.460495948791504,-4.640183448791504,-6.280808448791504,-5.226120948791504,-5.250587767921388,-2.445076682866784,-5.882371544837781,-4.210799171240069,-8.335516571785774
144,-0.4163198173046112,-2.3850698471069336,-5.549132347106934,-7.275694847106934,-5.541319847106934,-5.8474965922068805,-2.119622929923935,-7.939757943153211,-4.979258917737752,-9.799148082609463
145,-0.9160274863243103,-1.072277545928955,-4.126965045928955,-5.916027545928955,-5.041027545928955,-5.893546838662587,-2.6661976431205403,-5.236340761184465,-4.236614189721877,-7.759796142405321
146,-0.3432177007198334,-2.452592611312866,-4.968217849731445,-6.343217849731445,-5.804155349731445,-6.258700196747668,-1.937095753106405,-7.21040582656849,-5.538944873725995,-9.390108823648916
147,-0.7453171014785767,-1.1828171014785767,-4.276566982269287,-5.862504482269287,-5.292191982269287,-5.964762088435236,-3.2299026029068045,-5.315630316733973,-4.956563186686253,-8.21408975099439
148,-0.24569346010684967,-2.4956934452056885,-4.800381183624268,-5.941006183624268,-6.691006183624268,-6.332955555873923,-2.7146149726613658,-7.026944160461312,-5.628801778977504,-9.894145011799992
149,-0.9014784693717957,-1.2921035289764404,-4.057728290557861,-5.940540790557861,-4.776478290557861,-5.949281976383645,-2.292318440231611,-5.378041625022547,-3.62838536532945,-7.706190108956434
150,-0.9682196378707886,-1.0150946378707886,-4.093219757080078,-5.890094757080078,-5.343219757080078,-5.930202295538038,-3.0856241944566136,-5.640095591544764,-4.984161326836329,-8.147927045625693
151,-0.30671095848083496,-3.150460958480835,-4.853586196899414,-6.931711196899414,-5.752023696899414,-5.331487355288118,-2.04120623342169,-7.103586673736459,-5.260145139647648,-8.916099667458184
152,-0.6711086630821228,-1.4054837226867676,-4.858608722686768,-6.225796222686768,-4.928921222686768,-5.422106483369134,-2.577564575942233,-5.6789219379422775,-4.608861056913156,-7.889876484712659
153,-1.1336041688919067,-1.0242291688919067,-4.539854049682617,-6.375791549682617,-5.422666549682617,-5.486036756366957,-2.5556720308959484,-5.828917264938127,-4.704174008598784,-7.625822662823339
154,-0.2969987690448761,-2.7969987392425537,-5.484498977661133,-6.414186477661133,-6.101686477661133,-6.063896442181431,-2.000267256924417,-7.211061954498177,-5.891094863181934,-9.125138521088957
155,-1.0893442630767822,-0.933094322681427,-4.597157001495361,-6.464344501495361,-5.245594501495361,-5.980706658388954,-2.4801448429498123,-5.972157716750871,-4.6053140761796385,-7.487807750370848
156,-0.31506216526031494,-2.2994370460510254,-4.885374546051025,-6.330687046051025,-6.283812046051025,-6.519153842702508,-2.2839310098424903,-6.877562642097303,-5.565325940580806,-9.30726265899284
157,-0.7111594676971436,-1.7736594676971436,-4.492409706115723,-6.062722206115723,-5.265847206115723,-5.790498354355805,-1.9769701785262441,-5.718972921371233,-4.274075540859485,-8.031492113868808
158,-0.3141137659549713,-3.0172388553619385,-4.931301116943359,-6.290676116943359,-6.110988616943359,-5.971590481349267,-2.0173843993106857,-7.064114093780404,-5.49409778486006,-9.282878041163713
159,-1.0960114002227783,-0.9085114002227783,-4.064761161804199,-5.760073661804199,-4.861636161804199,-5.1045790440985,-2.8384057069488335,-5.517886996268885,-4.260359246487496,-7.752282738452777
160,-0.7368563413619995,-1.4868563413619995,-4.275918960571289,-5.971231460571289,-4.994668960571289,-5.807893967023119,-2.283979623520281,-5.619669795035975,-3.8465810402994975,-8.213438868324374
161,-0.8268339037895203,-1.545583963394165,-3.764333963394165,-5.920583724975586,-4.826833724975586,-5.687191242002882,-2.2333229494543048,-5.342459559440272,-3.749062952323584,-8.123730659244757
162,-0.9325780868530273,-1.1044530868530273,-4.112265586853027,-5.729453086853027,-5.018515586853027,-5.26942343020346,-2.604635341253015,-5.346641302108537,-4.456268159439787,-7.854473233019235
163,-0.852964460849762,-1.0248394012451172,-4.282651901245117,-6.290464401245117,-5.157651901245117,-5.611805029446259,-2.8297155917534837,-5.681090116500627,-4.853252607776085,-7.884236931546184
164,-0.8204891681671143,-1.4298641681671143,-4.172051429748535,-6.015801429748535,-5.031426429748535,-5.719687053293455,-2.523859470791649,-5.429864525794812,-4.0629682115104515,-8.09394884084395
165,-0.6948344707489014,-1.5073344707489014,-4.4917097091674805,-6.1870222091674805,-5.3588972091674805,-5.735074661090039,-2.5232079912384506,-5.52296042442299,-4.367011144029675,-7.983919024229181
166,-1.0397329330444336,-1.1334829330444336,-4.563170433044434,-5.735045433044434,-5.110045433044434,-5.743587704375386,-2.1805574694881216,-5.524108767509119,-4.547845437831711,-7.602260708423273
167,-0.8354029655456543,-1.4760279655456543,-4.265090465545654,-5.952590465545654,-4.718215465545654,-5.164422826783266,-1.8980769959598547,-5.8197785615919315,-4.249768092122395,-8.218233465995581
168,-0.7881247401237488,-1.1787497997283936,-4.5146870613098145,-6.1631245613098145,-5.1553120613098145,-5.656461412552744,-2.4914418274565833,-5.327187776565324,-4.655587039334932,-7.983456134614244
169,-0.8721131682395935,-1.3564882278442383,-4.458050727844238,-5.762738227844238,-4.895550727844238,-5.591917554847896,-2.1222987002984155,-5.5439888238905155,-4.16929633638938,-8.137757181941197
170,-0.8448399305343628,-1.1417149305343628,-5.032340049743652,-6.196402549743652,-5.524527549743652,-6.463001134747174,-2.376284818747081,-5.837028384208338,-4.657684743608115,-7.74329912639223
171,-0.36777427792549133,-2.805274248123169,-4.930274486541748,-6.211524486541748,-6.359961986541748,-5.8924402797129005,-1.8367506009381032,-6.539649963378793,-5.399398495355854,-9.039668679044553
172,-0.8673301339149475,-1.1954550743103027,-4.328267574310303,-5.836080074310303,-5.211080074310303,-5.43066681176424,-2.64877460495336,-5.39076817035658,-4.6098229418857954,-8.164225339693076
173,-0.9408843517303467,-1.2065093517303467,-4.558072090148926,-6.065884590148926,-4.917447090148926,-5.5510267651989125,-2.112950068403734,-5.581510305404436,-4.277206942875637,-7.6830984350544895
174,-0.630732536315918,-1.568232536315918,-4.677607536315918,-6.263545036315918,-5.029170036315918,-5.663005067501217,-2.3497014998138184,-5.646358132362195,-4.584140975843184,-8.255750059928687
175,-0.9107763767242432,-1.1451513767242432,-4.363901138305664,-6.348276138305664,-5.231088638305664,-5.43499653681647,-2.176613070012536,-5.809214353561174,-4.629752371940413,-7.715484380507405
176,-0.9123640060424805,-1.2404890060424805,-4.2170515060424805,-5.9436140060424805,-4.5529890060424805,-5.600577100121882,-2.2094651204970432,-5.58423972129799,-4.04547734503285,-7.896760940311651
177,-0.698670506477356,-1.979920506477356,-4.714295387268066,-6.011170387268066,-5.245545387268066,-5.3407028540968895,-1.964488130135578,-5.565858483314344,-4.3708520657382905,-8.050251364536962
178,-0.3180338442325592,-2.3805339336395264,-4.575846195220947,-5.841471195220947,-5.950846195220947,-6.1862911221105605,-2.2087880289618624,-7.0055342912672245,-5.521515067492146,-9.450859665786083
179,-0.9096981287002563,-1.3471981287002563,-4.284698009490967,-5.878448009490967,-4.933135509490967,-5.270300350151956,-2.1598833627504064,-5.480011224746477,-4.019397325377213,-7.605032562965789
180,-1.0173461437225342,-1.0329711437225342,-4.564221382141113,-6.079846382141113,-5.212658882141113,-5.783812288427725,-2.0487673136085505,-5.6501594781873905,-4.814487898605876,-7.681429981963447
181,-0.263988196849823,-2.7014882564544678,-5.053050518035889,-6.428050518035889,-6.217113018035889,-6.179676997475326,-2.389135111516225,-6.826488494872933,-5.647149144439027,-8.935877084639287
182,-1.011429786682129,-0.9958047866821289,-3.792679786682129,-5.847367286682129,-5.011429786682129,-5.777814219065476,-2.6053646632062737,-5.527055382728406,-4.542994092189474,-8.120825290468929
183,-0.37701889872550964,-2.689518928527832,-5.166081428527832,-6.337956428527832,-5.416081428527832,-5.521147662308067,-1.7990414987434633,-7.0254569053648765,-5.6351314333151095,-8.775470614332335
184,-0.9672438502311707,-1.3891189098358154,-3.1703689098358154,-6.139118671417236,-4.904743671417236,-5.264909669756889,-2.6002467689540936,-5.545369505881922,-3.7410073940991424,-8.139141916968583
185,-0.875149667263031,-1.1876497268676758,-4.039212226867676,-5.836087226867676,-4.936583042144775,-5.578091469476931,-2.600826008725562,-5.366271257400285,-4.405623870523414,-7.936604738000824
186,-0.9092615246772766,-1.1280114650726318,-4.034261703491211,-5.799886703491211,-5.010824203491211,-5.50383462413447,-2.831322295081918,-5.393637537955897,-4.175200174795464,-7.854595541726667
187,-0.9957549571990967,-1.1207549571990967,-4.261380195617676,-5.933255195617676,-5.152005195617676,-5.4730714102624916,-2.831905580693274,-5.691068530082362,-4.410098513268167,-8.027026176232539
188,-0.6867660880088806,-1.5773911476135254,-4.358641147613525,-6.022703647613525,-5.210203647613525,-5.2891658614971675,-2.374485111111426,-5.780516862869035,-4.038656538614305,-8.514910697736923
189,-0.8991426229476929,-1.1960176229476929,-4.039767742156982,-6.039767742156982,-5.000705242156982,-5.337377993098926,-2.7353067141666543,-5.70383083820326,-4.766655749757774,-8.19603860355528
190,-1.0373367071151733,-1.2092117071151733,-4.412336826324463,-5.873274326324463,-5.052961826324463,-5.725786949682515,-2.14693543795147,-5.771712660789149,-4.553265048773028,-7.615486144723036
191,-0.9195403456687927,-1.0601654052734375,-4.5523529052734375,-5.8648529052734375,-5.0445404052734375,-5.2566218982683495,-2.4978424153960077,-5.325791001319715,-4.490129313402576,-7.857060551439645
192,-1.0970067977905273,-0.9720067977905273,-4.268881797790527,-6.003256797790527,-5.042319297790527,-5.2772758699720725,-2.2690577352186665,-5.862632393836805,-4.839507173222955,-7.932971000314865
193,-0.8190402388572693,-2.803415298461914,-4.623727798461914,-6.139352798461914,-4.170602798461914,-4.8219301626086235,-1.037933220184641,-6.569040775298959,-4.631868189462693,-8.186242461097208
194,-0.33806851506233215,-2.0411934852600098,-4.50994348526001,-5.96306848526001,-5.87713098526001,-6.378127793199383,-2.463199845267809,-6.791194081306287,-5.471259045647457,-9.44745814790167
195,-0.9592928886413574,-1.2249178886413574,-4.451480388641357,-5.638980388641357,-5.107730388641357,-6.187003906350583,-2.2876115849794587,-5.256168603896867,-4.279948771640193,-7.435879111008035
196,-0.7969347238540649,-1.343809723854065,-4.312559604644775,-6.085997104644775,-4.921934604644775,-5.2900417389464565,-2.4064980567782186,-5.23443508148182,-4.211275062087225,-8.054764270642409
197,-0.8935859203338623,-1.3779609203338623,-3.8857734203338623,-5.917023658752441,-4.713898658752441,-4.964712526940275,-2.034353246097453,-5.463899254798719,-4.065783925412688,-7.768605351264341
198,-0.7694929242134094,-1.3632428646087646,-4.175743103027344,-5.894493103027344,-5.081993103027344,-5.879606451140717,-2.7540918337763287,-5.441368818282854,-4.058899105206365,-8.160139322055329
199,-0.5189945697784424,-2.7377445697784424,-3.9721195697784424,-6.081494331359863,-4.878369331359863,-4.919211948057637,-1.5348008706787368,-6.901807308196908,-4.574091112299357,-9.144006729049579
200,-0.8780487775802612,-1.1592987775802612,-4.596798896789551,-6.463986396789551,-5.096798896789551,-5.542893699719571,-2.2063640175329056,-6.151487231254237,-4.636108367936686,-7.995257019783821
201,-0.8819685578346252,-1.3350934982299805,-4.0304059982299805,-5.9913434982299805,-4.9600934982299805,-5.5625011924421415,-2.3665294474340044,-5.26478171348549,-3.8823103320319206,-8.100738048362473
202,-0.7149171233177185,-2.4180421829223633,-3.9102296829223633,-6.964917182922363,-3.1836673021316457,-3.2870027787284926,-1.5275559329020325,-6.839917659759408,-3.957410050497856,-9.01180732238754
203,-0.9471902847290039,-1.353440284729004,-4.501877784729004,-5.962815284729004,-4.931565284729004,-5.760608847136609,-1.9317366929899435,-5.48625361919369,-3.924010601185728,-7.509711265343867
204,-1.1075843572616577,-1.0919593572616577,-4.185709476470947,-5.802896976470947,-4.849771976470947,-5.608345219108742,-2.5531668298935983,-5.177897930144809,-4.209512405388523,-7.841982602805729
205,-1.1753818988800049,-1.0191318988800049,-3.948819398880005,-5.808194160461426,-5.144131660461426,-5.590101502777543,-2.347478841940756,-5.816007375716936,-4.230324354983168,-7.667596935840265
206,-0.9507259130477905,-1.1069759130477905,-4.38041353225708,-5.98197603225708,-4.83353853225708,-5.349952148273587,-2.122755277174292,-5.802289128303357,-4.825989450095221,-7.685121893664473
207,-0.7798671126365662,-1.154867172241211,-4.647054672241211,-6.068929672241211,-5.248617172241211,-5.765178480360191,-2.670653687790036,-5.647055268287488,-5.358226867785561,-7.889259099816627
208,-0.6998386383056641,-1.324838638305664,-4.707651138305664,-6.160776138305664,-5.301401138305664,-6.114711552218068,-2.606295206671348,-5.824839353561174,-4.598538483522134,-8.238920092402623
209,-0.8484618663787842,-1.5203368663787842,-4.309399604797363,-5.801587104797363,-5.075024604797363,-5.4511485933326185,-2.114313815109199,-5.317212820052873,-4.286303938599303,-8.004734396685308
210,-0.727713406085968,-1.4933383464813232,-4.493338584899902,-6.219901084899902,-5.344901084899902,-6.010396288242191,-1.8685130920348456,-6.337089300155412,-4.696736775280442,-8.251170873445517
211,-0.7693306803703308,-1.4255807399749756,-4.6443305015563965,-6.1052680015563965,-5.1052680015563965,-5.263367610285059,-2.2069963079702575,-5.324018597602674,-4.285246806626674,-7.574035405961695
212,-0.9022788405418396,-0.9804038405418396,-4.831966400146484,-6.167903900146484,-5.342506408691406,-5.031108010793105,-2.7489173282519914,-5.717507123946916,-4.725558848207584,-7.944086789924768
213,-0.8720923662185669,-1.122092366218567,-4.403342247009277,-5.879904747009277,-5.137717247009277,-5.240341457189061,-2.6300595878856257,-5.239280343055555,-4.684819910835358,-7.864299058726829
214,-0.8124221563339233,-1.4999221563339233,-4.710859775543213,-6.546797275543213,-4.570234775543213,-5.110559739172459,-1.7657516985491384,-6.03898537158949,-4.258012017904548,-7.812443852191791
215,-0.299220472574234,-3.096095561981201,-4.877345561981201,-6.455470561981201,-5.767970561981201,-5.574300965410657,-2.0024706047115615,-7.127346038818246,-5.549505550792674,-9.150796294118663
216,-0.787743091583252,-1.272118091583252,-4.264305591583252,-6.100243091583252,-5.115868091583252,-5.780733263120055,-2.5066882181563415,-5.584618806838762,-4.655292803014163,-7.8893259761644
217,-1.0916935205459595,-3.96669340133667,-5.77919340133667,-5.82606840133667,-4.630756020545952,-3.8830695897340775,-0.6700147197843762,-7.169818878173714,-5.849816035799449,-9.013589977996162
218,-1.1273661851882935,-0.9711161851882935,-4.439866065979004,-6.197678565979004,-5.010178565979004,-5.229651428177021,-2.3462959366152063,-5.564866662025281,-4.7760961819731165,-7.900827645966274
219,-0.6611416339874268,-3.5752041339874268,-4.606453895568848,-6.458016395568848,-4.575203895568848,-4.687357495771721,-1.0675583938718773,-7.090829372405892,-5.020816638687393,-8.723656892656436
220,-0.842012345790863,-1.2013874053955078,-4.701387405395508,-6.006074905395508,-5.099824905395508,-6.397594409354497,-2.185978746856563,-5.740450620651018,-4.623622233484639,-8.092032909182308
221,-0.5791594386100769,-1.7822844982147217,-4.993221759796143,-6.602596759796143,-4.844784259796143,-5.449560954701155,-2.0949523308081552,-5.81353485584242,-4.227834434874239,-7.969802975479979
222,-0.9263386726379395,-1.0982136726379395,-4.5279011726379395,-6.4263386726379395,-5.0435261726379395,-5.567646508687176,-2.3953038222534815,-5.465402007102625,-4.325041735661216,-7.981048226112762
223,-0.9562656283378601,-1.1437656879425049,-3.714078187942505,-5.612515449523926,-4.901577949523926,-5.738423173781484,-2.854920721234521,-5.190641283988612,-3.909726920828689,-7.948480367283992
224,-0.9035041332244873,-1.2003791332244873,-4.528504371643066,-5.880066871643066,-5.364441871643066,-6.0295495291939005,-2.3568336754397023,-5.176942825316928,-4.317824092198862,-7.684780239724205
225,-0.48143526911735535,-2.3251852989196777,-4.684560298919678,-6.504872798919678,-5.52831041812896,-5.251077796332538,-1.7003735126781976,-6.707998394965955,-4.872357086016564,-9.536140322523352
226,-0.8785268068313599,-1.0347768068313599,-3.9410266876220703,-5.83946418762207,-5.01915168762207,-5.433850562723819,-2.675587398451171,-5.73790240287758,-4.667823525625863,-8.386361241096893
227,-0.7741221785545349,-1.5084972381591797,-4.53193473815918,-5.68037223815918,-4.76630973815918,-5.119681746698916,-1.9618079489882803,-5.219435334205457,-4.461857291244087,-7.742890357807482
228,-0.9199617505073547,-1.09183669090271,-4.607461929321289,-6.201211929321289,-5.169961929321289,-5.561401631275658,-2.248266323163989,-5.591837644576799,-4.795245368848555,-7.763735174861722
229,-0.8835190534591675,-1.6022690534591675,-3.586644172668457,-5.899144172668457,-4.625706672668457,-5.43135703925509,-2.0243578920781147,-5.313207387923967,-3.6026001620921306,-8.008541822176994
230,-0.8507471680641174,-1.3194971084594727,-4.381997108459473,-6.210122108459473,-5.139809608459473,-5.961186081171036,-2.2103321331669576,-5.647622823714983,-3.905746888020076,-7.960142016212558
231,-0.7898748517036438,-1.086749792098999,-4.610187530517578,-5.649250030517578,-5.047687530517578,-5.751634260057472,-2.727539644954959,-5.094563126563855,-4.876059263304342,-7.766457438270663
232,-0.4517477750778198,-3.0454978942871094,-4.717372894287109,-6.740810394287109,-4.115810513496392,-3.8609980593901128,-1.7956831283372594,-7.264248371124154,-4.3426284463494085,-9.037702321862525
233,-0.8098933696746826,-1.9505183696746826,-4.950518608093262,-6.669268608093262,-5.169268608093262,-5.389974706340581,-1.9819654032180551,-5.661456704139539,-4.224263382435311,-8.153664588708125
234,-0.5875694751739502,-1.7281944751739502,-4.767256736755371,-6.345381736755371,-5.290694236755371,-6.644183923257515,-1.9783880523173138,-6.103194952010881,-4.6425610317674,-8.196962714024266
235,-0.7583519220352173,-1.3833519220352173,-4.813039302825928,-6.070851802825928,-5.320851802825928,-6.0563722247025,-2.2898150455002906,-5.453665018081438,-4.727390128537081,-7.719309091371542
236,-0.9087797999382019,-1.3619048595428467,-4.666592121124268,-6.158779621124268,-5.065029621124268,-6.050422269734554,-2.033951029428863,-5.5572178363797775,-4.39340445259586,-7.385363816980316
237,-0.7335267066955566,-1.3272767066955566,-4.421026706695557,-5.796026706695557,-4.999151706695557,-5.617315530835185,-2.436826452249079,-5.288214921951067,-4.694781372323632,-7.756983399207456
238,-1.0256776809692383,-0.9631776809692383,-4.260052680969238,-6.033490180969238,-4.853802680969238,-5.276383746706415,-2.338337289475021,-5.4631782770155155,-5.018154817604227,-7.728823423170979
239,-1.4460856914520264,-4.0788984298706055,-4.6492109298706055,-5.9851484298706055,-3.649210929870577,-4.13855679705739,-0.5400264081254136,-6.82889890670765,-4.751089642115403,-7.8132941720723466
240,-0.9965025782585144,-1.1058776378631592,-3.644940137863159,-6.14493989944458,-4.95743989944458,-5.778513261233456,-2.863907671155175,-5.660565733909266,-4.317137308593374,-7.644963383398135
241,-0.4759335219860077,-1.97593355178833,-5.19468355178833,-7.17124605178833,-5.52280855178833,-5.275304775685072,-2.1636007884371793,-6.007184147834607,-4.476219732343452,-8.132197856793937
242,-1.1784446239471436,-1.0846946239471436,-4.467507362365723,-6.397194862365723,-4.905007362365723,-5.41366160241887,-2.0848946371261263,-5.670633077621233,-4.311537345784018,-7.701904773461138
243,-1.0503032207489014,-0.9878032207489014,-4.7846784591674805,-6.3237409591674805,-5.2299909591674805,-5.5359025850193575,-2.597389556482085,-5.58936667442299,-4.761527973954799,-7.42532849280542
244,-0.34809014201164246,-2.988715171813965,-4.629340171813965,-6.832465171813965,-5.207465171813965,-4.498176168883219,-1.8326339579216437,-7.582465529441777,-5.043749987351475,-9.637165546334472
245,-0.5000060796737671,-2.8281311988830566,-4.492193698883057,-6.242193698883057,-5.125006198883057,-4.506139978766441,-1.5783461101091234,-6.9843815565108684,-4.805091182846809,-9.398456215773876
246,-0.8066750168800354,-1.1347999572753906,-4.892612457275391,-6.509799957275391,-5.399628639221191,-6.1742088224273175,-2.618570309437928,-5.751191854476701,-5.0639918590313755,-8.048083186004078
247,-0.7791578769683838,-1.4354078769683838,-4.443220138549805,-5.919782638549805,-4.826032638549805,-5.123968157917261,-2.2481623564090114,-5.466658234596082,-4.263814052072121,-7.904176831061704
248,-0.5597030520439148,-1.6534531116485596,-4.8800153732299805,-6.4190778732299805,-5.3878278732299805,-6.1859415248036385,-2.2630200201820116,-6.028453469276258,-4.778804359637434,-8.801907539220338
249,-1.0144743919372559,-1.1550993919372559,-4.037911891937256,-5.639474391937256,-4.998849391937256,-5.468603226239793,-2.8428409999760333,-5.108225107192766,-4.389769510598853,-7.9051246639864985
250,-0.31938132643699646,-3.4287562370300293,-4.928756237030029,-7.163131237030029,-5.717818737030029,-5.579558435361832,-1.6633121803752147,-7.506881713867074,-5.108676168136299,-9.475644349971844
251,-1.1170090436935425,-1.1170090436935425,-3.882634162902832,-5.656071662902832,-4.648259162902832,-4.766422272485215,-2.5546976150362752,-5.257634997367518,-3.836039146321127,-7.57796823955141
252,-0.8957549929618835,-1.0520050525665283,-4.817629814147949,-6.216067314147949,-5.177004814147949,-5.396615373261739,-2.7709587604913395,-5.325443029403459,-5.099175171140814,-7.762965798101504
253,-0.38279759883880615,-2.7577977180480957,-4.882797718048096,-7.226547718048096,-5.585922718048096,-5.42524764733389,-1.9923766643187264,-6.374985814094373,-5.1642986221122555,-8.51562786085924
254,-1.0931035280227661,-1.2493535280227661,-4.421228408813477,-6.507165908813477,-5.139978408813477,-5.1955804218305275,-1.9839536890212912,-5.882166743278162,-4.171488608844811,-7.694689392767032
255,-1.2529244422912598,-1.1122994422912598,-4.48729944229126,-6.11229944229126,-5.26854944229126,-6.551331656984985,-1.9718544321221998,-5.791987895965121,-4.518928932666313,-7.151389479258796
256,-0.6652125120162964,-2.008962631225586,-4.782400131225586,-6.704275131225586,-5.243337631225586,-5.1134230783209205,-1.9778818940685596,-7.1730256080626305,-4.657721348659834,-9.212100863369415
257,-0.9925445318222046,-1.1956695318222046,-4.265982151031494,-5.898794651031494,-5.125357151031494,-5.173210380715318,-2.7974527830810985,-5.344107866287004,-4.274090365564916,-7.711316227680072
258,-1.0434083938598633,-0.9027834534645081,-4.301220893859863,-5.637158393859863,-5.066845893859863,-5.630213718453888,-2.754552581405733,-5.262159109115373,-4.731145592217217,-7.988741755267256
259,-0.9864320755004883,-0.9708070755004883,-4.478619575500488,-5.884869575500488,-5.150494575500488,-5.72934815561166,-2.9632046002079733,-5.447370290755998,-4.58828075605561,-7.994265675322822
260,-0.4437360167503357,-4.1468610763549805,-5.4984235763549805,-6.8265485763549805,-5.2249860763549805,-5.101813433808275,-1.2564158278109971,-7.545299053192025,-5.045548169466201,-9.490627407894863
261,-0.3815883994102478,-2.2878384590148926,-4.295650959014893,-6.319088459014893,-6.240963459014893,-6.29711532604415,-2.2566920465251314,-6.11596405506117,-5.288096037111245,-9.123796224379475
262,-0.8084973096847534,-3.753809928894043,-5.355372428894043,-7.167872428894043,-3.5038101673125936,-3.570695425849408,-1.0275096549012233,-7.2928729057310875,-4.199364156113006,-9.08195364457788
263,-0.6898043751716614,-1.6429293155670166,-5.041367053985596,-6.486679553985596,-5.744492053985596,-7.10599137051031,-1.940020537833334,-6.072618007659457,-4.377560701948823,-7.572639465081011
264,-0.8093263506889343,-1.434326410293579,-4.184326171875,-6.020263671875,-4.957763671875,-5.63085541583132,-2.1532799990382046,-5.42651438713051,-4.3252950315363705,-7.949974298209781
265,-0.9088306427001953,-1.1744556427001953,-3.9947681427001953,-5.651018142700195,-5.088518142700195,-5.3238293317263015,-2.4871392081549857,-5.315081357955705,-4.581032222806243,-8.10416293124581
266,-0.7155850529670715,-1.3562099933624268,-4.809335231781006,-6.098397731781006,-5.324960231781006,-5.763604820123874,-2.2001430820673704,-5.543710947036516,-4.637719835911412,-8.098417043489462
267,-0.8448106646537781,-1.3291857242584229,-4.188560485839844,-5.868247985839844,-4.649497985839844,-5.259596562827937,-2.4700275424547726,-5.407311201095354,-4.0560211762203835,-8.032332658522137
268,-1.0546832084655762,-1.2734332084655762,-3.882808208465576,-5.539058208465576,-4.953120708465576,-5.618563890573569,-2.1017186512908665,-5.382809042930262,-3.8831015395116992,-7.500020622896045
269,-0.5671576261520386,-1.9890326261520386,-4.692157745361328,-6.981220245361328,-5.231220245361328,-5.295952687272802,-1.8485786768578691,-6.137470841407605,-4.364295686478727,-8.114047884826505
270,-0.1993957757949829,-3.2618956565856934,-5.418145656585693,-6.738458156585693,-6.519708156585693,-6.451069384114817,-2.2776350909553003,-7.363458633422738,-6.043371294319513,-9.629095673488337
271,-0.8236278295516968,-1.2142528295516968,-5.003315448760986,-6.370502948760986,-5.354877948760986,-5.879508736776188,-2.2769369909656234,-5.768941164016496,-4.855121225322364,-7.495523810168379
272,-1.0861388444900513,-1.2111388444900513,-4.008013725280762,-5.672076225280762,-4.539263725280762,-5.157155027613044,-2.367599345918279,-5.304889440536272,-3.797347866347991,-7.703350305268032
273,-1.1062694787979126,-1.0281444787979126,-3.848456859588623,-5.793769359588623,-4.879706859588623,-5.591555656865239,-2.6377343900239794,-5.364082694053309,-4.176925361767644,-7.629731058781545
274,-0.955413281917572,-2.205413341522217,-5.338225841522217,-6.330413341522217,-4.299163699150029,-3.6592137198895216,-1.158830719155958,-6.783538818359261,-4.526124040479772,-8.25230562671095
275,-0.7872962951660156,-1.4904212951660156,-4.177921295166016,-6.209171295166016,-5.123233795166016,-5.585141426476184,-1.8812439246394206,-5.771672010421526,-3.764189903740771,-8.170128941332223
276,-1.0201222896575928,-3.1919972896575928,-5.293559551239014,-6.871684551239014,-4.098247289657564,-4.869832242373377,-0.6921509982203133,-7.168560147285291,-4.778210601856699,-9.129513978823525
277,-0.8056183457374573,-1.1962432861328125,-4.5321807861328125,-5.9149932861328125,-5.2274932861328125,-5.9324063756503165,-2.383900510831154,-5.196244001388322,-4.540292695048265,-7.586887478644712
278,-0.6458235383033752,-1.3801984786987305,-5.1848859786987305,-6.8176984786987305,-5.7473859786987305,-6.240760098909959,-2.380401709888247,-6.044261813163416,-4.583667695871554,-8.177091836760155
279,-0.7923566102981567,-1.0736066102981567,-4.768918991088867,-6.159543991088867,-5.417356491088867,-5.934221095172688,-2.5737715823197505,-5.628294825553553,-4.605135640274966,-7.737687587565233
280,-0.9169601798057556,-1.1513352394104004,-4.2763352394104,-5.6982102394104,-4.9638352394104,-5.058384694857523,-2.5578120689606294,-5.57321095466591,-4.276600683253491,-7.846670984950833
281,-0.5607365369796753,-2.888861656188965,-4.521674156188965,-6.146674156188965,-4.724799156188965,-4.627906488254666,-1.4202505253488198,-6.881049633026009,-4.678182806906989,-8.193562984371056
282,-0.7837149500846863,-1.393090009689331,-3.994652509689331,-5.791527271270752,-4.744652271270752,-5.261091854132246,-2.5339127583429217,-5.385277986526262,-3.893375832703896,-7.885301589669325
283,-0.6880680322647095,-1.5630680322647095,-4.80525541305542,-6.22713041305542,-5.28963041305542,-6.05631390796043,-2.2195552305929596,-5.63338112831093,-4.368141576589551,-8.328712582404478
284,-1.139294147491455,-1.217419147491455,-4.123669147491455,-6.014294147491455,-4.959606647491455,-4.8197721694014035,-1.9675781600381015,-5.529919743537732,-4.616100162413204,-7.897128462553155
285,-0.4361085295677185,-2.9204835891723633,-4.451733589172363,-6.303296089172363,-5.459546089172363,-5.875465218210593,-1.5143580359290354,-6.811109066009408,-5.217600554751698,-8.998621582900341
286,-0.9209856986999512,-1.1397356986999512,-4.358485698699951,-5.866298198699951,-4.983485698699951,-5.4686730183893815,-2.686833595231292,-5.686611413955461,-4.186889490374597,-7.944444298522285
287,-0.7586110234260559,-1.3367359638214111,-4.71173620223999,-5.97736120223999,-5.23517370223999,-5.923914973158389,-2.118171555455774,-5.789862155913852,-4.430778103182092,-7.828943371579953
288,-0.9196673631668091,-1.357167363166809,-4.2790422439575195,-6.1931047439575195,-5.0446672439575195,-5.397195230587386,-2.2949002709647175,-5.8259179592130295,-3.9121570130228065,-7.982188343779853
289,-0.7281190156936646,-1.3062440156936646,-4.556243896484375,-5.978118896484375,-5.134368896484375,-5.447865823516622,-2.52516625825956,-5.360931992530652,-4.431492774514481,-8.165640234719831
290,-0.9432684183120728,-1.4901434183120728,-4.224518299102783,-6.013580799102783,-5.021393299102783,-6.0378755232086405,-1.9122520412347512,-5.615144014358293,-3.9827213716635015,-8.060479640687845
291,-0.8923510313034058,-1.1111010313034058,-4.189226150512695,-6.072038650512695,-4.767351150512695,-5.010233994922601,-2.173725120490417,-5.7829767465589725,-4.884807908034418,-7.712684750335029
292,-0.8079689145088196,-1.1673438549041748,-4.784531593322754,-6.237656593322754,-5.300156593322754,-5.137204626225866,-2.6831571878428804,-5.39390742778744,-4.355093448073603,-7.893928646797576
293,-0.9093657732009888,-1.1906157732009888,-4.339053153991699,-5.393740653991699,-5.018740653991699,-6.035359008354135,-2.2845198989089113,-5.135928988456385,-4.2065349384211,-7.346885204124192
294,-0.646619975566864,-1.4434950351715088,-4.42786979675293,-6.42786979675293,-5.23255729675293,-5.64065880922135,-2.3499575627502054,-5.84193301200844,-4.71718188986415,-8.170076012436766
295,-0.7503349184989929,-1.4690849781036377,-4.078459739685059,-6.101897239685059,-5.055022239685059,-5.579367583035491,-2.484930252612685,-5.5550229549405685,-4.094376521446975,-7.930042028230673
296,-0.7973276376724243,-1.3129526376724243,-4.609827518463135,-6.031702518463135,-5.047327518463135,-5.899661481729709,-2.4694064647628693,-5.453578352927821,-4.461723987129517,-8.10984826067397
297,-0.9349687695503235,-1.3724687099456787,-4.005281448364258,-5.942781448364258,-4.794343948364258,-5.217199083534069,-2.075820062760613,-5.638094663619768,-3.786836696701357,-7.919365167392243
298,-0.7685660719871521,-1.1591911315917969,-4.573253631591797,-5.932628631591797,-5.143566131591797,-5.620901881658938,-2.7375959958299063,-5.299816846847307,-5.042288620403269,-8.182648777758004
299,-1.0134844779968262,-1.3416094779968262,-3.544734477996826,-5.599421977996826,-4.5595903396606445,-4.65449171513319,-2.4738478470389964,-5.2627160549161545,-3.520815807831241,-7.989301204408548
300,-0.8396943211555481,-1.2928192615509033,-4.113131999969482,-6.152194499969482,-4.941256999969482,-6.301447297504637,-2.246185869589681,-5.628757834434168,-4.324428732244996,-7.808465718997468
301,-1.054542064666748,-1.117042064666748,-3.867042064666748,-5.679542064666748,-5.124854564666748,-4.3918822697596624,-2.539091571845347,-5.609230160713025,-4.2735950487840455,-8.070189594978729
302,-0.4524625241756439,-2.2180874347686768,-4.405587673187256,-6.335275173187256,-5.0384004116058065,-5.103836512658745,-1.9994629542925395,-6.7259006500243,-4.429287041712087,-9.272787809285546
303,-1.1590901613235474,-1.4559651613235474,-3.221590042114258,-5.932527542114258,-5.143465042114258,-4.3087119000265375,-2.6436586192576215,-5.096590757369768,-3.6203563864692114,-7.791927218133424
304,-0.9061713814735413,-1.9061713218688965,-4.1717963218688965,-6.6249213218688965,-4.615122556686373,-3.8441437028814107,-1.4434038278122898,-6.857310175895634,-4.107651771249948,-8.5526365040796
305,-0.891236424446106,-1.031861424446106,-4.430298805236816,-6.102173805236816,-5.211548805236816,-5.42321333673317,-2.563298803870566,-5.617799401283094,-4.953980773600051,-8.086568593782431
306,-0.9762651324272156,-1.2418901920318604,-4.585639953613281,-6.046577453613281,-5.148139953613281,-6.227725035394542,-2.101451617985731,-5.577828288077967,-3.874984343914548,-7.460662603121818
307,-0.9129172563552856,-1.4129172563552856,-3.889479637145996,-5.592604637145996,-4.405104637145996,-4.5782087637344375,-1.9443290102790343,-5.467605233192273,-3.858525590010686,-8.045748352829833
308,-0.7677566409111023,-1.189631700515747,-4.713068962097168,-6.338068962097168,-5.072443962097168,-5.698532584588975,-2.31482635033899,-5.963069677352678,-4.580489846644923,-8.314648628087525
309,-0.7533074021339417,-1.2533073425292969,-4.565807342529297,-6.011119842529297,-5.237682342529297,-5.559398023877293,-2.3628522013459587,-5.526745438575574,-4.480173303338233,-7.909576177418785
310,-0.8265722990036011,-1.514072299003601,-4.475009918212891,-5.920322418212891,-4.935947418212891,-5.796171066584066,-1.8580281522590667,-5.584385633468401,-4.022174554847879,-8.139091253102379
311,-0.6906490325927734,-1.9406490325927734,-4.378149032592773,-6.175024032592773,-5.089086532592773,-4.145270062494092,-2.4252112928516,-5.862524509429818,-4.300309140555328,-7.753167390654198
312,-0.4601914584636688,-2.069566488265991,-4.858628749847412,-6.538316249847412,-4.671128988265963,-4.558206983841956,-1.8822181109862868,-7.475816726684457,-4.88245169838774,-8.944580912489073
313,-2.1893198490142822,-3.1736948490142822,-3.4705698490142822,-4.720569610595703,-1.603382587432833,-3.059142116457224,-1.5723376063397154,-7.111195087432748,-2.9162279962038156,-8.915904998517362
314,-1.0990605354309082,-1.0365605354309082,-3.692810535430908,-5.591248035430908,-4.653748035430908,-5.263886994274799,-2.6695617259392748,-5.044373869895594,-4.318078720360063,-7.817832708113201
315,-1.0268980264663696,-1.3862730264663696,-4.06596040725708,-5.73783540725708,-5.23783540725708,-6.1849375437013805,-1.77708087679639,-5.769086241721766,-4.058556949865306,-7.3706771131073765
316,-0.9603036642074585,-1.1165536642074585,-4.632178783416748,-5.944678783416748,-5.225928783416748,-6.000285560439806,-2.3042534390406217,-5.702491998672258,-4.515353613998741,-7.491588830333058
317,-0.9801983833312988,-1.3551983833312988,-4.144260883331299,-5.745823383331299,-4.964573383331299,-5.379755347035825,-2.1054550080152694,-5.355199217795985,-4.168030087777879,-8.058344959968963
318,-0.5153888463973999,-3.0153889656066895,-4.4763264656066895,-6.2497639656066895,-4.9685139656066895,-4.658320625545457,-1.3436688064684859,-7.163826942443734,-4.9140517457854,-8.898213863290039
319,-0.8345272541046143,-1.6314022541046143,-3.8735897541046143,-5.959527015686035,-4.592339515686035,-5.210494050523266,-2.100393266242463,-5.420465230941545,-3.6004484453296755,-8.092362522813346
320,-0.8920894861221313,-1.4545894861221313,-3.868651866912842,-6.032714366912842,-5.235839366912842,-5.744853846728802,-2.1891951294674072,-5.704590082168352,-3.8924468116892967,-8.243675708497904
321,-0.844057559967041,-1.219057559967041,-4.328432559967041,-6.226870059967041,-4.719057559967041,-5.7202004812425,-2.547402596101165,-5.375308156013318,-4.438138311030343,-7.930015086927597
322,-0.9888583421707153,-1.1607333421707153,-3.996670722961426,-5.496670722961426,-4.676358222961426,-5.34116490802262,-2.9578540023067035,-5.207609057426112,-4.231309021619381,-7.996695279773121
323,-1.01373291015625,-1.06060791015625,-4.34967041015625,-5.99029541015625,-4.91998291015625,-5.561676408047788,-2.451456998504,-5.709046244620936,-4.389039111934835,-8.263754367597357
324,-0.3378293514251709,-2.494079351425171,-4.66595458984375,-6.50189208984375,-5.96282958984375,-5.706754604587331,-2.0098528751695994,-7.2128300666807945,-5.2521161781915,-9.54096829881837
325,-1.1392595767974854,-1.3111345767974854,-3.6705095767974854,-5.358009338378906,-5.256446838378906,-5.405901510617696,-2.1707020812755218,-5.318947553634416,-4.100499345804565,-7.842407345506217
326,-1.0199089050292969,-1.3011589050292969,-3.308971405029297,-5.754283905029297,-4.785533905029297,-4.903591849957593,-2.434126245905645,-5.113659620284807,-4.207679831044516,-8.207429170402975
327,-0.7202156782150269,-1.2983406782150269,-4.134278297424316,-6.353028297424316,-5.048340797424316,-5.424431563355029,-2.3297265675937524,-5.837404012679826,-4.220449658707366,-8.204610585969931
328,-0.9588650465011597,-1.0682400465011597,-4.146365165710449,-5.880740165710449,-4.818240165710449,-5.764314599568024,-2.763790817509289,-5.388553500175135,-4.623199187597493,-8.04482340791219
329,-0.9514205455780029,-3.154545545578003,-3.951420545578003,-5.927983283996582,-3.9592332839965536,-4.106807705014944,-0.8890899276302662,-6.9279837608336265,-4.467304553894792,-8.920186757914053
330,-0.5494113564491272,-1.4712862968444824,-5.096286296844482,-6.315036296844482,-5.736911296844482,-6.30828788864892,-2.658979873987846,-5.674412012099992,-4.885606255760649,-8.197870135089033
331,-1.1031320095062256,-1.2281320095062256,-3.8375070095062256,-5.454694747924805,-4.915632247924805,-5.268053639505524,-3.087702136079315,-4.923445463180315,-4.384637442446547,-8.00159442394397
332,-0.374188095331192,-2.452313184738159,-4.21793794631958,-6.20231294631958,-5.00700044631958,-4.798899557441473,-2.1087186215736438,-7.069500923156625,-4.624454343604157,-9.358575105598902
333,-0.549265444278717,-1.7055153846740723,-4.228952884674072,-6.002390384674072,-5.127390384674072,-5.106397023657337,-2.033727284469933,-6.393015742301884,-4.838560434960527,-8.783652663160865
334,-0.8150559663772583,-1.2213059663772583,-4.611930847167969,-6.299430847167969,-5.432243347167969,-6.058342091389932,-2.1433839591627475,-5.729119420051006,-4.370015584136127,-7.596331238424682
335,-0.8857678771018982,-1.401392936706543,-4.346705436706543,-6.245142936706543,-4.956080436706543,-5.730404103407636,-1.823421824054094,-6.042018651962053,-4.12035915897286,-8.088916182246976
336,-0.9738943576812744,-1.1301443576812744,-3.8098318576812744,-5.786394119262695,-4.989519119262695,-5.537289099593181,-2.896012276702095,-5.098894953727381,-4.122655577637488,-7.895791649563762
337,-0.5100585222244263,-1.6350585222244263,-4.955370903015137,-6.330370903015137,-5.674120903015137,-6.120809085201472,-2.4789680115209194,-5.338184118270647,-4.768140518077416,-7.674138545833557
338,-0.6592643857002258,-1.221764326095581,-5.14363956451416,-6.25301456451416,-5.69832706451416,-5.636889727320522,-2.6750578738283366,-5.90145277976967,-4.706405127537437,-8.284283995439182
339,-0.9255057573318481,-1.3161307573318481,-4.323943138122559,-6.378630638122559,-5.269255638122559,-5.7000810583122075,-2.0819290725921746,-5.839569211005596,-4.035163005057257,-7.644279002870462
340,-0.4713616371154785,-2.1901116371154785,-3.8072991371154785,-6.1588616371154785,-6.2135491371154785,-6.394663269398734,-2.1121016674660495,-6.174487233161756,-5.018448449583957,-9.385445236926898
341,-0.6311236023902893,-1.7248735427856445,-4.8576860427856445,-6.5920610427856445,-5.4983110427856445,-6.094381855800748,-2.1625818989123218,-5.67799937725033,-4.397008504456608,-7.724894404193037
342,-0.7139044404029846,-1.5420293807983398,-4.29984188079834,-6.03421688079834,-4.76859188079834,-4.7389701454667374,-2.2297191439865856,-5.549842476844617,-4.221963613585103,-8.065483927581226
343,-0.6580770015716553,-2.8924520015716553,-4.298702239990234,-6.056514739990234,-4.759639859199517,-3.6311174780130386,-1.5019459653631202,-6.744015097618046,-4.720846735872328,-8.978403925794737
344,-0.8300247192382812,-1.1737747192382812,-4.915962219238281,-6.134712219238281,-5.587837219238281,-6.284349674941041,-2.5802124562469544,-5.423775553702967,-4.970957231911598,-7.509734630333696
345,-0.8371486067771912,-1.196523666381836,-4.407461166381836,-6.048086166381836,-5.110586166381836,-5.369491337565705,-2.6498652462032624,-5.602774381637346,-4.462428053928306,-8.118417262858202
346,-0.9875837564468384,-1.1907087564468384,-4.276646137237549,-5.956333637237549,-4.792271137237549,-5.613408225472085,-2.1753213123156456,-5.612584352493059,-4.144154258829076,-8.1047924754821
347,-0.8431642055511475,-1.4369142055511475,-4.155664443969727,-6.124414443969727,-5.100976943969727,-5.751093883882277,-1.9058468175062444,-5.686915278434412,-3.976241791882785,-7.5853697059956176
348,-0.8633735775947571,-1.2696235179901123,-4.550873756408691,-6.144623756408691,-5.121186256408691,-5.879948641580995,-2.238605829916196,-5.488374590873377,-4.379284579423256,-7.6680828330572695
349,-0.7256603240966797,-1.5694103240966797,-4.46784782409668,-6.09284782409668,-4.71784782409668,-4.93032741791103,-2.1008603372756625,-5.670973420142957,-4.0305957486853,-7.842867493436643
350,-0.8310694098472595,-1.2998194694519043,-4.596694469451904,-6.729506969451904,-5.338881969451904,-5.730712283169851,-1.9406154009629972,-5.846695184707414,-4.4094693282968365,-7.627964138791867
351,-0.9823018908500671,-1.232301950454712,-4.271364212036133,-6.349489212036133,-4.990114212036133,-5.178588035225403,-2.1700039897841634,-5.630739927291643,-3.9982868977240287,-7.6385824675599
352,-0.7085877656936646,-1.3804627656936646,-4.341400146484375,-5.747650146484375,-4.794525146484375,-5.420547677669674,-2.396291473589372,-5.560150861739885,-4.2635712185292505,-8.22423255423746
353,-0.8696801662445068,-1.1509301662445068,-4.588430404663086,-5.854055404663086,-5.033742904663086,-5.214507357333787,-2.401103958283784,-5.658743500709363,-4.2527689552807715,-8.12751126272451
354,-0.7783330082893372,-1.7314579486846924,-4.5908331871032715,-6.6767706871032715,-5.2627081871032715,-5.931686695665121,-1.6535614467866253,-5.934584021567957,-3.8257413871469907,-7.293983220741211
355,-1.1891353130340576,-3.5953853130340576,-4.5953850746154785,-5.8844475746154785,-4.00944793224329,-3.7152297096326947,-0.8612675931653939,-6.681323051452523,-4.251995856058784,-8.376654386342125
356,-0.7342672348022461,-1.265517234802246,-4.601454734802246,-5.882704734802246,-5.578017234802246,-6.181133016943932,-2.5156897157721687,-5.624893069266932,-4.6407652785710525,-7.601475715417109
357,-0.8468631505966187,-1.2218631505966187,-4.135925769805908,-5.620300769805908,-5.253113269805908,-6.379609061637893,-2.2064162334427238,-5.385926604270594,-4.190942471672315,-7.909384727247016
358,-0.7959458827972412,-1.0303208827972412,-4.88969612121582,-6.35063362121582,-5.63188362121582,-5.976832267246209,-2.7648780180024914,-5.670946955680506,-4.968070595146855,-8.038155674690643
359,-0.69415283203125,-2.45977783203125,-4.60821533203125,-6.60821533203125,-4.73321533203125,-5.18170827976428,-1.3974672376498347,-6.6238408088682945,-4.319444732973352,-8.553544163571132
360,-0.45197737216949463,-3.092602252960205,-6.233227252960205,-5.569164752960205,-7.342602491378756,-6.602429980644956,-1.3273193251516204,-7.39729022979725,-6.077313604997471,-10.48324632627373
361,-1.209909200668335,-0.944284200668335,-3.936471700668335,-5.530221939086914,-5.006784439086914,-5.17190531489905,-2.7569912457693135,-5.366160154342424,-4.6320713346940465,-8.108368038909248
362,-0.7524928450584412,-1.361867904663086,-4.502492904663086,-6.057180404663086,-5.096242904663086,-5.5113815238000825,-2.6198788684414467,-5.369681000709363,-4.471475574129727,-8.002512216380637
363,-0.8458432555198669,-1.2052183151245117,-4.150530815124512,-6.025530815124512,-5.064593315124512,-5.1122684853035025,-2.5179058137582615,-5.619281411170789,-4.580443476123037,-8.166175722877597
364,-0.8047500848770142,-1.2735000848770142,-4.578187465667725,-6.078187465667725,-5.148499965667725,-5.6657651318237185,-2.4456007225817302,-5.46100080013241,-4.328482107608579,-7.976645707869466
365,-0.9291640520095825,-1.7416640520095825,-4.413538932800293,-5.811976432800293,-5.186976432800293,-5.93072257109452,-1.3982183470216114,-5.780727148055803,-3.718501291645225,-7.796372294207686
366,-1.6699604988098145,-3.1465229988098145,-4.2871479988098145,-6.7637104988098145,-3.662148237228365,-2.889578918926418,-0.5607331882201834,-7.513710856437626,-3.2250596629455686,-8.630910396493164
367,-0.6652576327323914,-1.3683826923370361,-4.532444953918457,-6.134007453918457,-5.313694953918457,-5.932001203065738,-2.384215810103342,-5.657445907592319,-4.642081822443288,-7.6418414113595645
368,-0.9915782809257507,-1.2103283405303955,-4.233765602111816,-5.600953102111816,-4.952515602111816,-5.1641211661626585,-2.5230959295877255,-5.272828817367326,-4.851254656154197,-8.061914324478494
369,-1.090832233428955,-1.106457233428955,-3.950207233428955,-5.543957233428955,-4.723644733428955,-5.396451277658343,-2.723861194070196,-5.254895567893641,-3.8645457840466406,-7.801795482304442
370,-0.7898538708686829,-1.555478811264038,-4.383604049682617,-6.289854049682617,-4.953916549682617,-5.603128014423419,-1.7431522457336541,-6.141417384147303,-4.610449870029697,-7.805498957435702
371,-0.9363566637039185,-1.2332316637039185,-4.530106544494629,-6.170731544494629,-5.201981544494629,-5.874879552051425,-2.139653429519967,-5.272294998168491,-4.0694418773346115,-7.569190382730085
372,-0.855898380279541,-1.293398380279541,-4.098085880279541,-6.043398380279541,-4.426210880279541,-5.1616306805517524,-2.2467212481278693,-5.473086595535051,-3.981181223905878,-7.941856145653219
373,-0.873236894607544,-1.279486894607544,-4.756049156188965,-6.334174156188965,-5.071401596069336,-5.8072400108212605,-2.110639318372705,-5.454214811324846,-4.087272256234428,-7.665169715717639
374,-1.2496633529663086,-1.0152883529663086,-4.218413352966309,-5.632475852966309,-4.866850852966309,-5.758322833804414,-2.2342262091551675,-5.3434140682218185,-4.359310351574095,-7.257501840253099
375,-0.8265433311462402,-1.1077933311462402,-4.63123083114624,-6.16248083114624,-5.15466833114624,-5.82761159085203,-2.5611216815159423,-5.654669165610926,-4.45963569538435,-7.826564550174226
376,-1.1945019960403442,-3.1554393768310547,-5.061689376831055,-6.186689376831055,-4.764814615249605,-4.968030489049852,-0.585303410232882,-7.241377353668099,-4.749486044747755,-8.671080350748525
377,-0.9154150485992432,-1.3372900485992432,-4.274789810180664,-5.673227310180664,-4.970102310180664,-5.807455014670268,-2.071812142050476,-5.31385314464535,-3.7673125897708815,-7.556064128579237
378,-1.1099847555160522,-1.1256097555160522,-3.750609874725342,-5.672484874725342,-4.859984874725342,-5.064018551784102,-2.7742610941349994,-5.211548209190028,-4.01652880164329,-7.836572885187707
379,-0.9706038236618042,-1.2674788236618042,-4.079978942871094,-5.665916442871094,-4.869041442871094,-5.706063516670838,-2.0489421855454566,-5.7831047773357795,-4.2756256498687435,-8.119063019519672
380,-0.3569067418575287,-3.3256566524505615,-4.864719390869141,-6.263156890869141,-5.786594390869141,-5.366830503102392,-1.6383074408513494,-7.520969867706185,-4.997816045448417,-9.56004536142791
381,-0.8983974456787109,-1.242147445678711,-4.101522445678711,-5.828084945678711,-5.023397445678711,-5.5479148753220215,-2.718924261018401,-5.328085660934221,-4.258059341285843,-7.757793664706696
382,-0.4401097595691681,-2.9869847297668457,-4.432297229766846,-6.322922229766846,-5.361984729766846,-4.888121059164405,-1.5965109949174803,-6.96354770660389,-4.799709533210262,-9.010434746669489
383,-0.6197801232337952,-1.5104050636291504,-4.03384256362915,-6.08853006362915,-5.22915506362915,-5.472314838611055,-2.6199749518273165,-5.68228077888466,-4.331039853597758,-8.236988067426864
384,-0.6944920420646667,-1.3663671016693115,-4.428866863250732,-6.030429363250732,-4.999179363250732,-5.5081291880924255,-2.3040560305380495,-5.78042995929701,-4.452650487131905,-8.335135936564257
385,-0.8829721808433533,-1.289222240447998,-4.640784740447998,-5.976722240447998,-5.023597240447998,-5.4935787483118474,-2.4144937623350415,-5.625160574912684,-4.648843019793276,-8.078305482638825
386,-0.8762862086296082,-2.860661268234253,-4.688786029815674,-6.970036029815674,-3.8137865066528036,-3.826333934441209,-1.782790986035252,-6.751286506652718,-3.1813125036715064,-8.891931295198447
387,-0.8007152080535889,-1.1444652080535889,-4.339777946472168,-6.011652946472168,-4.910090446472168,-5.6141523500555195,-2.5196573549619643,-5.488216161727678,-4.597863756032893,-7.98042249660466
388,-0.9849801063537598,-1.0318551063537598,-4.23498010635376,-5.71935510635376,-4.92248010635376,-5.025143732200377,-2.688280209462391,-5.35216832160927,-4.344605533697177,-7.844377994275419
389,-0.7629803419113159,-1.247355341911316,-4.4504804611206055,-6.2317304611206055,-5.3801679611206055,-5.756126421154477,-2.2631770179141313,-5.958293795585291,-4.708600473793922,-7.684883355705097
390,-0.9908621311187744,-0.9752371311187744,-4.076799392700195,-5.983049392700195,-5.209611892700195,-5.78850990452338,-2.991087172937114,-5.459612727164881,-4.670900402445113,-8.037757754107588
391,-0.8238195180892944,-1.4175695180892944,-3.628507137298584,-5.433194637298584,-4.730069637298584,-4.93479207647033,-2.152090538831544,-5.4722576141356285,-4.222499222058104,-8.534774660902258
392,-0.8120949268341064,-1.3120949268341064,-4.077719688415527,-5.765219688415527,-4.866782188415527,-5.406637949927244,-2.5232565151818562,-5.241783022880213,-4.21081979907467,-8.023053526650983
393,-0.7965297698974609,-2.640279769897461,-4.530904769897461,-5.898092269897461,-4.577779769897461,-4.934336567763239,-1.046689974347828,-6.6949677467345055,-4.757760124222841,-8.31217026698505
394,-0.7816156148910522,-1.5159906148910522,-4.320678234100342,-6.008178234100342,-4.625365734100342,-4.7990383432479575,-2.016203857594519,-6.055053830146619,-4.172510587522993,-8.383193850388125
395,-0.7817923426628113,-1.156792402267456,-4.266167163848877,-6.023979663848877,-5.016167163848877,-5.650224030367099,-2.578836545944796,-5.375542998313563,-4.4773374524957035,-7.734935521910302
396,-0.7109665870666504,-1.5078415870666504,-4.23440408706665,-6.17190408706665,-5.02346658706665,-5.766752950381488,-2.3674084956001025,-5.703154921531336,-4.328456236951752,-8.328173279569455
397,-0.5765002965927124,-1.6858752965927124,-4.084312915802002,-5.912437915802002,-4.646812915802002,-5.4919909766176715,-2.0766441718733404,-5.701501011848279,-4.311121075967094,-8.295267820198205
398,-0.8257279396057129,-2.403852939605713,-3.935102939605713,-5.817915439605713,-4.880415439605713,-4.602698514703661,-1.1227517017396167,-6.505415916442757,-4.521306360169547,-8.630430340648672
399,-0.6208651661872864,-2.6677401065826416,-4.214615345001221,-5.769302845001221,-5.16030526161191,-4.983493123436347,-1.3636077484552516,-6.660305380821171,-4.480934688821435,-9.113443374544659
400,-0.31125137209892273,-3.139376401901245,-4.787813663482666,-6.537813663482666,-5.8268762826919485,-5.024426457937807,-1.827053531218553,-8.045627117156869,-4.577120512665715,-9.951888441969459
401,-1.1195348501205444,-1.6507848501205444,-3.947659969329834,-6.135159969329834,-4.861722469329834,-3.761612194823101,-2.4790948458539788,-5.7132854461668785,-3.67446634179214,-8.06486809231501
402,-0.3724594712257385,-2.6693344116210938,-4.575584411621094,-6.403709411621094,-5.513084411621094,-5.1241827650228515,-1.825733412129921,-6.950584888458138,-4.950873929075897,-9.114660024556542
403,-0.9066449403762817,-1.7035199403762817,-3.125394821166992,-6.109769821166992,-4.812894821166992,-4.892343836370856,-2.2193434041255387,-5.726958036422502,-3.3601059348729905,-8.25041639781557
404,-1.073996663093567,-1.652121663093567,-3.8083715438842773,-6.230246543884277,-4.542746543884277,-5.168609365995508,-2.0898492077103583,-5.519309759139787,-3.371189186174888,-7.933394551011588
405,-0.8225834369659424,-1.3225834369659424,-4.033520698547363,-6.088208198547363,-4.986645698547363,-5.519264476024546,-2.3384148861368885,-5.627271413802873,-4.057297410647152,-7.892915010264915
406,-1.1717619895935059,-0.9686370491981506,-4.429574489593506,-5.945199489593506,-4.968636989593506,-5.4148854404338636,-2.5000587554241065,-5.445200324058192,-4.750212735525565,-7.429598331167654
407,-0.9627512097358704,-1.2283761501312256,-3.6893136501312256,-5.626813888549805,-4.790876388549805,-5.4010432207142,-2.501991017823457,-5.259627103805315,-3.986476499121636,-7.4940243956771155
408,-0.764895498752594,-1.4523954391479492,-4.343020439147949,-6.069582939147949,-4.975832939147949,-6.3362189187901095,-2.1557686020969413,-5.522708892821811,-3.952722734276904,-7.741482495959644
409,-0.7788730263710022,-2.6851229667663574,-4.731997966766357,-6.317935466766357,-4.271060824394169,-3.4707783851772547,-1.3417038370098453,-7.325748443603402,-4.365233331918716,-7.97420191751371
410,-1.1012067794799805,-1.2887067794799805,-3.8199567794799805,-5.7965192794799805,-4.7496442794799805,-5.187865116633475,-2.3748645539890276,-5.12464499473549,-3.7421123587701004,-7.601234078034395
411,-1.000917911529541,-1.250917911529541,-3.891542911529541,-5.586855411529541,-4.586855411529541,-4.634509617404547,-2.501084194664145,-5.360293626785051,-4.204320273071062,-7.61812818024373
412,-0.3133966326713562,-2.657146692276001,-4.766521453857422,-6.477458953857422,-5.258708953857422,-5.213510894565843,-2.0166754604433663,-7.657146930694466,-5.16544544781209,-9.438411235700187
413,-0.5084677934646606,-1.8522177934646606,-4.891280174255371,-6.102217674255371,-4.922530174255371,-5.948049522470683,-2.3524334198009456,-5.930343270301648,-4.657284307118971,-8.281919717683195
414,-0.4698372483253479,-2.016712188720703,-4.665149688720703,-6.766712188720703,-5.008899688720703,-5.5812447858043015,-2.157543280351092,-6.32140028476698,-4.642024944972945,-8.290165543430703
415,-1.053754448890686,-1.381879448890686,-3.6631293296813965,-5.9209418296813965,-4.6475043296813965,-4.914085288764909,-2.2961368370597484,-5.670942544936906,-3.7337567310314626,-7.991277456016178
416,-0.8220880031585693,-1.3533380031585693,-4.673650741577148,-5.947088241577148,-5.009588241577148,-5.463979872176424,-2.4004325625719503,-5.697088956832658,-4.189572171133477,-8.025234937433197
417,-1.151286244392395,-3.6200361251831055,-4.1278486251831055,-6.2684736251831055,-4.002848863601656,-2.809216007590294,-0.8077723701135255,-7.44816160202015,-4.120452555711381,-8.620053887208996
418,-0.9487549662590027,-1.1206300258636475,-3.9018800258636475,-5.714379787445068,-4.980004787445068,-5.324585688533261,-2.4020582278753864,-5.440943002700578,-4.527103994987556,-7.964404582669886
419,-0.9182637333869934,-1.5120136737823486,-4.129201412200928,-5.699513912200928,-4.660451412200928,-4.630392795079388,-1.746522656045272,-5.957326889037972,-4.613819927122677,-8.043282031840135
420,-1.074718952178955,-1.605968952178955,-4.285656452178955,-6.410656452178955,-4.793468952178955,-4.904376880964264,-2.1061850552650867,-5.496594548225232,-4.020321803865954,-8.160678505642863
421,-0.6441476941108704,-1.3472726345062256,-5.339460372924805,-6.105085372924805,-5.737897872924805,-6.919366679619998,-2.534945949795656,-5.839461326598666,-5.1444537171919364,-7.698856353539668
422,-0.44819074869155884,-2.370065689086914,-4.057565689086914,-6.331003189086914,-5.346628189086914,-5.16172191593796,-1.9483852197299711,-6.752878665923959,-4.4017429630912375,-9.370079636476476
423,-0.5898157358169556,-1.4335657358169556,-4.777315616607666,-6.394503116607666,-5.519134521484375,-6.4349452464375645,-2.5740338339528535,-5.409760475158237,-4.753828832181171,-8.003530502099238
424,-0.7723217606544495,-1.3191967010498047,-4.553571701049805,-6.045759201049805,-4.912946701049805,-5.242259631049819,-2.3037791037058923,-5.397322416305315,-4.147594772250159,-8.053590774354234
425,-0.7559311389923096,-2.0528061389923096,-4.1543684005737305,-6.0528059005737305,-4.9746809005737305,-5.476108842296526,-1.740558473218698,-5.65436911582924,-3.9749681537796278,-8.341889500396064
426,-0.7854527235031128,-1.3948277235031128,-4.816702842712402,-6.519827842712402,-5.512015342712402,-6.075864239363,-2.3794147743756184,-5.777641177177088,-4.1998140365758445,-7.957353591587889
427,-0.9336559772491455,-1.1211559772491455,-4.160218238830566,-5.628968238830566,-4.808655738830566,-4.911218500346877,-2.3557106095104245,-5.371156454086076,-4.465165223780787,-8.066488504204244
428,-0.9481775164604187,-1.0888025760650635,-4.479427337646484,-6.190364837646484,-5.237239837646484,-6.0662787551409565,-2.417123417748371,-5.471615552901994,-4.878183194989106,-7.909136771915655
429,-0.7966211438179016,-1.3122460842132568,-4.171621322631836,-5.718496322631836,-4.773183822631836,-5.055516491178423,-2.234301074044197,-5.429434418678113,-4.242235615005484,-8.202892064833577
430,-0.9596006274223328,-1.2096006870269775,-4.389287948608398,-6.022100448608398,-4.990850448608398,-5.741771154804155,-2.2723349058505846,-5.443976283073084,-4.288045355177019,-7.904934406049506
431,-1.2188222408294678,-1.3125722408294678,-3.9453847408294678,-5.953197479248047,-4.664134979248047,-4.915852382429875,-2.094012599947746,-5.679760813712733,-3.6019149626081344,-7.742282628756584
432,-0.33536261320114136,-1.8666126728057861,-5.975987434387207,-7.608799934387207,-6.741612672805758,-6.55080790957436,-2.7418079185590614,-8.085362911224252,-6.054510156682227,-9.06193912019171
433,-0.9617011547088623,-1.0085761547088623,-4.438263893127441,-5.508576393127441,-4.977326393127441,-5.571971016179305,-2.602518182437052,-5.297639727592127,-4.540150351502234,-7.64141380755791
434,-0.43907004594802856,-2.626569986343384,-4.275007724761963,-6.032820224761963,-5.267195343971245,-4.966308870352805,-1.7986426158167887,-7.064070701599007,-4.423781100136694,-9.392208099276104
435,-0.6730648875236511,-1.719939947128296,-4.368377208709717,-5.962127208709717,-5.477752208709717,-6.26789499563165,-2.0795492851320887,-5.868377923965227,-4.392187168356031,-8.040273785369209
436,-0.8163483738899231,-1.3632233142852783,-4.206973552703857,-6.097598552703857,-4.964786052703857,-6.0125471003120765,-2.316595404612599,-5.605411887168543,-4.394845416536555,-8.191369056481562
437,-0.6862509846687317,-1.420625925064087,-4.498751163482666,-5.944063663482666,-5.053438663482666,-5.015454664127901,-2.62394247604243,-5.303439378738176,-4.66308673468302,-7.912835240131244
438,-0.8313354253768921,-2.8782105445861816,-4.018835544586182,-6.698523044586182,-4.487585783004732,-3.08734112046659,-1.1596735488710692,-7.120398521423226,-4.175441201863578,-8.60478973373938
439,-1.2550028562545776,-3.278440475463867,-4.067502975463867,-6.333127975463867,-4.215940713882418,-3.5278891706839204,-0.7395807298889849,-7.137815952300912,-4.325592360313749,-8.286270618282288
440,-0.3533038794994354,-3.384553909301758,-4.915803909301758,-6.728303909301758,-6.032991409301758,-5.347593361744657,-1.58785734968842,-8.103304386138802,-5.173939175962005,-9.814256191144523
441,-1.233902931213379,-0.9526529312133789,-3.983902931213379,-5.608902931213379,-4.921402931213379,-4.968944208347239,-2.88250409218017,-5.116716146468889,-4.484180411935085,-7.687055229767793
442,-0.8813270330429077,-1.3032020330429077,-4.053202152252197,-6.092264652252197,-4.943827152252197,-5.335475040716119,-2.2252415283583105,-5.615702867507707,-4.553468549536774,-7.771972060005282
443,-0.9466112852096558,-1.0872362852096558,-4.477861404418945,-5.821611404418945,-4.837236404418945,-5.166398821398616,-2.6264732924028067,-5.2747370004652225,-4.7515619647165295,-7.868504881687841
444,-0.8321961760520935,-1.1290712356567383,-4.918133735656738,-6.496258735656738,-5.308758735656738,-6.107319602044299,-2.3792851934413193,-5.886884450912248,-4.54341920115985,-7.379090070546226
445,-0.9371574521064758,-1.296532392501831,-4.05434513092041,-5.66372013092041,-4.94497013092041,-5.539821852114983,-2.80456600128673,-4.827783465385096,-3.8124185459455475,-7.7262457605884265
446,-0.6946316957473755,-1.4446316957473755,-4.429006576538086,-5.843069076538086,-4.647756576538086,-5.437941398005933,-2.272963860013988,-5.514944791793596,-4.382398569694487,-8.358711957771447
447,-0.6059144735336304,-1.6059144735336304,-4.72310209274292,-6.20747709274292,-5.12153959274292,-5.677574798814021,-2.340518090844853,-5.87154030799843,-4.738991702353815,-8.121557116346594
448,-1.3390575647354126,-0.9484325647354126,-3.737494945526123,-5.573432445526123,-4.948432445526123,-5.16794068668969,-2.8236822769977152,-5.323433279990809,-4.354991864965996,-7.9718936678928
449,-0.940904438495636,-1.1284043788909912,-4.27684211730957,-5.84715461730957,-4.93309211730957,-5.769876002625097,-2.7301774995285086,-5.534655451774256,-4.214649868343258,-7.64405357808937
450,-0.6596261262893677,-1.6283761262893677,-4.573688507080078,-6.472126007080078,-5.409626007080078,-6.0595019242027774,-1.9567525070742704,-6.229939341544764,-4.370870781422127,-8.026835322141778
451,-1.0490126609802246,-0.9240126013755798,-3.9630751609802246,-5.697450160980225,-5.009950160980225,-5.487365716311615,-2.947633726435015,-5.29120099544491,-4.6742932402703445,-7.7755964992156805
452,-0.7138518691062927,-3.0576019287109375,-4.6435394287109375,-6.8466644287109375,-4.823227167129488,-4.342061132891104,-1.0421435694152024,-7.221665024757215,-4.698509414825821,-9.12793064104335
453,-1.2057663202285767,-0.9713913202285767,-3.994828701019287,-5.744828701019287,-4.893266201019287,-5.183147095434833,-2.4403086760430597,-5.276079535483973,-3.9716640338592697,-7.502665042593435
454,-0.9202101826667786,-1.1545851230621338,-4.256147861480713,-5.787397861480713,-5.240522861480713,-5.522977341664955,-2.6079050112603,-5.279586195945399,-4.600142687384505,-7.810856580508698
455,-0.5169951319694519,-2.8763701915740967,-4.118557453155518,-6.321682453155518,-5.391994953155518,-5.441423490876332,-1.4233833455946296,-6.813870429992562,-4.98599228184321,-9.095134735005558
456,-0.8586690425872803,-1.3117940425872803,-3.8117940425872803,-5.772731781005859,-4.803981781005859,-5.671949558949564,-2.1713604743854376,-5.264919996261369,-3.7418147962307557,-8.06962609272341
457,-0.6856477856636047,-1.31064772605896,-4.701272964477539,-6.310647964477539,-5.193460464477539,-5.717893819673918,-2.5139562915137503,-5.310648679733049,-4.404665076814126,-7.959105133817502
458,-0.8226335048675537,-1.3851335048675537,-4.142946243286133,-5.627321243286133,-4.877321243286133,-5.253472618758678,-2.354087570347474,-5.361696958541643,-4.03386064156075,-8.111718177555304
459,-0.98119056224823,-3.5671281814575195,-4.6921281814575195,-6.3640031814575195,-4.293691039085331,-3.5689149228855968,-0.9189915204187855,-7.246816158294564,-4.4268328600155655,-8.199957489825465
460,-0.8248391151428223,-1.3404641151428223,-4.090464115142822,-5.770151615142822,-4.793589115142822,-5.114901281194761,-2.168781142871012,-5.348277330398332,-4.4657637623895425,-8.06704747654112
461,-0.864726185798645,-1.474101185798645,-4.0600385665893555,-5.8803510665893555,-4.7944135665893555,-5.178194649692159,-2.0836988439405104,-5.716289281844865,-3.927519159275107,-7.895997404824811
462,-1.2005027532577515,-1.1223777532577515,-3.934877872467041,-5.770815372467041,-4.809877872467041,-5.099968143505976,-2.5835494721104624,-5.294253706931727,-4.247660120221553,-7.880214452454311
463,-0.927262544631958,-1.349137544631958,-4.177262306213379,-5.458512306213379,-5.106949806213379,-5.514023322437424,-2.833730077923974,-5.067888021468889,-4.200993852282409,-8.02103424048255
464,-0.8385530710220337,-1.2291780710220337,-4.494802951812744,-5.822927951812744,-4.861990451812744,-5.386276361939963,-2.6669183680496644,-5.51042878627743,-4.362258994282456,-8.072950839745317
465,-0.29225319623947144,-2.495378255844116,-4.675065517425537,-5.948503017425537,-6.102901935577393,-5.97955543117132,-2.3843375271680998,-6.813839912414437,-5.321993173536612,-9.602915525337266
466,-0.8170440196990967,-1.3482940196990967,-4.871731758117676,-5.809231758117676,-5.207669258117676,-6.513232562749181,-2.3484978468040936,-5.223295092582362,-4.426710682368139,-7.73112654666329
467,-0.8242380619049072,-1.3398630619049072,-4.480487823486328,-6.003925323486328,-4.933612823486328,-5.075320253847167,-2.5275571157981176,-5.449238419532605,-4.82451542338822,-8.011757015998228
468,-0.6237640380859375,-1.8737640380859375,-3.9128265380859375,-6.2018890380859375,-4.9987640380859375,-4.72683458996471,-2.3895628301252145,-5.639389634132215,-4.428693146124715,-8.80346810804076
469,-0.8605375289916992,-1.1574125289916992,-4.555850028991699,-5.923037528991699,-5.110537528991699,-5.416222432395443,-2.6419786032201955,-5.337100744247209,-4.735821445210604,-7.993371248019685
470,-0.42578330636024475,-2.503908395767212,-4.011720657348633,-5.832033157348633,-5.683595657348633,-5.794639624422416,-1.8321576041198568,-6.566408634185677,-4.801058969605947,-9.48829853522875
471,-0.7260010242462158,-1.1635010242462158,-4.843188285827637,-6.054125785827637,-5.194750785827637,-5.712074267095886,-2.6324446013895795,-5.585376501083147,-4.6950276706775185,-7.6791449783395365
472,-0.910813570022583,-1.160813570022583,-4.262375831604004,-5.988938331604004,-4.770188331604004,-5.419432076567318,-2.4579370905121323,-5.30925166606869,-3.9736649372789543,-7.926459312218867
473,-1.170586109161377,-1.061211109161377,-4.483086109161377,-5.451836109161377,-4.897148609161377,-5.625550722703338,-2.342636331464746,-5.326837062835239,-3.686612882942427,-7.43623638121062
474,-0.8282711505889893,-1.3595211505889893,-3.9923336505889893,-5.92202091217041,-4.71889591217041,-5.3680879606399685,-2.4066095124580897,-5.46108412742592,-4.086381152650574,-7.875168084852703
475,-0.48698198795318604,-2.8463568687438965,-4.1432318687438965,-6.1119818687438965,-5.7526068687438965,-4.982641740934923,-1.5027595642022789,-7.026044845580941,-4.940377794759115,-9.08855724327077
476,-0.7303066253662109,-1.292806625366211,-4.566244125366211,-6.113119125366211,-4.847494125366211,-5.255085164797492,-2.464897132536862,-5.589682340621721,-4.253999081527581,-8.097514867567952
477,-0.853244423866272,-1.587619423866272,-4.056369304656982,-5.681369304656982,-4.993869304656982,-5.401868719607592,-1.8691484538721852,-5.704807639121668,-3.2754112055990845,-8.009518980687062
478,-0.9023607969284058,-1.2304857969284058,-4.253923416137695,-6.050798416137695,-4.941423416137695,-5.372052107239142,-2.277567961238674,-5.847674131393205,-4.76982565849903,-8.464878320542994
479,-0.9426940679550171,-1.192694067955017,-4.122381687164307,-5.864569187164307,-4.848944187164307,-5.264418796636164,-2.192865714619984,-5.653632283210584,-4.208536839636508,-7.606778621433477
480,-0.7250654697418213,-1.1625654697418213,-4.670377731323242,-5.732877731323242,-5.506315231323242,-5.772883327968884,-2.5690253752691206,-5.654753446578752,-4.897223670850508,-8.10008406621273
481,-0.9062819480895996,-2.5312819480895996,-4.2812819480896,-6.3594069480896,-4.55471968650815,-3.93964521959424,-1.0158337198372465,-7.304719924926644,-4.234725782094756,-8.609423279636758
482,-0.7946986556053162,-1.372823715209961,-4.333761215209961,-6.169698715209961,-4.763448715209961,-5.093313253019005,-2.138640147008118,-5.654074430465471,-4.130911789106904,-7.888466119615259
483,-0.8227033615112305,-1.3539533615112305,-3.9633283615112305,-6.0727033615112305,-4.8695783615112305,-5.83920714375563,-2.338566990030813,-5.549266695975916,-3.8543544203275815,-7.846163987846012
484,-0.9040842652320862,-1.1697092056274414,-4.318146705627441,-5.865021705627441,-5.185334205627441,-5.7018121418659575,-2.5137018862878904,-5.622834920882951,-4.646592088858597,-8.372857808788467
485,-0.9068430066108704,-1.0943429470062256,-4.359968185424805,-5.883405685424805,-5.094343185424805,-5.6030756770051084,-2.6726690328650875,-5.281843781471082,-4.844637589034392,-7.899052500486505
486,-0.949451208114624,-1.246326208114624,-4.207263946533203,-5.824451446533203,-5.019763946533203,-5.505240548634902,-2.4731304353335872,-5.301014661788713,-4.113826702785445,-7.996348142389252
487,-0.8728278875350952,-1.1384528875350952,-4.271265506744385,-6.130640506744385,-5.310328006744385,-5.061320170178078,-2.466751798783662,-5.544703602790662,-4.732492047507549,-8.013471841624778
488,-0.9571167826652527,-1.1758668422698975,-3.9102418422698975,-5.972741603851318,-4.722741603851318,-5.731336644967087,-2.285459971477394,-5.480554938316004,-4.191844639455667,-7.847764372565507
489,-1.1481692790985107,-1.4919192790985107,-4.22629451751709,-6.05441951751709,-4.63254451751709,-4.720225601340644,-1.7733655975316651,-5.773170113563367,-3.7265775994455907,-7.718502759718831
490,-1.018083930015564,-0.955583930015564,-4.2446465492248535,-6.1508965492248535,-4.8774590492248535,-5.010932108096313,-2.424536803664523,-5.7290222644803634,-4.604321554012131,-7.9399831292121235
491,-0.7346135973930359,-1.3908636569976807,-4.617425918579102,-6.304925918579102,-4.984613418579102,-5.213097988977097,-2.187950827021268,-5.7736766338346115,-4.219278651085915,-7.69556844219187
492,-1.1323124170303345,-1.1791874170303345,-4.202624797821045,-5.811999797821045,-4.804187297821045,-5.96143220027443,-2.023082841769792,-5.319813132285731,-4.202888573199743,-7.351089357964156
493,-1.0072985887527466,-0.9916735887527466,-4.616673469543457,-6.460423469543457,-5.007298469543457,-5.461408487404697,-2.523084389133146,-5.554174184798967,-4.320046513312263,-7.421386956830247
494,-1.1113452911376953,-1.0488452911376953,-3.8847827911376953,-5.548845291137695,-4.798845291137695,-5.408969360112678,-3.0178199754009256,-4.923846125602381,-4.494445640128106,-7.861370443981286
495,-0.6930310726165771,-1.7555310726165771,-3.802406072616577,-6.255531311035156,-5.294593811035156,-5.1317387679591775,-2.3182377601624466,-5.599282026290666,-3.5527239532675594,-8.185240149270612
496,-0.8579182624816895,-1.2016682624816895,-4.0297932624816895,-6.0454182624816895,-5.1313557624816895,-5.366659448307473,-2.6784189762402093,-5.412606477737199,-4.358192644605879,-8.115754008011208
497,-1.2496744394302368,-0.9059244394302368,-3.7027993202209473,-5.546549320220947,-4.866861820220947,-5.44585905171698,-3.109254339186009,-5.109050154685633,-4.281197510601487,-7.812198161795095
498,-1.0303823947906494,-1.1397573947906494,-4.12413215637207,-5.74913215637207,-4.81163215637207,-5.226727548055351,-2.4524496608937625,-5.09288287162758,-4.327549891546369,-7.717904209846893
499,-0.9644702672958374,-1.4644702672958374,-4.105095386505127,-5.847282886505127,-4.714470386505127,-5.090664507937618,-2.1209306495875353,-5.409783482551404,-3.878827170934528,-8.02698934059299
500,-0.6816930174827576,-2.5879430770874023,-4.166068077087402,-6.337943077087402,-5.228568077087402,-4.881003839895129,-1.1662269704393111,-6.767631053924447,-4.369517750485102,-9.306705117152887
501,-0.40249893069267273,-2.261873960494995,-4.449373722076416,-6.207186222076416,-5.9649988412856985,-5.1305311837932095,-2.152711726434063,-6.050936579704228,-5.043413239531219,-9.129077792038515
502,-0.49206864833831787,-2.4295687675476074,-3.8436312675476074,-6.460818767547607,-4.80456888675689,-4.1264676379505545,-1.8047367193066748,-6.718631744384652,-4.44565940980101,-9.179579973152613
503,-1.0699156522750854,-1.2417906522750854,-3.882415771484375,-5.694915771484375,-4.671478271484375,-5.078830707119778,-2.0701098253775854,-5.585541486739885,-3.671771125809755,-7.648062824959197
504,-1.1718535423278809,-1.1562285423278809,-3.898416042327881,-5.757791042327881,-4.820291042327881,-4.758807142730802,-2.336135840101633,-5.320291638374158,-3.8987204565200955,-7.875001072628947
505,-1.2445948123931885,-1.0727198123931885,-3.7055323123931885,-5.525844573974609,-4.822719573974609,-4.909696396323852,-2.4244795843114844,-5.283657908439295,-4.026153278391575,-7.85399258110192
506,-0.8739757537841797,-1.1864757537841797,-3.8427257537841797,-5.71772575378418,-5.05366325378418,-5.273437571246177,-2.452279194170842,-5.53803896903969,-4.03057414185605,-8.092744707881138
507,-0.8694137334823608,-1.1194137334823608,-4.36160135269165,-5.93191385269165,-4.83035135269165,-5.487636626116,-2.4477188425225904,-5.46316456794716,-4.713458852173062,-7.908495306788609
508,-0.96552574634552,-1.02802574634552,-3.9577131271362305,-5.6530256271362305,-4.8952131271362305,-5.208528424671385,-2.6219855326635297,-5.45771384239174,-4.442329615994822,-8.113984346164216
509,-0.9264106750488281,-1.0045356750488281,-4.285785675048828,-5.918598175048828,-5.113910675048828,-5.466258694068529,-2.4734390856319806,-5.613911271095105,-4.91102883243002,-7.840492963594443
510,-1.0730812549591064,-1.9637062549591064,-3.0340187549591064,-4.291831016540527,-5.362143516540527,-4.902118981233798,-1.682625160261523,-5.549644112586805,-3.2451777212991146,-8.276230215733449
511,-0.9506897926330566,-1.2319397926330566,-3.9272522926330566,-5.388189792633057,-4.903814792633057,-5.397059715818614,-2.677441102321609,-4.958503007888567,-3.935337267932482,-7.896026372620327
512,-0.9752113819122314,-0.9752113819122314,-4.264273643493652,-6.076773643493652,-5.068961143493652,-5.179190151684452,-2.6629015026555862,-6.01427423953993,-4.639531698310748,-7.959610700305348
513,-0.873688817024231,-1.295563817024231,-4.639313697814941,-6.108063697814941,-5.217438697814941,-5.757419522036798,-2.139504652863252,-5.545564532279627,-4.57716530340258,-7.694024443355374
514,-0.9375247955322266,-1.2343997955322266,-3.8906497955322266,-5.757837295532227,-4.882837295532227,-5.4305872664554045,-2.812738634136622,-5.265650749206088,-4.047186571959173,-7.789110779485782
515,-0.8182659149169922,-1.3963909149169922,-4.013578414916992,-5.990140914916992,-4.872953414916992,-5.553352341230493,-2.3028712007508148,-5.458891749381678,-3.8654698784521315,-8.0135985610832
516,-0.9909496307373047,-1.5221996307373047,-4.600324630737305,-6.311262130737305,-4.928449630737305,-5.820220647961833,-1.7880213067255681,-5.5300129652019905,-3.8662580967938993,-7.436285257072086
517,-1.0691684484481812,-1.1316684484481812,-4.076981067657471,-5.897293567657471,-4.889481067657471,-5.453199716634117,-2.43656597318477,-5.4207319021221565,-4.178821644251002,-7.733253240339764
518,-1.0915523767471313,-1.3103023767471313,-4.216552257537842,-6.013427257537842,-4.989989757537842,-5.389388337673154,-1.8261425263626734,-5.630615592002528,-3.810630267689703,-7.6228286024434055
519,-0.9003517627716064,-1.1034767627716064,-4.134726524353027,-5.939414024353027,-4.939414024353027,-5.55758225498721,-2.431787831155816,-5.540977239608537,-4.50223297753837,-8.103496432106112
520,-0.9234905242919922,-1.2672405242919922,-4.025053024291992,-5.650053024291992,-5.071928024291992,-5.4243688301648945,-2.2674771267338656,-5.368803739547502,-4.533225352381123,-8.44694828966567
521,-1.1018142700195312,-1.2893142700195312,-4.031501770019531,-5.742439270019531,-4.750251770019531,-5.17340661608614,-2.3286146834579995,-5.125252485275041,-4.031832282751566,-7.804964661276244
522,-0.3912499248981476,-2.469374895095825,-4.438125133514404,-5.977187633514404,-5.102187633514404,-5.229293035808951,-1.8601559278758941,-7.000625610351449,-5.15720838715788,-9.41469871991103
523,-0.993083119392395,-1.508708119392395,-4.1258955001831055,-5.9149580001831055,-4.7040205001831055,-5.408409035298973,-1.7120052427926566,-5.586833715438615,-4.094951463630423,-7.9227893350725935
524,-0.7811781764030457,-1.4999282360076904,-3.7030532360076904,-5.476490497589111,-4.867115497589111,-5.235243712319061,-2.2970235105167376,-5.359303712844621,-3.468998023396125,-8.046823620592477
525,-0.6906989216804504,-1.6594488620758057,-4.300074100494385,-5.893824100494385,-4.901636600494385,-5.629764046985656,-2.1440496189898113,-5.550074815749895,-4.292543490737444,-7.9954057930062845
526,-0.8128817677497864,-1.4691317081451416,-4.086319446563721,-5.961319446563721,-4.766006946563721,-4.533138332073577,-2.203719235723838,-5.344132542609998,-4.141247720341198,-8.039463758272177
527,-1.2030338048934937,-1.2342838048934937,-3.757721424102783,-5.538971424102783,-4.812408924102783,-4.969517339253798,-1.8907164168485906,-5.28897202014906,-4.523701128026005,-7.882745980914478
528,-0.8446815609931946,-1.1728065013885498,-4.438431739807129,-6.344681739807129,-4.899369239807129,-5.32218590733828,-2.3448421826033155,-5.961869835853406,-4.852728577810922,-8.0165773628014
529,-1.333158254623413,-1.223783254623413,-4.028470993041992,-6.075345993041992,-4.544095993041992,-4.390294294105843,-1.8646060032770038,-6.028471589088269,-3.6068480888498016,-8.161302685553892
530,-1.0256184339523315,-0.9162434339523315,-4.267806053161621,-5.752181053161621,-5.088118553161621,-5.518781305465382,-2.635185104139964,-5.299056887626307,-4.557157832256053,-7.736579656322647
531,-0.38313865661621094,-3.039388656616211,-4.383138656616211,-6.586263656616211,-5.508138775825493,-4.293832071591169,-1.883297788357595,-6.7893891334532555,-5.094399638299365,-8.711277365590831
532,-0.6316511034965515,-1.4754011631011963,-4.920713424682617,-6.608213424682617,-5.069150924682617,-5.242549212300219,-2.1318533216253854,-6.162901520728894,-4.381957007281017,-8.381667017807558
533,-0.9736841917037964,-1.2393091917037964,-3.520559310913086,-6.215871810913086,-4.801809310913086,-5.521326724207029,-2.1770270825654734,-5.692435145377772,-3.8334355838305783,-8.239331125974786
534,-0.36498400568962097,-2.3024840354919434,-3.9899840354919434,-5.919671535491943,-5.630609035491943,-5.577766384580173,-2.1619920642115176,-6.638422012328988,-5.232434834149899,-9.536870121888569
535,-0.7014342546463013,-1.8264342546463013,-4.068621635437012,-6.201434135437012,-4.685809135437012,-5.038892542477697,-1.9985328662733082,-5.537372231483289,-4.139219243399566,-8.178014397462903
536,-0.8941159844398499,-1.112865924835205,-4.651928424835205,-5.980053424835205,-5.105053424835205,-5.504624439403415,-2.761527036462212,-5.386304140090715,-4.62099201529054,-7.89413428289663
537,-0.7296676635742188,-1.2296676635742188,-4.440605163574219,-6.253105163574219,-5.346855163574219,-5.9577175041195005,-2.5892144294048194,-5.6515434980389045,-4.651810610143002,-8.081248283222521
538,-0.8911387920379639,-1.3598887920379639,-4.273951530456543,-5.781764030456543,-4.969264030456543,-5.321827863808721,-2.1882449121330865,-5.680202364921229,-4.211768934415886,-8.08647298789765
539,-0.9348158240318298,-1.2004408836364746,-4.239503383636475,-5.661378383636475,-4.895753383636475,-5.0374019865412265,-2.106876356090652,-5.6301290988919845,-4.380398356239311,-8.114521622483153
540,-1.0879740715026855,-1.4317240715026855,-3.9707865715026855,-5.8379740715026855,-4.7364115715026855,-5.846796598401852,-1.7131625236361288,-5.5723497867581955,-3.947570895383251,-7.806748628314381
541,-0.9343101382255554,-1.2311851978302002,-4.434309959411621,-5.824934959411621,-4.762434959411621,-5.069233095971867,-2.231379132543225,-5.246810674667131,-4.11428518925095,-7.449955820819014
542,-0.9403845071792603,-1.2216345071792603,-4.127884387969971,-6.010696887969971,-5.026321887969971,-5.6289191850228235,-2.2531250425672624,-5.8388227224346565,-4.237595382495783,-8.237280845421992
543,-0.8075956106185913,-1.3075956106185913,-4.534158229827881,-6.409158229827881,-5.838845729827881,-6.395385337295011,-2.4015577806712827,-5.768534421920094,-4.104857012513094,-7.346685289970992
544,-0.9061779379844666,-1.2655529975891113,-4.468677997589111,-6.156177997589111,-4.687427997589111,-5.297941870405339,-2.2814379592600744,-5.851491212844621,-4.484623857511906,-8.21088373643579
545,-0.7736313939094543,-1.4923813343048096,-4.336131572723389,-6.117381572723389,-5.054881572723389,-5.5963660925626755,-2.086348271681345,-5.4611324071880745,-3.7427284115110524,-7.843973516984988
546,-0.8478929400444031,-2.347892999649048,-4.269767761230469,-6.074455261230469,-4.613517999649019,-4.72068950952962,-1.113762706372654,-6.683830738067513,-4.699929244234227,-8.457280039711804
547,-0.9699355363845825,-1.3761855363845825,-4.165247917175293,-5.712122917175293,-4.915247917175293,-5.87790710455738,-2.188848005433101,-5.102748870849155,-3.845335046062246,-7.391834377955092
548,-0.7358012795448303,-1.5483012199401855,-4.6576762199401855,-6.4545512199401855,-5.1889262199401855,-5.668039641808718,-1.939154122126638,-5.673302054404871,-4.126745411456795,-7.837383150865207
549,-1.0318435430526733,-1.0943435430526733,-4.258406162261963,-5.891218662261963,-4.930281162261963,-5.3765059123397805,-2.6570670355140464,-5.539656877517473,-4.30556007308769,-7.7896788117705
550,-1.4995841979980469,-1.2808341979980469,-3.202709197998047,-5.765209197998047,-4.991771697998047,-4.281979143619537,-2.718500361937913,-5.390209913253557,-3.515514327213168,-7.679295897190968
551,-0.9646323919296265,-1.1208823919296265,-4.136507511138916,-5.449007511138916,-5.097445011138916,-5.3718764608493075,-2.7617122917290544,-5.277133345603602,-4.5274636197136715,-7.886531471918715
552,-0.8254468441009521,-1.6223218441009521,-4.317634582519531,-5.825447082519531,-5.052009582519531,-5.561691919108853,-2.106832614270388,-5.294197916984217,-3.5679419759544544,-7.6379716393312265
553,-0.7981258630752563,-1.3762508630752563,-4.227813243865967,-5.563750743865967,-4.845000743865967,-5.041330892476253,-2.4077043326105922,-5.165313839912244,-4.196828211017419,-8.06377112845621
554,-0.9555317163467407,-1.2680317163467407,-3.900844097137451,-5.728969097137451,-4.822719097137451,-5.136024031846318,-2.3932355434371857,-5.408657312392961,-3.90893026420963,-8.018055319515042
555,-1.4056801795959473,-2.7806801795959473,-3.1556801795959473,-6.241617679595947,-4.42130529880523,-2.1289928616024554,-1.4839479821239365,-6.038493037223759,-3.8200765290821437,-8.999442934902618
556,-1.083811640739441,-1.177561640739441,-3.5369367599487305,-5.5838117599487305,-4.8806867599487305,-5.139243921497837,-2.4824350899580168,-5.052562594413416,-3.9200630887644365,-7.732275008824217
557,-0.8660765290260315,-1.1942014694213867,-4.186388969421387,-6.084826469421387,-4.920763969421387,-5.53113720647525,-2.147472966913483,-5.452014684676897,-4.327285729668802,-7.803597330828779
558,-1.0506850481033325,-0.8631850481033325,-4.527247428894043,-6.081934928894043,-5.167872428894043,-5.684231726860162,-2.75398670064169,-5.402248144149553,-4.80098004755564,-7.699147104913209
559,-0.560459554195404,-2.076084613800049,-4.380772113800049,-6.615147113800049,-5.099522113800049,-5.218696169555187,-1.8106276847684057,-6.013585209846326,-4.123255209153285,-8.404226422160718
560,-0.8106217980384827,-1.154371738433838,-4.451246738433838,-5.865309238433838,-5.052809238433838,-5.5069223527098075,-2.46705983299762,-5.685622453689348,-4.857779462909093,-8.193453073332421
561,-0.8784106969833374,-1.2065356969833374,-3.839348316192627,-5.878410816192627,-4.870598316192627,-5.121366563311312,-2.066073762020096,-5.644036531448137,-4.675532668159576,-8.003433108069657
562,-0.90206378698349,-1.0426888465881348,-4.519251346588135,-6.308313846588135,-5.347376346588135,-5.4495486545492895,-2.5741443422884913,-5.628627181052821,-5.121077264426276,-7.870838045781056
563,-1.0407410860061646,-1.4001160860061646,-3.876678466796875,-5.829803466796875,-4.587615966796875,-5.096279378223699,-2.087818602056359,-5.189179301261561,-3.7832959215156734,-7.439208507086732
564,-1.1373993158340454,-0.9967743158340454,-4.137399196624756,-5.746774196624756,-5.012399196624756,-5.193031460628845,-2.6923319992492907,-5.473337531089442,-4.520513250667136,-8.17648470376298
565,-0.7224867343902588,-1.5506117343902588,-4.54279899597168,-6.04279899597168,-5.03498649597168,-5.02079717523884,-2.23830543072836,-5.589674592017957,-4.402429905574536,-7.9256298540331045
566,-0.7711944580078125,-1.5836944580078125,-4.4352569580078125,-6.0055694580078125,-4.8805694580078125,-5.553872637799941,-1.880795691642561,-5.911820173263322,-4.216873340250459,-8.263400316069237
567,-0.7756925225257874,-2.7444424629211426,-3.9085049629211426,-5.892879962921143,-4.931942462921143,-4.420709487516433,-1.166440836925176,-6.689755439758187,-4.635433725983603,-8.900705337448017
568,-0.8627060055732727,-1.378330945968628,-4.292393684387207,-6.206456184387207,-4.925206184387207,-5.379093118244782,-1.9722995519114193,-5.753331899642717,-4.128633334272308,-7.901791453101396
569,-0.9474782943725586,-1.6818532943725586,-3.1506032943725586,-6.220915794372559,-4.962190628051758,-5.04156058980152,-1.9936306296585826,-5.759066343307268,-3.462521021690918,-8.087214946450331
570,-1.0905667543411255,-0.9811917543411255,-3.895254135131836,-5.606191635131836,-5.043691635131836,-5.1149375849054195,-2.731383186110179,-5.387442469596522,-4.5283417323371395,-7.9655872581261065
571,-0.9762979745864868,-1.3200479745864868,-4.226297855377197,-5.648172855377197,-4.788797855377197,-5.344637088128366,-2.1952713478240184,-5.210673689841883,-3.5390703306766227,-7.632571220125101
572,-1.2362207174301147,-0.8924707174301147,-3.8768458366394043,-5.689345836639404,-4.681533336639404,-4.885503173514735,-2.8223651433654595,-5.49403417110409,-4.088024587137625,-7.75968193980043
573,-1.0842679738998413,-0.9748929738998413,-4.115518093109131,-5.842080593109131,-4.701455593109131,-5.2417305507697165,-2.545418359048199,-5.318643927573817,-4.27203901912435,-7.857725977690279
574,-0.8041871190071106,-2.804187059402466,-3.991687059402466,-6.108874797821045,-5.226062536239596,-4.604714629938826,-1.0699498558533378,-6.616687893867322,-4.9294045927526895,-8.905764460449063
575,-1.0968222618103027,-1.0499472618103027,-4.432759761810303,-6.182759761810303,-5.307759761810303,-5.973550018388778,-2.112606274356949,-5.6593230962749885,-4.065798972180346,-7.354658245763858
576,-0.5742675065994263,-1.7930175065994263,-4.793017387390137,-6.566454887390137,-4.808642387390137,-6.146023185108788,-2.0745144777174573,-6.511768102645647,-4.402752811321989,-8.785221099722548
577,-0.6073070764541626,-1.4979320764541626,-4.740119457244873,-6.052619457244873,-5.599494457244873,-5.272814897587523,-2.5762125132750953,-5.279182672500383,-4.740403850155417,-7.802637696100646
578,-1.0989471673965454,-1.1301971673965454,-3.911447048187256,-5.786447048187256,-5.044259548187256,-5.435923870536499,-2.20854601735482,-5.505197882651942,-4.2789644650765695,-8.013031720880463
579,-0.9076254963874817,-1.220125436782837,-4.517000675201416,-6.290438175201416,-5.095125675201416,-5.932198118651286,-1.8453194906760473,-5.642001509666102,-4.650094588723732,-7.7513962981956865
580,-0.9533541202545166,-1.2189791202545166,-4.1252288818359375,-6.0471038818359375,-4.8439788818359375,-6.196433265518863,-2.047289950263803,-5.601792335509799,-4.297455129912123,-7.59400773006746
581,-0.6278266906738281,-1.3934516906738281,-4.510639190673828,-6.049701690673828,-5.190326690673828,-5.5049604047089815,-2.4873894276825013,-5.643452286720105,-4.80776151936152,-7.854406952699719
582,-0.8559945821762085,-1.3247445821762085,-4.191932201385498,-5.895057201385498,-4.871619701385498,-5.364754466456361,-2.2468237668654183,-5.223182916641008,-4.3406546901969705,-7.816953778034076
583,-1.1058531999588013,-1.2152281999588013,-4.082415580749512,-5.973040580749512,-4.738665580749512,-5.216190351813566,-1.9185346200392814,-5.746479034423373,-4.090504846419208,-7.574626564703067
584,-0.8811845779418945,-1.0999345779418945,-4.3421220779418945,-6.1389970779418945,-4.9436845779418945,-5.3273780040908605,-2.3970316401973832,-5.8655602931974045,-4.553312746429583,-8.193703532038853
585,-0.4949202537536621,-1.791795253753662,-4.315232753753662,-6.416795253753662,-5.448045253753662,-5.699803117662668,-2.323210464179283,-5.674608469009172,-4.6671083675464615,-8.143376231031652
586,-1.1852885484695435,-1.1384135484695435,-4.013413429260254,-5.614975929260254,-4.935288429260254,-5.459787639440037,-2.0760681509418646,-5.23997676372494,-3.8262162941973656,-7.490001320516967
587,-0.9528464078903198,-0.9840964078903198,-4.812221527099609,-5.991909027099609,-5.226284027099609,-5.547591191367246,-2.6405171010410413,-5.445034742355119,-5.062530946539482,-7.937241673265817
588,-1.0684164762496948,-3.3652915954589844,-4.529354095458984,-5.966854095458984,-4.662166833877535,-4.751587159233168,-0.646698462558561,-7.162167072296029,-5.15465314683388,-9.263745307791396
589,-0.9527012705802917,-1.2183263301849365,-3.9370763301849365,-5.663638591766357,-4.796451091766357,-5.445799650857225,-2.421626433293568,-5.452701807021867,-4.015478810848435,-7.64022433730679
590,-0.4241196811199188,-2.767869710922241,-4.595994472503662,-5.822556972503662,-5.885056972503662,-6.067254371009767,-1.564880600271863,-6.900682568549939,-5.525964101077989,-9.275698542465761
591,-0.5158636569976807,-3.1564886569976807,-4.195550918579102,-6.468988418579102,-5.359613418579102,-4.918184478301555,-1.3441712689527776,-6.914301395416146,-5.117646550628706,-8.961188316268817
592,-1.0167653560638428,-0.9698903560638428,-4.274578094482422,-5.649578094482422,-4.946453094482422,-5.533145500347018,-2.759173488113447,-5.227703809737932,-4.2670567803725135,-7.813663601609733
593,-0.8390920162200928,-2.9640920162200928,-4.268779754638672,-6.065654754638672,-4.800029754638672,-4.312863240484148,-1.0580080609797733,-6.800030350684949,-4.714461735158693,-8.401608466971084
594,-0.36329400539398193,-2.6757941246032715,-4.4648566246032715,-6.1289191246032715,-5.9023566246032715,-5.153977629262954,-1.9884565936517902,-6.753919720649549,-5.191683972574538,-9.238308548816349
595,-0.6602566838264465,-1.8790066242218018,-4.379006862640381,-6.199319362640381,-5.019631862640381,-4.942814805661328,-1.8323374774772674,-5.988382458686658,-4.058948484540451,-8.386837959107652
596,-0.9810830950737,-0.9810830950737,-4.449832916259766,-5.949832916259766,-4.996707916259766,-5.318221086403355,-2.528138025314547,-5.559208631515276,-4.3719473790552,-7.754541277667158
597,-0.7945435047149658,-1.1539185047149658,-4.692980766296387,-6.232043266296387,-5.083605766296387,-5.670948947430588,-2.560365299883415,-5.5992316007610725,-4.74794181418838,-7.607064008498128
598,-0.5218948125839233,-2.287519931793213,-4.029707431793213,-5.725019931793213,-5.521894931793213,-5.203119526500814,-1.740858531993581,-6.045332908630257,-4.670661514479434,-9.03753793222495
599,-1.0724527835845947,-1.1349527835845947,-4.056827545166016,-5.884952545166016,-4.822452545166016,-5.455983023333829,-2.0569887031742837,-5.392765760421526,-4.221174199745292,-7.439664125153286
600,-1.085484504699707,-0.9448595643043518,-4.202672004699707,-5.866734504699707,-5.265172004699707,-5.570714584900998,-2.8122781247948296,-5.694860339164393,-4.55456060814322,-8.218317627693978
601,-0.9022104740142822,-1.2459604740142822,-4.074085235595703,-6.144397735595703,-5.089710235595703,-5.332822967553511,-2.12114272841427,-5.644398450851213,-4.402472819172544,-7.933478116829065
602,-0.5789381265640259,-1.7195631265640259,-4.844563007354736,-6.414875507354736,-5.211750507354736,-5.627591458032839,-2.016604409684078,-6.0789386034010136,-4.446371167519828,-8.27426946146079
603,-0.8650219440460205,-1.1775219440460205,-4.411896705627441,-5.950959205627441,-5.083771705627441,-5.11631655273959,-2.537061200957396,-5.536897301673719,-4.560592975525651,-7.919727325275744
604,-0.35474398732185364,-2.1047439575195312,-4.206306457519531,-5.823493957519531,-6.050056457519531,-5.754435706068762,-2.604884852975374,-6.2453695535658085,-5.05033834776259,-9.300074577167834
605,-1.0954372882843018,-1.1735622882843018,-4.571999549865723,-6.314187049865723,-5.212624549865723,-5.6434437782736495,-1.970607743045548,-5.7673128843304085,-4.087944813945796,-7.236086487471766
606,-1.115846872329712,-1.147096872329712,-4.193971633911133,-5.951784133911133,-5.100221633911133,-5.491664790140931,-3.3348593367263675,-5.162722468375819,-4.6708977753296494,-7.873686432465547
607,-1.1248867511749268,-1.2655117511749268,-3.4920742511749268,-6.031136512756348,-4.617074012756348,-4.719542212318629,-1.9531780343095306,-5.671762228011858,-3.6407832730619702,-7.937409281470536
608,-0.8642202615737915,-1.1142202615737915,-4.098595142364502,-5.715782642364502,-5.239220142364502,-5.591500263137277,-2.731611350289313,-5.223595976829188,-4.825448589923326,-8.09861743426336
609,-0.7851792573928833,-1.4883042573928833,-4.582054138183594,-6.199241638183594,-5.183616638183594,-6.434930652962066,-2.0197361542086583,-5.4883049726482795,-4.5667060230334755,-7.550822615452489
610,-0.6030203104019165,-1.4155203104019165,-4.345207691192627,-5.923332691192627,-5.345207691192627,-5.674392496002838,-2.5094615037960466,-5.743646025657313,-4.548625664698193,-8.376479863885834
611,-1.061298131942749,-1.061298131942749,-3.655048131942749,-5.748798370361328,-4.756610870361328,-5.351447230321355,-2.5692814442591043,-5.537861704826014,-4.4365882453275844,-8.06913161256307
612,-0.8346599340438843,-1.3815349340438843,-3.944035053253174,-5.951847553253174,-4.904972553253174,-5.507465287402738,-2.194217903583194,-5.436223268508684,-4.100547279318562,-8.045617460997164
613,-0.8884677290916443,-1.450967788696289,-4.115030288696289,-5.911905288696289,-4.911905288696289,-4.8821838134899735,-2.357400400651386,-5.857218384742566,-4.435598936659517,-8.490048885172655
614,-0.9978222846984863,-0.9821972846984863,-4.099384784698486,-5.927509784698486,-4.997822284698486,-5.467617204063572,-2.6542706292821094,-5.552510619163172,-4.646522129914956,-8.04471623878635
615,-1.0296317338943481,-1.5921317338943481,-3.5608816146850586,-5.764006614685059,-4.779631614685059,-5.046577891684137,-2.240790461830329,-5.0765073299405685,-3.4518348631972913,-7.928094744353075
616,-1.1393486261367798,-1.0299736261367798,-4.10809850692749,-5.74872350692749,-4.88153600692749,-5.194859046721831,-2.6004800608207006,-5.412786841392176,-4.147419657645514,-7.756557941196661
617,-1.0066742897033691,-1.1316742897033691,-4.631674289703369,-5.787924289703369,-5.022299289703369,-5.96896354353521,-2.3037298754643416,-5.545737743377231,-4.05384285908076,-7.28013789619763
618,-1.1685200929641724,-1.0278950929641724,-3.941957473754883,-5.926332473754883,-4.996644973754883,-5.528754699102137,-2.81716582988156,-5.3247709274287445,-4.231320574384881,-7.793542504055949
619,-0.7090566754341125,-1.3184316158294678,-4.576244354248047,-6.021556854248047,-5.146556854248047,-5.304095867672004,-2.396713959707995,-5.498120069503557,-4.764019093912793,-8.021575689137535
620,-0.7627880573272705,-1.4034130573272705,-4.387787818908691,-6.614350318908691,-5.340912818908691,-5.748000390129164,-2.1535945966024883,-6.004976153373377,-4.724087411159417,-7.637813567784178
621,-0.6913654208183289,-1.2382404804229736,-4.9882402420043945,-6.1757402420043945,-5.4023027420043945,-5.419741653371602,-2.722793920809636,-5.4726159572599045,-4.527561988594243,-7.5195099113443575
622,-1.0889798402786255,-1.3858548402786255,-3.659292221069336,-5.542104721069336,-4.831167221069336,-4.683772258693352,-2.3704340249241795,-5.260855436324846,-3.7298671854659915,-7.831189870577873
623,-1.2270636558532715,-0.9145636558532715,-4.1567511558532715,-5.7661261558532715,-4.9926886558532715,-5.189153841114603,-2.680408811182133,-5.344251990317957,-4.508608416974312,-7.797398090122442
624,-0.32198217511177063,-2.8844821453094482,-4.493857383728027,-6.462607383728027,-5.454794883728027,-5.441146326716989,-1.9158698225655826,-7.212607860565072,-5.220694980933331,-9.439182043001892
625,-0.8476415872573853,-1.4882665872573853,-3.3867039680480957,-6.136703968048096,-5.222641468048096,-5.504938054597005,-2.1603394550766097,-5.9882673025127815,-3.6526761644345243,-8.378913998360076
626,-0.5979738831520081,-1.6917238235473633,-4.621411323547363,-6.316723823547363,-5.152661323547363,-5.732414469122887,-1.895007716899272,-6.082349538802873,-4.34829551767325,-8.371428608745191
627,-0.7530335187911987,-1.5655335187911987,-4.331158638000488,-6.190533638000488,-5.042096138000488,-5.613771344185807,-2.096978287823731,-5.495221853255998,-4.417386728018755,-8.14368069147531
628,-0.789520263671875,-1.539520263671875,-4.031707763671875,-5.773895263671875,-4.773895263671875,-4.782979871029966,-2.2115930123254657,-5.453583478927385,-3.664816574048018,-8.016103863494209
629,-1.111931324005127,-1.190056324005127,-3.682243824005127,-5.432243824005127,-4.846306324005127,-5.800724504282698,-1.8464839300722815,-5.549432277678989,-3.5888616362353787,-7.6744555231980485
630,-0.9660449028015137,-1.0910449028015137,-4.481669902801514,-6.255107402801514,-5.364482402801514,-6.693656490067951,-2.4662940191919915,-5.684795975684551,-4.38055195461493,-7.669196724531503
631,-0.8576741814613342,-1.4982991218566895,-3.7717366218566895,-5.7482991218566895,-4.9982991218566895,-5.069790502660908,-2.4047654633177444,-5.326424837112199,-4.3736048469436355,-7.974880933574241
632,-0.9703987836837769,-1.2203987836837769,-4.236023902893066,-5.743836402893066,-4.806336402893066,-4.8854572580894455,-2.525292732883827,-5.329774498939344,-4.611304482183186,-7.98604488350793
633,-1.040328025817871,-1.180953025817871,-4.212203025817871,-5.829390525817871,-5.134078025817871,-5.955273834057152,-2.134266239576391,-5.329391241073381,-4.376597826107172,-7.563787698500164
634,-0.8585032224655151,-1.3585032224655151,-4.475690841674805,-5.991315841674805,-4.553815841674805,-5.063390013645403,-1.9993238257738994,-5.506941437721082,-4.233766521152575,-7.897584438151171
635,-0.9599646329879761,-1.366214632987976,-3.8662147521972656,-5.764652252197266,-4.780277252197266,-5.296889413730241,-2.4523975548218004,-5.350590467452776,-3.764942127163522,-7.8974877593245765
636,-0.4006742238998413,-2.556924343109131,-4.408486843109131,-6.627236843109131,-4.955361962318413,-5.6686104035470635,-1.8070588021364529,-7.010049819946175,-5.041660720366053,-8.783497929505756
637,-0.6207621693611145,-1.3082621097564697,-4.784824848175049,-6.245762348175049,-5.386387348175049,-5.598599098506384,-2.5896763666678453,-5.597325563430559,-4.636648978339508,-8.144217133363782
638,-0.9339418411254883,-1.0433168411254883,-4.199566841125488,-5.973004341125488,-5.066754341125488,-5.208302667539101,-2.7622648281540023,-5.551130056380998,-4.567038018984022,-8.238647699186913
639,-1.1807702779769897,-1.2432702779769897,-3.2354578971862793,-5.337020397186279,-4.993270397186279,-4.986632610554807,-2.7903345644299407,-5.196396112441789,-3.6810925680038054,-7.555794357966079
640,-0.17681638896465302,-2.973691463470459,-5.989316463470459,-6.778378963470459,-7.192441463470459,-7.100508825620636,-2.5206943668599706,-8.028379082679578,-6.5209041263733525,-9.825267910853654
641,-1.2087063789367676,-0.9899563789367676,-4.450893878936768,-5.927456378936768,-5.239956378936768,-5.928208664117847,-2.4589184297801694,-5.700894713401453,-4.193409746600082,-7.200924038432277
642,-0.36488857865333557,-2.5211386680603027,-4.318013668060303,-6.380513668060303,-5.443013668060303,-5.3120608907192945,-1.9899897524155676,-6.92738926410658,-4.9043335183523595,-9.05240309227338
643,-0.6244677901268005,-1.4369678497314453,-4.655717849731445,-5.952592849731445,-5.202592849731445,-5.399566104984842,-2.4840227203676477,-5.2104059457777225,-4.398178182571428,-7.960424065415282
644,-0.8976691961288452,-1.5226691961288452,-4.249231815338135,-6.303919315338135,-5.053919315338135,-5.7737164973514155,-1.9447295493882848,-5.960170149802821,-4.210451086401008,-8.014878630388921
645,-0.6434277892112732,-1.534052848815918,-4.276240348815918,-6.354365348815918,-5.143427848815918,-5.488373041851446,-2.4092408241995145,-5.830928564071428,-4.385901171830483,-8.174698233397066
646,-1.2630424499511719,-0.9036675095558167,-3.723979949951172,-5.364604949951172,-4.997417449951172,-5.201536518754438,-2.856972797337221,-5.216168284415858,-4.200798717094585,-7.591189861046587
647,-0.9278088212013245,-1.5215587615966797,-4.14655876159668,-5.71687126159668,-4.91999626159668,-5.100648414576426,-1.6779667014343431,-5.505934357642957,-4.3108751451654825,-7.662203788557235
648,-0.9384275674819946,-1.1884275674819946,-4.219677448272705,-5.844677448272705,-4.852489948272705,-5.368939655600116,-2.45426878973376,-5.508740663528215,-4.376232219976373,-7.961887955400016
649,-0.9669066667556763,-1.3419066667556763,-4.209094047546387,-6.443469047546387,-4.935656547546387,-5.851633146172389,-1.9045593621995067,-5.8575323820110725,-3.490620217344258,-7.209120750070724
650,-1.0839428901672363,-1.0839428901672363,-4.037067890167236,-5.982380390167236,-4.919880390167236,-5.311261963681318,-2.131049010262359,-5.615193605422746,-4.474809855746571,-7.474593400629601
651,-1.3638324737548828,-0.973207414150238,-3.957582473754883,-5.684144973754883,-4.895082473754883,-5.6696969494223595,-2.1295963429292897,-5.418520808219569,-3.6141712091921363,-7.152924298810831
652,-0.9806943535804749,-1.65256929397583,-3.91038179397583,-6.04319429397583,-4.73850679397583,-4.919381985790096,-1.824660635436885,-5.465070128440516,-3.8403261569910683,-7.761966347450652
653,-0.3447574973106384,-2.516632556915283,-4.032257556915283,-5.766632556915283,-5.664927005767822,-5.495367704657838,-2.2666346921469085,-6.618052482604867,-4.868412429699674,-9.446191072358488
654,-0.8514225482940674,-1.3514225482940674,-4.265484809875488,-5.952984809875488,-4.999859809875488,-5.26676489401143,-2.1172448202123633,-5.546735525130998,-4.140763959061587,-8.015503883179917
655,-0.4733240604400635,-3.0514490604400635,-4.379573822021484,-6.801448822021484,-4.973324060440035,-4.772969100624323,-1.5046952889388194,-6.863949298858529,-4.86422487263917,-8.988961934956933
656,-0.92383873462677,-1.51758873462677,-4.2050886154174805,-6.1582136154174805,-4.6816511154174805,-5.042337391991168,-1.877163628625567,-5.75977683067299,-4.002265288610943,-8.056669831101317
657,-0.8244197964668274,-1.1681697368621826,-4.730669975280762,-6.207232475280762,-5.050982475280762,-5.153582154074684,-2.637116412850446,-5.519733190536272,-4.769952749789809,-7.972874998893531
658,-0.8641487956047058,-1.1610238552093506,-4.0203986167907715,-5.7938361167907715,-5.1219611167907715,-5.028924449114129,-2.348690734288539,-5.707899332046281,-4.919051743141608,-8.012604951689354
659,-0.8539620041847229,-1.4320869445800781,-3.955524444580078,-5.877399444580078,-5.025836944580078,-5.167458037962206,-2.244809721931233,-5.682087659835588,-3.869864306121599,-8.103984474881145
660,-0.788424551486969,-1.3040494918823242,-4.108736991882324,-5.975924491882324,-4.936861991882324,-5.71885927405674,-2.663638092111796,-5.43686282634701,-4.3278037999989465,-7.913446664564617
661,-0.9017453193664551,-1.167370319366455,-3.901745319366455,-5.972057819366455,-5.034557819366455,-6.144925459171645,-2.370716428151354,-5.565808653831141,-4.30831617928925,-7.995516061568196
662,-0.8276050686836243,-1.2963550090789795,-3.9447925090789795,-6.155730247497559,-4.843230247497559,-5.469093069608789,-2.515300135652069,-5.4135434627530685,-4.632582503283629,-8.194811820801988
663,-1.195713758468628,-0.8675887584686279,-4.203526496887207,-5.492588996887207,-5.008213996887207,-5.219994428043719,-3.0005787453555968,-5.000402212142717,-4.531936128158122,-7.945736646395744
664,-0.43933719396591187,-2.5643372535705566,-4.470587253570557,-6.298712253570557,-5.251837253570557,-5.472607240080833,-1.7050968318071682,-6.970587730407601,-5.002221033821115,-9.220601320161222
665,-0.5983768105506897,-1.707751750946045,-4.496814250946045,-6.262439250946045,-5.012439250946045,-5.365850645699538,-2.1298416622012155,-5.754627466201555,-4.223631349566858,-8.074958920295103
666,-1.0427827835083008,-1.1677827835083008,-4.011532783508301,-5.988095283508301,-4.738095283508301,-4.590825471794233,-2.5663728597573936,-5.269345879554578,-4.128997406718554,-8.019372582062715
667,-0.7694697380065918,-1.3319697380065918,-4.761657238006592,-6.027282238006592,-5.222594738006592,-5.340733075921889,-2.550919989560498,-5.292907834052869,-4.98849817214068,-8.089804887526043
668,-0.9779647588729858,-1.2123397588729858,-4.149839878082275,-5.813902378082275,-5.048277378082275,-5.580563008785248,-2.2750550276978174,-5.540465831756137,-4.009523820830509,-7.6029927726667665
669,-0.8744490146636963,-1.0775740146636963,-4.163511276245117,-5.991636276245117,-5.155698776245117,-5.5316082870122045,-2.452741132117808,-5.686949491500627,-4.694996090969653,-8.241656899239388
670,-0.9091379642486572,-1.1435129642486572,-4.206012725830078,-6.026325225830078,-4.971637725830078,-4.925611255050171,-2.6358665090083377,-5.487263441085588,-4.362485503181233,-7.8935339448580635
671,-1.037947654724121,-1.147322654724121,-3.866072654724121,-5.827010154724121,-4.795760154724121,-4.898576784180477,-2.4365476237871917,-5.295760869979631,-4.272546981446794,-7.8504680393052695
672,-0.9120643138885498,-1.3183143138885498,-3.67768931388855,-5.818314552307129,-4.779252052307129,-5.225377705821302,-2.646674247793271,-5.240190386771815,-4.06863612725283,-7.935527562769494
673,-0.8656760454177856,-1.2250510454177856,-4.209425926208496,-5.842238426208496,-5.021925926208496,-6.4449203899130225,-2.2877142296056263,-5.123489379882358,-4.5847681175218895,-7.287572383649604
674,-0.9667668342590332,-1.0605168342590332,-4.458954334259033,-6.029266834259033,-5.076141834259033,-5.561368698545266,-2.670096138113877,-5.474580049514543,-4.529583165684016,-7.990225910907611
675,-0.7221331000328064,-1.6440081596374512,-3.753383159637451,-6.042445659637451,-5.159633159637451,-5.395103926886804,-2.112965085558244,-5.620571255683728,-3.605282607517438,-8.214341401828278
676,-0.9560378789901733,-1.0341628789901733,-4.745100498199463,-5.549787998199463,-5.018537998199463,-7.160434510209598,-2.5889928239630535,-5.112288832664149,-4.471939406328602,-7.07324564436567
677,-0.7930430173873901,-1.2930430173873901,-4.66023063659668,-5.99616813659668,-5.30085563659668,-5.341062844032422,-2.7307317079103086,-5.34773135185219,-4.816722840536386,-7.871187448314231
678,-1.0622775554656982,-1.0310275554656982,-4.085715293884277,-5.976340293884277,-4.843527793884277,-5.406862744712271,-2.5234229348570807,-5.460716128348963,-4.296941953798523,-7.984173297671077
679,-0.8458799123764038,-1.2208799123764038,-4.002130031585693,-5.674005031585693,-5.103692531585693,-5.5266861617565155,-2.533593750995351,-5.486505746841203,-3.9945895301934797,-8.103712677742806
680,-0.8736752271652222,-0.9986752271652222,-5.209612846374512,-5.928362846374512,-5.717425346374512,-7.351434230105951,-2.592632153100567,-5.647114157675787,-5.022417737258365,-7.326820254127597
681,-1.1282368898391724,-1.0501118898391724,-4.253236770629883,-5.651674270629883,-4.815736770629883,-5.9341650652932,-2.3002551691170083,-5.354800105094569,-3.980060066533042,-7.097009062517827
682,-1.0803545713424683,-1.0491045713424683,-4.361604690551758,-5.658479690551758,-4.666292190551758,-4.776560503465589,-2.478998162987409,-5.236605405807268,-4.4243733522016555,-7.783500909579743
683,-1.0980925559997559,-0.8480925559997559,-4.418405055999756,-5.926217555999756,-5.082467555999756,-5.200472378404811,-2.5513994528300827,-5.613718271255266,-4.863973823143169,-7.4496759174071485
684,-0.34549200534820557,-2.876741886138916,-4.329866886138916,-6.556429386138916,-5.525179386138916,-5.230057847104035,-1.9081325432198355,-7.0954923629759605,-4.814541175874183,-9.470507621648721
685,-0.36588364839553833,-3.1158835887908936,-4.279946327209473,-6.092446327209473,-5.428383827209473,-5.4387174032162875,-1.7566320819896646,-6.967446804046517,-5.0848903327132575,-9.272147536184093
686,-1.012298345565796,-1.012298345565796,-4.285736083984375,-5.770111083984375,-4.981048583984375,-5.622458745667245,-2.996896480457508,-5.356049418449061,-4.614120926475152,-7.934196471906034
687,-0.8493550419807434,-1.5524799823760986,-4.200917720794678,-5.997792720794678,-5.130605220794678,-5.624185188207775,-2.130824780149851,-5.669668436050188,-4.068425365694566,-8.16968798615926
688,-0.5166348814964294,-3.110384941101074,-4.274447441101074,-6.024447441101074,-5.001009941101074,-4.620619817869738,-1.391770115296822,-6.961947917938119,-5.0481925729545765,-8.961962103736369
689,-0.9531006813049316,-3.0859131813049316,-3.8749756813049316,-6.757788181304932,-3.8984134197234823,-3.8696833439171314,-0.9689131799386814,-6.820288658141976,-4.4067099113890436,-8.007808685082637
690,-1.0098440647125244,-1.4004690647125244,-4.072343826293945,-5.603593826293945,-4.587968826293945,-4.620286371442489,-2.8069418420636794,-5.236407041549455,-4.080455854389584,-7.884867548660623
691,-1.1418533325195312,-0.969978392124176,-4.094978332519531,-5.579353332519531,-5.016853332519531,-5.314646537648514,-3.1576827555545606,-4.930916666984217,-4.962451059662271,-7.829379319806321
692,-0.7140979766845703,-1.4484729766845703,-5.13597297668457,-6.12034797668457,-5.60472297668457,-5.965775155462325,-2.4018163442524383,-5.604724049567608,-4.753476093057543,-7.667248844765709
693,-1.3827494382858276,-1.0702494382858276,-3.945249557495117,-5.656187057495117,-4.968687057495117,-5.211743334948551,-3.109520532816532,-5.039000511168979,-4.242440531408647,-7.609338044781907
694,-0.4169694483280182,-2.1982195377349854,-3.9560320377349854,-5.854469299316406,-5.471656799316406,-5.254690247937106,-2.292114962488995,-6.5185323953626835,-4.932995715615107,-9.518548130856288
695,-1.1835105419158936,-0.7460104823112488,-4.3085103034973145,-5.6522603034973145,-5.1053853034973145,-5.449762028700206,-3.3243555780500174,-5.230386257171176,-5.097884010523558,-7.894474148402878
696,-0.6439287066459656,-2.7376787662506104,-4.565803527832031,-6.597053527832031,-4.604866147041314,-4.271923701278865,-1.3940988634421956,-6.7533041238783085,-4.417767682461999,-8.776760220343931
697,-1.1529710292816162,-1.1529710292816162,-3.965471029281616,-5.559221267700195,-4.699846267700195,-5.302176061843056,-2.700066542151035,-5.051409602164881,-4.028319298260612,-7.770184635781334
698,-1.1088294982910156,-0.9994544982910156,-3.9369544982910156,-5.663516998291016,-4.749454498291016,-5.336117004742846,-2.835609412402846,-5.280705332755701,-4.265373306028778,-7.960414767005204
699,-1.023374080657959,-0.851499080657959,-5.007749080657959,-6.078061580657959,-5.390561580657959,-5.665134857525118,-2.8907443118077936,-5.523374915122645,-4.531520549324341,-7.82808470699274
700,-0.9131156802177429,-1.2724907398223877,-3.6553032398223877,-5.725615501403809,-4.881865501403809,-5.007557867618743,-2.0226969506329624,-5.881866097450086,-4.108710368338507,-8.038138389325468
701,-0.9535031914710999,-1.047253131866455,-4.406628131866455,-5.594128131866455,-4.906628131866455,-5.454593540518545,-2.3442950109456433,-5.164441347121965,-4.6021755657711765,-7.6957091091353504
702,-0.5455029606819153,-1.6236279010772705,-4.81894063949585,-6.40487813949585,-5.05331563949585,-5.758068070979789,-2.2644763935240917,-5.6861288547513595,-4.694255183334462,-8.123644709441578
703,-0.6561200022697449,-1.5311200618743896,-5.1248698234558105,-6.2186198234558105,-5.7654948234558105,-6.369307963643223,-2.109434944242821,-5.781120657920496,-4.593848679098301,-8.14832711201052
704,-0.6601580381393433,-1.4257830381393433,-5.152345657348633,-6.324220657348633,-5.441408157348633,-6.083308598259464,-2.832239606519579,-5.628908872604143,-4.879196006339043,-8.24611580351484
705,-0.8450843095779419,-1.438834309577942,-4.563834190368652,-6.056021690368652,-4.743521690368652,-5.572945347172208,-1.9702901628334075,-5.64195978641493,-4.571925958734937,-7.907601833187073
706,-0.8536621332168579,-1.166162133216858,-4.103662014007568,-6.236474514007568,-4.939599514007568,-5.331130332662724,-2.088181723607704,-5.658350229263078,-4.35393615780049,-8.166185617179508
707,-0.8888751864433289,-2.0295002460479736,-4.7013750076293945,-6.8107500076293945,-5.1232500076293945,-5.517517837695777,-1.7484298783092527,-6.232625603675672,-4.678228812699672,-8.412328958376747
708,-0.8149274587631226,-1.1586774587631226,-4.432115077972412,-6.103990077972412,-4.986802577972412,-5.042333604651503,-2.5338574486086145,-5.580553293227922,-4.463617412198801,-8.174322485716402
709,-1.1814460754394531,-1.0408210754394531,-3.736133575439453,-5.626758575439453,-4.970508575439453,-4.9951953233685344,-2.4237958061276004,-5.384571790694963,-4.158291299914708,-7.806470155426723
710,-0.34177225828170776,-3.5605223178863525,-4.451147079467773,-6.255834579467773,-5.779272198677056,-5.025262625189498,-1.7325240293284878,-7.607397556304818,-5.2951059123297455,-9.755846857949109
711,-0.8700309991836548,-1.4325309991836548,-4.213780879974365,-5.745030879974365,-4.916905879974365,-5.722680335398763,-2.1515077095245942,-5.463781714439051,-4.284401726850774,-8.026302218218916
712,-0.8235542178153992,-1.245429277420044,-3.987616777420044,-5.956366539001465,-5.042304039001465,-5.519667900283821,-2.636265493973042,-5.440742254256975,-4.3863801424449775,-8.050137281203206
713,-0.9610438942909241,-1.1172938346862793,-3.8126063346862793,-5.812606334686279,-4.937606334686279,-5.399265863059554,-2.547181347865262,-5.336044549941789,-4.2894680052413605,-8.031379818650748
714,-0.6515486836433411,-1.2140486240386963,-4.979673862457275,-6.354673862457275,-5.620298862457275,-5.996330801513977,-2.7611065935634542,-5.651549696921961,-4.800314968480961,-8.167194127821858
715,-0.6300744414329529,-3.4738245010375977,-4.161324501037598,-6.645699501037598,-5.192574501037598,-4.4375824455637485,-1.0989611055556452,-7.505074977874642,-4.8178457845933735,-9.42696380605048
716,-0.7443464994430542,-1.5412214994430542,-4.588096618652344,-6.509971618652344,-5.103721618652344,-5.636259560473263,-1.8695404341560788,-5.931847214698621,-4.549326496286085,-8.416239023057642
717,-0.7892258763313293,-1.3204758167266846,-4.648601055145264,-5.914226055145264,-5.211101055145264,-6.290872766985558,-2.195646867432515,-5.5079768896099495,-4.4691974713641685,-7.375184774173249
718,-1.00124192237854,-1.11061692237854,-4.509054183959961,-5.969991683959961,-5.063741683959961,-5.041330764070153,-2.3139041530666873,-5.485617399215471,-4.048398455022834,-7.938762426161702
719,-1.0328152179718018,-1.2046902179718018,-3.9234402179718018,-5.712502479553223,-4.884377479553223,-5.291685140924528,-2.095502120675519,-5.243753194808733,-4.150379348313436,-7.939085721754964
720,-0.9088476300239563,-1.1275975704193115,-4.065097808837891,-5.666660308837891,-5.018222808837891,-5.816015061165672,-2.82311711552029,-5.143223643302576,-4.229459002701333,-7.56512069675955
721,-0.8336623311042786,-2.677412271499634,-4.794600009918213,-5.818037509918213,-4.950850248336764,-4.590577131137252,-0.9432077858655248,-7.552412986755257,-5.349692024406977,-9.20086431492382
722,-1.13699209690094,-1.27761709690094,-3.7073044776916504,-5.59792947769165,-4.80886697769165,-4.520820339908823,-2.2778020925907185,-5.31668019294716,-3.965348574522068,-7.762016176884572
723,-0.8785455822944641,-1.2066705226898193,-4.323858261108398,-6.105108261108398,-5.175420761108398,-5.848088903527241,-2.300608021323569,-5.222296595573084,-4.855389674630715,-7.894192576170099
724,-0.9109450578689575,-1.1921950578689575,-3.832819938659668,-5.590632438659668,-4.778132438659668,-5.161825983901508,-2.317403294786345,-5.418758153915178,-4.3330709619040135,-7.93440186958469
725,-1.1296985149383545,-0.9421985745429993,-4.426573753356934,-6.473448753356934,-5.114073753356934,-5.685610498301685,-2.676721681113122,-5.707824587821619,-4.419019188993843,-7.457846283658
726,-0.8323127627372742,-1.082312822341919,-4.52762508392334,-6.03543758392334,-5.09012508392334,-5.372344619769137,-2.754397370314109,-5.394813418388026,-4.520045253389981,-7.824519634055832
727,-0.8531355261802673,-2.665635585784912,-3.814073085784912,-6.431260585784912,-5.1656357049941946,-4.162783221807331,-1.1501260929144337,-7.064073562621957,-4.415877789724618,-9.040649533168107
728,-0.8869339227676392,-2.7775588035583496,-5.41037130355835,-6.71505880355835,-5.3947465419769,-4.700865246355534,-0.9028055363742169,-7.480684280395394,-5.793654688575771,-9.761951327178394
729,-1.0745989084243774,-1.2308489084243774,-4.324598789215088,-6.019911289215088,-5.066786289215088,-5.278975418419577,-1.8560122118215077,-5.683974385261365,-4.457729884888977,-7.93399322014011
730,-0.7807489633560181,-1.140123963356018,-4.6479363441467285,-5.7573113441467285,-5.1479363441467285,-5.9068622349295765,-2.640306694476749,-5.28074979782059,-4.460680574149592,-7.6401435134866915
731,-0.5620842576026917,-1.7183341979980469,-4.812084197998047,-6.069896697998047,-5.648021697998047,-5.837485767668113,-2.3122435681143543,-5.452709794044324,-4.773272125341464,-8.046478509715598
732,-0.9891067743301392,-1.2078567743301392,-4.13754415512085,-6.11410665512085,-4.74691915512085,-5.373093034955673,-1.9111537785356632,-5.590669989585535,-4.15355984683265,-7.121943950345667
733,-0.7102092504501343,-1.2258342504501343,-4.561771869659424,-6.210209369659424,-5.350834369659424,-5.555061567109078,-2.741621719527757,-5.28052270412411,-4.640195801883237,-7.8196052310668165
734,-0.7658517360687256,-1.2502267360687256,-4.843976974487305,-6.343976974487305,-5.359601974487305,-5.884170964709483,-2.609821057107183,-5.570540189742815,-4.953633864730364,-7.781496643827268
735,-0.47335851192474365,-2.410858631134033,-4.332733631134033,-6.278046131134033,-5.613983631134033,-5.633792575914413,-1.6140928208697005,-6.926484107971078,-5.286232878250303,-8.957746505648174
736,-0.8610255122184753,-1.4391505718231201,-4.025087833404541,-5.571962833404541,-4.853212833404541,-5.205665668763686,-2.3456568389665335,-5.525088548660051,-4.009750444063684,-8.103234410064033
737,-0.552673876285553,-1.7089238166809082,-5.279236316680908,-6.513611316680908,-6.208923816680908,-5.321097863605246,-2.4278403381904354,-6.154236912727185,-5.654587922268547,-8.498005151579491
738,-0.7441126108169556,-1.3222376108169556,-4.220674991607666,-5.728487491607666,-5.072237491607666,-5.471981029841118,-2.38493547863618,-5.298800706863176,-4.455333073594375,-8.12694537619791
739,-0.9135994911193848,-1.3042244911193848,-4.390161991119385,-6.069849491119385,-4.897974491119385,-5.016453980933875,-2.054409248448792,-5.640162587165662,-4.546710446651559,-8.030805706794126
740,-0.8481153249740601,-1.22311532497406,-4.01999044418335,-5.90280294418335,-5.07467794418335,-5.653574526601005,-2.6295637887669727,-5.3637411594388595,-4.567184278188506,-7.934072732728964
741,-0.9409208297729492,-0.9877958297729492,-4.456545829772949,-6.003420829772949,-5.300295829772949,-6.137009438651148,-2.519186486839317,-5.433109164237635,-4.855331241153181,-7.8159409759391565
742,-0.6024360656738281,-1.7743110656738281,-4.305561065673828,-6.446186065673828,-5.243061065673828,-5.463475510361604,-2.165126543972292,-5.625874280929338,-4.657454435917316,-8.266517281357665
743,-0.7597091197967529,-1.244084119796753,-4.548771858215332,-6.103459358215332,-5.236271858215332,-5.479910631431267,-2.619278292870149,-5.205022573470842,-4.728746134642279,-7.54098093486391
744,-0.8961181044578552,-1.2867431640625,-3.8258056640625,-5.5211181640625,-5.0679931640625,-5.881222339812666,-2.052532540168613,-5.19299387931801,-4.373016777768498,-7.880520581822566
745,-0.8140916228294373,-1.189091682434082,-4.900029182434082,-6.884404182434082,-6.048466682434082,-6.674986518220976,-2.6111796867480734,-5.7594052553171196,-4.587842534558149,-7.7906792160720215
746,-0.6627156734466553,-2.8345906734466553,-4.303340911865234,-6.256465911865234,-5.037715911865234,-4.736340990522876,-1.194096556675504,-7.022091388702279,-4.655206634313799,-9.029916644009063
747,-0.841920018196106,-1.185670018196106,-4.177857398986816,-5.482544898986816,-5.209107398986816,-5.31957292673178,-2.6077174991369247,-5.341920614242326,-4.0531913676531985,-7.904441356427924
748,-0.890504777431488,-1.1717548370361328,-3.859254837036133,-5.953004837036133,-5.085817337036133,-5.797602532547899,-2.390740247676149,-5.757693171500819,-4.554946827411186,-8.343649863996689
749,-1.0468109846115112,-1.1561859846115112,-4.187436103820801,-6.304623603820801,-5.257748603820801,-5.50115010922309,-2.0782316777622327,-5.749936938285487,-4.148693629540503,-7.328089475229717
750,-0.9975259304046631,-1.200650930404663,-3.927213430404663,-5.724088668823242,-4.981901168823242,-5.5297466574120335,-2.575868821251788,-5.161589622497104,-3.8806604820420034,-7.817861914363675
751,-0.4320434629917145,-2.4007935523986816,-4.346106052398682,-5.963293552398682,-5.783606052398682,-5.966434666188434,-1.7446671647776384,-6.846106529235726,-5.221433347527636,-9.135180354042859
752,-1.1897313594818115,-0.9709814190864563,-4.299106597900391,-6.213169097900391,-4.947544097900391,-5.581057541246992,-2.2055251455894904,-5.674107313155901,-4.713484833453549,-7.4631956812190765
753,-0.9359126687049866,-1.1702876091003418,-4.092162609100342,-5.904662609100342,-4.990600109100342,-5.694687737501226,-2.5376928807527293,-5.271850943565028,-4.3502907254733145,-7.803122281782635
754,-0.9893618226051331,-1.1768617630004883,-3.7940492630004883,-5.754986763000488,-4.817486763000488,-5.435610690212343,-2.380187610484427,-5.379987597465174,-3.9740551203431096,-7.723762035049731
755,-0.8523854613304138,-1.2117605209350586,-4.133635520935059,-5.993010520935059,-5.227385520935059,-5.361039641895331,-2.321296678914223,-5.610198616981336,-4.836984370922437,-8.063341140583361
756,-1.071521282196045,-1.040271282196045,-4.415271282196045,-5.384021282196045,-5.110583782196045,-5.4243417215766385,-2.6889163040323183,-4.774646997451555,-4.267105780803831,-7.774669289323356
757,-1.2784627676010132,-1.4347127676010132,-3.6222128868103027,-5.981587886810303,-4.981587886810303,-5.920167578267865,-2.161469798258622,-5.512838840484164,-3.61477356145042,-7.38005208933464
758,-0.7616396546363831,-1.4960145950317383,-5.019452095031738,-6.355389595031738,-5.456952095031738,-7.005804251879454,-2.011875601572683,-5.7772655487056,-4.8322811777179595,-7.261662602159049
759,-0.9950854778289795,-1.0419604778289795,-4.323210716247559,-6.213835716247559,-5.026335716247559,-5.253842503880151,-2.370275241017225,-5.768524050712244,-4.307935772667406,-7.541991590976977
760,-0.7466631531715393,-1.2779130935668945,-4.7935380935668945,-6.2466630935668945,-5.4185380935668945,-5.724240622133948,-2.4656103654851904,-5.80916392803158,-4.754729953827336,-8.051369786078794
761,-0.5376291275024414,-2.3345041275024414,-4.084504127502441,-6.350129127502441,-5.740754127502441,-5.930949271423742,-1.615877143922262,-6.365754723548719,-4.569166738161584,-9.045461177634934
762,-0.6934491991996765,-1.2559492588043213,-4.802824020385742,-6.084074020385742,-5.396574020385742,-5.514708070841152,-2.537390571407741,-5.435637235641252,-4.6077876901836134,-7.982532024172542
763,-1.3019582033157349,-1.0363332033157349,-3.7394580841064453,-5.505083084106445,-4.684770584106445,-4.638724102987908,-2.3490108093683375,-5.106646299361955,-3.997542821074603,-7.6769798991681455
764,-0.9717073440551758,-1.2685823440551758,-3.877957344055176,-5.682644844055176,-4.885769844055176,-5.2381946897367015,-2.425073594553396,-5.401395678519862,-4.081420126138255,-8.026417731976835
765,-0.9690099954605103,-2.2658848762512207,-4.969009876251221,-6.648697376251221,-5.187760353088265,-4.337238021194935,-1.2349007968441583,-6.617447853088265,-4.633618444087915,-8.531529187977867
766,-1.0931835174560547,-1.1088085174560547,-3.6556835174560547,-5.788496017456055,-4.804121017456055,-4.969034190638922,-2.64027235606045,-5.288496732711565,-4.312244366970845,-8.124454617278388
767,-1.0746104717254639,-1.1683604717254639,-4.082423210144043,-5.902735710144043,-4.980860710144043,-5.5990040500764735,-2.0904050921526505,-5.394923925399553,-3.949878537474433,-7.62150943251072
768,-0.5035626292228699,-2.2379376888275146,-5.5426249504089355,-6.4801249504089355,-5.9488749504089355,-5.428153637330979,-1.6443241741508245,-7.30043792724598,-5.511741332651582,-8.995764136220714
769,-0.9501782655715942,-1.0908032655715942,-4.122053146362305,-6.004865646362305,-5.059553146362305,-5.162243802566081,-2.419097409234382,-5.6064289808269905,-4.497333725652425,-7.91113567332286
770,-0.9722853899002075,-1.2847853899002075,-4.120722770690918,-5.831660270690918,-5.019160270690918,-5.121996425790712,-1.8787333769287216,-5.464473485946428,-4.449117385753198,-7.808243036064596
771,-0.960532546043396,-1.194907546043396,-4.2808451652526855,-5.7964701652526855,-4.9370951652526855,-5.633360527805053,-2.6482469805923756,-5.046470999717371,-4.249872526794206,-7.773054599521856
772,-0.9325296878814697,-1.2294046878814697,-4.112216949462891,-5.713779449462891,-5.010654449462891,-4.995755408890545,-2.385828360740561,-5.268467783927576,-4.260902016510954,-7.705990314210794
773,-0.837365984916687,-1.509240984916687,-4.282678604125977,-5.954553604125977,-4.892053604125977,-6.01821248116903,-2.275073268407141,-5.368616938590662,-4.37672562955413,-7.540511846327718
774,-0.7121879458427429,-1.3215630054473877,-4.016875267028809,-6.110625267028809,-5.048125267028809,-6.103871976491064,-2.1967011594679207,-5.5637509822843185,-4.415616227837745,-7.970018505884582
775,-0.77232825756073,-1.67857825756073,-3.9832658767700195,-5.8348283767700195,-4.9129533767700195,-5.109463570290245,-2.0850353026908124,-5.4598290920255295,-3.7882462310953997,-7.858285665315634
776,-0.7530689835548401,-1.5499439239501953,-4.565568923950195,-6.010881423950195,-5.120256423950195,-5.4031254053115845,-2.2532489137811353,-5.323382139205705,-4.120524370518979,-7.9640274045650585
777,-1.1714942455291748,-1.0933692455291748,-4.210556983947754,-5.671494483947754,-4.866806983947754,-5.367737218097318,-1.9998169941827655,-5.265245199203264,-3.8280427010613494,-7.507452368528902
778,-1.0885518789291382,-1.3073018789291382,-3.9401144981384277,-6.424489498138428,-4.674489498138428,-5.019161514414009,-1.8543605635786662,-6.119803071021465,-3.7528835173288826,-7.494831800016982
779,-0.9984638690948486,-1.2172138690948486,-4.0297136306762695,-6.0687761306762695,-4.8500261306762695,-5.022929020808078,-2.06114850724407,-5.678151726722547,-4.076849903300172,-7.670363306695435
780,-0.7304600477218628,-1.4492100477218628,-4.566397666931152,-6.269522666931152,-5.402335166931152,-6.270607836078852,-2.0432119052566122,-6.089836359023366,-4.652749214263167,-7.917982458819097
781,-0.9345860481262207,-1.2783360481262207,-4.481461048126221,-6.200211048126221,-5.239273548126221,-5.576491013285704,-2.1848044156940887,-5.5439618825909065,-3.9114319876534864,-7.567423820175463
782,-1.328055500984192,-1.234305500984192,-3.8671178817749023,-5.851492881774902,-4.562430381774902,-5.2663816375425085,-2.0470357867889106,-5.710868716239588,-3.2424287312896922,-7.328081011442919
783,-0.9916785955429077,-2.6635537147521973,-4.796366214752197,-6.374491214752197,-5.155741453170748,-4.836274228058755,-0.8824921668565366,-6.976054191589242,-4.843599374522455,-8.507318735002627
784,-0.83414626121521,-2.14664626121521,-4.662271499633789,-6.138833999633789,-5.287271499633789,-4.465691203251481,-1.0217955001135124,-7.841959476470834,-5.27189609274501,-9.904475569588612
785,-1.0180389881134033,-1.2367889881134033,-3.5180389881134033,-6.033663749694824,-5.088351249694824,-5.4799456664477475,-2.2838825940561946,-5.63522708415951,-4.244967751088552,-7.994623422377117
786,-0.9501428604125977,-1.3251428604125977,-4.098580360412598,-6.106392860412598,-4.840767860412598,-4.482629964128137,-2.48158989395597,-5.434518456458875,-4.1535139972984325,-7.950164675474298
787,-1.0615211725234985,-0.9365211725234985,-4.233396053314209,-5.780271053314209,-4.975583553314209,-5.898141151119489,-2.6398068537237123,-5.303709387778895,-4.827432591380784,-7.600611686310003
788,-1.275123953819275,-0.9782489538192749,-3.8923115730285645,-5.7438740730285645,-4.6344990730285645,-4.89303479262162,-2.4315596646629274,-5.634499788284074,-4.236347872763872,-7.603271722537102
789,-1.288741111755371,-1.038741111755371,-4.468428611755371,-6.335616111755371,-4.984053611755371,-5.196051273844205,-1.9295593313436257,-5.749679446220057,-3.929691023484338,-7.023147701718699
790,-0.9013271927833557,-1.416952133178711,-4.143514633178711,-6.120077133178711,-4.846639633178711,-5.160094758553896,-2.026602111203829,-5.331015348434221,-3.964159552619094,-7.8779113290347595
791,-0.933725893497467,-3.4102883338928223,-4.261850833892822,-6.441538333892822,-4.996225953102105,-4.80403608456254,-0.7776421766320709,-7.332163810729867,-5.19184012626647,-9.082180142269863
792,-0.39528176188468933,-2.8640317916870117,-4.676531791687012,-6.707781791687012,-5.746844291687012,-5.546733005903661,-1.6454299578617793,-7.301532268524056,-5.208030550536932,-9.481232881453252
793,-1.0931222438812256,-1.0462472438812256,-4.007184982299805,-5.663434982299805,-4.772809982299805,-5.203408064960968,-2.608978840711643,-5.3431233167644905,-4.2731133239285555,-7.952519654982098
794,-1.0848950147628784,-1.2880200147628784,-3.967707633972168,-5.834895133972168,-4.788020133972168,-5.554613717074972,-2.053862190528889,-5.467708468436854,-4.04617911533569,-7.834918975546316
795,-0.7692528963088989,-1.284877896308899,-4.425502777099609,-6.206752777099609,-4.902065277099609,-5.263041167869233,-2.456981394381728,-5.644253492355119,-4.1913998948875815,-7.730210661680758
796,-0.9197714328765869,-0.9666464328765869,-4.263521194458008,-5.755708694458008,-5.232271194458008,-5.85014975030208,-2.912179207385634,-5.372896909713518,-4.990376787143759,-8.22447800617556
797,-0.7322495579719543,-1.9666244983673096,-4.365062236785889,-6.021312236785889,-4.982249736785889,-5.4688275614753366,-1.7011843748914544,-5.482250332832166,-4.209083758672932,-7.9119555948473135
798,-0.5683320760726929,-2.8495821952819824,-3.9120821952819824,-6.310519695281982,-5.466769695281982,-4.563883600756526,-1.4278550038579851,-7.076145172119027,-4.67792556284985,-9.357407092965332
799,-0.6467332243919373,-1.740483283996582,-4.427983283996582,-6.170170783996582,-5.248295783996582,-6.023085871129297,-2.0062754014506936,-5.357671380042859,-4.365794848534279,-7.834253430162789
800,-0.6181983947753906,-1.3525733947753906,-5.032260894775391,-6.188510894775391,-5.922885894775391,-6.892589233757462,-2.6340609506733017,-6.180699110030901,-5.188869292876916,-8.501027583935866
801,-0.8670503497123718,-1.2420504093170166,-4.3045501708984375,-5.7889251708984375,-4.8748626708984375,-5.360119430755731,-2.5235552462982014,-5.202988386153947,-4.476709563808981,-7.695194124995396
802,-0.8408651351928711,-1.497115135192871,-4.020552635192871,-6.192427635192871,-4.848677635192871,-5.123073952505365,-2.1223161018569954,-5.458053350448381,-3.520845966238994,-8.036200284701408
803,-0.942087709903717,-1.2545876502990723,-3.6920876502990723,-5.785837650299072,-4.926462650299072,-5.591449548606761,-2.434493637061678,-5.238963484763758,-4.262730186339468,-7.91867172694765
804,-1.0408574342727661,-1.3064824342727661,-3.8299198150634766,-5.814294815063477,-4.642419815063477,-5.135385806264821,-2.611409277858911,-5.2049205303189865,-3.759961423173081,-7.876818299017032
805,-0.9317147135734558,-1.4160897731781006,-4.0723395347595215,-5.6504645347595215,-5.0801520347595215,-5.94081104779616,-1.7287728618830442,-5.361402869224207,-4.041398954199394,-7.392675995539321
806,-1.1175050735473633,-1.3362550735473633,-4.281567573547363,-6.062817573547363,-5.016214370727539,-5.611655830522068,-1.844490516683436,-5.695902824401401,-3.617984988493845,-7.242797732134932
807,-0.8364419341087341,-1.195816993713379,-4.469254493713379,-5.922379493713379,-5.039566993713379,-5.212781842565164,-2.5710255882149795,-5.414567708968889,-4.45390208819299,-7.852086663053342
808,-0.5272835493087769,-2.9960336685180664,-3.9960336685180664,-6.871033668518066,-5.331971287727349,-3.9194517144933343,-1.9649338609306142,-7.566346645355111,-4.613565981533611,-9.238239764994432
809,-0.7321739196777344,-2.9118614196777344,-3.5446739196777344,-6.052486419677734,-4.286861419677734,-4.270003559999168,-1.3729442252515582,-6.982174277305546,-4.170037322764983,-8.333749413405712
810,-0.9513741731643677,-1.1544991731643677,-4.099811553955078,-5.834186553955078,-4.857624053955078,-5.452162193541881,-2.4984757643251214,-5.435749888419764,-4.186018549837172,-7.974833369016778
811,-0.4194124639034271,-2.45066237449646,-4.278787612915039,-6.177225112915039,-5.755350112915039,-5.572975353803486,-1.9664543727849377,-7.013163089752084,-4.8729932462156285,-9.005364298719542
812,-0.9834646582603455,-1.0615897178649902,-4.10065221786499,-5.90533971786499,-4.65533971786499,-5.257819946564268,-2.1711677106795833,-5.8662779331205,-4.647742367480532,-8.02254688719404
813,-0.4532196521759033,-1.9688446521759033,-4.429781913757324,-5.554781913757324,-5.562594413757324,-5.3227568650618196,-2.1252045571018243,-6.617282390594369,-5.024064160767011,-9.171985268467324
814,-0.6519696712493896,-1.3082196712493896,-4.495719909667969,-6.347282409667969,-5.558219909667969,-5.809116200136486,-2.4334393498429563,-6.0347832441326545,-5.027302090777084,-8.222302317421054
815,-0.7510461807250977,-1.7041711807250977,-4.297921180725098,-6.329171180725098,-4.876046180725098,-5.768096741754562,-1.8918715514591895,-5.735421895980608,-4.274887122766813,-8.133876919580871
816,-0.6215457916259766,-1.9809207916259766,-3.3871707916259766,-4.777795791625977,-5.613733291625977,-5.536524591152556,-2.0591746485588374,-5.707483887672254,-3.8170852403563913,-8.801253914620247
817,-0.9468650221824646,-1.0718650817871094,-4.407802581787109,-5.696865081787109,-5.024990081787109,-5.268128419702407,-2.2438684619555715,-5.681240677833387,-5.1267985994927585,-7.610946893504661
818,-1.2122600078582764,-1.1028850078582764,-4.4466352462768555,-6.1185102462768555,-4.9544477462768555,-4.8853465132415295,-2.321849084823043,-5.681010961532365,-4.181261269521201,-7.532596707056655
819,-1.0340194702148438,-2.2527694702148438,-4.534019470214844,-6.338706970214844,-4.6800653934478476,-4.346426455304027,-1.1334265191690065,-6.859753131866341,-4.508694759802893,-7.766017556079532
820,-0.8940716981887817,-1.2378216981887817,-3.909696578979492,-5.925321578979492,-4.792509078979492,-5.6760569490725175,-2.5740084337303415,-5.464385032653354,-4.378756713442272,-7.9253436324543145
821,-1.0131542682647705,-1.3100292682647705,-4.645966529846191,-6.099091529846191,-5.052216529846191,-6.132160438923165,-1.8258603598951595,-5.583467364310877,-4.177501995349303,-7.270988464115362
822,-0.4065246284008026,-2.140899658203125,-4.648712158203125,-6.062774658203125,-5.679962158203125,-5.955201075179502,-1.969183789944509,-6.906525254249402,-5.219412609178107,-9.008103608950478
823,-0.35030442476272583,-2.365929365158081,-4.34249210357666,-5.80342960357666,-6.06124210357666,-5.586744678206742,-2.2410955290979473,-6.733117699622937,-4.72563773803995,-9.201884150359547
824,-0.9375225305557251,-1.390647530555725,-4.0547099113464355,-5.8047099113464355,-5.0781474113464355,-5.711846911814064,-2.2034016524266917,-5.250023245811121,-3.5785434653807897,-7.84379470323438
825,-0.6675152778625488,-1.6675152778625488,-4.636265277862549,-5.987827777862549,-5.495640277862549,-6.3172856027958915,-2.1833812900003977,-5.722203612327235,-4.370968764706049,-7.96441447705547
826,-0.6550939083099365,-1.2957189083099365,-4.608219146728516,-6.319156646728516,-5.241031646728516,-5.757894941023551,-2.530287843022961,-5.655094861984026,-4.639724698790815,-8.04573750478994
827,-0.9925656914710999,-1.148815631866455,-4.492565631866455,-5.453503131866455,-5.008190631866455,-5.814238933264278,-2.149001938625588,-5.406629204749493,-4.016321727540344,-7.469150662167522
828,-1.0794591903686523,-1.0325841903686523,-4.071646690368652,-5.673209190368652,-5.048209190368652,-5.447514276718721,-2.6109400721034035,-5.313835024833338,-4.415733042405918,-7.94667434654184
829,-0.5524146556854248,-1.6617896556854248,-4.622727394104004,-6.599289894104004,-5.614914894104004,-5.366861712071113,-2.302591665807995,-5.755540609359514,-4.966814937826712,-8.177432775337365
830,-1.0313818454742432,-1.0313818454742432,-3.976694345474243,-5.664194107055664,-4.976694107055664,-5.329128362121992,-2.6097166318213567,-5.41419494152035,-4.000420886150096,-7.711089372429342
831,-0.771820068359375,-1.396820068359375,-4.506195068359375,-6.037445068359375,-5.014007568359375,-5.335697060101666,-2.2564017559052445,-5.373383164405652,-4.342402540962212,-7.857775568800207
832,-0.9290891885757446,-1.2572141885757446,-4.124401569366455,-5.905651569366455,-5.186901569366455,-5.945525912626181,-2.3668105357064633,-5.507214903831141,-4.577847548469435,-8.085362910951517
833,-1.0142173767089844,-1.0923423767089844,-3.9282798767089844,-5.873592376708984,-4.912654876708984,-5.421227404673118,-2.3581338982185116,-5.52203071117367,-4.209803067089524,-7.686115383836295
834,-1.1091458797454834,-0.9841458797454834,-4.2575836181640625,-5.9607086181640625,-5.2185211181640625,-5.047267124929931,-2.2812061138247373,-5.382584333419572,-4.601607404416427,-7.554486155131599
835,-0.46662378311157227,-2.8884987831115723,-3.9041237831115723,-6.161936283111572,-5.505686283111572,-5.180271882330999,-1.6855088381125825,-6.950999259948617,-4.638731929298956,-8.958824396040654
836,-0.8704538345336914,-1.3235788345336914,-4.057953834533691,-5.675141334533691,-4.526703834533691,-5.418541173101403,-2.198795652730041,-5.401704668998377,-3.6754264424962457,-7.823598623079306
837,-0.8379778861999512,-1.6661028861999512,-4.181727886199951,-6.072352886199951,-5.041102886199951,-4.893887368962169,-2.150700782731292,-5.884853601455461,-4.228893357038032,-8.12706267809881
838,-1.1239570379257202,-1.1552070379257202,-3.8973946571350098,-5.93645715713501,-4.91301965713501,-5.976515869610012,-2.092936251152423,-5.670833230018047,-3.577368695201585,-7.709921121246225
839,-0.8646002411842346,-1.3646001815795898,-4.41147518157959,-5.97397518157959,-4.97397518157959,-5.209755029412918,-2.099165898252977,-5.3958508968351,-4.325807177461684,-7.513059973467534
840,-0.4619096517562866,-3.227534770965576,-5.219722270965576,-6.805659770965576,-5.727535009384127,-5.334915487561375,-1.415305696951691,-7.688472867011853,-5.657558980514295,-9.446298837556242
841,-0.552647054195404,-2.005772113800049,-3.919834613800049,-5.865147113800049,-5.357334613800049,-5.39849157189019,-1.7402673887409037,-6.912022709846326,-4.599821641895687,-9.22453510752166
842,-0.41047489643096924,-2.7385997772216797,-4.84797477722168,-6.23078727722168,-5.410474896430962,-5.125245011644438,-1.816917639269377,-7.199537754058724,-4.9499454857141245,-9.082364439856974
843,-0.5063825845718384,-2.490757465362549,-3.928257465362549,-6.084507465362549,-5.357944965362549,-5.235686355736107,-1.7409202920098323,-6.662632942199593,-4.733251524652587,-8.77983486642006
844,-0.4996756911277771,-2.327800750732422,-3.694988250732422,-6.085613250732422,-5.780925750732422,-5.446462497697212,-1.984196294681169,-6.304363846778699,-4.429612128762528,-8.960628986234951
845,-1.08921480178833,-1.22983980178833,-3.97983980178833,-5.53452730178833,-4.7570672035217285,-5.445508394623175,-2.522919628987438,-5.069568037986414,-3.7729825552087277,-7.593030690808519
846,-0.8495187759399414,-1.1776437759399414,-4.497956275939941,-5.912018775939941,-5.013581275939941,-5.405337647069246,-2.459106661073747,-5.505769610404627,-4.670087066362612,-8.12297797179599
847,-0.8467447757720947,-1.1904947757720947,-4.245182037353516,-5.745182037353516,-5.198307037353516,-5.5277506951242685,-2.4563145447755232,-5.151432871818201,-4.729836544080172,-7.549890279555257
848,-0.7106316685676575,-1.4137566089630127,-4.523131847381592,-5.882506847381592,-4.984069347381592,-5.313478003256023,-2.445236179701169,-5.304382681846278,-4.093704785773298,-7.866905092922025
849,-0.8680187463760376,-1.7898937463760376,-3.094581127166748,-4.797706127166748,-5.321143627166748,-5.400218155060429,-1.899365301236685,-5.610206604003793,-3.618192895955872,-8.414916515099321
850,-0.829150915145874,-1.079150915145874,-4.352588653564453,-5.665088653564453,-4.969776153564453,-5.595596215571277,-2.6262032828381052,-5.477589368819963,-4.6809930411109235,-8.008856534797815
851,-1.1230816841125488,-1.0762066841125488,-4.107456684112549,-5.654331684112549,-4.873081684112549,-5.553978426964022,-2.1700935270200716,-5.287144899368059,-4.092168274481082,-7.240290760761127
852,-0.36592456698417664,-2.069049596786499,-4.40498685836792,-6.16279935836792,-5.83467435836792,-6.24244776496198,-2.2566785729140975,-6.740924835204964,-5.217894232744584,-9.32687640180211
853,-0.7358861565589905,-1.4390110969543457,-4.345261096954346,-5.798386096954346,-5.032761096954346,-5.502500997623429,-2.282946926963632,-5.501511812209856,-4.228376581071643,-7.946845769636639
854,-1.081615686416626,-1.159740686416626,-3.698803186416626,-5.612865447998047,-4.753490447998047,-4.793417318491265,-2.7693403706798563,-5.183178782462733,-4.230367372656474,-7.933200001472869
855,-0.9922978281974792,-1.257922887802124,-4.164172649383545,-5.515735149383545,-5.211047649383545,-6.228442413266748,-1.9143340457812883,-5.789173603057407,-3.7895105507050175,-7.4766960141314485
856,-0.5849993228912354,-2.5224993228912354,-4.131874084472656,-6.280311584472656,-5.350624084472656,-5.173842257587239,-1.4913992769288598,-6.952187061309701,-4.522862249228638,-8.756890773633131
857,-0.6547510027885437,-2.2328760623931885,-4.092250823974609,-5.826625823974609,-5.428188323974609,-5.782922002719715,-1.404865615957533,-6.646938920020887,-4.983208958437899,-8.529765486609904
858,-0.49028682708740234,-1.8652868270874023,-3.8105993270874023,-5.646536827087402,-5.974661827087402,-5.592995106126182,-2.334187377084163,-6.08403742313368,-4.787473987496924,-9.15436971166855
859,-1.4272801876068115,-1.0522801876068115,-4.208530426025391,-6.138217926025391,-5.310092926025391,-5.4519700314849615,-2.318063127444475,-5.763218879699252,-4.740083886834327,-7.0288720126682165
860,-0.7793593406677246,-1.5137343406677246,-4.818421840667725,-6.193421840667725,-5.677796840667725,-7.007523564505391,-1.842031940817833,-5.740297794341586,-4.389023262250703,-7.388756036523773
861,-1.071960687637329,-1.025085687637329,-4.16571044921875,-5.95477294921875,-4.84539794921875,-5.275815816188697,-2.2127975001058076,-5.478211283683436,-4.228469338268042,-7.603235244443567
862,-1.0455013513565063,-1.2642513513565063,-4.170501232147217,-6.037688732147217,-4.850188732147217,-5.398103292682208,-1.7488226697896607,-5.608002066611903,-3.7958123199932743,-7.412712812134487
863,-0.8407008647918701,-1.2938258647918701,-4.426638603210449,-5.754763603210449,-5.637576103210449,-6.177573601249605,-2.2002664622850716,-5.559452056884311,-4.536335059005069,-7.590726494467162
864,-0.9589537382125854,-0.9902037382125854,-4.349578857421875,-6.255828857421875,-4.912078857421875,-5.694121880689636,-2.427883132128045,-5.623017311095737,-4.3264282530290075,-8.013661980416146
865,-0.44089585542678833,-2.3627707958221436,-4.050271034240723,-5.933083534240723,-5.722146034240723,-5.974188386462629,-1.9097720304853283,-6.651834130287,-4.902180253935512,-9.019034266384551
866,-0.653064489364624,-1.481189489364624,-4.512439727783203,-6.090564727783203,-4.973377227783203,-5.2792646834859625,-2.3876087522367015,-5.481190443038713,-4.153334938746411,-7.996834635536288
867,-0.8451430201530457,-2.8998305797576904,-4.095142841339111,-5.360767841339111,-4.509205579757662,-3.9606583756394684,-1.2828467876825016,-6.813893198966923,-4.447121176082874,-8.392031550320098
868,-1.0209113359451294,-1.0365363359451294,-4.26309871673584,-5.71622371673584,-4.88809871673584,-5.217128939868417,-2.5836244594102027,-5.294349551200526,-4.263372264627833,-7.724058627831255
869,-0.9523564577102661,-1.3117314577102661,-4.272668838500977,-6.249231338500977,-4.975793838500977,-5.250861507374793,-2.03066156670684,-5.7336070537564865,-4.194806541258004,-7.663314580702718
870,-0.9280093312263489,-1.224884271621704,-3.615509271621704,-5.584259510040283,-4.787384510040283,-4.858593419601675,-2.709457258650218,-5.224885344504969,-4.25643677910557,-7.881157636375065
871,-1.121983528137207,-1.137608528137207,-3.911046028137207,-6.137608528137207,-4.825108528137207,-4.91987974930089,-2.153414590648026,-5.457921743392717,-3.770780379563803,-7.387634634631468
872,-0.8270013928413391,-1.4832513332366943,-4.459814071655273,-6.162939071655273,-4.920751571655273,-5.430149370804429,-2.030356976611074,-5.662939786910783,-4.389786560466746,-8.131708144959703
873,-1.281933307647705,-0.8913083672523499,-4.610058307647705,-6.164745807647705,-4.992870807647705,-5.126615209155716,-2.368055207422003,-5.328809022903215,-4.4072333124349825,-7.336647748583346
874,-0.4960289001464844,-1.9491539001464844,-3.7460289001464844,-5.558528900146484,-5.800716400146484,-5.380289578344673,-2.1993123167485464,-6.152279496192762,-4.6213718064827845,-9.081987023140755
875,-0.7455918192863464,-1.7143418788909912,-3.839341878890991,-5.979966640472412,-5.206529140472412,-4.927604116266593,-1.9020157901250059,-5.675279736518689,-3.917723026854219,-8.198739647610637
876,-0.6866251826286316,-2.0460002422332764,-4.194437503814697,-6.030375003814697,-5.280375003814697,-5.712404011050239,-1.4367490930162603,-6.5460005998609745,-4.413551860227017,-8.725705146642213
877,-1.4460227489471436,-3.0007102489471436,-3.8678977489471436,-5.891335487365723,-4.727273225784273,-4.048013496212661,-0.7273967785295099,-6.992898583412,-4.391590920247836,-8.313226938113075
878,-0.47284215688705444,-2.222842216491699,-4.308779716491699,-5.980654716491699,-5.855654716491699,-5.412243940983899,-2.004246223033988,-6.566592931747209,-4.894974317867309,-8.95723319040917
879,-0.700850784778595,-1.4821007251739502,-4.700850963592529,-6.130538463592529,-5.122725963592529,-5.412934242631309,-2.247948621705291,-5.607101678848039,-4.240221333777299,-7.872747182620515
880,-0.7391302585601807,-1.5672552585601807,-4.496942520141602,-6.106317520141602,-5.059442520141602,-5.857631296850741,-2.004968262874172,-5.9422557353971115,-4.481670436565764,-8.239148497410497
881,-0.4481165409088135,-3.0731165409088135,-4.291866302490234,-6.213741302490234,-5.034054040908785,-4.678495148895308,-1.7451916732825339,-6.994991779327279,-4.901571934402455,-8.580941915425683
882,-0.979763388633728,-1.136013388633728,-3.8703885078430176,-5.511013507843018,-4.807888507843018,-5.2931163249886595,-2.589353061543079,-5.0969517230985275,-4.034723840683,-7.589161395764677
883,-1.0628135204315186,-1.1253135204315186,-4.133126258850098,-5.437813758850098,-4.906563758850098,-5.720229184720665,-2.2973508702998515,-5.172189712523959,-3.8834213774243835,-7.344091653434589
884,-0.9192326664924622,-1.0598576068878174,-4.0754828453063965,-5.5754828453063965,-4.9426703453063965,-5.271576695260592,-2.7631524657044793,-5.255171060561906,-4.388295363227371,-7.981752633852011
885,-0.4480566382408142,-2.854306697845459,-3.932431697845459,-6.026181697845459,-5.619931697845459,-5.2315893326886,-1.7763297448254889,-6.9402446746825035,-4.8702185934525914,-9.11213219156707
886,-0.6875478029251099,-1.4062978029251099,-4.59379768371582,-6.28129768371582,-5.11723518371582,-5.618495385162532,-2.390844449546421,-5.77348589897133,-4.758096071076579,-8.109440803364123
887,-1.050236463546753,-1.003361463546753,-4.104924201965332,-5.620549201965332,-4.917424201965332,-5.262066562077962,-2.730121473839972,-5.190862536430018,-4.4801835677353665,-7.792445420993317
888,-1.0643563270568848,-1.0799813270568848,-4.861231327056885,-6.173731327056885,-5.462793827056885,-5.511320894467644,-2.611486402398441,-5.626857042312395,-4.955283000250347,-7.705000042740721
889,-1.0142822265625,-1.1080322265625,-3.9595947265625,-5.2095947265625,-4.8892822265625,-5.030508099240251,-2.2956709765421692,-5.23303294181801,-4.506746611412382,-8.061179637657915
890,-0.8470183610916138,-1.1282683610916138,-4.636080741882324,-5.940768241882324,-5.307955741882324,-6.090446536545642,-2.3941346115607303,-5.62045657634701,-4.706690744002117,-7.9564133880485315
891,-0.8119103312492371,-1.2806603908538818,-4.436910152435303,-6.171285152435303,-4.921285152435303,-5.508410463342443,-2.2964706249331357,-5.569723367690813,-4.374700504122302,-7.8041168449472025
892,-0.8036436438560486,-1.4442687034606934,-4.577081203460693,-6.123956203460693,-5.147393703460693,-6.227621488738805,-2.0851286373654148,-5.241144657134555,-3.725838490849128,-7.717729329795475
893,-1.4088197946548462,-0.9869447946548462,-4.111944675445557,-6.252569675445557,-4.596319675445557,-4.870466100168414,-2.190235124246101,-5.760382890701067,-4.182543356000679,-7.260411858118459
894,-1.096407413482666,-1.049532413482666,-4.268282413482666,-5.658907413482666,-5.057344913482666,-5.957985119195655,-2.205962760868715,-5.549533367156528,-3.7998476723441854,-7.096433162358153
895,-1.108764886856079,-1.171264886856079,-3.913452386856079,-5.6478271484375,-4.8665771484375,-5.149045559228398,-2.265198690685793,-5.26501536369301,-4.257507516012993,-7.850973486672956
896,-0.7294946908950806,-1.4482446908950806,-4.221682071685791,-5.885744571685791,-5.002932071685791,-5.918344539706595,-2.1515537330851657,-5.549807786941301,-4.143896164605394,-8.377950787378722
897,-0.9410043954849243,-1.1910043954849243,-3.9175667762756348,-5.792566776275635,-4.636316776275635,-5.559271348756738,-2.4412152544537093,-5.097254991531145,-4.25380332765053,-7.722274541649313
898,-1.2277827262878418,-1.0090327262878418,-4.329345226287842,-6.188720226287842,-5.094970226287842,-5.158308154845145,-2.1810890271881362,-5.766846060752528,-4.462456062639831,-7.344999312930668
899,-0.8217326402664185,-1.4936076402664185,-4.157670021057129,-6.063920021057129,-5.142045021057129,-5.619867008179426,-2.0875881644315086,-5.407670736312639,-3.7751979248423595,-8.00925183277468
900,-0.8138112425804138,-1.3763113021850586,-4.774748802185059,-6.321623802185059,-5.782561302185059,-6.69004804873839,-2.0015341987163993,-6.165374875068096,-4.626606063306099,-7.891956925179329
901,-0.9651780724525452,-1.3714280128479004,-3.9104905128479004,-5.8558030128479,-4.7386155128479,-5.364525261800736,-1.8560089852835517,-5.72299122810341,-4.441992966254475,-7.933946609324266
902,-0.4276253581047058,-2.0995004177093506,-4.1698126792907715,-5.7479376792907715,-5.9588751792907715,-5.9444391808938235,-2.224662648397498,-6.099500656127816,-5.123272482131142,-9.052644967845481
903,-0.6386491060256958,-2.3105239868164062,-3.8261489868164062,-6.419898986816406,-5.154273986816406,-4.993516698945314,-1.5138196799671277,-6.451149463653451,-4.592091033264296,-8.748036861336914
904,-0.7607749104499817,-1.167024850845337,-4.479525089263916,-6.049837589263916,-5.198275089263916,-5.840026578400284,-2.604722480318742,-5.573275923728602,-4.37043329043081,-8.026419758592965
905,-0.9203996658325195,-1.3422746658325195,-4.2563371658325195,-6.0375871658325195,-5.0688371658325195,-6.3752124364255,-1.7955596319079632,-5.717275500297205,-3.9831618918979075,-7.357920646447383
906,-0.8914583325386047,-1.18833327293396,-4.633646011352539,-6.243021011352539,-4.977396011352539,-5.642712640808895,-2.266635640626191,-5.633646726608049,-4.430806357675465,-7.657105088001117
907,-0.9860812425613403,-1.1110812425613403,-3.907956123352051,-5.743893623352051,-5.236081123352051,-5.721633575274609,-2.587858296232298,-5.400144457816737,-4.236412231926806,-7.892355680163746
908,-0.9339172840118408,-1.1214172840118408,-4.222979545593262,-5.918292045593262,-5.168292045593262,-5.684702088183258,-2.668526383655262,-5.5511053800579475,-4.535834487847751,-8.254251479862432
909,-0.859623908996582,-1.343998908996582,-4.593998908996582,-6.195561408996582,-5.070561408996582,-5.721271553076804,-2.109815102419816,-5.703374624252092,-4.211497735203011,-7.742455482301011
910,-0.6615118980407715,-1.4427618980407715,-4.3724493980407715,-6.1146368980407715,-5.0599493980407715,-5.975083491997793,-2.396117660595337,-5.677137613296281,-4.4430794211803,-8.27871906738983
911,-0.7675104141235352,-2.220635414123535,-3.439385414123535,-4.533135414123535,-5.173760414123535,-4.185262540820986,-2.1895322691852925,-5.869073271751347,-4.205485826940276,-8.712844490772113
912,-0.9778445959091187,-1.1340945959091187,-4.220032215118408,-5.993469715118408,-4.970032215118408,-6.033794916816987,-2.228028399767936,-5.36847066879227,-3.978166528424481,-7.5013042685932305
913,-0.7662712931632996,-1.4225213527679443,-3.9772088527679443,-5.977208614349365,-5.016271114349365,-5.345485094119795,-2.516475656622788,-5.485021829604875,-4.243137432669755,-7.9928565022710245
914,-0.5619387030601501,-2.421313762664795,-3.765063762664795,-6.218188762664795,-4.921313762664795,-4.736776964040473,-1.5464986391889397,-6.897876739501839,-4.702964702330064,-9.319762825893122
915,-0.49068939685821533,-2.662564277648926,-3.850064277648926,-6.131314277648926,-5.568814277648926,-4.66433106653858,-1.6627052923140582,-6.55318975448597,-4.553498577908613,-9.006331801261695
916,-1.0581374168395996,-1.0425124168395996,-4.1206374168396,-6.1596999168396,-4.8159499168396,-5.246451404120307,-2.12081955204485,-5.5190756320951095,-4.519316405698191,-7.651909827935015
917,-1.035810947418213,-1.067060947418213,-4.098310947418213,-5.684248447418213,-4.863935947418213,-5.442982130043674,-2.43444297806127,-5.192061662673723,-4.395465215784498,-7.809269189619954
918,-0.6726931929588318,-2.4851932525634766,-3.9148807525634766,-6.055505752563477,-4.911159157752984,-4.5015035178512335,-1.3410736064834055,-6.911159396171513,-4.357039528666064,-9.153361916431095
919,-0.8192927837371826,-1.3505427837371826,-4.413043022155762,-6.006793022155762,-5.311480522155762,-6.266149639384821,-2.163207874968066,-5.717731475829623,-3.9523948011919856,-7.5771318670613255
920,-0.6833992600440979,-1.4333992004394531,-4.495899200439453,-5.738086700439453,-5.167774200439453,-5.520331245614216,-2.449207169964211,-5.347462415694963,-4.5899295413983054,-8.214670538674909
921,-0.8706814050674438,-1.3706814050674438,-4.542556285858154,-6.417556285858154,-5.245681285858154,-5.9899478980805725,-1.9490041537210345,-5.61286962032284,-4.167836745997192,-7.26132750488614
922,-0.7318804860115051,-1.3100054264068604,-4.4896931648254395,-5.8100056648254395,-4.9506306648254395,-5.326715357718058,-2.3726801719603827,-5.270943880080949,-4.411878656828776,-7.888150095750461
923,-0.9482113122940063,-1.0419613122940063,-4.245086193084717,-6.354461193084717,-5.151336193084717,-5.074001953180414,-2.495268328289967,-5.416961789130994,-4.925030436919769,-7.995107650525824
924,-0.9808136224746704,-1.2464386224746704,-4.238626003265381,-5.941751003265381,-5.105813503265381,-6.286596770514734,-1.8716184931108728,-5.7308144569392425,-4.004602370521752,-7.808961748805814
925,-0.8770359754562378,-1.3457859754562378,-3.9317235946655273,-6.064536094665527,-5.064536094665527,-5.424716267618351,-2.517888043395942,-5.595786929130213,-4.29145055776462,-8.080182671314105
926,-0.8331546783447266,-1.5050296783447266,-4.153467178344727,-6.200342178344727,-4.942529678344727,-4.788039208273403,-2.0052205142128514,-5.6065928936002365,-3.6928220559784677,-7.926927089440142
927,-0.8400424718856812,-1.3869174718856812,-4.129105091094971,-5.730667591094971,-4.886917591094971,-5.325486446148716,-2.215225441424991,-5.1603559255596565,-4.340334372856887,-7.738503694255996
928,-0.7607505321502686,-1.3857505321502686,-4.120125770568848,-5.877938270568848,-4.995125770568848,-5.301230736775324,-2.3391027192410547,-5.331063985824358,-4.253259607183281,-8.268581986252684
929,-1.0719422101974487,-1.0875672101974487,-4.478192329406738,-5.978192329406738,-4.884442329406738,-5.635351363802329,-2.181516985030612,-5.446943163871424,-4.330058290215675,-7.126657962402533
930,-0.9473303556442261,-1.416080355644226,-4.197330474853516,-6.072330474853516,-4.830142974853516,-5.589028497808613,-2.2444332578597823,-5.462956309318201,-3.432060417108005,-7.728603005154582
931,-0.8541336059570312,-1.6510086059570312,-4.197883605957031,-6.088508605957031,-4.611946105957031,-4.965527164749801,-1.74496791556885,-5.9947592020033085,-4.385651910066372,-8.572900414324977
932,-1.0604006052017212,-1.1541506052017212,-3.9900879859924316,-5.935400485992432,-4.902634620666504,-5.4503070511855185,-2.7466102584439795,-5.26201045513119,-3.731123262172332,-7.86359965763404
933,-0.5587480068206787,-2.4181230068206787,-3.9337480068206787,-5.964998245239258,-4.636873245239258,-4.359312990680337,-1.6995655112987151,-6.879061222076302,-4.606065056461375,-8.847824096590557
934,-0.9458285570144653,-1.3364535570144653,-4.453640937805176,-5.953640937805176,-5.008328437805176,-6.128817229066044,-1.9304193025600398,-5.883329272269862,-4.38368254591478,-7.203664183345609
935,-0.6888495087623596,-1.5950994491577148,-4.446661949157715,-5.884161949157715,-4.813849449157715,-5.432324414839968,-2.2046878110268153,-5.477912664413225,-4.064148143021157,-7.977932214531393
936,-1.0537478923797607,-1.0381228923797607,-4.24906063079834,-5.66312313079834,-4.75687313079834,-5.320178065507207,-2.382085896693752,-5.334998965263026,-4.218093712785048,-7.694395065067511
937,-0.9369043111801147,-1.3275293111801147,-4.147841930389404,-6.475966930389404,-4.983779430389404,-4.712003875756636,-1.9058256002608687,-5.874405145644914,-4.155924522172427,-7.83536314941739
938,-0.6379120349884033,-2.4504120349884033,-3.8566620349884033,-6.247286796569824,-4.950411796569824,-4.258256215369329,-1.466236333057168,-6.926974773406869,-4.802403238805709,-8.864488482374327
939,-0.7220673561096191,-2.612692356109619,-3.940817356109619,-6.354879856109619,-4.964254856109619,-4.460098132723942,-1.2378644795098808,-6.737692832946664,-4.761474669125164,-8.534581661115226
940,-0.7636033892631531,-3.599540948867798,-4.412040710449219,-6.115165710449219,-4.669853448867769,-4.099882170557976,-1.0295559823571239,-7.388603687286263,-5.060825287655462,-9.06830680357416
941,-0.7511337399482727,-1.376133680343628,-4.829258918762207,-6.227696418762207,-5.251133918762207,-5.299447335884906,-2.3919650103343884,-5.258947134017717,-4.43111403475632,-7.680841922549007
942,-0.9324507117271423,-1.182450771331787,-4.323075771331787,-6.018388271331787,-4.752763271331787,-5.089664114289917,-2.3545001593156485,-5.416826367378064,-4.27645465490059,-7.690283179084872
943,-0.7898210883140564,-1.2585711479187012,-4.602321147918701,-6.297633647918701,-4.969508647918701,-5.298876823741011,-2.4775205651822034,-5.305446863174211,-4.6963368301221635,-7.75077772122313
944,-0.8487394452095032,-1.3018643856048584,-4.1299896240234375,-5.8331146240234375,-4.9581146240234375,-4.998119506111834,-2.020773040581844,-5.989365100860482,-4.849016032152576,-8.3565717933634
945,-1.1254470348358154,-1.1879470348358154,-3.5395095348358154,-5.4848222732543945,-4.6801347732543945,-4.907679313910194,-2.7116019489476457,-5.03169810771908,-3.6647793882584665,-7.758285164511108
946,-1.126207709312439,-1.376207709312439,-3.9308953285217285,-5.6418328285217285,-4.7746453285217285,-4.526821746490896,-1.9545270015805727,-5.759020924568006,-3.649920068186475,-8.173105597225003
947,-0.8398553133010864,-2.621105194091797,-3.746105194091797,-6.042980194091797,-4.901813626289361,-4.766359881963581,-1.1285223853337811,-6.440876483917123,-4.698995543061756,-8.409640550507902
948,-0.9105924367904663,-1.3324674367904663,-4.207467555999756,-5.957467555999756,-4.746530055999756,-5.255363181815483,-2.067048647630145,-5.762155652046033,-4.254627187270671,-8.098112106123153
949,-0.7392003536224365,-2.4423253536224365,-3.9892003536224365,-5.950138092041016,-4.442325592041016,-4.492307124193758,-1.286296700767707,-6.79388856887806,-4.778748632787028,-8.668901920223107
950,-0.4315911829471588,-2.025341272354126,-3.853466272354126,-5.775341033935547,-5.884716033935547,-5.604878143407404,-2.3067513576097554,-6.275341629981824,-4.69756072780001,-9.220672964860569
951,-0.9775005578994751,-0.9931255578994751,-4.4853129386901855,-6.1493754386901855,-5.2118754386901855,-5.603735994664021,-2.7745708036236465,-5.2509386539456955,-4.790281494701048,-7.852521657718171
952,-0.9416046738624573,-0.9884796738624573,-4.3712921142578125,-5.9884796142578125,-5.1603546142578125,-5.606459065515082,-2.801196909189457,-5.675980448722498,-4.699736901646247,-8.191625952493268
953,-1.033258318901062,-1.298883318901062,-3.7676334381103516,-5.798883438110352,-4.548883438110352,-5.049805692629889,-2.1584961131884484,-5.462946772575037,-3.9789101502101403,-8.08796751475893
954,-1.1129405498504639,-1.0035655498504639,-3.769190549850464,-5.636378288269043,-4.675440788269043,-4.918526484398171,-2.7850193769554608,-5.394191503524553,-4.08978887295234,-7.839526056983232
955,-1.0991148948669434,-1.3959898948669434,-3.1928648948669434,-5.403802394866943,-4.622552394866943,-4.475116942776367,-2.6071189458452864,-5.013178110122453,-3.3649832906085066,-7.786638617233621
956,-0.9315513372421265,-0.9471763372421265,-4.759676456451416,-6.111238956451416,-5.259676456451416,-5.878069151076488,-2.7442546876409324,-5.681552290916102,-5.119346455932828,-7.869070529755845
957,-1.054267406463623,-1.069892406463623,-4.023017406463623,-5.843329906463623,-4.858954906463623,-5.20384092151653,-2.4763281172927236,-5.382393121719133,-4.499893377767876,-7.765225410250423
958,-0.9124276638031006,-1.1624276638031006,-4.15461540222168,-5.86555290222168,-4.63899040222168,-5.264840003452264,-2.068847284230287,-5.3499287366863655,-4.170546365668997,-7.943698644423421
959,-1.1772801876068115,-1.1460301876068115,-3.7632176876068115,-5.724155426025391,-4.685092926025391,-5.22491188038839,-2.732199165257043,-5.044468760490076,-3.974428020446794,-7.716368436487755
960,-0.928892195224762,-1.3038921356201172,-4.467954635620117,-6.085142135620117,-5.163267135620117,-5.469093508436345,-2.4135042147972854,-5.413267970084803,-4.561980686237803,-7.928913831476166
961,-1.0823464393615723,-2.8010964393615723,-3.8089089393615723,-6.465158939361572,-3.582346677780123,-2.8700449718162417,-0.9888260100997286,-7.722971916198617,-3.8326886306749657,-9.355798244367179
962,-0.6901244521141052,-1.39324951171875,-4.52606201171875,-6.12762451171875,-5.19012451171875,-5.948864268371835,-2.4559769371844595,-5.68231272697426,-4.61235743315774,-8.190145730746735
963,-0.9601640701293945,-1.8351640701293945,-3.4757890701293945,-6.4523515701293945,-4.7257890701293945,-4.352467557997443,-1.8509866996027995,-5.874227166175672,-3.413625541346846,-8.40549659708995
964,-0.9240400195121765,-1.0490400791168213,-4.408414840698242,-6.025602340698242,-4.791227340698242,-5.268878582282923,-2.580490092295804,-5.517790555953752,-4.48680123250233,-7.814684510038205
965,-0.976199746131897,-0.976199746131897,-4.304324626922607,-6.030887126922607,-4.929324626922607,-5.54739638796309,-2.5388945151207736,-5.359012842178117,-4.992087806400377,-7.749655723398973
966,-0.9195314049720764,-1.2789063453674316,-4.247656345367432,-6.380468845367432,-4.755468845367432,-5.131467916071415,-2.1072252800804563,-5.536719560622942,-4.044806085032178,-7.724239468361702
967,-0.8814816474914551,-1.600231647491455,-3.975231647491455,-6.147106647491455,-5.115856647491455,-5.204576195217669,-1.881630052041146,-5.608044862746965,-4.194282724842196,-7.772126912865133
968,-0.9580727815628052,-1.1611977815628052,-4.497135162353516,-5.958072662353516,-5.122135162353516,-5.271876200451516,-2.1145093266823096,-5.426823377609026,-4.224013755418127,-7.52059495424146
969,-0.9655230045318604,-1.2311480045318604,-3.7702105045318604,-5.512397766113281,-4.770210266113281,-5.200724617461674,-2.754796363529749,-4.879585981368791,-4.161126928695012,-7.801484942132447
970,-0.8984993696212769,-1.3828743696212769,-4.007874488830566,-5.898499488830566,-4.867249488830566,-5.055729504907504,-1.976839042501524,-5.625062823295252,-3.8206775920989458,-7.742275952941782
971,-0.8776415586471558,-2.6120166778564453,-3.6745166778564453,-5.729204177856445,-4.487016677856445,-4.399874503258616,-1.0965663042006781,-6.65889215469349,-4.471797383972444,-8.471404671584423
972,-0.7031012773513794,-1.6093512773513794,-4.73435115814209,-6.59372615814209,-5.00778865814209,-5.6497650548117235,-2.0001636568049435,-5.8906018733976,-4.601923153386451,-8.093746423515768
973,-0.5746331810951233,-2.2465081214904785,-3.9183831214904785,-5.6840081214904785,-5.3480706214904785,-4.7879242594353855,-1.7466803640854778,-6.4574463367459884,-4.520260880351998,-8.910589575596532
974,-0.6424480676651001,-2.3768229484558105,-3.5799479484558105,-5.6580729484558105,-4.7830729484558105,-4.536670167464763,-1.5332410194532713,-6.736198425292855,-4.4241367807553615,-9.126836657436797
975,-0.6584310531616211,-1.486556053161621,-4.744368553161621,-6.845931053161621,-5.244368553161621,-5.723067146260291,-2.158637263972196,-5.845931649207898,-4.8305978349235374,-7.908447980737037
976,-0.836808979511261,-1.1336839199066162,-4.391496658325195,-6.047746658325195,-5.102434158325195,-5.119094550842419,-2.907303316736943,-5.352434873580705,-4.43081244599307,-8.039954662111995
977,-1.8081185817718506,-3.3940560817718506,-4.43311882019043,-5.51905632019043,-3.8003063201904013,-3.6731764869764447,-0.5739733312948374,-7.1596816778182415,-4.558558129123412,-8.534696578863077
978,-0.8613742589950562,-1.3457492589950562,-4.158249378204346,-6.025436878204346,-4.908249378204346,-4.93313243763987,-2.2990566326043336,-5.291062474250623,-4.158513272734126,-7.822329521022766
979,-0.9257646799087524,-2.535139560699463,-3.996077060699463,-6.464827060699463,-4.550764799118014,-4.339342856314033,-1.0354127511091065,-6.847640037536507,-4.535611994710052,-8.316404700171915
980,-1.0997140407562256,-1.4278390407562256,-4.138776779174805,-6.037214279174805,-5.029401779174805,-5.601459172088653,-1.8030307109293062,-5.646590232848666,-3.41249914871878,-7.568488478367726
981,-0.9341145753860474,-1.1997395753860474,-3.941926956176758,-5.816926956176758,-4.996614456176758,-5.029112394433469,-2.4499349403049564,-5.340365290641444,-4.231336771714268,-8.00444650630925
982,-1.417280673980713,-1.104780673980713,-3.589155673980713,-5.690718173980713,-4.940718173980713,-5.020728716743179,-2.136194692517165,-5.4172816276545745,-3.2691887020191643,-7.2376176115867565
983,-0.8255372643470764,-1.2942872047424316,-4.544287204742432,-6.278662204742432,-4.942724704742432,-4.702066681813449,-2.481955514100264,-5.419287800788709,-4.38831492382451,-7.708367347560852
984,-0.7758901715278625,-2.8696401119232178,-4.182140350341797,-6.814952850341797,-4.3305780887603476,-4.063142015598714,-1.088634341926081,-7.221203207969609,-4.651429746067151,-9.018090367238983
985,-0.9394780993461609,-1.1582281589508057,-4.197290420532227,-5.697290420532227,-4.978540420532227,-5.706138193956576,-2.6037516371288802,-5.267603754996912,-4.392879686201923,-7.705124377973334
986,-1.0112076997756958,-3.0190200805664062,-4.034645080566406,-6.573707580566406,-3.979957818984957,-3.8448301553726196,-0.9176148052792996,-6.815895557403451,-4.410079146589851,-8.667472362409171
987,-0.7503421306610107,-1.4222171306610107,-4.44565486907959,-6.51596736907959,-4.87534236907959,-4.861796837998554,-2.1723860359634273,-5.484717965125867,-4.500651788519463,-7.719108700619472
988,-1.1546651124954224,-1.2015401124954224,-3.849977493286133,-5.412477493286133,-4.849977493286133,-4.179626614088193,-2.045438278641086,-5.32654058933241,-3.86586519604316,-7.904685497072933
989,-0.9935131072998047,-2.6185131072998047,-3.4310131072998047,-6.251325607299805,-4.360700607299805,-3.881075646262616,-1.1031342441856395,-6.8216384649276165,-4.033076637599152,-8.774778485179922
990,-1.033843994140625,-1.111968994140625,-3.791656494140625,-5.572906494140625,-4.869781494140625,-5.323847089777701,-2.7215417427942157,-5.182282328605311,-4.112220017384971,-7.697928309202325
991,-0.991409182548523,-1.147659182548523,-4.0304718017578125,-5.5851593017578125,-5.0617218017578125,-5.586169447749853,-2.8900482451717835,-5.069535136222498,-4.421443878964055,-7.788312434753607
992,-1.0977528095245361,-0.9883778691291809,-4.230565547943115,-5.918065547943115,-4.925878047943115,-5.168962553027086,-2.668284511382808,-5.464941263198625,-4.426182223774958,-8.105587005375128
993,-0.9965451955795288,-1.3090451955795288,-4.215295314788818,-5.855920314788818,-4.879357814788818,-5.748225349816494,-2.2623375514376676,-5.215296149253504,-3.5828167834552005,-7.4496946331873914
994,-0.9845532178878784,-1.1876782178878784,-3.859553337097168,-5.804865837097168,-4.757990837097168,-5.813517814094666,-2.562909576387028,-5.304866671561854,-4.094251699600136,-7.898640155495741
995,-1.0229493379592896,-1.4604493379592896,-4.28076171875,-6.40576171875,-5.01513671875,-5.65698751155287,-1.601250871332013,-5.79638743400551,-4.171668489812873,-7.421406268882492
996,-0.8695982098579407,-1.182098150253296,-4.228973388671875,-6.010223388671875,-5.408660888671875,-4.535113709280267,-2.604124534598668,-5.4008488655089195,-4.596468639705563,-8.002430438804367
997,-0.7295169830322266,-1.6670169830322266,-4.417016983032227,-5.776391983032227,-4.667016983032227,-4.5055883976165205,-2.182847955467878,-5.315454959869271,-4.339175541739678,-7.752969622497403
998,-0.9241345524787903,-2.6038219928741455,-3.3928844928741455,-6.025697231292725,-4.275697469711275,-3.357089777244255,-1.2837278604420135,-6.478822588920536,-4.00276064244099,-9.072582721650178
999,-1.0432130098342896,-1.3244630098342896,-3.488525390625,-6.199462890625,-4.754150390625,-4.802009098464623,-2.0433666587923653,-5.394775986671277,-3.5749138768587727,-7.902610540133537
