,elephant,dolphin,panda,lion,kangaroo,penguin,giraffe,chimpanzee,koala,orangutan
000,-4.211979389190674,-1.9541670083999634,-6.016666889190674,-8.485417366027832,-7.43863451051584,-6.850922986865044,-7.3839119656186085,-6.680739283512594,-7.391739485014114,-7.894391544163227
001,-4.0615339279174805,-1.663096308708191,-6.0380964279174805,-8.06153392791748,-7.335066433210159,-7.19024895131588,-7.006899713051098,-6.647483110359644,-7.350661633274285,-8.001109726727009
002,-4.219854831695557,-1.751104712486267,-6.446417331695557,-8.610479354858398,-7.626164553767012,-6.7990269884467125,-7.204278706311015,-6.915179610176892,-7.180815458030338,-7.894489000551403
003,-3.419757843017578,-1.2635077238082886,-5.380695343017578,-7.677570343017578,-7.451149453627295,-6.124552771449089,-6.630765197223809,-6.490091085219319,-6.341740840798593,-7.332586309872568
004,-4.615626335144043,-2.037501335144043,-6.225001335144043,-8.693751335144043,-7.592306130209181,-6.654343903064728,-7.2250888309354195,-6.787514328872021,-7.1469809954214725,-8.0514604318887
005,-3.4996140003204346,-1.2730515003204346,-5.3668012619018555,-6.7964887619018555,-6.749871935899137,-5.808510258793831,-6.202873697708128,-6.085586189612513,-5.843552214035299,-7.0452171470969915
006,-4.3505377769470215,-1.9442880153656006,-5.9989752769470215,-8.64741325378418,-7.608417627925519,-7.235086724162102,-7.131829499328887,-6.842733383145969,-7.3896536812826525,-8.03772786166519
007,-5.8547282218933105,-4.0891032218933105,-8.987541198730469,-4.5578532218933105,-11.199007133080158,-7.330472946166992,-10.66751916956855,-6.675070523771865,-10.886160595560796,-9.354746259748936
008,-3.6469600200653076,-1.4360225200653076,-5.162585258483887,-7.912585258483887,-7.319002018368337,-6.249140776693821,-6.8657605635380605,-6.9047919509957865,-6.217374677231419,-7.6100878566503525
009,-4.387317657470703,-1.988879919052124,-5.895130157470703,-8.692005157470703,-7.567092176468577,-6.573981866240501,-7.285802482438157,-6.777955889614532,-7.278022166909068,-8.055599255487323
010,-4.690359115600586,-1.909109115600586,-6.448171615600586,-8.807546615600586,-8.25297128524835,-7.05603401362896,-7.940434214629931,-6.893499970310586,-7.854502793830761,-8.77655671350658
011,-4.314208030700684,-1.9782702922821045,-6.345458030700684,-8.751708030700684,-7.900249714191887,-7.086207553744316,-7.4548934679842205,-7.0173457860137205,-7.290857192099793,-8.26439293473959
012,-4.154389381408691,-1.8106392621994019,-6.138764381408691,-8.591889381408691,-7.3810119610861875,-6.946903362870216,-6.865356683287246,-6.802834749190879,-7.248193024151988,-8.027460175566375
013,-3.4502944946289062,-1.2393568754196167,-5.348731994628906,-7.848731994628906,-7.348872294125613,-6.253679916262627,-6.692530511631048,-6.715933799641789,-6.262891287886305,-7.627797708846629
014,-4.146588325500488,-1.8262755870819092,-6.209088325500488,-8.130963325500488,-7.513867612440663,-7.110008224844933,-7.131013272944983,-6.7872246503184215,-7.216951368962327,-8.112445529550314
015,-3.278353214263916,-1.2080405950546265,-5.286165714263916,-7.137728214263916,-6.8410650267323945,-5.871315725147724,-6.075344674958615,-6.247131108848407,-5.770698058142443,-7.078345935791731
016,-3.3626585006713867,-1.2064085006713867,-5.292346000671387,-7.612658500671387,-7.589380251607508,-6.34931480884552,-6.815858361303981,-6.628303050803879,-6.3627672136353794,-7.574658568948507
017,-3.824700355529785,-1.7153253555297852,-5.895012855529785,-8.168450355529785,-7.621646759347641,-6.887336514890194,-7.1059859984707145,-6.7231475114358545,-6.957561014922248,-8.031223826110363
018,-4.1503472328186035,-1.853472352027893,-5.8378472328186035,-8.986285209655762,-7.642575620768184,-6.980211675167084,-7.2284990545485925,-6.861291527724916,-7.298825024747202,-8.16256032884121
019,-4.2788405418396,-1.9585280418395996,-6.0054030418396,-8.560090065002441,-7.482090346180485,-6.880451798439026,-7.114849207253428,-6.794478773983428,-7.208611127265613,-8.080074276775122
020,-4.131076812744141,-1.787326693534851,-6.060764312744141,-8.53732681274414,-7.662426347545988,-7.165972411632538,-7.357679723878391,-6.834212541522902,-7.240509389172075,-8.1400206964463
021,-4.278817653656006,-1.8100676536560059,-6.247567653656006,-8.708505630493164,-7.607015726280224,-6.957817226648331,-7.396049379323813,-6.685076951936935,-7.03669380939391,-8.03697850368917
022,-4.165489196777344,-1.8061143159866333,-6.118614196777344,-8.540489196777344,-7.642129537416622,-7.003240391612053,-7.313965677454689,-6.9467496871402545,-7.274922011612944,-8.259852999821305
023,-3.1757125854492188,-1.3007124662399292,-5.167900085449219,-7.683525085449219,-7.2539569068321725,-6.046323508024216,-6.417952893771144,-6.597603440159219,-5.910199039921281,-7.379518123343587
024,-4.282380104064941,-2.0870676040649414,-6.032380104064941,-8.555817604064941,-7.094989413009898,-6.582815557718277,-6.9152532797525055,-6.626142859377978,-6.962172979525349,-7.819547588005662
025,-3.771517038345337,-1.584017038345337,-6.091829776763916,-7.255892276763916,-6.935637830003543,-6.7680961191654205,-6.287200687609584,-6.763716101581849,-6.888735532287683,-7.712535438127816
026,-4.386990547180176,-1.9963654279708862,-6.144803047180176,-8.777615547180176,-7.465208287707355,-6.735037535429001,-7.222984312382323,-6.8010653256615115,-7.004252431011992,-8.116225147619843
027,-4.04964542388916,-2.026207685470581,-5.94027042388916,-8.19808292388916,-7.2998249369702535,-6.579009920358658,-6.91691684370744,-6.760598063354337,-6.893506282380258,-8.047689156606793
028,-3.409498691558838,-1.346998691558838,-5.253248691558838,-7.651686191558838,-7.308043116572662,-6.3431971706449986,-6.573596953705419,-6.909512281325078,-6.112707015381602,-7.532745381817222
029,-3.901289463043213,-1.807539463043213,-5.870039463043213,-7.924726963043213,-7.2217809993744595,-6.974217891693115,-6.791975973144872,-6.604427456771191,-7.120141262596007,-7.926267066970468
030,-4.286108016967773,-1.9345457553863525,-5.957983016967773,-8.997045516967773,-7.504914878183627,-6.8553880751132965,-7.106451749314147,-6.856428980791861,-7.325224398115097,-8.286186017096043
031,-4.529621124267578,-2.013996124267578,-6.318683624267578,-9.178058624267578,-7.7953182432902395,-6.948474481701851,-7.521851538691408,-6.764005184132657,-7.193747280005482,-8.029222796671093
032,-4.1008687019348145,-1.8430562019348145,-5.9914937019348145,-8.491493225097656,-7.640004274559033,-6.987610839307308,-7.3430989971529925,-6.882130145961128,-7.139988182352681,-8.173863945528865
033,-4.228959083557129,-2.049271821975708,-6.057084083557129,-8.705521583557129,-7.400902149747708,-6.878083348274231,-7.127435206621158,-6.9477180242138274,-7.299334881688992,-8.31401371397078
034,-4.168613433837891,-1.9576761722564697,-6.152988433837891,-8.84830093383789,-7.621808884046914,-6.7458416521549225,-7.254595636321028,-6.770184874494589,-6.832738755161699,-8.119185348041356
035,-4.13675594329834,-2.00394344329834,-6.51175594329834,-8.01175594329834,-7.33998357722885,-7.109600782394409,-6.902443764622149,-6.503958105933634,-7.347766277518531,-8.064250878989697
036,-3.009145736694336,-1.188833236694336,-5.118520736694336,-7.274770736694336,-6.7983789298305055,-6.110325627028942,-6.227949737043673,-6.556038975550109,-5.790513866122637,-7.213427910581231
037,-4.312417507171631,-1.7889798879623413,-6.226480007171631,-9.101479530334473,-7.539052841391822,-7.007237613201141,-7.265589355323755,-6.757740855157863,-7.429673550162988,-8.148573694750667
038,-3.9658195972442627,-1.9189445972442627,-5.879881858825684,-8.676756858825684,-7.559638974627887,-6.72276645898819,-7.028364895737468,-6.739267229980214,-6.981507537755533,-7.9360046703368425
039,-3.1220476627349854,-1.1376726627349854,-4.926734924316406,-7.614234924316406,-7.208091610940755,-6.140225123614073,-6.567390799045825,-6.7548712491343395,-5.9346157289037365,-7.2282985197380185
040,-4.058939456939697,-1.8636271953582764,-5.879251956939697,-8.629252433776855,-7.730958451400511,-6.775586873292923,-7.402758119133068,-6.8480163811600505,-7.277768847176048,-8.274221258237958
041,-4.116786956787109,-1.9683494567871094,-5.999599456787109,-8.91366195678711,-7.765247702327542,-7.4710723310709,-7.273060798361257,-6.710542082773372,-7.35118389105628,-8.007507207803428
042,-3.3182716369628906,-1.6932717561721802,-5.497959136962891,-7.060459136962891,-6.529344907132327,-6.634927019476891,-6.091762183688843,-6.177661776428067,-6.623044129577465,-7.425908412784338
043,-4.325666427612305,-2.2397286891937256,-6.091291427612305,-8.763166427612305,-7.67734789140377,-6.759963721036911,-7.0679223514016485,-6.739742278963604,-7.075784914624819,-8.079888796433806
044,-3.533109188079834,-1.462796688079834,-5.915921688079834,-7.470609188079834,-7.322242495887622,-6.586881883442402,-6.494131323095644,-6.697186946752481,-6.978464721705677,-7.703722775913775
045,-4.283802032470703,-2.1275522708892822,-6.080677032470703,-8.283802032470703,-7.4246512400131905,-6.681052878499031,-6.721474394245888,-6.432268142290923,-7.268332111736527,-7.861991386860609
046,-4.056009292602539,-1.852884292602539,-5.993509292602539,-8.438821792602539,-7.563907262010616,-7.0850047171115875,-7.071679114291328,-6.595081090883468,-7.11075019693817,-7.960740619339049
047,-4.071630954742432,-1.7747559547424316,-6.040380954742432,-8.477880477905273,-7.431051968469546,-6.998659238219261,-7.087286471854895,-6.509138107274339,-7.110730408938252,-7.982740358449519
048,-4.510324954986572,-2.0571999549865723,-6.213449954986572,-8.861886978149414,-7.479192488441186,-6.653280094265938,-7.018200157108367,-6.955651283168663,-6.83854710583546,-8.05973181501031
049,-3.8788845539093018,-1.7851345539093018,-5.957009315490723,-8.824196815490723,-8.488304613994842,-7.243458867073059,-7.410168885588064,-6.566393494564181,-7.5117408027508645,-7.702436774037778
050,-4.325782775878906,-1.9195327758789062,-6.286720275878906,-8.817970275878906,-7.739966265988187,-6.968715712428093,-7.31803393161681,-7.0132942199052195,-7.552424070112465,-8.297700921073556
051,-3.7424941062927246,-1.6253066062927246,-5.906556606292725,-8.453432083129883,-7.765997407652321,-7.096037350594997,-7.258152961156156,-6.695627450908432,-7.148786543897586,-8.053537380881608
052,-3.980022430419922,-1.8237724304199219,-5.995647430419922,-8.526897430419922,-7.597265122796671,-7.006969183683395,-7.222245930977806,-6.7456554174104895,-7.237891910837789,-8.073727320879698
053,-4.304904937744141,-2.0236549377441406,-6.297092437744141,-9.13302993774414,-7.640905139865936,-7.02712981402874,-7.211194872059423,-6.711162805526328,-7.140895722877758,-7.981031311675906
054,-4.7469658851623535,-2.0282158851623535,-6.6610283851623535,-9.231341361999512,-7.879834531162487,-7.848285228013992,-7.504815577769477,-6.864162206610672,-7.997013806147152,-8.277767900377512
055,-3.4334237575531006,-1.4568612575531006,-5.26936149597168,-8.07404899597168,-7.316437939385651,-6.235467627644539,-6.550696011785476,-6.527196407067095,-6.105452287374646,-7.449819132685661
056,-3.9408769607543945,-1.6518144607543945,-6.4565019607543945,-8.151814460754395,-7.269051669791224,-6.875810965895653,-6.870609520850849,-6.417448043786862,-7.347163318925595,-7.812047379091382
057,-3.789090394973755,-1.7890903949737549,-5.742215156555176,-8.109402656555176,-7.367333047594002,-6.910952255129814,-6.804782865139714,-6.562540650283154,-7.1797962155833375,-7.713812815025449
058,-3.5757734775543213,-1.7320234775543213,-5.747648239135742,-7.825773239135742,-7.263339159697352,-6.693835511803627,-6.732059716512595,-6.48984420295983,-6.693004249580554,-7.637331048026681
059,-4.2896199226379395,-1.9927449226379395,-6.1568074226379395,-8.914619445800781,-7.719376323235338,-6.917359083890915,-7.375604986013059,-6.906817078544009,-7.2428112008055905,-8.194896711967885
060,-3.9747824668884277,-1.9982199668884277,-5.826344966888428,-8.029470443725586,-7.2639429521223065,-6.772778674960136,-6.873272417600674,-6.65448093408304,-6.763940806566097,-7.838643336668611
061,-3.783891201019287,-1.901078701019287,-5.791703701019287,-8.158891677856445,-7.323040004819632,-7.008566752076149,-6.7839276783961395,-6.612024545634995,-6.963637111864955,-7.821630476973951
062,-3.9526190757751465,-1.7963690757751465,-5.9526190757751465,-8.530744552612305,-7.4683438489737455,-6.764887690544128,-6.913601993481279,-6.640128374056076,-7.038632270807284,-7.883569480851293
063,-3.9062700271606445,-1.765644907951355,-5.9765825271606445,-8.656270027160645,-7.765725728590041,-6.92034924775362,-7.343812941584474,-6.843778371776352,-7.203207967686467,-8.095478476956487
064,-3.499082326889038,-1.202207326889038,-5.327207088470459,-7.858457088470459,-7.6231524900431396,-6.644545361399651,-6.802780150792387,-6.873071789656933,-6.20905732922256,-7.507258643396199
065,-4.072174072265625,-1.908111572265625,-6.111236572265625,-8.431549072265625,-7.47074638887716,-6.922609850764275,-6.9706815456738696,-6.837814569353213,-7.275389309623279,-8.18910219706595
066,-3.964462995529175,-1.8941504955291748,-5.956650257110596,-8.269150733947754,-7.22237586468691,-6.677376739680767,-6.91763973101115,-6.714473724305208,-6.995784041726438,-8.039656547829509
067,-4.304985046386719,-2.2659223079681396,-6.554985046386719,-8.820610046386719,-7.703520174029109,-7.084976747632027,-7.0863094302185345,-6.83624899377628,-7.414468401759223,-8.193544797599316
068,-3.523958683013916,-1.3520835638046265,-5.969271183013916,-7.266146183013916,-7.328762166929664,-6.704194009304047,-6.586556906644546,-6.992730498075616,-6.922475454048254,-7.822209341451526
069,-4.3618268966674805,-2.2055768966674805,-5.9555768966674805,-8.81495189666748,-7.377876634222048,-6.541205242276192,-6.870022533534211,-6.682474374702906,-7.010669228089682,-7.848053433001041
070,-3.3004682064056396,-1.3785932064056396,-5.4567179679870605,-7.7223429679870605,-7.324014776932017,-6.259855933487415,-6.581774829202914,-6.698924898912082,-6.17555093421106,-7.465065801516175
071,-4.481936931610107,-2.0444369316101074,-6.403811931610107,-9.036624908447266,-7.435128328979772,-7.039134442806244,-7.19291031296234,-6.825695514642575,-7.255430816014268,-8.215626038610935
072,-4.250618934631348,-1.9224939346313477,-6.039681434631348,-9.000618934631348,-7.406936643215886,-6.5640896037220955,-6.969411491441861,-6.820941209744888,-6.969446775270626,-8.079016134142876
073,-4.26662540435791,-2.33693790435791,-6.16506290435791,-8.43068790435791,-7.321387645788491,-6.958208918571472,-6.501043199576088,-6.571323990759993,-7.0948398073305725,-7.853255992755294
074,-3.3631842136383057,-1.3866217136383057,-5.800683975219727,-7.410058975219727,-7.316368697291182,-6.662514038383961,-6.714784621464787,-6.949132680830189,-6.558527588360448,-7.6009677508845925
075,-3.7765650749206543,-1.5343775749206543,-5.635940074920654,-8.089065551757812,-7.229940025572432,-6.375009149312973,-6.511058800322644,-6.565650462842314,-6.3704727763688425,-7.460680725052953
076,-4.503777027130127,-2.245964527130127,-6.136589527130127,-8.870964050292969,-7.46485542258597,-6.7422322034835815,-6.652306790863804,-6.628794789156018,-6.894565330527257,-7.6840496100485325
077,-4.258759498596191,-1.9228222370147705,-6.258759498596191,-8.672821998596191,-7.313597906162613,-6.662513896822929,-6.7666698646353325,-6.5478408334856795,-6.860451213113265,-7.911856485530734
078,-4.088062286376953,-2.088062047958374,-5.908374786376953,-8.666187286376953,-7.17410516183736,-6.570829212665558,-6.595934985256463,-6.634950637728252,-6.7990821566054365,-7.879080766811967
079,-4.150174617767334,-1.853299617767334,-6.189237117767334,-8.853299140930176,-7.681466459351213,-7.288701146841049,-7.283011912992151,-6.861119270299241,-7.32208180375892,-8.092362029477954
080,-4.145784854888916,-2.075472354888916,-6.184847354888916,-8.348910331726074,-7.98966406940599,-7.075488120317459,-7.247420904313913,-6.762992024228879,-7.450577491952572,-8.278678748756647
081,-4.385021686553955,-1.978771686553955,-6.275646686553955,-8.892833709716797,-7.5023615244281245,-6.980441242456436,-6.994474884791998,-6.877222299489404,-7.127319329869351,-8.0554194804281
082,-4.494996547698975,-2.0340588092803955,-6.244996547698975,-9.151246070861816,-8.026372424719739,-6.643814764916897,-7.307582136309065,-7.190324425579092,-6.987316242069937,-8.025894790887833
083,-4.062929153442383,-1.9613666534423828,-6.594179153442383,-8.547304153442383,-7.820885171124246,-7.0655741691589355,-7.03178703202866,-6.719210743405711,-7.438000318856211,-7.984187476336956
084,-4.261239051818848,-2.0893642902374268,-6.206551551818848,-8.800301551818848,-7.737903947352606,-6.8545418083667755,-7.433178661165584,-6.714377283962676,-7.073824640428938,-8.022316871210933
085,-4.640851020812988,-2.5705385208129883,-7.117413520812988,-8.554913520812988,-8.05504941016261,-7.705438733100891,-7.3597073498458485,-6.726813316037806,-8.08628212702024,-8.59235030040145
086,-4.376259803771973,-2.1731350421905518,-6.196572303771973,-8.993447303771973,-7.634136913118709,-6.971507832407951,-7.188805340683757,-6.821581602052902,-7.102882502651482,-8.088085291907191
087,-3.9827983379364014,-1.9046733379364014,-6.0374860763549805,-9.13123607635498,-7.803155898043769,-6.8620643094182014,-7.342201590145123,-6.779680728886888,-7.053156613266765,-7.979362053796649
088,-4.7286882400512695,-2.2755632400512695,-6.7130632400512695,-8.68181324005127,-8.010098086931976,-6.992806740105152,-7.791279073404439,-7.478702545064152,-7.416305296719656,-8.558055536821485
089,-4.429908275604248,-2.211158275604248,-6.172095775604248,-8.679908752441406,-7.523779742492479,-6.653520300984383,-6.984662888178718,-6.726796865370488,-6.906573051943269,-7.8701537642627954
090,-3.8004744052886963,-1.5035994052886963,-5.933286666870117,-7.573911666870117,-7.511474130587885,-6.9417873695492744,-6.8083268395930645,-7.058302879202529,-7.097375154156907,-7.955249334685504
091,-3.363964557647705,-1.285839557647705,-5.473339557647705,-8.371777534484863,-7.653144948686531,-6.270468335598707,-6.926526782961446,-6.6764822004661255,-6.317194456321886,-7.378628806211054
092,-4.16976261138916,-1.9822624921798706,-6.15413761138916,-8.69320011138916,-7.443252442899393,-6.848805949091911,-6.911984204663895,-6.786959290462619,-6.951064466084063,-8.139008766040206
093,-3.869565486907959,-1.924252986907959,-5.814877986907959,-8.635190963745117,-7.439920901331789,-6.742751270532608,-6.98678481528259,-6.439884543397511,-7.119609712575766,-7.82678861822933
094,-4.67378044128418,-2.244093179702759,-6.50190544128418,-9.20503044128418,-7.8848041258897865,-6.951728597283363,-7.400395630400453,-6.869102597190249,-7.1738536331104115,-8.166275691241026
095,-3.15167498588562,-1.3547999858856201,-5.261050224304199,-7.784487724304199,-6.9798605423857225,-6.193348601460457,-6.432948469844632,-7.050119161584917,-5.870475648564025,-7.541949970647693
096,-4.6985578536987305,-2.2688703536987305,-6.0891828536987305,-8.99543285369873,-7.956470246092067,-6.9350526332855225,-7.722049473250081,-7.089194178516664,-7.17519485673256,-8.284021636471152
097,-3.3515357971191406,-1.5702857971191406,-5.804660797119141,-7.187473297119141,-7.203170177737775,-6.32339708507061,-6.398482200936996,-6.562488794206729,-6.867204545971617,-7.644130249507725
098,-4.73484992980957,-1.9926625490188599,-6.60984992980957,-9.02391242980957,-8.141156552617758,-7.326726794242859,-7.695827840943821,-6.9848592280904995,-7.781758307854034,-8.402253658510745
099,-4.047187805175781,-2.0862503051757812,-6.070625305175781,-8.195625305175781,-7.547294015013904,-6.990866854786873,-6.8675606232573045,-6.680014610188664,-7.2972784001322,-8.106686275452375
100,-3.3643903732299805,-1.12220299243927,-5.4581403732299805,-7.6065778732299805,-7.41135131943156,-6.390679992735386,-6.700366496294009,-6.8409706352558715,-6.301963565056212,-7.408759939484298
101,-4.259434700012207,-1.9625599384307861,-6.821934700012207,-8.025059700012207,-6.814282642837497,-6.930616796016693,-6.564240925414197,-6.47820436935217,-7.282980793781462,-8.042115157470107
102,-3.347407579421997,-1.238032579421997,-5.019282341003418,-8.050532341003418,-7.308484782915912,-5.901849143207073,-6.61307680507889,-6.706802844790218,-6.019367929613509,-7.3402393739670515
103,-4.062837600708008,-1.9456499814987183,-6.172212600708008,-8.648775100708008,-7.273862119705882,-6.76288565993309,-6.969147084375436,-6.594100713643456,-7.125418182942667,-8.008788300678134
104,-3.209749937057495,-1.3269374370574951,-5.084750175476074,-8.045687675476074,-7.108245251904009,-6.074773088097572,-6.569154738943325,-6.819137930789111,-5.959807036691927,-7.509879281744361
105,-3.9863336086273193,-2.2207086086273193,-5.92383337020874,-8.416021347045898,-6.986406085234194,-6.659898459911346,-6.595744132355321,-6.79103064532228,-7.095790502033196,-8.142242344096303
106,-3.3494510650634766,-1.4822636842727661,-6.029138565063477,-7.255701065063477,-6.651908047962934,-6.345678448677063,-6.271412488065835,-6.740096688057747,-6.708889482397353,-7.347545024007559
107,-3.5954675674438477,-1.8142175674438477,-6.298592567443848,-7.986092567443848,-6.9783331141698,-6.869051843881607,-6.470501303105266,-6.040788054434415,-7.165827154003637,-7.670472194440663
108,-3.632460594177246,-1.491835594177246,-5.101210594177246,-8.288710594177246,-7.085797168285353,-6.209940433502197,-6.843474862012954,-6.6481068132052314,-6.109198316480615,-7.446474304422736
109,-4.263862133026123,-2.045112371444702,-6.685737133026123,-8.146675109863281,-7.185816642464488,-7.101026192307472,-6.7873549446085235,-6.529497623389034,-7.248286246045609,-8.071605937555432
110,-3.0866079330444336,-1.3287955522537231,-4.992857933044434,-7.422545433044434,-6.836683866480598,-5.895648416131735,-6.1882003541286394,-6.7741227148871985,-5.7038480029586935,-7.294492986984551
111,-4.066379547119141,-1.9101293087005615,-6.308567047119141,-8.82419204711914,-7.543033595662564,-7.255355179309845,-7.2226847394958895,-6.925765514313753,-7.457069156465877,-8.068020744249225
112,-4.0699543952941895,-1.8590166568756104,-5.8824543952941895,-8.569953918457031,-7.187232251853857,-6.6868966817855835,-6.773130415567721,-6.624654769814697,-7.179408666328527,-7.821074055507779
113,-4.271937847137451,-2.170375347137451,-6.271937847137451,-8.64693832397461,-7.209544295365049,-6.9417901784181595,-6.89700901255128,-6.584451794527013,-7.170451638172381,-7.991118544712663
114,-2.93009090423584,-1.3129035234451294,-4.91446590423584,-7.74259090423584,-6.703608628871734,-5.869370959699154,-6.164497374993516,-6.961353063509705,-5.617651222317363,-7.567447889596224
115,-3.9014976024627686,-1.9639976024627686,-5.9014973640441895,-8.221810340881348,-7.026602977894072,-6.546704150736332,-6.667190907035547,-6.745260119357226,-6.80783426384005,-7.872431607916951
116,-3.8375422954559326,-1.7828547954559326,-5.8219170570373535,-8.126605033874512,-6.845468753017485,-6.569648310542107,-6.657903431652812,-6.501616477895368,-6.782937404059339,-7.6525434870272875
117,-3.6508631706237793,-1.3539881706237793,-5.471175670623779,-7.541488170623779,-7.174491983227199,-6.410243429243565,-6.494718307687435,-6.799328326796967,-6.463495603369665,-7.574378665536642
118,-4.197669982910156,-1.8461072444915771,-6.346107482910156,-8.283607482910156,-7.252494564192602,-7.040899440646172,-7.049297092256893,-6.744557857430664,-7.330575104235322,-8.101603355258703
119,-3.9216017723083496,-1.7106642723083496,-5.75753927230835,-8.366914749145508,-7.093535540760058,-6.651585929095745,-6.843503474832687,-6.859109520882157,-6.632595895116538,-7.713121901266277
120,-3.176891326904297,-1.2940787076950073,-5.028453826904297,-8.012828826904297,-7.051982637050969,-6.033352956175804,-6.630052923486801,-6.887840986178162,-5.966026899528515,-7.589070009067655
121,-4.064061164855957,-1.9078114032745361,-5.899998664855957,-8.454686164855957,-7.079760191081732,-6.862171091139317,-6.845350026327651,-6.735945582345266,-7.095377800629649,-8.087342403829098
122,-3.969224214553833,-1.766099214553833,-5.914536476135254,-8.844223976135254,-7.344276784457179,-7.021416008472443,-7.195817827687279,-6.633294224709061,-7.289577483290486,-7.763820827007294
123,-4.183647155761719,-2.035209894180298,-6.191459655761719,-8.613334655761719,-7.37124442581262,-7.020252481102943,-6.996205089799332,-6.878972172658905,-7.285292741187732,-8.08488854393363
124,-3.8442392349243164,-2.0317392349243164,-5.883301734924316,-8.219239234924316,-7.117819895036519,-6.4781143590807915,-6.688077088314458,-6.711441516767081,-6.852147693796724,-7.9995469488203526
125,-4.13854455947876,-1.9510444402694702,-5.96666955947876,-8.724481582641602,-7.287045834411401,-6.8294835686683655,-6.974518656061264,-6.771365523302848,-7.193290708728455,-7.956705587916076
126,-3.9890995025634766,-1.8953495025634766,-5.700037002563477,-8.356287002563477,-7.082946534217626,-6.8126212656497955,-6.684452175286424,-6.762550353914776,-7.1454193567697075,-7.826829921454191
127,-3.749865770339966,-1.5311157703399658,-5.484240531921387,-8.242053031921387,-6.953088993948768,-6.113149739801884,-6.523351072111836,-6.437383174739807,-6.249944206960208,-7.310287331230938
128,-4.285743713378906,-1.8951185941696167,-6.559181213378906,-8.902931213378906,-7.707674263365334,-7.062726140022278,-7.567041157552012,-6.957627177202994,-7.574847220534139,-8.165055388584733
129,-3.256563663482666,-1.295626163482666,-4.983126163482666,-8.030000686645508,-7.162880299256358,-6.081164702773094,-6.56909418059513,-6.670640945325431,-5.920687911988352,-7.213731192052364
130,-3.251121759414673,-1.3917467594146729,-5.188621997833252,-7.782371997833252,-6.9231054724004935,-5.914056856185198,-6.423064229609736,-6.673018216861237,-5.9934151116831345,-7.612590715289116
131,-3.764376163482666,-1.725313663482666,-5.897188663482666,-8.233126640319824,-7.28008210331609,-6.8947698920965195,-6.967539905752346,-6.592510700180355,-7.084740279773541,-7.825545300729573
132,-3.9978132247924805,-1.7790632247924805,-6.0681257247924805,-8.59937572479248,-7.4353537551287445,-7.086576730012894,-7.13846766905408,-6.411882877324388,-7.365035414095473,-7.996549108996987
133,-3.9942922592163086,-1.986479640007019,-6.353667259216309,-8.158354759216309,-7.236599318988738,-7.021587356925011,-6.9318494780382025,-6.619305729775078,-7.197521442707512,-8.068699618801475
134,-3.9546682834625244,-1.9702932834625244,-5.860918045043945,-8.439043045043945,-6.9547435016793315,-6.753496959805489,-6.610960482648807,-6.642178654614327,-7.009419558380614,-7.766098976135254
135,-4.142090797424316,-1.993653416633606,-6.134278297424316,-8.149903297424316,-7.5015543660047115,-7.204452708363533,-6.993705390526884,-6.806163787787227,-7.384348628431326,-8.216765079647303
136,-3.285771131515503,-1.410771131515503,-5.035770893096924,-8.324833869934082,-7.051494235922291,-6.074541162699461,-6.692057728090731,-6.856101155122815,-6.137415167322615,-7.472478937357664
137,-4.689915657043457,-2.197727918624878,-6.744603157043457,-8.674290657043457,-6.877468346159731,-7.516638398170471,-6.486829876132106,-6.268049716908536,-7.22902881970731,-7.646902222186327
138,-3.312959671020508,-1.3207721710205078,-5.023897171020508,-7.836397171020508,-6.88341127858439,-5.995907410979271,-6.508318423155288,-6.469229936394186,-5.734920140428585,-7.186054806225002
139,-4.263038635253906,-2.1380386352539062,-6.184913635253906,-8.653663635253906,-6.966233370258124,-6.848074644804001,-6.747457860921713,-6.442734479869614,-7.075597165301588,-7.792774663306773
140,-4.010872840881348,-2.0968103408813477,-6.034310340881348,-8.268685340881348,-7.284406657345244,-6.966918058693409,-6.839049218764558,-6.776509761739362,-7.206259486309136,-7.950226442888379
141,-4.60363245010376,-2.1426949501037598,-6.70519495010376,-8.986444473266602,-7.408369301530911,-7.613562107086182,-7.095849036746586,-6.689576268176097,-7.283364414179232,-8.106370146386325
142,-4.01099967956543,-2.0500619411468506,-6.24537467956543,-8.01099967956543,-6.886067626553995,-6.973504960536957,-6.432917593989259,-6.581320881805368,-7.206368802373618,-7.845355267636478
143,-3.9347825050354004,-1.8332198858261108,-5.9816575050354,-8.387907028198242,-7.442717902260483,-6.960663989186287,-7.020781038329005,-6.700420379555908,-7.231722710392205,-8.071702595800161
144,-3.0816187858581543,-1.4175561666488647,-5.089431285858154,-7.534743785858154,-6.870781655044993,-6.024233806878328,-6.245717167210387,-6.7300726173980365,-5.792635199293727,-7.360933465883136
145,-3.9308013916015625,-2.0323638916015625,-5.8917388916015625,-8.282363891601562,-6.946479795937194,-6.7956728637218475,-6.626152037846623,-6.50112152096699,-6.837103723111795,-7.717157952487469
146,-3.997790575027466,-1.8337280750274658,-6.091540336608887,-8.708727836608887,-7.255666492346791,-6.8043550699949265,-7.013453482853947,-6.708738565387648,-7.193161485858582,-7.974616119638085
147,-4.044711112976074,-1.9353361129760742,-5.927523612976074,-8.255648612976074,-7.240101215211325,-6.976695775985718,-6.872877000925655,-6.771282196008542,-7.1072627292669495,-8.059886594302952
148,-3.749054431915283,-1.8271793127059937,-6.053741931915283,-8.233428955078125,-7.108552329140366,-6.576337970793247,-6.8428810805489775,-6.592820048210342,-6.90538990132336,-7.753626404330134
149,-3.837686061859131,-2.040811061859131,-5.853311061859131,-7.829873561859131,-6.853424900247774,-6.6821648478508,-6.431488870181056,-6.447073697963788,-6.790893670484365,-7.764934256672859
150,-3.7778143882751465,-1.840314507484436,-6.0043768882751465,-8.145002365112305,-7.090455522120465,-6.614733479917049,-6.606024380889721,-6.707519769508508,-6.926356190961087,-7.919717505574226
151,-3.87996768951416,-2.02840518951416,-6.29403018951416,-8.61434268951416,-6.989429231711256,-6.673454329371452,-6.606574057572288,-6.4893524646277,-7.012855050146754,-7.831455764360726
152,-3.7554104328155518,-1.9663479328155518,-5.825723171234131,-8.528847694396973,-7.060183044646692,-6.647646084427834,-6.66952371469597,-6.552297234467915,-6.888290879818669,-7.668989133089781
153,-3.9081196784973145,-1.845619559288025,-5.9940571784973145,-8.525306701660156,-7.158199545534444,-6.874192327260971,-6.9862917650571035,-6.658130049651845,-7.111315128706337,-7.9253217820078135
154,-4.055062770843506,-1.9613127708435059,-5.953500270843506,-8.601937294006348,-7.281693933036877,-6.937930271029472,-7.03948509581096,-6.742573380413887,-7.211376545776147,-7.971796669065952
155,-2.9627058506011963,-1.3220808506011963,-4.947080612182617,-7.697080612182617,-6.759668823164247,-5.951180279254913,-6.251800298174203,-6.564283132440323,-5.744016407072195,-7.2258258843794465
156,-3.204625129699707,-1.4077500104904175,-5.274937629699707,-7.923375129699707,-7.4312531926625525,-6.369493745267391,-6.64214479903967,-7.032763719465947,-6.181246278949402,-7.597132149152458
157,-4.504186630249023,-2.2463741302490234,-6.472936630249023,-9.191686630249023,-7.090167163874867,-7.199000746011734,-6.652659534782288,-6.738569736447971,-7.066719173853926,-7.834152800962329
158,-4.050449371337891,-1.8473243713378906,-6.175449371337891,-8.36294937133789,-7.316151973573142,-6.866429775953293,-6.94111406724187,-6.800459384868191,-7.167693613348092,-8.197706419043243
159,-4.143612861633301,-1.9639253616333008,-6.081112861633301,-8.4639253616333,-7.440575595821429,-7.166870906949043,-6.885850428279809,-6.573312401698786,-7.229618308621866,-7.730433190241456
160,-4.183999061584473,-1.9964988231658936,-6.058999061584473,-8.566811561584473,-7.324707862200739,-6.904607221484184,-6.902813551729196,-6.590260863234107,-7.129393574214191,-7.88845893368125
161,-4.196200370788574,-2.125887632369995,-5.993075370788574,-8.946200370788574,-7.227516648956225,-6.720194548368454,-6.797804831578105,-6.602459549862033,-7.079084751407208,-7.873031761497259
162,-3.0853781700134277,-1.3275657892227173,-4.976003170013428,-7.702565670013428,-6.905789728029049,-5.928342640399933,-6.3197917930774565,-6.57758200155331,-5.780766126648814,-7.193223683163524
163,-4.0844268798828125,-2.0688018798828125,-6.2016143798828125,-8.342239379882812,-7.0766836380789755,-7.022572010755539,-6.771970628735289,-6.553187131828963,-7.18604671790672,-7.904130283743143
164,-4.4198384284973145,-2.3104634284973145,-6.5448384284973145,-8.388587951660156,-7.185583584243432,-7.0090170204639435,-6.787097213113157,-6.51360058777118,-7.224613543483429,-7.84418161213398
165,-3.9937238693237305,-2.1577863693237305,-5.9155988693237305,-8.29059886932373,-7.0641351889426005,-6.695641785860062,-6.728159425809281,-6.649984002062411,-6.7672561362196575,-7.868724532425404
166,-3.9825901985168457,-1.7872778177261353,-5.857590198516846,-8.576340675354004,-7.170182104659034,-6.945790782570839,-7.0295175300270785,-6.57635200016648,-7.217040535950218,-7.851531136780977
167,-3.94492506980896,-1.81992506980896,-6.077737808227539,-8.562112808227539,-7.76527762333717,-7.237660244107246,-7.249645828655048,-6.3511812686742815,-7.530897735938197,-7.703609321266413
168,-3.813599109649658,-2.016724109649658,-6.165161609649658,-7.774536609649658,-7.001180049483082,-7.0015698075294495,-6.446455358502135,-6.297984003971578,-7.423043844653876,-7.649475538171828
169,-4.103618144989014,-2.2989306449890137,-6.009868144989014,-8.548931121826172,-7.1505603767654975,-6.69104765355587,-6.845850347472151,-6.666127204854092,-7.048986671787134,-7.924262562766671
170,-3.859952449798584,-1.9458900690078735,-5.844327449798584,-8.406827926635742,-7.383481021548505,-6.769086301326752,-7.094380258120509,-6.734963178577345,-6.922522542401566,-7.886653903871775
171,-3.9857826232910156,-2.0639076232910156,-5.892032623291016,-8.462345123291016,-7.048381919696112,-6.654872357845306,-6.8061587790289195,-6.5326703786040525,-6.938989755115472,-7.916480168700218
172,-4.294955730438232,-2.1699554920196533,-6.349643230438232,-8.232455253601074,-6.888899426776334,-6.806193709373474,-6.615376347421261,-6.334036588499657,-7.037274232861819,-7.748993368819356
173,-4.120964050292969,-1.9725263118743896,-6.160026550292969,-8.816276550292969,-7.199147341936623,-6.974685251712799,-7.011627315743681,-6.5819097757002964,-7.089761256058409,-7.75905667245388
174,-3.530550479888916,-1.8430503606796265,-5.702425479888916,-7.850862979888916,-6.9369172981678275,-6.537334129214287,-6.389999863720732,-6.3977547882568615,-6.694700833279057,-7.577796285971999
175,-3.9627323150634766,-1.8377324342727661,-5.798669815063477,-8.923669815063477,-7.181550500448793,-6.6926291808485985,-6.915898322218709,-6.673679947802157,-7.079978106707131,-7.749326677061617
176,-3.889035224914551,-1.7171601057052612,-5.857785224914551,-8.49841022491455,-7.1703165764665755,-6.884716361761093,-7.029683947281228,-6.373416066152458,-6.943756341370317,-7.5715367421507835
177,-3.7758378982543945,-1.7367753982543945,-5.8227128982543945,-8.033650398254395,-7.135300990041287,-6.686288625001907,-6.4086915246152785,-6.705538272774902,-6.8384176460895105,-7.938705023378134
178,-2.850555896759033,-1.2802433967590332,-4.780243396759033,-7.561493396759033,-6.6396950453927275,-5.6284795589745045,-5.944345831074315,-6.577134370676504,-5.42874550610577,-7.136782767251134
179,-2.9559123516082764,-1.3309123516082764,-4.9637250900268555,-8.127787590026855,-6.588760852173436,-5.692785032093525,-6.049684285882904,-6.588734745932925,-5.705948709790391,-7.2764209844172
180,-3.939410448074341,-2.064410448074341,-5.837847709655762,-8.314410209655762,-6.900429007087951,-6.629255257546902,-6.697272418692592,-6.7284830808102924,-6.884798881488678,-8.010970728471875
181,-3.01776123046875,-1.29119873046875,-5.12713623046875,-7.83026123046875,-6.916282173493528,-5.980913531035185,-6.361556052157539,-6.478713869933927,-5.806895968686149,-7.186001961119473
182,-3.6899917125701904,-1.5649917125701904,-5.979053974151611,-7.791553974151611,-7.221297977757786,-6.552788533270359,-6.63534367005559,-7.033751010849301,-6.869720815735491,-8.078452895395458
183,-3.731152057647705,-1.9811521768569946,-5.926464557647705,-8.098340034484863,-6.840629095589975,-6.619153186678886,-6.5905926206105505,-6.567103028206475,-6.645293590285291,-7.751528225839138
184,-3.8322489261627197,-1.9494364261627197,-5.988498687744141,-8.22287368774414,-7.105770703557937,-6.700289666652679,-6.652614472877758,-6.465071082066061,-6.722952839576465,-7.73037192132324
185,-4.328202724456787,-2.539140224456787,-6.570390224456787,-8.054764747619629,-7.9298349594610045,-6.560871697962284,-8.367316006300825,-8.42196273798254,-7.718861340912554,-8.287564136087894
186,-3.8923983573913574,-2.0017733573913574,-5.954898357391357,-8.0798978805542,-7.165955893942737,-6.634250834584236,-6.673722502819146,-6.415849804780919,-6.720627064096334,-7.747774811461568
187,-3.7804670333862305,-1.889841914176941,-6.0617170333862305,-8.24140453338623,-7.257131094542274,-6.7148749977350235,-6.81177723226574,-6.413289904540761,-6.80397712920967,-7.664822187274694
188,-4.027714729309082,-1.9730274677276611,-5.918339729309082,-8.598027229309082,-7.269967315463873,-6.70192477107048,-6.910567878850998,-6.488661169965781,-6.9262166002517915,-7.752179623581469
189,-4.19556999206543,-2.1096324920654297,-5.89869499206543,-8.76588249206543,-7.242530461473507,-6.556690514087677,-6.867509601412166,-6.65652108183167,-7.015957591094775,-7.948195155709982
190,-4.054582118988037,-2.226457118988037,-5.960832118988037,-8.523332595825195,-7.093702791429678,-6.615174971520901,-6.812437056592898,-6.663964271519944,-6.718702791429678,-7.841401522047818
191,-4.103363513946533,-1.962738275527954,-6.314301013946533,-8.572113037109375,-6.970620868152764,-7.0040222108364105,-6.642465948261815,-6.478372216186472,-6.8846665606724855,-7.670237371698022
192,-2.9599874019622803,-1.3037374019622803,-4.975612640380859,-7.694362640380859,-6.772633661094005,-5.766459915786982,-6.249100803044712,-6.655319690513352,-5.7100870559879695,-7.365730118006468
193,-3.0023791790008545,-1.4711291790008545,-5.189878940582275,-7.307066440582275,-6.307167167360603,-5.760397218167782,-6.041500447438011,-5.90864872912789,-5.650895592414599,-7.046955794095993
194,-4.0794596672058105,-1.946647047996521,-6.0091471672058105,-8.837271690368652,-7.102992291693226,-6.607318237423897,-6.774834392519551,-6.38416063776458,-7.032660839038726,-7.79074046574533
195,-4.068692207336426,-2.099942207336426,-5.912442207336426,-8.326504707336426,-7.12347399743885,-6.816390872001648,-6.6624991877542925,-6.68589150898606,-6.982827899162658,-7.953801950439811
196,-4.150866985321045,-2.119616985321045,-6.033679485321045,-8.775866508483887,-7.166588659383706,-6.519950941205025,-6.8853125547320815,-6.666506409541398,-6.940009471552912,-7.8412297405302525
197,-3.925346851348877,-1.870659351348877,-6.058159351348877,-8.401909828186035,-7.19104897678335,-6.7723551988601685,-6.769144295521983,-6.42535817616681,-7.097279070170771,-7.822064312174916
198,-3.1002228260040283,-1.4049103260040283,-4.912722587585449,-7.608035087585449,-6.787829631801287,-5.713606666773558,-6.092478868980834,-6.693993448992842,-5.5925041392911226,-7.390127344056964
199,-3.402620792388916,-1.4338706731796265,-5.324495792388916,-7.918245792388916,-6.8870842417672975,-6.073799766600132,-6.379225729993777,-6.394822358985948,-5.848006484215148,-7.2743287570774555
200,-3.9728598594665527,-1.7541098594665527,-5.965047359466553,-8.511921882629395,-7.269789455829596,-6.8531724363565445,-6.972892283869442,-6.84005558487388,-7.379157661249337,-8.05677842348814
201,-4.062136650085449,-1.9683865308761597,-6.077761650085449,-8.48401165008545,-7.257583013153635,-6.649932891130447,-6.796602245041868,-6.530907630700312,-7.116932267068478,-7.891516622155905
202,-4.081616401672363,-1.9175541400909424,-6.003491401672363,-8.323803901672363,-7.300490848429035,-6.612340003252029,-6.816055295807018,-6.495696544490784,-7.003583903802792,-7.781105341389775
203,-3.905074119567871,-2.053511619567871,-5.866011619567871,-8.272261619567871,-7.209874504391337,-6.6977952271699905,-6.655141589748382,-6.623838901410636,-6.959851380132022,-7.81465170904994
204,-3.9270823001861572,-2.0677073001861572,-6.005207061767578,-8.114582061767578,-7.114665147193591,-6.9253536611795425,-6.544329522243061,-6.630218625001362,-6.841213343162963,-7.804180111736059
205,-3.774944305419922,-1.7983819246292114,-5.814006805419922,-8.548381805419922,-7.259424442483578,-6.617074973881245,-6.71249270322005,-6.5874553918220045,-6.845326898022904,-7.71350734308362
206,-3.2312777042388916,-1.5828402042388916,-5.4344024658203125,-6.8250274658203125,-6.340795745127252,-5.774380974471569,-5.8407090886285005,-5.754736900089483,-5.575115915198694,-6.690136765129864
207,-4.632744789123535,-2.288994789123535,-6.288994789123535,-8.874932289123535,-7.226567027340934,-6.8957479149103165,-6.851541041258315,-6.624942660278066,-6.921884176161257,-8.006622027605772
208,-3.2014687061309814,-1.4436562061309814,-4.888968467712402,-7.779593467712402,-6.740629548934521,-5.663311544805765,-6.178084014438355,-6.631175517844895,-5.553117033115996,-7.302111214026809
209,-3.287391185760498,-1.271766185760498,-5.170203685760498,-8.053016662597656,-7.271830079895153,-6.0339639484882355,-6.615551590293762,-6.584280490773381,-5.9749517422460485,-7.329206013120711
210,-3.9771742820739746,-1.930299162864685,-5.922486782073975,-8.266236305236816,-7.000683781894622,-6.5917947962880135,-6.750656246149447,-6.813122630060207,-6.781921146539389,-8.003174554556608
211,-3.894500732421875,-2.058563232421875,-6.011688232421875,-8.707000732421875,-7.144567368195567,-6.734782114624977,-6.949225186617696,-6.605447888327944,-6.957062600129575,-7.85248242970556
212,-3.90761137008667,-1.77479887008667,-6.04823637008667,-8.524799346923828,-7.384242293876014,-6.879608869552612,-7.079527258036251,-6.641997694904603,-7.157669423326297,-7.924831518903375
213,-3.916363477706909,-1.9007384777069092,-5.88511323928833,-8.588238716125488,-7.2445760926784715,-6.5430362075567245,-6.760172126942052,-6.5648144482629505,-6.978932020683715,-7.833475248888135
214,-3.8420116901397705,-1.7951366901397705,-5.959198951721191,-8.412323951721191,-7.342101808280859,-6.912520155310631,-6.99049603828098,-6.670150041487432,-7.201446769802715,-7.8916464522480965
215,-4.160767078399658,-2.027954339981079,-6.043579578399658,-8.5982666015625,-7.410857196562574,-7.050010696053505,-7.004564164959447,-6.81702792638589,-7.207712290204654,-8.005052646622062
216,-4.202944278717041,-1.9920066595077515,-6.077944278717041,-8.413881301879883,-6.976475949624728,-6.9492708295583725,-6.726437924717175,-6.499830603534974,-7.078021046552749,-7.876303106546402
217,-3.8391332626342773,-1.8156957626342773,-5.612570762634277,-8.409445762634277,-7.24545025601401,-6.7040311098098755,-6.995421885698306,-6.643830418540347,-7.0345005974049855,-7.871109891682863
218,-3.9215192794799805,-1.9527692794799805,-5.8824567794799805,-8.46058177947998,-7.116898892054451,-6.486941382288933,-6.67937517071914,-6.57777869696929,-6.765337822471338,-7.709263490512967
219,-4.054243087768555,-2.015180826187134,-6.015180587768555,-8.304243087768555,-7.523062584368745,-7.060135684907436,-7.085537194234348,-6.937068343081592,-7.288678882658132,-8.141571832820773
220,-2.934516191482544,-1.426703691482544,-5.082953453063965,-7.051703453063965,-6.575331908112275,-5.703526716679335,-5.739270565638435,-6.465792297969529,-5.583081594842952,-7.28937504440546
221,-3.8952383995056152,-1.9733632802963257,-5.996800899505615,-8.574925422668457,-7.410951372090494,-6.8518375903368,-6.949983356731536,-6.598376512441064,-7.254689571338531,-7.984647236764431
222,-4.147650718688965,-1.9835879802703857,-6.069525718688965,-8.975775718688965,-7.819596645698766,-7.023232132196426,-7.319571136395098,-7.038285493802505,-7.2414671160586295,-8.145878127776086
223,-3.6243174076080322,-1.5149424076080322,-6.124317646026611,-7.694630146026611,-7.288435099999333,-6.8179942443966866,-6.6790539014364185,-6.710266232428694,-7.186845421405451,-7.798535108566284
224,-3.996134042739868,-1.9961340427398682,-6.003946304321289,-8.527383804321289,-7.37120961855544,-6.827973961830139,-7.011803149194748,-6.597706079434829,-7.011820314422948,-7.737840436398983
225,-3.033762216567993,-1.5025122165679932,-5.002511978149414,-7.447824478149414,-6.697874425593909,-6.104123990982771,-5.963474750198657,-6.8306506871240344,-5.752562402409239,-7.653983092866838
226,-3.707054376602173,-1.7070543766021729,-5.863304138183594,-7.925804138183594,-7.22287092753686,-6.869765818119049,-6.67589294516074,-6.472698688316086,-7.0274928728467785,-7.754976142197847
227,-3.1973938941955566,-1.3848938941955566,-5.064581394195557,-7.923956394195557,-6.924033638832043,-5.924847200512886,-6.408368944415997,-6.5489691495085935,-5.752140997064998,-7.317644488997757
228,-2.9892008304595947,-1.3563883304595947,-4.950138092041016,-7.293888092041016,-6.239448159089079,-5.622791685163975,-5.958056801879138,-6.3095471853157505,-5.528409470338374,-6.988144306465983
229,-4.262479782104492,-2.1921675205230713,-6.239042282104492,-8.645292282104492,-7.207860229093058,-6.916159689426422,-6.801587222995295,-6.48905086513696,-7.051602957792056,-7.822190287522972
230,-3.9983673095703125,-1.849929690361023,-5.8577423095703125,-8.756179809570312,-7.146893020551943,-6.5449400171637535,-6.818734286731342,-6.6858803032982905,-6.9359381173781,-7.82654214464128
231,-4.034693241119385,-1.9018807411193848,-6.198755741119385,-8.386255264282227,-7.1441892312286654,-6.847135066986084,-6.847253797604935,-6.440956592470684,-7.0191532337339595,-7.881199495866895
232,-3.6287107467651367,-1.7927731275558472,-5.894335746765137,-7.784960746765137,-6.644384144565265,-6.297244414687157,-6.191248893010197,-6.667793631346285,-6.660036799403315,-8.107700571417809
233,-3.5286307334899902,-1.5755056142807007,-6.04425573348999,-7.23175573348999,-6.86465715966915,-6.372429862618446,-6.16932642210304,-6.645835161065406,-6.825548409506155,-7.6642797738313675
234,-3.944559097290039,-1.9445592164993286,-5.780496597290039,-8.444559097290039,-7.241509673120163,-7.0571287870407104,-6.850842952153471,-6.866443395570968,-7.163369176967535,-8.060972847044468
235,-3.1411807537078857,-1.3599307537078857,-5.289618492126465,-7.563055992126465,-6.461606853736157,-5.932698607444763,-6.094365475793893,-6.250577330361921,-5.758460994256893,-7.133867580443621
236,-3.8169164657592773,-2.2856664657592773,-6.301291465759277,-7.598166465759277,-6.590499509708025,-6.355305880308151,-6.145129319149419,-6.223183750957105,-6.567055454128422,-7.573626633733511
237,-3.374540090560913,-1.772977590560913,-5.538602828979492,-7.624540328979492,-7.124834613408893,-6.175876349210739,-6.44498657285294,-6.616753935473753,-6.374682893132558,-7.705908479169011
238,-3.4457125663757324,-1.453525185585022,-5.367587566375732,-7.789462566375732,-6.859893434193509,-6.071033954620361,-6.258267281944427,-6.586355209194153,-6.008317703439388,-7.382576577365398
239,-3.7335147857666016,-1.7413272857666016,-6.085077285766602,-8.186639785766602,-6.913249253124377,-6.6757810562849045,-6.5929230446054135,-6.46008610721492,-6.881992458489549,-7.769523191265762
240,-4.109578609466553,-1.9533286094665527,-5.898641109466553,-8.273640632629395,-7.047169681216474,-7.007392063736916,-6.5705598583190294,-6.6252139806210835,-7.031521198849077,-7.876801688224077
241,-3.9294164180755615,-1.8200414180755615,-5.937228679656982,-8.42160415649414,-7.351378556246345,-6.994062185287476,-6.9841479053247895,-6.718490123683296,-7.156051394682436,-7.944818361662328
242,-3.79367733001709,-1.7546147108078003,-5.93430233001709,-8.24680233001709,-7.574962496139051,-7.03376504778862,-7.114015578892577,-6.473371267297807,-7.309334873621992,-7.797663311474025
243,-2.945067882537842,-1.3513180017471313,-5.109130382537842,-7.234130382537842,-6.679569236395764,-5.908171243965626,-6.038867710780323,-6.390400528704049,-5.577977533386729,-7.408009735867381
244,-4.044825553894043,-1.9667004346847534,-5.974513053894043,-8.443263053894043,-7.5371215284612845,-6.911758899688721,-7.130821703143738,-6.685464143660283,-7.380840775331308,-7.954467475414276
245,-3.13285493850708,-1.38285493850708,-5.09379243850708,-7.71879243850708,-6.968904250570631,-5.944000579416752,-6.250087617805548,-6.843809485289967,-5.7345111326212646,-7.396976427175105
246,-3.6652238368988037,-1.8214738368988037,-5.571474075317383,-8.071474075317383,-7.134030221317516,-6.722570046782494,-6.712130903692014,-6.5636696815163305,-6.915269969842484,-7.819015231914818
247,-3.3380277156829834,-1.3380277156829834,-5.2520904541015625,-7.4708404541015625,-6.838089941011276,-6.215019032359123,-6.236497401681845,-6.541165351791278,-5.59589254720413,-7.377998601645231
248,-3.9529330730438232,-1.7654330730438232,-5.890433311462402,-8.281058311462402,-7.367048500578676,-6.975786164402962,-6.898280858378712,-6.73419189449487,-6.960793017227843,-7.819059849716723
249,-4.043626308441162,-1.9030011892318726,-6.004563808441162,-8.645188331604004,-7.2390350057103205,-6.811827555298805,-6.895246623276762,-6.645201206130878,-6.910886404264602,-7.801454845815897
250,-4.154967784881592,-2.139342784881592,-6.139342784881592,-8.365904808044434,-7.342576974631811,-6.686282441020012,-6.873768447545444,-6.584667920986249,-7.092521785230929,-7.895249418914318
251,-4.117119789123535,-1.898369550704956,-6.296807289123535,-8.554619789123535,-7.4531264281176846,-7.1434318125247955,-7.054656028092722,-6.515565752947623,-7.12497544195503,-7.864067696034908
252,-3.922194004058838,-1.8753188848495483,-5.992506504058838,-8.18000602722168,-6.7816663933044765,-6.474978566169739,-6.351937769260985,-6.430020332240929,-6.719157930237998,-7.8305893689394
253,-3.5434579849243164,-1.816895604133606,-5.926270484924316,-7.684082984924316,-6.387279269540159,-6.804636240005493,-6.0825508828311285,-6.191904187164255,-6.902899143889954,-7.485918141901493
254,-3.362969160079956,-1.362969160079956,-5.152031421661377,-8.183281898498535,-7.144319648439705,-6.322808727622032,-6.620809316245868,-7.011418461726862,-6.0974174710863736,-7.506385645829141
255,-3.984485149383545,-1.836047649383545,-5.976672649383545,-8.375109672546387,-7.4611562431528,-6.807564809918404,-7.007983444273123,-6.773562908056192,-7.148626801215869,-8.15676167421043
256,-4.765282154083252,-1.9293447732925415,-6.444969654083252,-9.21840763092041,-7.687238451515441,-7.213938966393471,-7.476268767102738,-6.7574807404853345,-7.7340909225349606,-8.178436418995261
257,-4.414752960205078,-2.0241281986236572,-6.156940460205078,-9.039752960205078,-7.305464860000939,-6.829677239060402,-6.906989334820537,-6.516326546607161,-7.24294209274376,-7.882718286477029
258,-3.8755621910095215,-1.8755621910095215,-5.9068121910095215,-8.27400016784668,-7.242863052619214,-6.66351455450058,-6.875628111571132,-6.5865147112672275,-6.844392296443402,-7.850262109190226
259,-3.7856428623199463,-1.9184553623199463,-5.613767623901367,-8.004392623901367,-7.090395210056158,-6.710618615150452,-6.480993150940776,-6.520027399014907,-6.941944120990229,-7.848375987261534
260,-3.3514280319213867,-1.4217404127120972,-4.984240531921387,-7.827990531921387,-7.046912416946725,-5.943202823400497,-6.421806571685011,-6.851456999358561,-5.906278716123779,-7.408028524369001
261,-4.294618606567383,-2.044618844985962,-6.286806106567383,-8.653993606567383,-7.615049355190422,-7.058881923556328,-7.200939414375171,-6.896194219502831,-7.216576930390147,-8.156219188123941
262,-3.9437599182128906,-1.7484474182128906,-5.873447418212891,-8.27969741821289,-7.490686534503766,-7.2145204693078995,-7.092229365793173,-6.482829809161558,-7.42036533263672,-7.785357976332307
263,-4.093731880187988,-1.9374818801879883,-6.265606880187988,-8.703106880187988,-7.234424350368499,-6.913274496793747,-7.101583599276637,-6.578117966590071,-7.179717777988117,-7.969263108447194
264,-4.092261791229248,-2.131324291229248,-6.021949291229248,-8.436012268066406,-7.201777567490353,-6.4687289744615555,-6.881425018007576,-6.568844198982333,-6.873639456229284,-7.919855169951916
265,-3.943308115005493,-1.8651831150054932,-6.060495376586914,-8.216745376586914,-6.873116962669883,-6.938432201743126,-6.576193926011911,-6.529261827334267,-6.982447144422622,-7.752359611913562
266,-3.7809181213378906,-1.6090431213378906,-5.710605621337891,-8.04654312133789,-6.8747736159930355,-6.321269094944,-6.327838062228693,-6.429371476047891,-6.460688349165139,-7.429596493020654
267,-3.0413753986358643,-1.3538753986358643,-4.955438137054443,-7.416375637054443,-6.564884898471064,-5.9464052729308605,-6.010153889257708,-6.752325534744159,-5.424237965296925,-7.427208543755114
268,-3.297713041305542,-1.328963041305542,-5.157087802886963,-7.703962802886963,-6.829048033898289,-5.990571267902851,-6.3133753531074035,-6.555542588084791,-5.688403246647795,-7.154401868581772
269,-4.182812690734863,-2.0890626907348633,-6.268750190734863,-8.362500190734863,-7.354777332104277,-6.835041597485542,-7.089118240721291,-6.495323896345326,-7.190706249763025,-7.982156811282039
270,-4.147710800170898,-2.0148985385894775,-5.897710800170898,-8.405523300170898,-7.304048534359026,-6.971071347594261,-7.014948605225072,-6.81959974756046,-7.186846849595895,-8.2519372086972
271,-4.250119209289551,-1.9844942092895508,-6.031369209289551,-8.84386920928955,-7.398609875221155,-7.029319658875465,-7.203276276075485,-6.882940530737869,-7.289226054163009,-8.161387036554515
272,-4.253488540649414,-1.9175512790679932,-6.144113540649414,-8.542551040649414,-6.987975829491916,-6.852105155587196,-6.706675646761141,-6.480065345662297,-6.925426957983291,-7.8655780125409365
273,-3.1641902923583984,-1.3751276731491089,-4.882940292358398,-7.773565292358398,-6.820547336574236,-5.803503431379795,-6.297039746554219,-6.586078524502227,-5.648637768979825,-7.271059152670205
274,-4.157747268676758,-1.9311845302581787,-5.821809768676758,-8.313997268676758,-6.860973949027539,-6.6000756919384,-6.603123543609399,-6.314011931312052,-6.564069864500198,-7.5397156197577715
275,-2.719830274581909,-1.2901427745819092,-4.891705513000488,-7.516705513000488,-7.047984718850785,-6.167366564273834,-6.165159463747841,-6.946401715240427,-5.743300318197726,-7.765575798228383
276,-3.886754035949707,-1.753941535949707,-5.675816535949707,-8.574254035949707,-7.121208545388072,-6.525764212012291,-6.800860165596532,-6.535203695223572,-6.933705565388664,-7.865338575094938
277,-3.986400604248047,-1.9317131042480469,-6.173900604248047,-8.142650604248047,-6.931810612695699,-6.718419760465622,-6.814576862929243,-6.423912525106061,-6.916169044081471,-7.960516793653369
278,-3.0575685501098633,-1.3466310501098633,-5.081006050109863,-7.338818550109863,-6.745159383463033,-5.962058167904615,-6.049797534080426,-6.323211073722632,-5.5420118546971935,-6.942539880052209
279,-4.109828948974609,-2.0629537105560303,-5.883266448974609,-8.64889144897461,-7.4067946631257655,-6.805364012718201,-7.000507710919919,-6.766088843296529,-7.078656312813109,-7.891906898468733
280,-3.8948662281036377,-1.9026787281036377,-5.824553489685059,-8.269865989685059,-7.191841478066635,-6.705855771899223,-6.769918798006984,-6.512064814502992,-6.949628588714404,-7.772614520043135
281,-4.142050743103027,-1.9467380046844482,-6.204550743103027,-8.642050743103027,-7.3608646372376825,-6.991750925779343,-7.118650674117816,-6.634247660592337,-7.235854385846324,-7.899270939640701
282,-3.1488144397735596,-1.2816269397735596,-4.9222517013549805,-8.00037670135498,-6.969220633865916,-5.95355860888958,-6.351973175424064,-6.812891483197745,-5.805125234648585,-7.456243176944554
283,-3.7114412784576416,-1.8286287784576416,-5.7973785400390625,-8.156753540039062,-7.047445295014768,-6.616924375295639,-6.695856689580978,-6.500512361487381,-6.89118587806297,-7.743118219077587
284,-4.017258167266846,-1.9547581672668457,-6.071945667266846,-8.556320190429688,-7.368913169397274,-6.7954742312431335,-6.837624906023848,-6.548521399410674,-7.150149223103654,-7.785234037786722
285,-3.227161407470703,-1.3677864074707031,-5.094348907470703,-7.680286407470703,-6.735126245344873,-5.962917983531952,-6.172543880878948,-6.578743576810666,-5.742908351137885,-7.4400288835167885
286,-4.018733501434326,-1.9093583822250366,-5.987483501434326,-8.299983024597168,-6.99544476356823,-6.62504605203867,-6.6281951628334355,-6.417188525047095,-7.026658767063054,-7.710057627409697
287,-4.110586643218994,-1.9933991432189941,-6.040274143218994,-8.430899620056152,-6.837212322148844,-6.87433135509491,-6.524686216620466,-6.501220464667313,-6.946580050811463,-7.678243569098413
288,-4.077970504760742,-2.031095504760742,-6.007658004760742,-8.343595504760742,-7.312464587746945,-6.835851609706879,-6.89053785573924,-6.538922667396037,-7.09369623153907,-7.854646224528551
289,-3.9979655742645264,-2.0604655742645264,-5.9667158126831055,-8.318278312683105,-7.4433475708792685,-7.06563226878643,-6.9823836079012835,-6.708913683837636,-7.224585054693307,-7.912424286827445
290,-3.322244644165039,-1.2753695249557495,-5.165994644165039,-7.923807144165039,-7.580124018342758,-6.524216838181019,-6.75195729700863,-7.041005730567122,-6.103541492317163,-7.619655592367053
291,-3.9208226203918457,-1.9989476203918457,-6.123947620391846,-7.819260120391846,-6.506857271240733,-6.629732772707939,-6.413054942080635,-6.3427081107547565,-6.584958789018856,-7.814407618716359
292,-4.307928562164307,-2.1907410621643066,-6.245428562164307,-8.565740585327148,-7.518926261043816,-7.083019927144051,-7.018900513055996,-6.667311549154874,-7.3157922016434895,-8.022938036359847
293,-4.2804107666015625,-1.9757232666015625,-6.3741607666015625,-8.272598266601562,-7.030527346490999,-6.9343679547309875,-6.811725137544272,-6.405426263689151,-7.1398774343469995,-7.843229660764337
294,-3.8468384742736816,-1.7999635934829712,-5.776525974273682,-8.32340145111084,-7.003174301280524,-6.7334538251161575,-6.737512944906484,-6.518726825624981,-6.870346782081469,-7.672029918059707
295,-3.932011127471924,-1.9085736274719238,-6.017948627471924,-7.994511127471924,-6.924360738965333,-6.642520248889923,-6.564912076850305,-6.35390114772963,-6.963362092639727,-7.791088430210948
296,-3.996300220489502,-1.933800220489502,-5.988487720489502,-8.160362243652344,-7.433944334130501,-6.879768207669258,-6.8245099747000495,-6.730694889829465,-7.074519987385429,-7.999465439468622
297,-3.974823236465454,-1.888885736465454,-5.873260498046875,-8.045135498046875,-6.920261375140399,-6.742031529545784,-6.537393686659925,-6.459212064643907,-6.818661328230519,-7.8075197376310825
298,-4.080960273742676,-1.9481477737426758,-5.877835273742676,-8.315335273742676,-6.963838455907535,-6.806444555521011,-6.674746631913877,-6.518468379941623,-6.776321767560148,-7.686476709321141
299,-3.2860257625579834,-1.3329007625579834,-5.2469635009765625,-8.043838500976562,-7.614184975045646,-6.734217960387468,-6.770417570931386,-7.059472680050021,-6.309500812789338,-7.854808225296438
300,-4.055978775024414,-1.8684788942337036,-5.985666275024414,-7.860666275024414,-6.626405947783496,-6.641596294939518,-6.306039450711978,-6.618493556867179,-6.696701402666804,-7.874879151582718
301,-3.7723848819732666,-1.6317598819732666,-5.9364471435546875,-8.272384643554688,-7.33503257133998,-6.6511828154325485,-6.967767116962932,-6.655216932100302,-6.811536427325336,-7.941840998828411
302,-4.0120015144348145,-1.7151265144348145,-6.2463765144348145,-7.9963765144348145,-7.44173264408164,-7.205798268318176,-6.957351087836287,-6.801075935292829,-7.480783462015097,-8.109301151707768
303,-3.95241641998291,-1.9602289199829102,-5.81179141998291,-8.30397891998291,-7.249388332442322,-6.850236475467682,-6.84309279786612,-6.616489887177522,-6.804053065410699,-7.852177305147052
304,-3.125586986541748,-1.1099618673324585,-4.992774486541748,-8.04746150970459,-7.2818981390373665,-6.164033994078636,-6.813107609536019,-6.906848192152211,-5.7506382452229445,-7.4792925007641315
305,-3.3866329193115234,-1.4413204193115234,-5.277257919311523,-7.824132919311523,-6.871103758989193,-6.061734467744827,-6.50387287002377,-6.456961631643935,-5.824218150322849,-7.288507250137627
306,-3.1245241165161133,-1.4682739973068237,-5.046399116516113,-7.312024116516113,-6.546631666802568,-5.751849867403507,-6.132465950227925,-6.382371305819106,-5.624735333069111,-7.37374441511929
307,-4.0331621170043945,-1.853474497795105,-6.1581621170043945,-8.251912117004395,-6.6113913004955975,-6.585548162460327,-6.345724938328203,-6.080052494884512,-6.877006407106819,-7.541987122967839
308,-3.912522077560425,-1.7250220775604248,-5.748459815979004,-8.842209815979004,-7.217270491666568,-6.702517792582512,-6.959426879446255,-6.592218637427322,-7.037585018100799,-7.809385074302554
309,-3.0706396102905273,-1.312827229499817,-4.906577110290527,-7.828452110290527,-6.937936419235484,-5.875060465186834,-6.336307405508705,-6.914407491523889,-5.79729961873818,-7.5630448665469885
310,-3.796858549118042,-1.859358549118042,-5.710921287536621,-8.523421287536621,-6.976603387156501,-6.533849596977234,-6.617204784786736,-6.51561772819332,-6.78129362881009,-7.764103630557656
311,-4.377652168273926,-1.9089021682739258,-6.737027168273926,-9.018277168273926,-7.4636542776206625,-7.025941222906113,-7.190194009857805,-6.237037897052687,-7.682395575866394,-7.991091372445226
312,-4.319165229797363,-2.0144777297973633,-6.311352729797363,-8.545727729797363,-7.436432477632479,-6.977851167321205,-6.8504625547648175,-6.608237862536043,-7.373904226886225,-8.091612609103322
313,-3.6501853466033936,-1.5095603466033936,-5.939248085021973,-7.407998085021973,-7.205002180344309,-6.517445206642151,-6.40807735605631,-6.923640489427271,-6.947131154433009,-7.846671760082245
314,-4.606716632843018,-2.0364038944244385,-6.247341632843018,-9.15359115600586,-7.778647898045165,-7.040388852357864,-6.825501679759327,-6.270786166166545,-7.270835398045165,-8.251194002106786
315,-3.1338868141174316,-1.4229494333267212,-5.016699314117432,-7.594824314117432,-6.719922418553324,-5.907038189470768,-6.0167461622695555,-6.680781125834983,-5.727730508231616,-7.360297043807805
316,-4.122622489929199,-1.9194972515106201,-6.114809989929199,-8.4585599899292,-7.435250750902924,-6.761048644781113,-7.224251625702891,-6.794512510186905,-7.177394624945009,-8.035379560664296
317,-4.009804725646973,-1.8457422256469727,-5.892617225646973,-8.720742225646973,-7.025508043079753,-6.419411599636078,-6.767665385039436,-6.377004146504987,-6.994251844669634,-7.7362912483513355
318,-3.070537567138672,-1.2424126863479614,-4.883037567138672,-7.750225067138672,-6.8518956841217005,-5.901845380663872,-6.203385590877588,-6.906491756299147,-5.703436251744279,-7.498337133787572
319,-4.229193687438965,-1.9245061874389648,-6.237006187438965,-8.768256187438965,-7.244901653662964,-7.069563522934914,-6.908937095031433,-6.549515724136654,-7.158956644074351,-7.80607948359102
320,-3.707880973815918,-1.707880973815918,-5.934443473815918,-8.317255973815918,-7.364200828022149,-6.77879673242569,-6.9188634147067205,-6.426641702594679,-7.09074842778864,-7.8497420363128185
321,-3.935877799987793,-1.795252799987793,-6.006190299987793,-8.599940299987793,-7.256304019181698,-6.518409051001072,-6.904697296587983,-6.615581154697793,-7.10783350141719,-7.872267307713628
322,-3.798644542694092,-1.8845821619033813,-6.025207042694092,-8.08770751953125,-7.189343449725129,-6.81801064312458,-6.689315914030885,-6.408029198600161,-7.165895936828747,-7.751242998056114
323,-4.093011856079102,-1.8820741176605225,-5.835199356079102,-8.882074356079102,-7.632119058562239,-7.1002937108278275,-7.147724508922693,-6.84302067752742,-7.507118939360225,-8.118967158719897
324,-4.069163799285889,-1.8894762992858887,-6.014476299285889,-8.819164276123047,-7.202014326325298,-7.01847542822361,-7.0066903826045746,-6.756671905484836,-7.217638968711981,-7.863248833455145
325,-3.9456117153167725,-1.9456117153167725,-5.890923976898193,-8.359674453735352,-7.219188561241026,-6.644161283969879,-6.828490612671885,-6.609688043495225,-6.937894220587623,-7.896240554749966
326,-4.118901252746582,-1.9314013719558716,-5.931401252746582,-8.486088752746582,-7.204924341356673,-7.04956728219986,-6.8533189287627465,-6.579848289444271,-6.986151693272404,-7.783211899921298
327,-4.059462547302246,-1.9735249280929565,-5.754775047302246,-8.325087547302246,-7.0595755513204494,-6.649070724844933,-6.731394289312448,-6.590727925182364,-7.02048337112501,-7.780490703880787
328,-4.011074066162109,-1.8860738277435303,-5.831386566162109,-8.31576156616211,-7.136200658409507,-6.747397571802139,-6.722076175508846,-6.479835867811744,-7.065842267591506,-7.639431482180953
329,-4.047688961029053,-1.8758139610290527,-5.797688961029053,-8.696126937866211,-7.22745036806009,-6.716550529003143,-6.883663772841828,-6.664888501094538,-7.094630716004758,-7.807493984699249
330,-3.196709156036377,-1.1810840368270874,-4.962334156036377,-7.649834156036377,-6.915545817435486,-6.157426718622446,-6.45455634533937,-6.587350010746377,-5.821785089472542,-7.2725121304392815
331,-3.1396560668945312,-1.4521561861038208,-5.124031066894531,-7.850593566894531,-6.913150666514412,-6.075397379696369,-6.45999443497567,-6.413105368544166,-5.8272111400692665,-7.338417185470462
332,-3.9222702980041504,-1.9378951787948608,-5.71914529800415,-8.086332321166992,-7.187990422491566,-6.748315490782261,-6.609820483856311,-6.648845434108807,-6.977028248213173,-7.900027131661773
333,-4.374129772186279,-2.1163175106048584,-6.436629772186279,-9.280380249023438,-7.702298878652073,-7.223159924149513,-7.499160885327001,-6.944450855218747,-7.631977915127209,-8.208294452168047
334,-3.787959575653076,-1.7567095756530762,-5.850459575653076,-8.381709098815918,-7.29583573139098,-6.680876366794109,-6.975501298034942,-6.733283042847688,-7.006761668755644,-7.920022637583315
335,-3.860335111618042,-1.899397611618042,-5.774397850036621,-8.360335350036621,-7.329141376834741,-6.910093680024147,-6.774431347286736,-6.657218933069089,-7.047877668439469,-7.875306393019855
336,-4.005614280700684,-1.9274890422821045,-5.927489280700684,-8.271239280700684,-6.927612654704717,-6.566329270601273,-6.552577610884327,-6.4665693043134524,-7.00572001375258,-7.760011000558734
337,-4.065268039703369,-1.9168305397033691,-6.073080539703369,-8.557455062866211,-7.3153297882090556,-7.002006515860558,-6.95592999389919,-6.651214003527457,-7.057501553430484,-7.844007899053395
338,-4.070268630981445,-1.8437061309814453,-5.937456130981445,-8.703081130981445,-7.257816551966243,-6.893386006355286,-7.06248426397724,-6.703089117972013,-7.117185114952008,-7.7381231766194105
339,-4.527272701263428,-2.3241474628448486,-6.667897701263428,-8.91789722442627,-7.621061443533108,-7.57414984703064,-7.09762167864028,-6.753843307462375,-7.7772998806121905,-8.241945561021566
340,-2.9231319427490234,-1.3059443235397339,-4.946569442749023,-7.290319442749023,-6.696633098486927,-6.143829643726349,-6.126280784323171,-6.8606470822142,-5.673186300708039,-7.534984275698662
341,-3.939398765563965,-1.8925237655639648,-5.955023765563965,-8.298773765563965,-7.064514987869188,-6.777971714735031,-6.744147179655556,-6.564412236122735,-6.931669231787964,-7.803291063755751
342,-3.141610622406006,-1.3134857416152954,-4.985360622406006,-7.704110622406006,-7.008868572615029,-6.080700077116489,-6.321326374609271,-6.7666237353414544,-5.8682197321504646,-7.323884943500161
343,-4.483971118927002,-2.038658618927002,-6.140221118927002,-8.382408142089844,-6.952831023852923,-7.030739456415176,-6.819983479559596,-6.38242411601459,-7.202809210713895,-7.908643921837211
344,-3.9518933296203613,-1.9675184488296509,-6.037830829620361,-8.44408130645752,-7.194163199848845,-6.695183962583542,-6.873820661130594,-6.475342273646675,-7.053536888648523,-7.71037745475769
345,-2.958069324493408,-1.2080694437026978,-5.059631824493408,-7.403381824493408,-6.567519661926781,-5.883941914886236,-5.981551050161215,-6.497151017005308,-5.637821791446186,-7.205068555660546
346,-3.1685309410095215,-1.1997809410095215,-4.8794684410095215,-7.8247809410095215,-6.996763104420097,-5.914172105491161,-6.37950706407355,-6.723233580474698,-5.754538176013739,-7.337013461627066
347,-4.00897741317749,-1.8371026515960693,-6.11053991317749,-8.469915390014648,-6.985610840187292,-7.0241333693265915,-6.641829966698424,-6.469925641956252,-7.048098681629199,-7.64745188318193
348,-4.004755020141602,-1.864129900932312,-6.067255020141602,-8.614130020141602,-7.239195583104447,-6.866681955754757,-6.989170431275852,-6.621952891296132,-7.176681636432477,-7.840013314038515
349,-3.9556777477264404,-1.9791152477264404,-6.0494279861450195,-8.44005298614502,-7.072975510265678,-6.661133095622063,-6.674508925978444,-6.369756698477431,-7.065137859557581,-7.748160595074296
350,-4.031948089599609,-1.9303858280181885,-5.953823089599609,-8.50851058959961,-7.266397711828176,-6.831819027662277,-6.961674093457987,-6.867895483921529,-7.235131619647291,-8.023514162749052
351,-4.182188987731934,-2.0571889877319336,-6.197813987731934,-8.807188987731934,-7.45567893844418,-7.029877632856369,-7.010350226701121,-6.877509951556021,-7.182236908716732,-8.125740888528526
352,-4.563583850860596,-2.2120213508605957,-6.344833850860596,-9.032333374023438,-7.1417427057240275,-7.095056638121605,-6.891736626239435,-6.657340049724553,-7.258931993801525,-8.07517908141017
353,-3.5406346321105957,-1.4781347513198853,-5.931259632110596,-7.243759632110596,-7.087569115778024,-6.492612332105637,-6.298495291503059,-6.782833099305208,-6.962543725385331,-7.803254625760019
354,-3.6396732330322266,-1.9287357330322266,-5.725610733032227,-7.874048233032227,-6.803792117436387,-6.788775101304054,-6.452202915705129,-6.249056100814414,-6.8272180547210155,-7.4333376763388515
355,-4.100252151489258,-1.9752521514892578,-5.959627151489258,-8.709627151489258,-7.037830468922039,-6.682948812842369,-6.772169946707436,-6.6627633570997205,-7.194068191252882,-7.935218092054129
356,-3.9577603340148926,-1.6999479532241821,-5.949947834014893,-8.10619831085205,-6.723492735814943,-6.5403516590595245,-6.231263873778516,-6.3952751158576575,-6.707856769680802,-7.597742768935859
357,-3.0854430198669434,-1.2807555198669434,-4.976068019866943,-7.593255519866943,-6.874593969245325,-5.918445356190205,-6.265168070087384,-6.616706252010772,-5.788631675604847,-7.362939422950149
358,-3.301753520965576,-1.3486286401748657,-5.247066020965576,-7.989253520965576,-7.208069679931214,-6.0112424194812775,-6.692415832778352,-6.434579729940197,-5.965868590879836,-7.415387550368905
359,-4.005154132843018,-2.0364041328430176,-6.122341632843018,-8.145779609680176,-6.958373184548691,-6.710662364959717,-6.7239665965607855,-6.356729626570996,-6.966171738276898,-7.864894839003682
360,-4.3858442306518555,-1.9795942306518555,-6.1045942306518555,-8.799906730651855,-7.432779667935392,-7.055368632078171,-7.065571068942518,-6.878041267349545,-7.4874602541895,-8.221148912794888
361,-3.2859034538269043,-1.4421535730361938,-5.137465953826904,-7.801528453826904,-7.059456818540639,-6.075582154095173,-6.496887801979028,-6.614042401216466,-5.910990472824778,-7.424397800117731
362,-3.9333789348602295,-1.8865039348602295,-5.972441673278809,-8.386504173278809,-7.199087616303586,-6.8723021894693375,-6.870928047894267,-6.613076686809109,-7.128753064178454,-7.762192334979773
363,-4.18027925491333,-2.03184175491333,-5.93809175491333,-8.625591278076172,-7.227244373076246,-6.677667140960693,-6.891269086423563,-6.922478437355494,-7.070991393105942,-8.186917993240058
364,-4.007454872131348,-1.8668301105499268,-5.921517372131348,-8.499642372131348,-7.202870721244835,-6.825834408402443,-6.874718663166277,-6.624654531405213,-6.976280805567512,-7.6175538040697575
365,-4.076423168182373,-2.021735668182373,-6.013923168182373,-8.318611145019531,-7.021859161381144,-6.516270890831947,-6.678060409612954,-6.474874138741143,-6.928073402370501,-7.926086219027638
366,-4.374600410461426,-1.9761626720428467,-6.085537910461426,-9.062100410461426,-7.343409298115148,-6.776901885867119,-7.124635457377735,-6.718359589534884,-7.124652503563993,-7.966074613854289
367,-4.170525550842285,-2.0611507892608643,-5.951775550842285,-8.733025550842285,-6.975267051191622,-6.587397128343582,-6.709621428886749,-6.420534849123214,-7.022145865677885,-7.769451539963484
368,-4.09311580657959,-1.9446781873703003,-6.06186580657959,-8.47592830657959,-6.790282959715114,-6.56476816534996,-6.602746246251627,-6.501135229957072,-6.899643417527841,-7.682548150420189
369,-3.9871182441711426,-2.0261807441711426,-5.979305744171143,-8.260555267333984,-7.159126868849853,-6.438994966447353,-6.721582647143805,-6.424633145221378,-6.924722546857083,-7.7971286252141
370,-3.3097434043884277,-1.3331807851791382,-5.051930904388428,-7.840993404388428,-6.981747499710764,-6.058852963149548,-6.52853739164857,-6.770696759098428,-5.89577412170911,-7.3623692858964205
371,-3.246422529220581,-1.527672529220581,-5.37923526763916,-7.41048526763916,-6.651855221323785,-6.090290866792202,-6.073665378069563,-6.214241623665657,-5.870564813980309,-7.048907781019807
372,-4.216110706329346,-1.8176732063293457,-6.169235706329346,-8.372361183166504,-7.278732173217577,-6.663294367492199,-6.724013801285764,-6.848939537869228,-6.997430083727522,-7.96799043007195
373,-3.9762351512908936,-2.0231101512908936,-5.921547889709473,-8.429360389709473,-7.327877041541797,-6.798889592289925,-6.827840684927651,-6.562182545615542,-7.234103916507593,-7.912433200515807
374,-3.3663644790649414,-1.3273019790649414,-5.186676979064941,-8.202301979064941,-6.975837702695571,-6.058279305696487,-6.460152625310002,-6.444503188039562,-5.999264474856318,-7.269099285826087
375,-3.0717687606811523,-1.2905187606811523,-4.993643760681152,-7.353018760681152,-6.704670544451801,-5.950491953641176,-6.110884426612756,-6.384284257768741,-5.5874719589191955,-7.113998944871128
376,-3.9590535163879395,-1.9356160163879395,-5.9981160163879395,-8.404365539550781,-7.341961617668858,-6.809021845459938,-6.904420255144942,-6.60750150675085,-7.131005403425661,-7.8509071953594685
377,-4.267040729522705,-1.8686031103134155,-6.329540729522705,-8.767040252685547,-7.6577414245548425,-7.158960357308388,-7.149896739967517,-6.446737766220394,-7.392090200155508,-7.88122651912272
378,-4.135675430297852,-1.9169254302978516,-5.877862930297852,-8.659112930297852,-7.198249337328889,-6.855313196778297,-6.760716079839767,-6.698184847787161,-7.23729908279347,-7.906887006945908
379,-3.869082450866699,-1.8534574508666992,-5.869082450866699,-7.986269950866699,-6.986351248298888,-7.020443096756935,-6.642561673248565,-6.345657110140564,-7.025394318574399,-7.699231365695596
380,-4.414443016052246,-1.7894431352615356,-6.109755516052246,-9.094130516052246,-7.992611764904723,-7.367634125053883,-7.633228062968556,-7.086326122251194,-7.508225798068452,-8.151489658281207
381,-3.2010178565979004,-1.3572678565979004,-5.3650803565979,-7.3807053565979,-6.810479994790512,-6.414897106587887,-6.193231105473387,-6.685409664965846,-6.240132449700468,-7.599589949473739
382,-3.337224245071411,-1.2669117450714111,-5.235661506652832,-7.993474006652832,-6.970132823116728,-6.131270952522755,-6.298195361516264,-6.680988430873185,-6.009170529665425,-7.293881901539862
383,-2.9033117294311523,-1.2236242294311523,-4.965811729431152,-7.668936729431152,-7.114280104160571,-6.1853354796767235,-6.293953657006568,-6.965821266128842,-5.80959403462839,-7.5117800841107965
384,-4.138221740722656,-1.9585343599319458,-5.903846740722656,-8.583534240722656,-7.0914365012868075,-6.7416399121284485,-6.84140217150707,-6.536668777420346,-7.036720631622302,-7.770968474447727
385,-3.2764573097229004,-1.4092698097229004,-5.0889573097229,-7.5420823097229,-7.003171670832671,-6.049546331167221,-6.409319041948038,-6.471787094920728,-5.878120298104477,-7.16536368150264
386,-3.781477451324463,-1.633039951324463,-6.148664951324463,-7.609602451324463,-7.195607898313028,-6.901747569441795,-6.656521557790256,-7.031489968221649,-6.945569753203017,-7.885172933340073
387,-4.24920654296875,-2.014831781387329,-5.96014404296875,-8.78826904296875,-7.139902946786606,-6.686424359679222,-6.858626007044222,-6.577341914123281,-7.061769602696586,-7.817842383868992
388,-3.7968616485595703,-1.9218615293502808,-6.03904914855957,-7.73436164855957,-7.00794505009253,-6.395052880048752,-6.437567588392994,-6.375005483449058,-6.781367412593681,-7.861364161595702
389,-3.7426061630249023,-1.7894810438156128,-5.820731163024902,-8.883231163024902,-7.46138000459905,-6.6022966131567955,-6.758249759501268,-6.766049742680025,-7.023876666811702,-7.984773239586502
390,-4.005774021148682,-2.1073365211486816,-5.841711521148682,-8.69327449798584,-7.044896720028191,-6.425754606723785,-6.630809068064991,-6.6854699849727695,-6.927705763158883,-7.893834169022739
391,-4.164224147796631,-2.125161647796631,-6.070474147796631,-8.711099624633789,-7.2111829484128975,-6.569793567061424,-6.8283480386962765,-6.500175475978722,-7.047113534834352,-7.886314837262034
392,-4.364388465881348,-2.1300134658813477,-6.184700965881348,-8.778450965881348,-7.200416680032504,-6.6785034984350204,-6.778508184703242,-6.505025744362683,-7.153516767240944,-7.928627260029316
393,-4.105323791503906,-2.0115740299224854,-5.972511291503906,-8.581886291503906,-6.964769122510916,-6.703310243785381,-6.753804921150731,-6.605334281866817,-6.988198993625701,-7.923706732690334
394,-4.210402965545654,-2.046340227127075,-5.827590465545654,-9.015089988708496,-7.202655074892391,-6.440311960875988,-6.718255995881918,-6.5072872638265835,-7.054213402829191,-7.808953984640539
395,-4.018556594848633,-1.877931833267212,-6.081056594848633,-8.557619094848633,-7.307685730622325,-6.778584659099579,-6.932660698024847,-6.612316369962173,-7.026421664762893,-7.893559956923127
396,-4.451430797576904,-2.060805559158325,-6.349868297576904,-8.373305320739746,-7.240616671580938,-6.9422658532857895,-6.9671486572988215,-6.748323917225207,-7.560888763800904,-8.301719922572374
397,-3.9544882774353027,-1.8216757774353027,-5.970113277435303,-8.212301254272461,-7.259311070825788,-6.790104016661644,-6.767064210871467,-6.540441632145303,-6.993634578051569,-7.920757180079818
398,-3.603365659713745,-1.8533656597137451,-5.767427921295166,-7.181490421295166,-6.470708596505574,-6.097507193684578,-6.0565515737907845,-6.423690676608203,-6.494081612247101,-7.6711249109357595
399,-3.357623815536499,-1.381061315536499,-5.24824857711792,-8.099811553955078,-7.193660135133541,-6.2792206183075905,-6.521724104157329,-6.654513954998038,-6.146767970545625,-7.605180616490543
400,-3.909363269805908,-1.7531133890151978,-6.065613269805908,-8.159363746643066,-6.862564203242073,-6.927728809416294,-6.589095829902362,-6.581249475416371,-6.979728935737512,-7.604322995990515
401,-4.078465461730957,-1.8362782001495361,-6.070652961730957,-8.476902961730957,-7.609789130357967,-7.191377803683281,-7.101945876154787,-6.66441404813304,-7.453523872576625,-8.06917965784669
402,-3.7167534828186035,-1.6855034828186035,-5.7714409828186035,-8.435503005981445,-7.43562053948699,-6.79097443819046,-6.8964900958380895,-6.654270052773427,-7.201204535456782,-7.862836537882686
403,-4.371248245239258,-2.2696855068206787,-6.129060745239258,-8.800935745239258,-6.800999520171899,-6.682191789150238,-6.55097508352992,-6.308757781936947,-6.980689523406909,-7.549165857955813
404,-4.833456993103027,-2.0287694931030273,-6.528769493103027,-8.677206993103027,-8.02104794565821,-6.6290591061115265,-7.325716254519648,-6.73972117890753,-7.255413767328719,-8.45797283668071
405,-2.85526704788208,-1.3630794286727905,-4.90995454788208,-7.15995454788208,-6.597509025043109,-6.139177817851305,-5.808413982151251,-6.683403611115864,-5.5662549721419055,-7.506175745278597
406,-4.1038312911987305,-2.0178935527801514,-5.9788312911987305,-8.54133129119873,-7.275795098175877,-6.5200484693050385,-6.885138867626665,-6.525718212056745,-6.853910204634303,-7.799509497359395
407,-3.096076011657715,-1.3695135116577148,-4.986701011657715,-7.510138511657715,-6.363021728291642,-5.831876307725906,-5.839532613390475,-6.636393785390283,-5.589562295263022,-7.453327423892915
408,-3.747361660003662,-1.716111660003662,-5.536424160003662,-8.38017463684082,-7.184916613976384,-6.551605172455311,-6.7317606207834615,-6.73955726620261,-6.63803052806179,-7.727002466097474
409,-4.184969902038574,-2.059969902038574,-6.020907402038574,-8.474032402038574,-7.02098953386303,-6.536066055297852,-6.739708183908078,-6.583419442104059,-6.872532008150301,-7.921083344146609
410,-4.28378963470459,-2.158789873123169,-6.25253963470459,-8.62753963470459,-7.354174134525238,-6.96530693769455,-6.877593515851913,-6.643176078730903,-7.229172465711599,-7.870928384363651
411,-3.888291835784912,-1.935166835784912,-5.825791835784912,-8.052353858947754,-7.005537150620512,-7.0157400369644165,-6.51332676349557,-6.52111291881738,-7.0055311904798145,-7.864476555027068
412,-4.019651412963867,-1.8165262937545776,-5.847776412963867,-8.746213912963867,-7.4103615247731796,-6.733307704329491,-6.965009092262335,-6.69153761857433,-7.2697143534896895,-7.879465440288186
413,-3.2457120418548584,-1.2769620418548584,-5.0660247802734375,-8.003524780273438,-7.362976071308367,-6.260712508112192,-6.534802078827852,-7.003537297170624,-6.206714747226215,-7.749463554471731
414,-3.41090726852417,-1.27809476852417,-5.11403226852417,-8.153095245361328,-7.082912079014932,-6.105153899639845,-6.590643881543656,-6.7234278915184404,-5.903200501576066,-7.301717758178711
415,-3.011223316192627,-1.3080984354019165,-4.972160816192627,-7.815910816192627,-6.964413163943391,-6.01595925912261,-6.276878714099439,-6.667486786751397,-5.800342915812507,-7.327231930568814
416,-3.150029182434082,-1.2906540632247925,-5.071904182434082,-7.618779182434082,-6.868890875302895,-5.837010677903891,-6.220403073333728,-6.423488497495782,-5.775118108613242,-7.147905585356057
417,-4.014020919799805,-1.9749581813812256,-5.889020919799805,-7.849958419799805,-7.061108566558687,-6.6092772632837296,-6.59225499034801,-6.435921787880943,-7.0532063170248875,-7.891483074054122
418,-4.065807819366455,-1.862682580947876,-6.120495319366455,-8.479869842529297,-7.050255057583854,-6.84985089302063,-6.862725137769303,-6.542381763392768,-6.964298485298059,-7.762485897168517
419,-4.1740570068359375,-1.9943692684173584,-6.1740570068359375,-8.252182006835938,-7.1663767012069,-6.57795387506485,-6.799128887454572,-6.3615747688618285,-7.064766880248499,-7.830139411613345
420,-4.696588516235352,-1.9934637546539307,-6.141901016235352,-9.251276016235352,-7.821667310468911,-6.861598834395409,-7.313831566221779,-6.852849483429964,-6.977905271211057,-8.047305382788181
421,-4.35493278503418,-2.0893077850341797,-6.17524528503418,-8.90962028503418,-7.308118937529798,-6.860545963048935,-7.089349388210394,-6.79244291777286,-7.214366315081861,-7.962629362940788
422,-4.309240341186523,-2.0514280796051025,-6.106115341186523,-8.840490341186523,-7.246832724114938,-6.536151096224785,-6.801491616119165,-6.387379169368614,-7.043697115412215,-7.754998790100217
423,-3.860774040222168,-1.962336540222168,-5.782649040222168,-8.227961540222168,-7.1655948073312175,-6.686286464333534,-6.759279129604693,-6.665476322064933,-7.071796532836743,-7.897242434322834
424,-3.2622933387756348,-1.3872934579849243,-5.145105838775635,-7.770105838775635,-6.903008099339786,-6.003749553114176,-6.4342083922965685,-6.527934074278164,-5.785802957798296,-7.304648025892675
425,-4.05630350112915,-2.0641160011291504,-5.97036600112915,-8.431303977966309,-6.9001717497521895,-6.568260073661804,-6.47824883213616,-6.509445667119508,-6.947026605565043,-7.754701429978013
426,-3.9180612564086914,-2.0430612564086914,-5.910248756408691,-8.160248756408691,-6.965054743421206,-6.643207430839539,-6.590006110614922,-6.480578303191578,-6.855658288062841,-7.736506624147296
427,-3.492852210998535,-1.4459772109985352,-5.610039710998535,-7.656914710998535,-7.711648582335329,-7.078738413751125,-6.852251290985805,-6.899111509279464,-6.9694534532682155,-7.86726859677583
428,-3.695643186569214,-1.6565806865692139,-6.094080924987793,-7.976893424987793,-7.414436458613636,-6.628106541931629,-6.898795961955329,-6.992525339102485,-7.187856316244506,-7.79850657004863
429,-4.008594989776611,-2.0632827281951904,-5.883594989776611,-8.26640796661377,-7.071229925582884,-6.504753842949867,-6.6102240063482895,-6.453923463694082,-6.836804743987159,-7.89614849537611
430,-2.8363633155822754,-1.2894881963729858,-5.023863315582275,-7.008238315582275,-6.203649635201145,-5.893338475376368,-5.695772170445707,-6.680132031266112,-5.336421368821902,-7.537095118314028
431,-4.093759536743164,-2.054697275161743,-5.921884536743164,-8.375009536743164,-6.945388672516856,-6.876163646578789,-6.562549351852795,-6.4375183581914825,-6.9531930667908455,-7.645276510156691
432,-4.067986011505127,-2.083611011505127,-5.817986011505127,-8.419548988342285,-6.849313613740378,-6.348491862416267,-6.372721074880246,-6.247688293347892,-6.966501948139921,-7.639835825189948
433,-4.06859016418457,-2.052964925765991,-6.02171516418457,-8.31859016418457,-6.8264875375971314,-6.747218564152718,-6.5061346282600425,-6.451413154547481,-7.021783945579955,-7.951907265931368
434,-3.881836175918579,-1.936523675918579,-5.975586414337158,-8.2255859375,-6.928797598942765,-6.664307057857513,-6.538146851620695,-6.428722500739241,-6.944402811706823,-7.7751988265663385
435,-2.978914737701416,-1.377352237701416,-4.916414737701416,-7.471102237701416,-6.643087857803039,-5.736454542726278,-5.99459588370155,-6.5570592878339085,-5.596198911764077,-7.290675047785044
436,-2.950237274169922,-1.0986748933792114,-4.887737274169922,-6.942424774169922,-6.8644715400005225,-5.919315904378891,-6.200353019688919,-6.583077191929988,-5.770702946378151,-7.37967611476779
437,-4.106781959533691,-1.9270942211151123,-5.997406959533691,-8.427094459533691,-7.39592051217187,-6.837574809789658,-7.05995082759182,-6.75522840019039,-7.161528466389427,-8.013132844120264
438,-3.0762929916381836,-1.2872304916381836,-5.060667991638184,-7.677855491638184,-6.8029699260077905,-5.917187202721834,-6.295082925953466,-6.505995750310831,-5.740429517863959,-7.3149456307291985
439,-4.058887958526611,-1.9963879585266113,-6.113575458526611,-8.347949981689453,-6.949602003900509,-6.7727727591991425,-6.660499929159414,-6.426087498592096,-7.0745872231564135,-7.865349046885967
440,-4.507005214691162,-2.194505214691162,-6.382005214691162,-9.022629737854004,-7.460200426496158,-7.051182419061661,-7.186750291119097,-6.749204277924946,-7.444574234490574,-8.17791076283902
441,-4.108283042907715,-2.014533281326294,-5.967658042907715,-8.280158042907715,-7.249066817079438,-6.96724858880043,-6.75680553552229,-6.545800685726135,-7.1786814891092945,-7.969466924667358
442,-3.033686637878418,-1.4321242570877075,-5.096186637878418,-7.228999137878418,-6.588531600951683,-5.830941081047058,-6.119696733701858,-6.330586075484462,-5.721325030288426,-7.272753000259399
443,-4.246016979217529,-2.1210169792175293,-6.152266979217529,-8.964766502380371,-7.425743817508192,-6.870638132095337,-7.011677860569762,-6.417899608582957,-7.191378949850332,-7.819933325983584
444,-4.08718204498291,-1.7356195449829102,-5.93093204498291,-8.82155704498291,-7.6419745628518285,-7.062214411795139,-7.407555935882556,-6.938757538710888,-7.274747369541728,-8.015686390921474
445,-3.745854377746582,-1.9567917585372925,-5.870854377746582,-8.058354377746582,-7.128777140256716,-6.513100638985634,-6.644364115963981,-6.597431540381876,-6.933446164686757,-7.885317590087652
446,-3.6779818534851074,-1.8029818534851074,-5.701419353485107,-8.09204387664795,-6.826538198081835,-6.2022548243403435,-6.271790145128762,-6.498306274343122,-6.654626962110342,-7.654121723026037
447,-4.026257514953613,-2.0653202533721924,-5.940320014953613,-8.198132514953613,-7.073233122529928,-6.6795103549957275,-6.588819144257286,-6.432518005316524,-6.8154027427808614,-7.808062203228474
448,-3.8648252487182617,-1.9663878679275513,-5.872637748718262,-8.122637748718262,-7.216518989531323,-6.621797189116478,-6.700849290915357,-6.583591937878737,-6.911804908995691,-7.822984628379345
449,-3.8991448879241943,-1.8132073879241943,-5.977269649505615,-8.367895126342773,-7.48515617573139,-7.0385337471961975,-6.946064590396418,-6.633528709370694,-7.180450795505749,-7.90525674354285
450,-3.160853147506714,-1.3717906475067139,-5.043665885925293,-7.684290885925293,-7.020406468742294,-5.89219356700778,-6.504681107362558,-6.793691157974536,-5.965682973299408,-7.484418727457523
451,-3.902848482131958,-2.035660982131958,-6.020035743713379,-8.035660743713379,-6.910737511549087,-6.939069181680679,-6.520077942910575,-6.152856945953317,-6.902919528329221,-7.650355281308293
452,-4.084719181060791,-2.30346941947937,-6.123781681060791,-8.33471965789795,-7.366031406374532,-6.439360089600086,-6.725412724052148,-6.60035729399624,-7.256672140894807,-8.378278601914644
453,-4.019190311431885,-2.120753049850464,-6.050440311431885,-8.316065788269043,-7.089595551959064,-6.673751965165138,-6.8239347918497515,-6.652015924367333,-6.95677220485959,-8.009072972461581
454,-3.8567419052124023,-1.9192417860031128,-5.958304405212402,-8.286429405212402,-6.73177814418159,-6.535198241472244,-6.505208253443925,-6.1536240577443095,-6.747409819636232,-7.33033318258822
455,-3.089932441711426,-1.3789949417114258,-5.011807441711426,-7.691494941711426,-6.980631706341228,-6.115403752774,-6.339961051531645,-6.754007577816083,-5.8165639615108375,-7.459412368945777
456,-4.09935188293457,-1.8415392637252808,-6.09935188293457,-8.20091438293457,-7.107259269025235,-6.832992255687714,-6.818151234361721,-6.505612969336653,-7.138485190742358,-7.884301487356424
457,-4.124711990356445,-2.0387744903564453,-6.077836990356445,-8.616899490356445,-7.273236032553541,-6.790052577853203,-6.866954444329167,-6.741909980719356,-7.031029222132929,-7.991967281326652
458,-3.06436824798584,-1.3221808671951294,-4.91593074798584,-7.73624324798584,-7.080099696213438,-5.914433512836695,-6.40815806309547,-6.712819099337139,-5.79100441661285,-7.318417374044657
459,-3.9186806678771973,-1.9186805486679077,-5.949930667877197,-7.981180667877197,-6.793779845087556,-6.835967049002647,-6.590612648295064,-6.489006876851818,-6.879702564496256,-7.953564323484898
460,-4.040157794952393,-1.9385952949523926,-6.001095294952393,-8.524532318115234,-7.438697571291414,-6.871862709522247,-7.0324004873291415,-6.680794000562855,-7.313663480337709,-8.04305237159133
461,-3.25707745552063,-1.3820774555206299,-5.186764717102051,-7.733639717102051,-7.1087474764935905,-5.944746136665344,-6.452444313465094,-6.522718191019521,-5.9134061305376235,-7.372084665112197
462,-3.9167490005493164,-2.0104990005493164,-5.901124000549316,-8.315186500549316,-7.284017917176243,-6.770713463425636,-6.799606918255449,-6.5417591332879965,-7.112130758745479,-7.908314133994281
463,-4.05863094329834,-1.9726934432983398,-6.12894344329834,-8.49613094329834,-7.222803586613736,-6.789636850357056,-6.933698890286905,-6.574266910492952,-6.98058330713684,-7.873547613620758
464,-3.2177541255950928,-1.4911916255950928,-5.428691864013672,-7.499004364013672,-6.585063926875591,-5.907117418944836,-6.085000870869408,-6.4130799769491205,-5.944430940799066,-7.373009662143886
465,-3.975903272628784,-2.116528272628784,-6.124340534210205,-8.022778511047363,-6.952554937182867,-6.733694687485695,-6.577516316079709,-6.225913047740505,-6.968166706043121,-7.768549490720034
466,-4.177134990692139,-2.0599477291107178,-6.099009990692139,-8.739635467529297,-7.50531852073982,-7.071832969784737,-7.036544441583828,-6.591205835307846,-7.169375775825756,-7.885052769444883
467,-3.5418860912323,-1.4090735912322998,-5.299698829650879,-8.354386329650879,-7.706017730248277,-6.546035788953304,-6.92472839311813,-7.0809599160529615,-6.51850807491428,-7.8632089560851455
468,-3.9350738525390625,-2.0991363525390625,-5.8256988525390625,-8.364761352539062,-7.138290758681251,-6.406649976968765,-6.6929488162568305,-6.536649107852099,-6.7398450339605915,-7.867914756760001
469,-3.0334272384643555,-1.455302119255066,-5.0021772384643555,-7.4787397384643555,-6.50227903801715,-5.712650835514069,-5.95534825219147,-6.330319046832301,-5.494445916694531,-7.187464135698974
470,-2.882274627685547,-1.3119621276855469,-4.936962127685547,-7.601024627685547,-6.866722223508987,-5.854305177927017,-6.218243002414965,-6.554163217451787,-5.647953628034884,-7.298631207086146
471,-3.9817733764648438,-1.9114608764648438,-5.973960876464844,-8.497398376464844,-6.888104912293784,-6.607353150844574,-6.583385704707325,-6.380221486035225,-6.770903823453409,-7.715339506976306
472,-3.8008551597595215,-1.8242926597595215,-5.9492926597595215,-8.22273063659668,-7.058819759244216,-6.511125333607197,-6.746289722621441,-6.285248875443358,-6.910327191413671,-7.620656194165349
473,-3.626819133758545,-1.665881633758545,-5.658069133758545,-8.150257110595703,-6.329987882611022,-6.3017343282699585,-5.7987194058077876,-6.244015097582633,-6.251854657497461,-7.643474938347936
474,-3.1663818359375,-1.3929442167282104,-5.6585693359375,-7.3616943359375,-6.799300068989396,-6.240926675498486,-6.228975649246422,-6.51016628682919,-6.596144554168859,-7.612591352313757
475,-3.9754514694213867,-1.9285763502120972,-5.959826469421387,-8.319201469421387,-7.436513177788584,-6.891929060220718,-6.952084658034437,-6.662965297603478,-7.1864786107908,-7.979425700381398
476,-3.878181219100952,-1.8703687191009521,-5.932868480682373,-8.206306457519531,-7.237641211693699,-6.766486197710037,-6.893854140074836,-6.690692543916157,-6.917308924443205,-7.936439223587513
477,-3.930436611175537,-1.9069989919662476,-6.031999111175537,-8.180436134338379,-7.000863903129357,-6.813250496983528,-6.594571706998977,-6.430449366488574,-6.891455766206491,-7.7457682359963655
478,-4.07004976272583,-1.92942476272583,-5.88254976272583,-8.507549285888672,-7.257623312150827,-6.946292504668236,-6.788841723515361,-6.78099739546451,-7.0935490112315165,-7.848692551255226
479,-3.9766974449157715,-1.914197325706482,-5.9610724449157715,-8.484509468078613,-7.226764080689463,-6.8081913739442825,-6.828297495136212,-6.531394243196701,-6.984567402141693,-7.733896973542869
480,-3.9506163597106934,-1.9193663597106934,-5.911553859710693,-8.239678382873535,-7.3648350116855,-6.714525923132896,-6.903824325934693,-6.755324959533027,-7.099158519988123,-8.10983750782907
481,-3.798541784286499,-1.907916784286499,-5.837604522705078,-8.337604522705078,-7.251731632051815,-6.785428196191788,-6.775145291452645,-6.486051201778537,-6.900166032806737,-7.789033466018736
482,-3.9436614513397217,-1.8811614513397217,-5.990536212921143,-8.4045991897583,-7.053104398306459,-6.622646622359753,-6.646829961773619,-6.553046703284053,-6.818716047691851,-7.835680153220892
483,-3.7761855125427246,-1.9402480125427246,-5.744935512542725,-7.948060512542725,-7.120030279438652,-6.666106358170509,-6.5496808273783245,-6.479323506270703,-6.987191317130055,-7.768027439713478
484,-3.201547622680664,-1.3031100034713745,-5.443735122680664,-7.803110122680664,-6.936023587848467,-6.050909541547298,-6.467227099841693,-6.514063835013076,-5.990713590988889,-7.40295129083097
485,-4.050039768218994,-1.8625400066375732,-5.862539768218994,-8.956290245056152,-7.3782477344429935,-6.782135583460331,-7.02665185805381,-6.573488116205226,-7.198542354373785,-7.837841913104057
486,-3.8419885635375977,-1.7794886827468872,-5.927926063537598,-8.263863563537598,-6.912391420097265,-6.634928107261658,-6.724848269303038,-6.427938938058105,-6.849866984099208,-7.781120153144002
487,-3.2919747829437256,-1.3857247829437256,-5.260725021362305,-7.831037521362305,-7.018617269197421,-6.038513153791428,-6.35451114112584,-6.588864207166807,-5.97172641549696,-7.373890534974635
488,-3.1476194858551025,-1.7257444858551025,-5.577306747436523,-7.561681747436523,-6.335166214794299,-6.436009526252747,-5.796083092342087,-6.178876399968431,-6.8195413339963125,-7.380052577704191
489,-2.9396605491638184,-1.431848168373108,-4.970910549163818,-7.408410549163818,-6.556996453713509,-5.6424267292022705,-5.947537777712569,-6.306868910571211,-5.564781539273099,-7.232331329956651
490,-3.2679574489593506,-1.3460824489593506,-5.14295768737793,-7.82264518737793,-7.01031695320853,-5.933246403932571,-6.424283740016108,-6.642983913077842,-5.979045618179953,-7.395459936931729
491,-3.0255510807037354,-1.3536760807037354,-5.166175842285156,-7.713050842285156,-6.705365292116767,-5.834789380431175,-6.205286263269954,-6.564629435410097,-5.744398589122284,-7.446411990560591
492,-3.9126877784729004,-1.6236251592636108,-5.8736252784729,-8.568937301635742,-7.279950973505038,-6.696614153683186,-6.920539616763563,-6.397073149627431,-7.108059642938315,-7.8423335729166865
493,-2.8124172687530518,-1.3671047687530518,-5.140542030334473,-7.187417030334473,-6.437509532464901,-5.529396176338196,-5.859340904949931,-5.8905603883958975,-5.609372493367118,-7.115812329575419
494,-3.271430015563965,-1.3651798963546753,-5.185492515563965,-8.005805015563965,-7.013727778074099,-5.986190266907215,-6.365228770973772,-6.732383131859024,-5.826215262401092,-7.434245086275041
495,-4.114542484283447,-1.9817297458648682,-5.942667484283447,-8.239542007446289,-7.14590119724744,-7.091525465250015,-6.778662799119047,-6.622366905141462,-7.2005554409188335,-7.890421357005835
496,-4.367608070373535,-1.9457330703735352,-6.289483070373535,-8.937920570373535,-7.586444254979142,-7.24833220243454,-7.297338127184048,-6.859806060736446,-7.437980650051031,-8.03271391056478
497,-3.943308115005493,-1.8417456150054932,-5.919870853424072,-8.208932876586914,-6.787158245817409,-6.667224273085594,-6.404296516087925,-6.302695035866236,-6.834004518837901,-7.5375419575721025
498,-3.8013014793395996,-1.7622389793395996,-5.7075514793396,-7.8325514793396,-6.660850390573614,-6.454102054238319,-6.184192892775172,-6.262257814229088,-6.496732347157376,-7.4304676335304976
499,-4.136449813842773,-2.1051995754241943,-6.081762313842773,-8.597387313842773,-7.284948466338392,-7.014678999781609,-6.816173433606309,-6.620832562416581,-7.191194413462654,-7.906891371123493
500,-3.81154727935791,-1.6709222793579102,-5.93654727935791,-7.85842227935791,-7.022617688882747,-6.531260788440704,-6.717869159976544,-6.5381252764454985,-6.850701327901334,-7.912658663466573
501,-4.260512828826904,-2.2917628288269043,-6.041762828826904,-9.268325805664062,-6.862123249811702,-6.75545047223568,-6.432417511499807,-6.752708077400712,-6.869932769717707,-7.896015963517129
502,-3.0008559226989746,-1.328980803489685,-5.024293422698975,-7.477418422698975,-6.782205934294325,-5.664064589887857,-6.0243388404051075,-6.703999996003404,-5.571253892107052,-7.470473038032651
503,-3.0282938480377197,-1.3798563480377197,-5.122043609619141,-7.879856109619141,-6.567432758252835,-5.607907511293888,-5.9814611664296535,-6.403310537194557,-5.497110126190819,-7.205076626501977
504,-4.290760517120361,-2.1423230171203613,-6.181385517120361,-8.322010040283203,-6.892464150965679,-6.6532319486141205,-6.533025619355612,-6.423593044080917,-6.759619349279092,-7.70845608972013
505,-3.8920400142669678,-1.9389150142669678,-6.009227275848389,-8.220165252685547,-6.89213764188753,-6.481600746512413,-6.524901508073526,-6.438925981458851,-6.735855458013248,-7.84635160677135
506,-2.967263698577881,-1.2485136985778809,-4.904763698577881,-7.396951198577881,-6.490810030736611,-5.58740121871233,-5.818881510160281,-6.381348490465825,-5.397035118396161,-7.100003977306187
507,-3.968536853790283,-1.8122869729995728,-5.851349353790283,-8.781037330627441,-7.085792062374821,-6.571395866572857,-6.859195231834747,-6.648234248112203,-7.08577835413962,-7.911930848844349
508,-4.090146064758301,-2.004208564758301,-6.113583564758301,-8.3713960647583,-7.012125129054766,-6.527466714382172,-6.4964568596478784,-6.449535012147862,-6.668361778909457,-7.766578668728471
509,-3.8643417358398438,-1.8330918550491333,-5.926841735839844,-8.434654235839844,-7.137848732440034,-6.626684531569481,-6.6925014251428365,-6.442475557288162,-6.989396570610552,-7.772025406360626
510,-3.91072416305542,-1.8247865438461304,-5.78572416305542,-8.371661186218262,-7.16865920269629,-6.697339355945587,-6.793594716295047,-6.5044872759908685,-6.942057725274935,-7.797950558364391
511,-3.8262624740600586,-1.8887624740600586,-6.037199974060059,-8.435637474060059,-7.248225565846951,-6.7699214220047,-6.716938136723911,-6.38877308363044,-7.021646497072652,-7.71758783236146
512,-4.234775543212891,-1.6644630432128906,-6.414463043212891,-8.34415054321289,-7.195915916847298,-6.971582546830177,-6.883358110397239,-6.344174146373916,-7.383340231433976,-7.683623233810067
513,-2.913381576538086,-1.468069076538086,-5.046194076538086,-7.288381576538086,-6.499400850763777,-5.7324317172169685,-5.889973759210989,-6.24933361996591,-5.5931390499463305,-7.279960919171572
514,-4.067448616027832,-2.028386116027832,-5.965886116027832,-8.700261116027832,-7.153458235050493,-6.644038528203964,-6.747180818510969,-6.637771010349752,-6.75501632461237,-7.854863493703306
515,-4.079283237457275,-1.8214706182479858,-6.219908237457275,-7.868345737457275,-7.368488063220866,-7.01276932656765,-6.8449858396925265,-6.540237665032691,-7.384065742749954,-8.069568479433656
516,-3.6947450637817383,-1.7494324445724487,-5.858807563781738,-8.171307563781738,-7.069867484227871,-6.297911681234837,-6.6010639643791365,-6.374448299284268,-6.655781740992097,-7.722980452701449
517,-3.0954089164733887,-1.2907215356826782,-5.032908916473389,-7.673533916473389,-6.720477817070787,-5.753013301640749,-6.025137185220956,-6.478238582463746,-5.70484649939317,-7.249355006031692
518,-3.953019142150879,-1.9920817613601685,-5.749894142150879,-8.351456642150879,-7.421833751497616,-6.945426143705845,-6.906180738733383,-6.898339986766587,-7.054636476921587,-8.131591635756195
519,-3.2292706966400146,-1.3933331966400146,-5.901145935058594,-7.010520935058594,-6.565285322096315,-6.398948043584824,-6.057451008233329,-6.6902303693277645,-6.6121257534614415,-7.686150980181992
520,-3.746140956878662,-1.8633283376693726,-5.800828456878662,-8.105515480041504,-6.9415683680344955,-6.645182684063911,-6.519645092652354,-6.464905977136368,-6.761861796556332,-7.701510390266776
521,-4.063022136688232,-1.8677096366882324,-6.063022136688232,-8.500521659851074,-7.242805833957391,-6.902138091623783,-6.883402702878811,-6.508346438337867,-7.063088653259911,-7.790335541591048
522,-3.8355510234832764,-1.9214885234832764,-6.0074262619018555,-8.233988761901855,-7.09347068691568,-6.674709685146809,-6.71843015927152,-6.530878186122209,-6.937196966522606,-7.848088648170233
523,-3.7685465812683105,-1.9404217004776,-6.0654215812683105,-7.9794840812683105,-6.885838383954251,-6.553560227155685,-6.51079559136997,-6.354499339940958,-6.792069789073139,-7.807085033506155
524,-4.0465312004089355,-1.7652812004089355,-6.5230937004089355,-8.179343223571777,-7.820014833338064,-7.484022840857506,-7.241880893016059,-7.194977879482394,-7.421558737376472,-8.304574713110924
525,-3.945256233215332,-2.109318733215332,-6.007756233215332,-8.117131233215332,-7.078164096099499,-6.622582197189331,-6.664063690441253,-6.6640191077358395,-6.710971470572986,-7.985853770747781
526,-3.235734462738037,-1.4076093435287476,-5.321671962738037,-7.774796962738037,-6.6732968072537915,-6.138802707195282,-6.017009019549732,-6.470119833892568,-6.079542396775651,-7.262383861467242
527,-3.039654016494751,-1.281841516494751,-4.969341278076172,-7.906841278076172,-7.297504185909929,-6.198341980576515,-6.602169751993642,-6.7193495034835,-5.914692401140201,-7.617718018591404
528,-4.046915531158447,-1.9687902927398682,-6.015665531158447,-8.601602554321289,-7.46104848136747,-6.876659318804741,-6.93758201512901,-6.7188018559763805,-7.070410607586382,-7.897291704080999
529,-3.9775660037994385,-1.8760035037994385,-6.071316242218018,-8.43850326538086,-7.368257281981641,-6.806529954075813,-7.047918557327648,-6.704138040498947,-7.227624891467713,-8.148314714431763
530,-2.817293167114258,-1.1610432863235474,-4.840730667114258,-7.598543167114258,-6.825182315747952,-5.73757690936327,-6.325138449130463,-6.60636973371129,-5.731401680841373,-7.226731720380485
531,-4.0063862800598145,-2.0220110416412354,-5.7876362800598145,-8.678260803222656,-7.061134813353419,-6.719327002763748,-6.787671565387427,-6.553270339924893,-6.904882310107496,-7.856245434843004
532,-3.999441623687744,-1.4291291236877441,-5.491629123687744,-9.124441146850586,-7.351040124245628,-6.007982347160578,-6.905716657325684,-7.593200325927683,-6.593211173820237,-8.120810057036579
533,-3.9834744930267334,-2.1240994930267334,-6.1631622314453125,-8.108474731445312,-7.132029764899926,-6.611303821206093,-6.569490429683356,-6.741301774873136,-7.053871151263593,-7.939366871491075
534,-3.994724750518799,-1.8619122505187988,-5.979099750518799,-8.61972427368164,-7.2838480454083765,-6.8859884068369865,-6.971321939821792,-6.697859406424868,-7.065081237778941,-7.930096802301705
535,-3.9271316528320312,-1.6302566528320312,-5.927131652832031,-8.286506652832031,-7.567799924869178,-7.2646490931510925,-7.052157759326292,-6.817763686155558,-7.145911931533192,-8.062626529484987
536,-3.8939192295074463,-1.8704817295074463,-5.901731491088867,-8.307981491088867,-7.175279849579965,-6.761686876416206,-6.800231335604622,-6.542371392139103,-7.143990990909515,-7.811632804572582
537,-3.6375327110290527,-1.7156575918197632,-5.739095211029053,-7.723470211029053,-6.9736807124718325,-6.358872190117836,-6.40327345654805,-6.332866906885101,-6.653292646835325,-7.764948051422834
538,-4.247374534606934,-2.0520617961883545,-6.137999534606934,-8.755187034606934,-7.450553415754257,-6.985903948545456,-7.028658508676017,-6.669256806347221,-7.059918641072727,-7.891698250547051
539,-4.030413627624512,-1.9601011276245117,-5.967913627624512,-8.389788627624512,-6.85861718346132,-6.67496557533741,-6.52264547249797,-6.397611737194893,-6.999230024994176,-7.815723305568099
540,-3.9097118377685547,-2.0581493377685547,-5.870649337768555,-8.105024337768555,-7.003593555360567,-6.592938229441643,-6.589474198401149,-6.6362907885159075,-6.933240886311978,-7.9224352817982435
541,-4.2813801765441895,-2.1407551765441895,-6.5235676765441895,-8.031380653381348,-7.0705954911827575,-6.86986443400383,-6.53928374829411,-6.414210676985022,-7.1721237827514415,-8.164725311100483
542,-3.953813314437866,-1.8366258144378662,-5.914751052856445,-8.469438552856445,-7.047621486894059,-6.650433853268623,-6.821036338184058,-6.422571897472153,-6.836677192335628,-7.617832116782665
543,-3.8593454360961914,-1.9609079360961914,-5.921845436096191,-8.249970436096191,-7.109474769808003,-6.582200109958649,-6.67191850872041,-6.554677724641806,-6.992251153416873,-7.963946085423231
544,-3.9305386543273926,-1.9071011543273926,-6.086788654327393,-8.227413177490234,-6.8290815297878,-6.807675912976265,-6.524344085111807,-6.4227409361701575,-6.930615064564336,-7.7955593802034855
545,-2.8722641468048096,-1.2941391468048096,-4.7941389083862305,-7.6144514083862305,-6.973961701776716,-5.702860068529844,-6.223871349277033,-6.723844885655126,-5.653600092991837,-7.229715229012072
546,-4.101994037628174,-2.109806537628174,-5.969181537628174,-8.609806060791016,-7.000496981389006,-6.633063405752182,-6.852039097724628,-6.617628574325863,-7.039560673401866,-7.961082241497934
547,-3.7490053176879883,-1.9833804368972778,-5.881817817687988,-7.913067817687988,-6.710054629751539,-6.446495071053505,-6.241254446991661,-6.436518549831817,-6.678782816648891,-7.783645834773779
548,-3.755175828933716,-1.7317383289337158,-6.317675590515137,-8.067675590515137,-7.552087425508944,-6.83076810836792,-6.552085756637098,-6.684871077505704,-7.575510978436796,-7.838924570009112
549,-3.171548843383789,-1.374673843383789,-5.773111343383789,-7.265298843383789,-6.999754187214421,-6.346958186477423,-6.155986783909611,-6.952816247789087,-6.874721645166574,-7.76238635648042
550,-2.9053783416748047,-1.2413159608840942,-4.881940841674805,-7.483503341674805,-6.897659416586976,-5.706420708447695,-6.124180434777372,-6.702272176564293,-5.671079275110969,-7.301698595285416
551,-3.644561767578125,-1.9726866483688354,-5.769561767578125,-8.230499267578125,-6.933720345652546,-6.343812823295593,-6.488370536029834,-6.31645154942089,-6.785284156823764,-7.725861581042409
552,-2.7399845123291016,-1.279046893119812,-4.646234512329102,-7.724359512329102,-6.724451060872525,-5.753433752804995,-6.099390744675475,-6.6618762014895765,-5.536918519184837,-7.2377416510134935
553,-3.64160418510437,-1.8056666851043701,-5.891603946685791,-8.12597942352295,-7.094828839079128,-6.560124084353447,-6.665096400658513,-6.500992417244561,-6.852611420094036,-7.7938152980059385
554,-3.041403293609619,-1.3773407936096191,-5.096090793609619,-7.830465793609619,-6.760223386212601,-5.784332349896431,-6.14300775439915,-6.3461073635644425,-5.643033382992144,-7.179179129190743
555,-2.7740330696105957,-1.1021580696105957,-5.250595569610596,-6.938095569610596,-7.313246477177017,-5.874503292143345,-6.617873306968249,-5.84437453704777,-6.2741285516895005,-7.116416128352284
556,-3.599808692932129,-2.029496192932129,-6.271683692932129,-7.201371192932129,-6.592159615509445,-6.198778375983238,-6.13116156525939,-6.326389670201024,-6.5530329893372254,-7.59032865613699
557,-3.699411630630493,-1.7619116306304932,-5.949411869049072,-8.472848892211914,-7.144805189680483,-6.443905457854271,-6.668216942223808,-6.3634877204003715,-6.77760576964647,-7.820731163024902
558,-3.2224059104919434,-1.2770932912826538,-4.870843410491943,-8.066155433654785,-7.105341665301239,-6.105392679572105,-6.589632152761624,-6.6442999837963725,-6.066251988566364,-7.322047671303153
559,-3.749779224395752,-1.7732166051864624,-5.859154224395752,-8.116966247558594,-7.031102058615943,-6.4589813798666,-6.718578337415238,-6.4060411452537664,-6.757661816998734,-7.809228055179119
560,-3.948728084564209,-1.831540584564209,-5.995603084564209,-8.362791061401367,-7.112921467793058,-6.718821212649345,-6.730042932314973,-6.558118462444327,-6.995701189000101,-7.84311243891716
561,-4.265041351318359,-2.1869163513183594,-6.093166351318359,-8.74160385131836,-7.444813486334169,-6.975137427449226,-6.929156182828592,-6.68692684168127,-7.249504681502003,-7.913091325201094
562,-3.627919912338257,-1.7294824123382568,-5.713857650756836,-8.268545150756836,-6.932710284687346,-6.305573172867298,-6.502972482267069,-6.331057906069873,-6.526441570575116,-7.512361779808998
563,-4.029283046722412,-1.8652204275131226,-6.154283046722412,-8.537095069885254,-7.162173268159677,-6.890128389000893,-6.865264772390219,-6.677732109956196,-7.107467411187827,-7.976592989638448
564,-3.954744338989258,-1.7828693389892578,-5.853181838989258,-8.368806838989258,-7.204844231382594,-6.847302109003067,-6.821984289701504,-6.6813170909354085,-6.970435736358922,-7.7688234355300665
565,-4.075219631195068,-2.0127193927764893,-6.075219631195068,-8.30959415435791,-6.887799140633433,-6.729013979434967,-6.4737021912915225,-6.567419767299725,-6.926858303027984,-8.031882036477327
566,-3.8561012744903564,-1.8248512744903564,-6.051413536071777,-8.668601036071777,-7.090537188567396,-6.667991980910301,-6.738956688903272,-6.262361407226308,-7.113968490044499,-7.613447696901858
567,-4.027236461639404,-1.8944242000579834,-6.058486461639404,-8.652236938476562,-7.074192520667566,-6.7425821125507355,-6.792906402530207,-6.527248144081568,-6.910114047794195,-7.769228025339544
568,-3.6313223838806152,-1.5297600030899048,-5.912572383880615,-8.451635360717773,-7.381351470523441,-6.913744270801544,-6.967283487041641,-6.2328910827445725,-7.131348013548632,-7.463213152252138
569,-4.00965690612793,-1.8377819061279297,-5.86903190612793,-8.72840690612793,-7.0409765219301335,-6.800596222281456,-6.85345029736709,-6.548728942825619,-6.783146380028484,-7.6874083802104
570,-3.9289913177490234,-1.9289913177490234,-5.882116317749023,-8.366491317749023,-7.132215375764645,-6.67983466386795,-6.8118689039038145,-6.5149418114770015,-6.788438675168436,-7.774610850960016
571,-4.216228485107422,-1.9584159851074219,-6.028728485107422,-8.684978485107422,-7.216303345740016,-6.938002377748489,-6.888150810074876,-6.55217492576412,-7.200662372761144,-7.871277470141649
572,-3.8017144203186035,-1.7001519203186035,-5.7470269203186035,-8.286088943481445,-7.4424239361324,-6.888092964887619,-6.965827225372777,-6.598600745136537,-7.129890321390121,-7.828555069863796
573,-3.79500675201416,-1.8106318712234497,-5.95125675201416,-8.11531925201416,-6.771692268433981,-6.460538819432259,-6.568504808499711,-6.435648441174635,-6.646657582197804,-7.713982531800866
574,-3.2664437294006348,-1.3289437294006348,-5.133631229400635,-7.774256229400635,-7.024364346383663,-6.0701587572693825,-6.414921640534885,-6.625836372219055,-5.961830613232451,-7.302740507759154
575,-4.09198522567749,-2.0294852256774902,-6.10761022567749,-8.943548202514648,-7.412340163282352,-6.948371425271034,-7.217014431527787,-6.631054639792183,-7.037333249416406,-7.6329109743237495
576,-4.031857013702393,-1.8834195137023926,-5.945919513702393,-8.586544036865234,-7.141286848473101,-6.9213074296712875,-6.906891822207399,-6.5631153583181,-7.180346964414639,-7.833564109168947
577,-3.89357328414917,-1.7216984033584595,-6.15919828414917,-8.971698760986328,-7.956091284590002,-7.261045962572098,-7.69827842696759,-6.549828171718218,-7.659218311109726,-8.020478447899222
578,-3.0931930541992188,-1.2103804349899292,-4.897880554199219,-7.944755554199219,-7.155784841139393,-5.95429340749979,-6.483851432243682,-6.733831286343047,-5.796384928376938,-7.307197422720492
579,-3.7099499702453613,-1.8115123510360718,-5.678699970245361,-8.428699493408203,-7.0225068314612145,-6.655311733484268,-6.756861566827865,-6.63964629169368,-6.70218360317449,-7.746460561640561
580,-4.055088996887207,-1.7738388776779175,-5.820713996887207,-8.570713996887207,-7.227064723665535,-6.676567107439041,-6.867640970787761,-6.601976752200244,-7.023915049525385,-7.783671194687486
581,-2.887364387512207,-1.1451767683029175,-4.949864387512207,-7.840489387512207,-6.91871535268001,-5.855107598006725,-6.488981364673236,-6.465510129713948,-5.824940916951164,-7.054995023645461
582,-3.872990131378174,-2.115177631378174,-5.787052631378174,-8.529239654541016,-6.850898977514589,-6.327671766281128,-6.405555604444089,-6.4133280514734,-6.686838980691391,-7.697165861725807
583,-3.495950698852539,-1.7225130796432495,-5.785013198852539,-8.128763198852539,-6.910102125031699,-6.558777898550034,-6.54288315607846,-6.542837977333875,-6.691333172260784,-7.67807137593627
584,-3.708857774734497,-1.740107774734497,-5.841670036315918,-8.505732536315918,-7.294877168140374,-6.530976593494415,-6.919852612743853,-6.529182434005634,-6.810487625698443,-7.630424374714494
585,-4.031310081481934,-1.8438098430633545,-6.031310081481934,-8.617247581481934,-7.132990710910235,-6.743851572275162,-6.687632438901346,-6.593825459362051,-6.875161404241226,-7.657751251012087
586,-3.9503705501556396,-1.7863080501556396,-5.8878703117370605,-8.926933288574219,-7.255111216072692,-6.557883262634277,-6.770722746052343,-6.489442825267361,-6.934800742521475,-7.626288782805204
587,-4.168102264404297,-1.839977502822876,-6.144664764404297,-8.089977264404297,-7.215056416236621,-7.093908369541168,-6.61346018211043,-6.433737873974678,-7.082211493354407,-7.643893714994192
588,-3.1831445693969727,-1.3003320693969727,-5.128457069396973,-7.487832069396973,-6.948918450711062,-6.013022668659687,-6.370702741838613,-6.597226738736936,-5.855125421643606,-7.316193951293826
589,-3.9005630016326904,-1.6740005016326904,-5.924000263214111,-8.40056324005127,-7.3615617733157706,-6.905060887336731,-6.994346022052923,-6.564632654162779,-7.080294846495235,-7.718325354158878
590,-3.7805190086364746,-1.8586440086364746,-5.850831508636475,-8.483643531799316,-7.186863417933637,-6.459401071071625,-6.843072770581784,-6.5461556910786385,-6.780588386034651,-7.774129865691066
591,-3.410759449005127,-1.5435720682144165,-5.340446949005127,-7.488884449005127,-6.676447270328936,-6.417515389621258,-6.098286151529464,-6.6842058896618255,-6.121744273972581,-7.343369237147272
592,-4.0833845138549805,-1.9115092754364014,-5.9583845138549805,-8.25525951385498,-7.15377580808854,-7.0151233077049255,-6.708424448170263,-6.552143335303299,-7.106876848625689,-7.723603202961385
593,-3.9279444217681885,-1.9201319217681885,-5.873256683349609,-8.09981918334961,-6.857747309673869,-6.6148544400930405,-6.4749277771188645,-6.490461468547437,-6.84211301238247,-7.817068779841065
594,-3.9044723510742188,-1.8654097318649292,-5.631034851074219,-8.404472351074219,-6.873309131668066,-6.305848002433777,-6.513888358229451,-6.451357603020369,-6.513933058879047,-7.487877944484353
595,-4.228849411010742,-2.002286672592163,-6.346036911010742,-8.885099411010742,-7.408588884911296,-7.167826384305954,-7.103882312232599,-6.72885787483483,-7.385144828716875,-7.999602742493153
596,-4.018573760986328,-1.8701362609863281,-5.963886260986328,-8.440448760986328,-7.174969185740338,-6.655613899230957,-6.667119258767343,-6.409216165391626,-6.807740444477531,-7.5448472164571285
597,-3.709444046020508,-1.6235064268112183,-5.826631546020508,-8.545381546020508,-7.272013781024725,-6.758600667119026,-6.873550414078636,-6.443830370838441,-7.076680659039994,-7.731206180527806
598,-2.9685144424438477,-1.374764323234558,-5.015389442443848,-7.382576942443848,-6.436855193940573,-5.993395812809467,-5.81961393327947,-6.819605350377969,-5.499324201449781,-7.431182107888162
599,-3.67765212059021,-1.63858962059021,-5.693276882171631,-8.068277359008789,-6.677735325196409,-6.315393507480621,-6.232380270121212,-6.521410345995719,-6.404273031421326,-7.544090178795159
600,-3.9750401973724365,-1.7562901973724365,-5.865665435791016,-8.240665435791016,-7.147068846374168,-6.677099600434303,-6.77980637242581,-6.764120340196314,-7.068876143595844,-7.926218267530203
601,-3.978621006011963,-1.994246006011963,-5.892683506011963,-8.462996482849121,-7.072457309812307,-6.657358035445213,-6.923982857439114,-6.611446022909149,-6.9630683634313755,-7.989008920267224
602,-3.1177921295166016,-1.359979510307312,-5.266229629516602,-7.938104629516602,-6.586628314122208,-5.943442486226559,-6.320956825420581,-6.30530512324458,-5.805369374153088,-7.005183378234506
603,-3.784055233001709,-1.8699928522109985,-6.018430233001709,-8.338743209838867,-7.112221240156941,-6.633871987462044,-6.7997105117028696,-6.432499647116401,-6.885650753429218,-7.66338999196887
604,-3.698840618133545,-1.894153118133545,-5.917590618133545,-8.495716094970703,-6.9098342641336785,-6.869075834751129,-6.425434588891221,-6.0660361051241125,-6.9098193636964425,-7.24217192362994
605,-3.7955150604248047,-1.7252025604248047,-5.717390060424805,-8.303327560424805,-7.350306863110745,-6.693568482995033,-6.873678325875517,-6.764276862074439,-6.8112138482538285,-7.921681962907314
606,-3.6417107582092285,-1.766710877418518,-5.8604607582092285,-7.3370232582092285,-6.423204869031906,-6.249196857213974,-6.173092952580191,-6.032360076607802,-6.391881808915059,-7.582611985504627
607,-4.029294490814209,-1.8730443716049194,-5.849606990814209,-8.72460651397705,-7.3184117063829035,-6.767362654209137,-6.904327392036066,-6.607428669887668,-7.091840027725993,-7.853258803486824
608,-4.001112461090088,-1.9073622226715088,-5.860487461090088,-8.28236198425293,-7.165282005305926,-6.834399983286858,-6.7746067031002895,-6.5245641468945905,-7.134005900923512,-7.778838708996773
609,-4.1504902839660645,-1.9864277839660645,-6.0489277839660645,-8.978614807128906,-7.283351181766193,-6.952144235372543,-7.017709254723741,-6.517685890165012,-7.502093791121297,-7.864589926786721
610,-3.9409382343292236,-1.8706257343292236,-6.2690629959106445,-8.526875495910645,-7.1284998636183445,-6.860765725374222,-6.8628470891853794,-6.597198247856795,-6.8941169962599815,-8.071567503735423
611,-2.982301950454712,-1.255739450454712,-5.185426712036133,-7.443239212036133,-6.919901246837981,-6.108172506093979,-6.482351063463284,-6.240130781990956,-5.802683708636323,-7.259325262159109
612,-2.867157220840454,-1.296844720840454,-4.734344482421875,-7.265594482421875,-6.625096909032436,-5.5778232999145985,-5.968771813932108,-6.585926651761838,-5.429754610064265,-7.211418269202113
613,-4.020700454711914,-2.067575454711914,-6.020700454711914,-8.387887954711914,-7.044236297537282,-6.592233970761299,-6.6535884113473,-6.348839402101476,-6.708290096081328,-7.709020547568798
614,-2.983657121658325,-1.3586571216583252,-5.007094383239746,-7.819594383239746,-6.889968393341405,-5.936486896127462,-6.2336835857640835,-6.38210606568191,-5.725901244455599,-7.315238752402365
615,-2.7525241374969482,-1.2915866374969482,-4.971274375915527,-7.432211875915527,-6.60414147227857,-5.899732265621424,-6.065052151294367,-6.424411058357691,-5.408827661049145,-7.293756682425737
616,-4.047584533691406,-1.9069595336914062,-6.141334533691406,-8.375709533691406,-7.289880031472421,-6.826621666550636,-6.922648427826061,-6.531970381677638,-6.860154507099651,-7.875674048438668
617,-3.9341323375701904,-1.8325698375701904,-5.840382099151611,-8.35600757598877,-7.629516122164205,-6.953041166067123,-7.199794887783355,-6.684140562975699,-7.184186457110627,-7.933595221489668
618,-4.171753406524658,-2.007690906524658,-6.117065906524658,-8.8514404296875,-7.624968643882312,-7.09841588139534,-7.2655519235268,-6.703015804214374,-7.429632780702377,-8.026015739887953
619,-4.319406986236572,-1.9365946054458618,-6.358469486236572,-8.60846996307373,-7.374171492469031,-6.831761509180069,-7.038205503238714,-6.460044264717908,-7.2569717147853225,-8.03126273304224
620,-3.7794361114501953,-1.8575611114501953,-5.974748611450195,-8.552873611450195,-7.170175545819802,-6.635360099375248,-6.881060240753868,-6.709139108537784,-7.092023249642807,-7.933200929313898
621,-3.9528825283050537,-1.8435075283050537,-5.968507766723633,-8.281007766723633,-7.156103606401302,-6.715343654155731,-6.851376055114088,-6.624769806789118,-7.05452596815303,-8.081681521609426
622,-3.1748948097229004,-1.4561448097229004,-5.8311448097229,-6.9248948097229,-6.70628129504621,-6.232116036117077,-5.760913368751062,-6.674912929371203,-6.6202712038575555,-7.364673083648086
623,-2.8820276260375977,-1.210152506828308,-4.913277626037598,-7.163277626037598,-6.772728678675776,-5.97653529047966,-6.13205957361788,-6.546102046895612,-5.553965924169461,-7.204260514117777
624,-3.5896730422973633,-1.4802979230880737,-5.558423042297363,-8.355298042297363,-7.1679136686216225,-6.434657096862793,-6.6131592977071705,-6.566247463155378,-6.871011610877758,-7.612813298590481
625,-4.4768595695495605,-2.5159220695495605,-6.3518595695495605,-8.804984092712402,-6.648800013310392,-6.996849149465561,-6.172217725666997,-6.469058990407575,-6.945674417300324,-7.694238750264049
626,-3.7900071144104004,-1.7275069952011108,-6.0400071144104,-8.172819137573242,-7.594769594245008,-6.98084557056427,-7.016614436099189,-6.344702839817728,-7.297880647704005,-7.751064157113433
627,-3.873929500579834,-1.9286171197891235,-5.905179500579834,-8.225492477416992,-7.13969301218458,-6.422577396035194,-6.709941265209636,-6.475509166570191,-6.7802953652935685,-7.763213275000453
628,-3.6089956760406494,-1.8902456760406494,-5.89024543762207,-8.13243293762207,-6.960639115852246,-6.757990747690201,-6.710599063982954,-6.648069858480085,-6.890306828521716,-7.839270872995257
629,-3.1227967739105225,-1.4196717739105225,-5.216546535491943,-7.083734035491943,-7.091618654514605,-6.559737950563431,-6.380651949915773,-6.107180237731882,-6.607219218072714,-7.096929486840963
630,-3.7170865535736084,-1.9202115535736084,-6.1780242919921875,-8.006149291992188,-6.717140196327819,-6.701977297663689,-6.0139902826067555,-6.6858435868985,-6.982752203126438,-8.017050003632903
631,-3.9273202419281006,-1.7554452419281006,-6.06013298034668,-8.13825798034668,-7.239863156362844,-7.353307276964188,-6.919533013984619,-6.474203228920487,-7.364855408057338,-7.947087548673153
632,-2.862291097640991,-1.2060410976409912,-5.04197883605957,-7.26854133605957,-6.878056397166802,-5.952047672122717,-6.034208892870083,-6.6513729093639995,-5.737375017481099,-7.273551983758807
633,-3.5914697647094727,-1.8492823839187622,-5.755532264709473,-8.208657264709473,-6.779063816415146,-6.462470903992653,-6.50558554984309,-6.200857877644921,-6.763417837333691,-7.537754438817501
634,-3.6839261054992676,-2.0198636054992676,-6.082363605499268,-7.855801105499268,-6.551255335303722,-6.380333125591278,-6.348085398756666,-6.301134347701009,-6.559035533638962,-7.545934351161122
635,-3.8334462642669678,-1.9350087642669678,-5.919383525848389,-8.395946502685547,-7.060071227970184,-6.609663888812065,-6.645988105843571,-6.411579728088327,-6.942878125468269,-7.753020879812539
636,-3.0129306316375732,-1.3801181316375732,-5.130118370056152,-7.559805870056152,-6.708362450794084,-5.839570712298155,-6.153593657865713,-6.841057896421262,-5.8723915761947865,-7.69338364712894
637,-4.21895694732666,-1.9220819473266602,-6.05489444732666,-8.82833194732666,-7.265917178337986,-6.915682554244995,-7.047147152683465,-6.562718987392145,-7.211218235155684,-7.836102859117091
638,-3.4336671829223633,-1.5039795637130737,-5.902417182922363,-7.394604682922363,-6.832206482475158,-6.403542824089527,-6.48059463363461,-6.855556011104454,-6.527450203349872,-7.885050394572318
639,-4.11885929107666,-1.9547969102859497,-5.91573429107666,-9.03292179107666,-7.282973764977214,-6.763916403055191,-6.931392073092866,-6.618866562816947,-6.993909596130834,-7.793337746523321
640,-3.1825571060180664,-1.2138069868087769,-5.252869606018066,-7.901307106018066,-7.291997311374871,-6.204595502465963,-6.659149527102272,-6.776323795178541,-6.260732291870227,-7.411663128994405
641,-3.9911539554595947,-1.8739664554595947,-6.186466217041016,-8.358341217041016,-7.374118554915185,-7.0094014108181,-6.913113828850328,-6.475545883031373,-7.327201837142638,-7.895372074097395
642,-3.813197374343872,-1.914759874343872,-6.008509635925293,-8.219447135925293,-7.266409274117905,-6.845599457621574,-6.875748156198824,-6.6257090567833075,-6.914823291663197,-7.878680653870106
643,-4.075591087341309,-1.9271535873413086,-6.005278587341309,-8.575591087341309,-7.224066375973052,-6.865500777959824,-6.989683746836818,-6.645910739873216,-7.052194594496541,-7.875024593435228
644,-3.118950843811035,-1.3142634630203247,-5.033013343811035,-7.704888343811035,-6.923765293642646,-5.9348084181547165,-6.3533861618925584,-6.665846109184713,-5.830001943810203,-7.346868023276329
645,-4.070931434631348,-1.9068691730499268,-5.984993934631348,-8.539681434631348,-7.4460234599682735,-6.786701902747154,-6.985050795847201,-6.695942759449281,-7.180385944069712,-8.090307487174869
646,-3.974785327911377,-1.763847827911377,-5.881035327911377,-8.295098304748535,-7.14677333192958,-6.928532674908638,-6.771727202089096,-6.5294859408468255,-7.052986618946306,-7.869001418352127
647,-3.192439556121826,-1.4424395561218262,-5.278377056121826,-7.629939556121826,-6.559727306106652,-5.837301671504974,-6.012892355618533,-6.208087086422893,-5.833154435887991,-7.230578073300421
648,-3.8536715507507324,-1.9005465507507324,-5.806796550750732,-8.35367202758789,-7.205362073334982,-6.635274529457092,-6.806873676185205,-6.595873355763615,-6.8850024905841565,-7.7409411780536175
649,-3.9956462383270264,-1.8862712383270264,-6.2143964767456055,-8.448771476745605,-7.089460609284288,-6.688547298312187,-6.800385473834467,-6.558157324731837,-6.9019621589104645,-7.924908880144358
650,-4.068530082702637,-1.9122800827026367,-6.068530082702637,-8.427905082702637,-7.185846320455312,-6.755167238414288,-6.818634385388577,-6.670108437412637,-6.935819978236395,-7.790602758526802
651,-4.107382297515869,-2.021444797515869,-6.185507297515869,-8.990194320678711,-7.302759287660592,-6.724160447716713,-6.810550927162694,-6.654267191837789,-7.084005592405447,-7.933599845506251
652,-3.9402425289154053,-2.0261800289154053,-5.916805267333984,-8.557430267333984,-7.073143955109117,-6.471085384488106,-6.448125002338202,-6.573067188191999,-6.705963845408405,-7.715252684429288
653,-3.9595608711242676,-2.0845608711242676,-6.115810871124268,-8.47518539428711,-7.162759539751278,-6.8496133685112,-6.740861772195785,-6.514258980694649,-7.069002506897959,-7.86661876924336
654,-3.9079065322875977,-1.712593913078308,-5.829781532287598,-8.821969032287598,-7.2048405391433334,-6.608694963157177,-7.009511231484794,-6.751666665026278,-6.962645290968794,-7.7483523692935705
655,-4.0679779052734375,-1.935165286064148,-6.1461029052734375,-8.708602905273438,-7.2634003101993585,-6.661119848489761,-6.880550858695642,-6.614869475228261,-7.239935156299907,-7.862151151522994
656,-3.878366470336914,-1.8236788511276245,-5.878366470336914,-8.604928970336914,-7.323759075770795,-6.733305089175701,-6.925296066699957,-6.706502079907295,-7.167481540251174,-7.854887382127345
657,-3.8738820552825928,-1.7566945552825928,-6.037944793701172,-8.553569793701172,-7.413126928906422,-6.552607640624046,-6.88964699722419,-6.631716966383465,-7.038063280713686,-7.89139056392014
658,-4.297923564910889,-2.0557360649108887,-6.290111064910889,-8.790111541748047,-7.2901628004037775,-7.057114243507385,-7.055774568769266,-6.7119945287349765,-7.540148495925678,-7.983143180608749
659,-4.232995510101318,-2.0142455101013184,-6.154870510101318,-8.951745986938477,-7.162827965868928,-6.842403694987297,-6.819059728026332,-6.54557609553558,-7.147197601829248,-7.722970498725772
660,-4.347860336303711,-2.121297597885132,-6.425985336303711,-8.300985336303711,-7.824491140891041,-7.539616584777832,-7.144781350030826,-7.215057969042391,-7.285393833553826,-8.385710541158915
661,-3.223930597305298,-1.2708055973052979,-5.200492858886719,-8.059867858886719,-7.183267830150726,-6.06019326671958,-6.605119823816494,-6.612911581899425,-6.027008889926947,-7.317778916098177
662,-3.0426578521728516,-1.417657732963562,-5.097345352172852,-7.683282852172852,-6.831804867986648,-6.0682163387537,-6.175504564653238,-6.691111087675381,-5.800539133568236,-7.412729782052338
663,-4.021636009216309,-2.0841362476348877,-6.107573509216309,-8.787261009216309,-7.138906952241086,-6.641456231474876,-6.943582532228902,-6.521648883736816,-6.865464445851103,-7.731471308507025
664,-3.985729455947876,-1.899791955947876,-5.938854694366455,-8.704479217529297,-7.6264508916356135,-6.887174852192402,-7.25140249614924,-7.0716789960160895,-7.243606803713192,-8.137725414708257
665,-4.020020961761475,-1.832520842552185,-5.684083461761475,-9.059082984924316,-7.504437564937689,-6.8660878688097,-7.2544208761919435,-6.801278471918522,-7.371624230509042,-7.907104151323438
666,-4.223011016845703,-1.8167610168457031,-6.160511016845703,-8.855823516845703,-7.473068593273638,-7.097524106502533,-7.137108682967664,-6.754270434335012,-7.121498702697863,-8.128944167867303
667,-3.911190986633301,-1.6924409866333008,-5.919003486633301,-8.6065034866333,-7.247181056547561,-6.691876135766506,-6.825287699113687,-6.73932564253937,-6.981558559808036,-7.829335007816553
668,-3.0701489448547363,-1.3592115640640259,-5.077961444854736,-7.484211444854736,-6.390550490228634,-5.798477370291948,-6.046748875869525,-6.429541826088098,-5.460846540678176,-7.046335542574525
669,-4.169145584106445,-1.8800830841064453,-6.106645584106445,-8.833208084106445,-7.7004755703383125,-6.856629364192486,-7.317636369240063,-6.684781551301057,-7.067651031095011,-7.926339827477932
670,-4.009137153625488,-2.0091371536254883,-5.938824653625488,-8.345074653625488,-7.37643229382229,-6.908154025673866,-6.845133422077197,-6.704463243391729,-7.126407500647474,-8.035531375557184
671,-4.141589164733887,-1.8837769031524658,-5.985339164733887,-9.047839164733887,-7.430698274478345,-6.991399765014648,-7.086932062640699,-6.6025351285579745,-7.165068387115753,-7.878427103161812
672,-4.154896259307861,-2.1470837593078613,-5.951771259307861,-8.44395923614502,-7.240985977987293,-6.565376296639442,-6.639381402623258,-6.615852355784227,-6.9362690373382065,-7.9111839812248945
673,-3.93264102935791,-2.19045352935791,-6.07326602935791,-8.59670352935791,-6.831103682201501,-6.622974678874016,-6.581100940453325,-6.2295219898046525,-7.620171308059071,-7.395489945076406
674,-3.6587026119232178,-1.8305776119232178,-5.963389873504639,-8.002452850341797,-7.018197767640231,-6.535246387124062,-6.424412485313951,-6.377467870592227,-6.697863573928771,-7.6080952398478985
675,-4.152281761169434,-2.0819692611694336,-5.863219261169434,-8.519469261169434,-7.0039459415202145,-6.651734225451946,-6.7070285064328345,-6.644480824403217,-6.9804835290051415,-7.886815378442407
676,-4.345761299133301,-2.111386299133301,-6.494198799133301,-9.0957612991333,-7.416108726843959,-7.159821093082428,-7.166099667214439,-6.666080951665208,-7.392670630819339,-7.928049098700285
677,-3.792703628540039,-1.714578628540039,-5.847391128540039,-8.425516128540039,-7.23813711864932,-6.486766584217548,-6.80059790276573,-6.573971509773401,-6.980286952362803,-7.7894654385745525
678,-3.968445062637329,-1.874695062637329,-6.00750732421875,-8.16375732421875,-6.913904656044906,-6.829893842339516,-6.538827416821732,-6.484086513379225,-6.74978077042033,-7.703412937000394
679,-3.9437026977539062,-1.7952653169631958,-5.771827697753906,-8.217140197753906,-7.084395287136431,-6.896396428346634,-6.756242632069188,-6.467148661577994,-6.935947178171773,-7.699400303885341
680,-3.2655112743377686,-1.4061362743377686,-5.187386512756348,-7.749886512756348,-7.015591975788993,-6.194337643682957,-6.367105245102721,-6.593649864107647,-5.898380277958495,-7.307514699175954
681,-4.00526237487793,-1.9036999940872192,-6.05994987487793,-8.73182487487793,-7.614680050894094,-7.03568771481514,-7.184980511196045,-6.6771458387020175,-7.3334282628275105,-7.985919589176774
682,-4.120065212249756,-1.9950652122497559,-5.901315212249756,-8.690378189086914,-7.034208532881166,-6.514252617955208,-6.737303970930952,-6.510701537067689,-6.917017933687021,-7.814910816960037
683,-4.037396430969238,-1.8498964309692383,-6.349896430969238,-8.724896430969238,-7.709302186493005,-6.937627792358398,-7.053047775874802,-6.357718706082778,-7.303070424786711,-7.918103798292577
684,-4.011714935302734,-1.8398396968841553,-5.925777435302734,-8.589839935302734,-7.058739770160173,-6.663932174444199,-6.691484686329204,-6.449232458915503,-7.043074840228655,-7.6889912616461515
685,-3.73357892036438,-1.8585789203643799,-5.819516181945801,-8.1007661819458,-6.936831466140575,-6.353117406368256,-6.4992727017452125,-6.38984441744833,-6.663366908724129,-7.723143823444843
686,-4.0631022453308105,-2.0240397453308105,-6.0787272453308105,-8.703727722167969,-7.242876764328685,-6.6248099356889725,-6.891275643130939,-6.664676546980445,-7.094435807550326,-7.963418532162905
687,-4.054990768432617,-1.8362407684326172,-5.976865768432617,-8.273740768432617,-6.875403637619456,-6.727235451340675,-6.484740732150385,-6.383129238991387,-7.047263737840694,-7.730852507054806
688,-2.871910810470581,-1.239098310470581,-5.08284854888916,-7.51253604888916,-6.762651436823944,-5.944183804094791,-6.16102158907961,-6.434428095672047,-5.6141718599174055,-7.377342822030187
689,-3.845737934112549,-1.9394878149032593,-6.048862934112549,-8.18167495727539,-6.95518386112235,-6.7759077697992325,-6.689527630016528,-6.619185447642849,-6.892666815259872,-7.853921066969633
690,-3.29243540763855,-1.3549354076385498,-5.120560646057129,-7.800248146057129,-7.019108646964014,-6.15022424608469,-6.4877939213765785,-6.612766146497961,-5.933153267382295,-7.385472733527422
691,-3.8941712379455566,-1.9488587379455566,-6.136358737945557,-8.378545761108398,-7.222370502575359,-6.899322882294655,-6.909847258219088,-6.362934827711797,-7.073919652037148,-7.905374022200704
692,-3.17905330657959,-1.3196781873703003,-5.16342830657959,-8.04624080657959,-7.01508163993276,-6.055240139365196,-6.538461565418402,-6.5696945189120015,-5.952559587974974,-7.2947512827813625
693,-4.163180351257324,-2.092867612838745,-6.178805351257324,-8.491305351257324,-6.842985623101413,-6.676819160580635,-6.553884622291662,-6.506946563589736,-7.100777859704976,-7.8853062484413385
694,-4.020881652832031,-1.6771316528320312,-6.317756652832031,-8.591194152832031,-7.653805368914618,-7.1458490788936615,-7.1850039941055,-6.4115210770523845,-7.599075195823389,-7.695236191153526
695,-4.231712818145752,-1.9582754373550415,-6.161400318145752,-8.92702579498291,-7.427092073121457,-6.9527605175971985,-7.028633831872867,-6.73172152038569,-7.231775162661506,-7.96336093172431
696,-3.868302583694458,-1.876115083694458,-6.227677345275879,-8.360489845275879,-7.290269370612805,-6.6974423080682755,-6.837105392001831,-6.71206617345797,-7.1652399281956605,-8.010561278089881
697,-3.5488877296447754,-1.7910752296447754,-5.775450229644775,-7.603575229644775,-6.736603355995612,-6.098384112119675,-6.150522348667437,-6.759837984957812,-6.572404500679113,-7.7080427296459675
698,-3.219468116760254,-1.2116557359695435,-5.196030616760254,-7.906968116760254,-7.110164162972069,-6.012366324663162,-6.4304462663021695,-6.571047425128199,-6.032026050797867,-7.301541280001402
699,-3.162224769592285,-1.3419122695922852,-5.045037269592285,-7.779412269592285,-6.662327045931306,-5.890928544104099,-6.091958164117386,-6.459116816375172,-5.771691675734473,-7.215923793613911
700,-3.8839521408081055,-1.969889760017395,-5.8683271408081055,-8.141764640808105,-7.298099275823915,-6.788548588752747,-6.680877207454614,-6.680837273546786,-7.0793253164956695,-7.925440326333046
701,-3.4128825664520264,-1.5378825664520264,-5.889444828033447,-7.358194828033447,-6.991082069464028,-6.34374625980854,-6.123910542184603,-6.545707821761425,-6.7254129643515626,-7.68482771795243
702,-4.176602363586426,-1.9656648635864258,-6.090664863586426,-8.598477363586426,-7.356352327304194,-7.133925691246986,-7.051639794601215,-6.645362257908346,-7.301654814298672,-8.053024666383862
703,-3.9567737579345703,-1.9333363771438599,-4.64427375793457,-9.08958625793457,-7.425574182194396,-5.911777891218662,-7.073996543262183,-7.495847225129182,-5.855247020081151,-8.141721378080547
704,-4.060500621795654,-1.7870631217956543,-5.833938121795654,-8.919876098632812,-7.4043048605526565,-6.739089347422123,-7.154280066057254,-6.685508370369462,-7.201174615613127,-7.925102207809687
705,-2.944756031036377,-1.335381031036377,-4.905693531036377,-7.436943531036377,-6.648030508309603,-5.799177631735802,-6.077624319426832,-6.686966418958036,-5.694886079916614,-7.47908198274672
706,-3.929945230484009,-1.7111952304840088,-5.859632968902588,-8.35181999206543,-7.101937763967726,-6.667515680193901,-6.633132098206261,-6.406522989160294,-6.906597729466739,-7.683677228167653
707,-4.178977966308594,-1.9914779663085938,-6.218040466308594,-8.819602966308594,-7.514982578883064,-7.126336246728897,-7.139955758237193,-6.600862860630514,-7.218105552463385,-8.04484212398529
708,-4.22465705871582,-2.005906820297241,-6.06840705871582,-8.75590705871582,-7.388798114552628,-6.882986389100552,-6.880961655078863,-6.927793979573835,-6.94349002493982,-8.138681843876839
709,-3.9346771240234375,-1.8956146240234375,-6.0596771240234375,-8.622177124023438,-7.083175418913015,-6.673020049929619,-6.778465747087466,-6.426874160721127,-6.950351833060267,-7.8080287957564
710,-3.8875279426574707,-1.8328403234481812,-5.793777942657471,-8.645339965820312,-7.246941208108183,-6.653933003544807,-6.95005571803631,-6.793784737563783,-6.668817519359436,-8.014978133141994
711,-3.6620311737060547,-1.7323437929153442,-5.802656173706055,-8.083906173706055,-7.146491523912118,-6.2643487229943275,-6.771453260265844,-6.59173095218739,-6.716800686335773,-7.888966184109449
712,-3.0822956562042236,-1.1682331562042236,-4.9026079177856445,-7.8166704177856445,-7.139547703394783,-5.990295208990574,-6.373885392698867,-6.717618703755761,-5.827032803124894,-7.463165677152574
713,-3.8400425910949707,-1.9259800910949707,-5.840042591094971,-8.379105567932129,-7.3401080348558025,-6.932656645774841,-6.926022528699832,-6.715051174127439,-6.941653727302764,-7.887402720749378
714,-3.3660922050476074,-1.2879672050476074,-5.069217205047607,-8.186405181884766,-7.374002094293246,-6.248043745756149,-6.694244861220795,-6.756732582927725,-6.092721936824091,-7.470812367275357
715,-4.249394416809082,-2.061894416809082,-6.007206916809082,-8.929081916809082,-7.39789962539362,-6.83821476995945,-7.147873639190948,-6.788467049547762,-7.163517592496646,-8.037086214870214
716,-3.268690586090088,-1.378065586090088,-5.174940586090088,-7.760878086090088,-7.026600952129229,-6.003152847290039,-6.378104805178737,-6.573394775250563,-5.88594937070593,-7.335649113170803
717,-4.4691243171691895,-2.0706868171691895,-6.3363118171691895,-8.828499794006348,-7.766044377265644,-7.170376539230347,-6.883217453487305,-6.672257423368137,-7.484771609057134,-8.14858078956604
718,-4.088776111602783,-1.9090887308120728,-5.995026111602783,-8.588776588439941,-7.612266539126722,-7.153817489743233,-7.229437708185287,-6.877846837010111,-7.299757956476242,-8.175386887043715
719,-3.9976582527160645,-1.8648457527160645,-6.0132832527160645,-8.466408729553223,-7.138361689350859,-7.059758901596069,-6.818011163850315,-6.521106123870595,-7.177395819362573,-7.801102201454341
720,-3.3095903396606445,-1.372090220451355,-4.9424028396606445,-7.4736528396606445,-6.630055892674136,-5.881945639848709,-6.122152684176399,-6.715865492504236,-5.895637029410864,-7.419708505272865
721,-3.84131121635437,-1.8491237163543701,-5.841310977935791,-8.31787395477295,-6.919503090510261,-6.630761578679085,-6.5835366241808515,-6.419445872257711,-6.755431173565739,-7.675595212727785
722,-4.336703300476074,-2.008578062057495,-6.235140800476074,-8.711703300476074,-7.63365339950542,-7.117298379540443,-7.102377294293547,-6.547650575589614,-7.258637784143502,-7.938226089812815
723,-3.8624086380004883,-1.7295961380004883,-5.838971138000488,-8.604596138000488,-7.370307322606095,-6.914393037557602,-6.995270251019974,-6.7296055554897976,-7.034357187425485,-7.9868777487427
724,-3.890202522277832,-1.788640022277832,-5.858952522277832,-8.030827522277832,-7.359067195036914,-6.937763676047325,-6.843386409931554,-6.421464085511616,-6.984014747591573,-7.8066799361258745
725,-3.043816089630127,-1.371941089630127,-4.918816089630127,-7.996941089630127,-6.95797013817355,-5.974286023527384,-6.332910418004758,-6.825079679396367,-5.7548307150646,-7.49263225402683
726,-3.9013965129852295,-1.8623340129852295,-6.002959251403809,-8.167021751403809,-7.003044720811886,-6.9332196563482285,-6.54987668900867,-6.502969264934109,-6.909276602382306,-7.775799750350416
727,-4.427970886230469,-2.2873456478118896,-6.209220886230469,-8.302970886230469,-6.459274648175779,-6.89592419564724,-5.990511416566733,-6.201420187880103,-7.16240334345639,-7.566391134634614
728,-3.002819538116455,-1.3231319189071655,-4.924694538116455,-7.541882038116455,-6.565441243394162,-5.742849670350552,-6.190371273609344,-6.518462657764758,-5.518541092977102,-7.2385389022529125
729,-4.045636177062988,-2.006573438644409,-6.131573677062988,-8.381573677062988,-7.147288676023891,-6.8749257028102875,-6.826938031757891,-6.5925225018809215,-7.100397464892012,-8.10977010987699
730,-3.250636100769043,-1.2975109815597534,-5.070948600769043,-7.703761100769043,-6.805424208345357,-6.076423741877079,-6.297551511903293,-6.578778624381812,-5.883521434989234,-7.245815822854638
731,-4.239552021026611,-2.0286147594451904,-6.278614521026611,-8.63798999786377,-7.489641543194011,-7.169895336031914,-6.950541137317487,-6.567688941884626,-7.411506530464976,-7.926778608001769
732,-2.9828696250915527,-1.2406821250915527,-5.842244625091553,-6.717244625091553,-7.107923744642903,-6.619840368628502,-6.365721701793518,-6.8344455956503225,-6.998524069353152,-7.666300621815026
733,-4.150179386138916,-2.103304386138916,-6.111116886138916,-8.603304862976074,-7.1580886793963145,-6.482860431075096,-6.931488273792638,-6.603316783828632,-6.9158858027658425,-7.973383076488972
734,-3.9598124027252197,-1.7801249027252197,-5.834812641143799,-8.50668716430664,-7.295797108501574,-6.780045613646507,-6.928590178111335,-6.350445151300846,-6.991107701240253,-7.564943277277052
735,-3.746131658554077,-1.5351941585540771,-6.097693920135498,-7.894568920135498,-7.300886032709968,-6.630842842161655,-6.714949843924842,-6.839893817825214,-7.050860523311712,-7.83462256193161
736,-3.993232250213623,-1.930732250213623,-5.993232250213623,-8.368232727050781,-7.126161330103059,-6.54126264154911,-6.75111448521784,-6.547934770471329,-6.938613531609008,-7.7615841291844845
737,-3.8884596824645996,-1.65408456325531,-5.9431471824646,-8.669709205627441,-7.6385257222282235,-6.947281032800674,-7.286931990969606,-6.802530407871927,-7.193190216090443,-8.050668694078922
738,-3.331251382827759,-1.4171888828277588,-5.175001621246338,-8.13593864440918,-7.065676568690833,-6.284232635051012,-6.440650462820486,-6.729701161311823,-5.85473310850648,-7.387060314416885
739,-3.179380178451538,-1.405942678451538,-4.968442916870117,-7.445005416870117,-6.382626645368873,-5.6753708347678185,-5.6560006125000655,-6.093466639236794,-5.4763579316058895,-7.000364189967513
740,-3.9664900302886963,-1.8727400302886963,-5.958677768707275,-8.419614791870117,-7.341591829863319,-6.961856514215469,-6.997796176299744,-6.622753024020312,-7.216558930900646,-7.849868481978774
741,-3.0523319244384766,-1.364831805229187,-4.997644424438477,-7.692956924438477,-6.93524920391792,-6.0064636543393135,-6.263308643527125,-6.4664102791484765,-5.778965709054319,-7.329794282093644
742,-2.9727275371551514,-1.3086650371551514,-5.1055402755737305,-7.3321027755737305,-6.230652564416232,-5.931377977132797,-5.543077229769551,-6.28524684887816,-5.43373977860756,-7.041598352603614
743,-3.7809557914733887,-1.6950182914733887,-6.070018291473389,-7.976268291473389,-7.296641943969007,-6.718337371945381,-6.5309944145374175,-6.6872162818362995,-6.991918086698206,-7.768925563432276
744,-4.029117584228516,-1.950992465019226,-6.036930084228516,-8.482242584228516,-7.4354865480199805,-6.859894037246704,-7.052633878462075,-6.591634392596461,-7.232340807859146,-7.8955640736967325
745,-3.804264545440674,-1.8042644262313843,-5.952702045440674,-8.187076568603516,-7.01529657393985,-6.7173332422971725,-6.554320810642821,-6.49177706233786,-6.702774641264114,-7.736677635461092
746,-3.8440163135528564,-1.7033913135528564,-5.836203575134277,-8.531516075134277,-7.078436612046062,-6.76085789501667,-6.859671949863696,-6.547149658166745,-6.898739694897813,-7.709472014568746
747,-4.2204999923706055,-1.595499873161316,-6.5564374923706055,-8.579874992370605,-7.119008776986448,-7.290973097085953,-6.861168622017431,-6.392384290651535,-7.345554111921956,-7.999517128802836
748,-3.8390936851501465,-1.776593804359436,-5.8547186851501465,-8.425031661987305,-7.136079782037996,-6.467261575162411,-6.518838165568013,-6.557860493518092,-6.776694292726461,-7.700809836387634
749,-4.144715785980225,-1.9806530475616455,-6.035340785980225,-8.863465309143066,-7.582296010616119,-6.9043163657188416,-7.0822675214731134,-6.761914372382307,-7.074474808992818,-8.081730565987527
750,-3.9490184783935547,-1.9646434783935547,-6.019330978393555,-7.761518478393555,-6.980512350855861,-6.8050341457128525,-6.425706974681816,-6.456851959008418,-7.027305232317303,-7.8075614627450705
751,-2.94473934173584,-1.2572393417358398,-4.97598934173584,-7.73380184173584,-6.9214017341291765,-5.927064649760723,-6.24166107068595,-6.382254361993546,-5.780754086372326,-7.143652506172657
752,-3.6943445205688477,-1.6552820205688477,-5.788094520568848,-8.655282020568848,-7.2959825963989715,-6.541693389415741,-6.795958398452058,-6.444356679842713,-6.858477232373843,-7.772842265665531
753,-4.191196918487549,-1.8708845376968384,-6.066196918487549,-8.644322395324707,-7.22253179190011,-7.072865918278694,-6.8631185282320075,-6.534956932017849,-7.105329391895793,-7.76029606629163
754,-4.074328899383545,-1.8790161609649658,-5.894641399383545,-8.660265922546387,-7.20257496679551,-6.972374752163887,-6.811926602800668,-6.64002752300803,-7.210387109185831,-7.846936108544469
755,-3.9227588176727295,-1.8836963176727295,-6.016509056091309,-8.524321556091309,-7.22752344312903,-6.714346349239349,-6.805625079628953,-6.477457880909242,-6.993139979880652,-7.805643454194069
756,-3.987062454223633,-1.8933125734329224,-5.908937454223633,-8.487062454223633,-7.2215493854819215,-6.678130701184273,-6.713696000435448,-6.526139616858927,-7.002783651492791,-7.7400865741074085
757,-3.1012156009674072,-1.1324656009674072,-5.218402862548828,-7.671527862548828,-6.968479630384536,-5.992971666157246,-6.327825306721934,-6.234045624574719,-5.98409199508751,-7.221984198316932
758,-3.9799962043762207,-1.7924960851669312,-5.604996204376221,-8.870620727539062,-7.3315950625474215,-6.765204086899757,-7.089393377058514,-6.745628952950028,-7.011281608909485,-7.8111210921779275
759,-4.014462471008301,-1.8504002094268799,-5.709774971008301,-8.9910249710083,-7.366077421720547,-6.6621099933981895,-7.076995729847113,-6.694158911664999,-7.116080878600769,-7.958291558548808
760,-3.126216173171997,-1.329341173171997,-4.930903911590576,-7.907466411590576,-7.056032291759038,-6.045176774263382,-6.4387536041977,-6.9699838159958745,-5.829437608859735,-7.515334491617978
761,-3.0796146392822266,-1.173364520072937,-5.071802139282227,-7.892114639282227,-7.3296649443364,-6.337989397346973,-6.579636692757049,-6.907749533604147,-6.001532434500405,-7.58671131869778
762,-4.486647605895996,-1.9944599866867065,-6.642897605895996,-9.150710105895996,-7.3773534265274066,-7.430506199598312,-6.78357124210379,-6.21322178833816,-7.142978068928642,-7.633190352469683
763,-3.8633501529693604,-1.7930376529693604,-5.925849914550781,-8.089912414550781,-7.011886234169651,-6.915361970663071,-6.5508995043855975,-6.5821124314479675,-7.136855599936098,-7.8021737691015005
764,-4.347893238067627,-1.8557056188583374,-6.066643238067627,-9.051017761230469,-7.457328079341096,-7.0587460696697235,-7.254189967017737,-6.6682147979327056,-7.066699145660095,-7.9140074560418725
765,-3.909942388534546,-1.995879888534546,-5.769317626953125,-8.409942626953125,-7.3475316723270225,-6.63007789850235,-6.777188418596779,-6.628704309395289,-7.097511289146496,-7.904414372518659
766,-2.917504072189331,-1.159691572189331,-5.11281681060791,-7.57375431060791,-7.058215495213517,-6.201867830008268,-6.269114254781016,-6.77689850311981,-5.722271558443026,-7.359979650937021
767,-3.9199881553649902,-1.7481130361557007,-5.80280065536499,-8.302800178527832,-7.1700726711787865,-6.764749467372894,-6.709095119440462,-6.412187576223005,-6.966929314330628,-7.67940822429955
768,-4.152571201324463,-1.840071439743042,-6.051008701324463,-8.879134178161621,-7.480798596858222,-6.755819320678711,-7.051075217896141,-6.699461817619522,-7.152660723491863,-7.787209188565612
769,-4.068815231323242,-1.9750653505325317,-5.951627731323242,-8.553190231323242,-7.201727027728339,-6.465068385004997,-6.73294663192064,-6.436016917127745,-6.842337366339052,-7.765833135694265
770,-4.240200042724609,-2.0605125427246094,-6.068325042724609,-8.72457504272461,-7.271520373731619,-7.0992546528577805,-6.849617361127457,-6.583958983381308,-7.162140724889468,-7.910249073989689
771,-3.922154188156128,-1.836216688156128,-5.890903949737549,-8.625279426574707,-7.195646522912284,-7.0012276917696,-6.781560658906528,-6.609661102269456,-6.890953897182044,-7.729819756001234
772,-3.883030652999878,-1.742405652999878,-6.117405891418457,-8.679905891418457,-7.375284431182081,-6.845329657196999,-7.047136782657617,-6.554916381781368,-7.023715375085885,-7.834159423597157
773,-4.00246524810791,-1.6665279865264893,-5.72902774810791,-8.88527774810791,-7.572825430688681,-7.026379384100437,-7.307183861248632,-6.799348115890098,-7.04157745714474,-7.911439029499888
774,-4.0869245529174805,-1.8994247913360596,-5.8759870529174805,-8.40723705291748,-7.1182473871376715,-7.136024013161659,-6.891651272006129,-6.446307778324808,-7.055720566644595,-7.678317471407354
775,-3.952120542526245,-1.7099330425262451,-5.756808280944824,-8.561495780944824,-7.358435271089547,-6.871525444090366,-6.936530231836514,-6.709941983184763,-7.147489069335279,-7.79194447118789
776,-3.9278244972229004,-1.8575118780136108,-6.0840744972229,-8.076261520385742,-7.138863200787455,-6.878594383597374,-6.623189447935147,-6.568461298872535,-7.013846036243194,-7.804735966026783
777,-4.218356132507324,-1.7417935132980347,-6.101168632507324,-8.499606132507324,-7.601336226725834,-7.066619545221329,-6.8825287758227205,-6.491811156120093,-7.077862969294074,-7.989595232531428
778,-3.9515624046325684,-1.7484374046325684,-5.943749904632568,-8.568750381469727,-7.162553070564172,-6.829550698399544,-6.881283044265729,-6.685945987665036,-6.990673779248027,-7.799420665949583
779,-3.0230469703674316,-1.1167969703674316,-4.952734470367432,-7.952734470367432,-7.421542642809072,-6.302646409720182,-6.671505927808539,-6.757432699146193,-6.085592626484868,-7.359815092757344
780,-3.798231363296509,-1.6654188632965088,-6.063856601715088,-8.31385612487793,-6.868621584748325,-7.037174493074417,-6.49358808897523,-6.493556618612274,-6.69672214844104,-7.581369994208217
781,-4.1153106689453125,-1.9121859073638916,-6.0293731689453125,-8.623123168945312,-7.32635461717291,-6.802434056997299,-7.006000278292049,-6.670011520296612,-7.021658296587702,-7.915687061846256
782,-3.0490667819976807,-1.1428167819976807,-4.947504043579102,-7.697504043579102,-7.049167031960678,-5.817308709025383,-6.197556851901027,-6.564709186397522,-5.674139973802085,-7.210976514033973
783,-4.139913558959961,-1.936788558959961,-6.053976058959961,-8.866476058959961,-7.1946680523396935,-6.92363902926445,-6.788393377362809,-6.5305476188250395,-6.929036138637457,-7.73183923587203
784,-4.2006096839904785,-1.7865471839904785,-6.2162346839904785,-8.114672660827637,-7.567845581790607,-7.158544108271599,-6.919407247365598,-6.606869697520779,-7.286573767309164,-7.884815176017582
785,-3.9014759063720703,-1.8702260255813599,-6.04991340637207,-8.45616340637207,-7.2218677966084215,-6.79926423728466,-6.557771443283855,-6.510861277526601,-6.815606949363428,-7.823049201630056
786,-3.783670425415039,-1.6196080446243286,-6.127420425415039,-7.830545425415039,-7.096205353125697,-7.207269012928009,-6.736822008733725,-5.916489243487376,-7.205584286886733,-7.6262697000056505
787,-4.235133647918701,-1.836695909500122,-6.164821147918701,-9.242945671081543,-7.774232386887888,-7.160478830337524,-7.383596896794188,-6.6960775851994185,-7.328920006089902,-7.736387750133872
788,-3.700594663619995,-1.5834071636199951,-5.684969902038574,-8.091219902038574,-7.036722284407006,-6.60442990064621,-6.380399577901699,-6.2396756408943475,-6.614771478823968,-7.283802157267928
789,-3.9138526916503906,-1.835727572441101,-5.913852691650391,-8.32010269165039,-7.046735403455386,-6.823719471693039,-6.46076738755437,-6.468548417057718,-6.937340854314243,-7.75772880576551
790,-3.893831968307495,-1.8157069683074951,-6.190706729888916,-8.151644706726074,-7.120538462724653,-6.964702367782593,-6.511111851214082,-6.425096154109269,-6.9251810262940126,-7.646238682791591
791,-3.5561554431915283,-1.4624054431915283,-6.063967704772949,-7.649905204772949,-7.220289227785543,-6.6144754365086555,-6.376517890625109,-6.938979625630964,-7.048374056324974,-7.732996364124119
792,-3.952859878540039,-1.991922378540039,-5.882547378540039,-8.452859878540039,-7.077960724513105,-6.432340323925018,-6.616986630280735,-6.632560849098809,-6.765455003027455,-7.892056612297893
793,-4.10944128036499,-1.9844412803649902,-6.20319128036499,-8.765691757202148,-7.672010657763167,-6.840264543890953,-7.164180039046187,-6.703202009143752,-7.242320654542709,-8.021762821823359
794,-3.8019890785217285,-1.598864197731018,-5.8410515785217285,-8.333239555358887,-7.55987369754439,-6.9708240032196045,-6.958281635332241,-6.481687664923811,-7.106720684987522,-7.5891042640432715
795,-3.6787893772125244,-1.6631643772125244,-6.0772271156311035,-7.5069146156311035,-7.4992072526947595,-6.736045449972153,-6.663236138643697,-6.374119758449524,-6.983568068186287,-7.831451939418912
796,-3.3153157234191895,-1.2684406042099,-5.1903157234191895,-8.362190246582031,-7.674745200580219,-6.572306472808123,-6.838773369585397,-7.096576332989571,-6.377865551661671,-7.824037789367139
797,-3.8703114986419678,-1.5265614986419678,-5.971873760223389,-8.721874237060547,-7.635999558355252,-7.045118480920792,-7.292223810443829,-6.604695200880087,-7.167231081912178,-7.80515462718904
798,-3.943981647491455,-2.037731647491455,-6.014294147491455,-8.428356170654297,-6.998752471314219,-6.84534926712513,-6.350287197477883,-6.420555710725239,-6.811233756838192,-7.692067375406623
799,-2.8922460079193115,-1.2672460079193115,-4.954746246337891,-7.978183746337891,-6.907945153368928,-5.97291561588645,-6.1657128329807165,-6.634447812934923,-5.790745852449618,-7.410693165846169
800,-4.058069705963135,-1.8940069675445557,-6.058069705963135,-8.323694229125977,-7.050361508649075,-6.857441857457161,-6.6518793088325765,-6.70651948444447,-7.089402910583885,-7.8791354559361935
801,-4.389485836029053,-1.8426108360290527,-6.576985836029053,-8.311360359191895,-7.7489705025582225,-7.330299526453018,-7.178636904609448,-6.584819197436445,-7.5848611573528615,-7.907557478174567
802,-3.907022714614868,-1.4773352146148682,-5.907022476196289,-9.032022476196289,-7.97740709521895,-7.060545802116394,-7.524249195284938,-6.883594870518209,-7.336759089215775,-8.018046524375677
803,-3.580056667327881,-1.6894316673278809,-5.790994167327881,-8.267557144165039,-7.298841237425222,-6.672497749328613,-6.666019796995897,-6.212875366191838,-6.853531121523702,-7.599614749662578
804,-2.8984498977661133,-1.2578250169754028,-4.882824897766113,-7.500012397766113,-7.015697119837569,-6.076585106551647,-6.281286239340261,-6.515648245752345,-5.406304239349993,-7.181262634694576
805,-3.8874642848968506,-1.8796517848968506,-5.6999640464782715,-7.9655890464782715,-6.801577685957454,-6.4164635837078094,-6.551557778824645,-5.918721675843699,-6.465633510553744,-7.244766726158559
806,-4.417491912841797,-2.136241912841797,-6.112804412841797,-9.112804412841797,-7.792539833826595,-7.045786023139954,-7.417522906776867,-7.026873826956489,-7.190968512724794,-7.959275363944471
807,-3.8453104496002197,-1.8609354496002197,-5.985935688018799,-8.68906021118164,-7.1578752973655355,-6.576746329665184,-6.7750411024426285,-6.5484479665001345,-6.860988973152416,-7.76922494545579
808,-4.788113117218018,-2.2803008556365967,-6.733425617218018,-9.069363594055176,-8.21003174688667,-7.44881734251976,-7.850642442273966,-7.202185273124087,-7.756902336306666,-8.491957249119878
809,-4.026397705078125,-1.971710205078125,-6.081085205078125,-8.417022705078125,-7.0342842313039,-6.738825812935829,-6.52644133472495,-6.440471291480208,-6.924904105675523,-7.825480837374926
810,-4.057221412658691,-2.0337841510772705,-5.955658912658691,-8.361908912658691,-7.190170636371477,-6.623375937342644,-6.736994382066769,-6.611926078649049,-6.947967879546923,-7.923982959240675
811,-3.9099647998809814,-1.8318397998809814,-6.0271525382995605,-8.183402061462402,-7.519377350112336,-7.255241557955742,-6.816237330187505,-6.613095879537468,-7.308426141460586,-7.894327894318849
812,-3.2402431964874268,-1.3652431964874268,-5.013680458068848,-8.185555458068848,-7.18565678082814,-6.079617939889431,-6.396537064534641,-6.810571431986318,-5.87314354985574,-7.332158053293824
813,-3.816633462905884,-1.8088209629058838,-6.011945724487305,-8.136945724487305,-6.793280240301101,-6.63784247636795,-6.418243287862424,-6.418210744745011,-6.840146419519442,-7.6951618660241365
814,-3.3418543338775635,-1.4668543338775635,-5.443416595458984,-7.888729095458984,-6.927864668083203,-6.302879758179188,-6.076251506554399,-6.802802443445216,-6.013791916782793,-7.51686907093972
815,-3.536965847015381,-1.5994659662246704,-5.599465847015381,-7.919778347015381,-6.748041739425389,-6.098833478987217,-6.232333181786089,-6.529167294404942,-6.333923694037367,-7.648867329582572
816,-3.5456299781799316,-1.5925050973892212,-5.647192478179932,-7.678442478179932,-7.217554329607083,-7.012104481458664,-6.748781203879844,-6.373761773086244,-6.959725140990486,-7.637134411372244
817,-3.201711654663086,-1.615774154663086,-5.576711654663086,-7.272024154663086,-6.44397103528172,-6.188963107764721,-6.287692784309911,-6.193907260862034,-6.490826724577346,-7.41435526125133
818,-4.153390884399414,-2.059640884399414,-6.270578384399414,-8.426828384399414,-7.56747901406743,-7.358949154615402,-7.098726749147318,-6.270583391176842,-7.684665798829883,-7.8277117144316435
819,-4.093209266662598,-2.0228970050811768,-6.163521766662598,-8.569771766662598,-7.023010009077552,-6.867338061332703,-6.608907577690843,-6.585410594844689,-7.085482474467426,-7.853745484724641
820,-3.022007942199707,-1.225132942199707,-5.420445442199707,-7.279820442199707,-7.0298919652123,-6.406956501305103,-6.045471071867723,-6.522020459096893,-6.178314207401854,-7.48611583840102
821,-3.681945562362671,-1.510070562362671,-5.86944580078125,-8.60382080078125,-7.2366970757138915,-6.3776953518390656,-6.228855490084243,-7.221016406980198,-6.32262682757937,-7.846514456905425
822,-3.6213810443878174,-1.5823185443878174,-5.535443305969238,-8.004193305969238,-6.816773053804354,-6.341197691857815,-6.1917270416306565,-6.77764487256627,-6.324578759391443,-7.67496305052191
823,-4.261125087738037,-2.026750087738037,-6.159562587738037,-8.901750564575195,-7.6596455539620365,-7.129419237375259,-7.128360508722835,-6.792384386018966,-7.393999693849764,-7.946444330736995
824,-2.9638102054595947,-1.1591227054595947,-4.854434967041016,-7.690372467041016,-6.9264614563580835,-5.782425574958324,-6.152992248111332,-6.90297770489633,-5.613948582453304,-7.374964674003422
825,-3.977642059326172,-2.024517059326172,-5.719829559326172,-8.626079559326172,-7.119670625288563,-6.515950560569763,-6.697765825258102,-6.674279808907158,-6.807158586183505,-7.864070372655988
826,-4.059743881225586,-1.809743881225586,-5.864431381225586,-8.926931381225586,-7.372297285561217,-6.857057645916939,-7.2238414281418954,-6.7628768682161535,-7.051975010872411,-7.877579772844911
827,-3.9361138343811035,-1.8736138343811035,-5.7954888343811035,-8.592364311218262,-7.397153491525387,-6.695875063538551,-6.943990228515759,-6.647064685732403,-7.131498334201751,-7.83891206420958
828,-4.348498344421387,-1.9422485828399658,-6.567248344421387,-7.989123344421387,-7.2626522737700725,-7.169759780168533,-6.934508678641578,-6.051641821690282,-7.395428656003787,-7.542315427213907
829,-3.1223549842834473,-1.2317298650741577,-5.075479984283447,-7.934854984283447,-7.067744848121947,-6.208934552967548,-6.372378825857595,-6.692679643557312,-5.934910534269875,-7.3983075730502605
830,-4.224184513092041,-1.927309513092041,-5.974184513092041,-8.403871536254883,-7.177385088922165,-6.652051091194153,-6.6226661195578345,-6.88044404978973,-6.7008085231937,-7.619130610488355
831,-4.082984924316406,-1.9189223051071167,-6.020484924316406,-8.770484924316406,-7.411239496417693,-6.719844609498978,-6.958074208087055,-6.661131620172455,-7.012783163612767,-7.846467657014728
832,-4.056643486022949,-1.8691432476043701,-6.017580986022949,-8.72851848602295,-7.228586194607487,-6.796066276729107,-6.986376403729082,-6.658216953217561,-7.048890946498432,-7.775714844465256
833,-3.228970527648926,-1.2758455276489258,-5.135220527648926,-8.221158027648926,-7.229021786330122,-6.241316299885511,-6.71336662747126,-6.752418637219307,-6.049322961964208,-7.416154942009598
834,-3.897919178009033,-1.8666692972183228,-6.007294178009033,-8.374482154846191,-7.085484025759797,-6.884810924530029,-6.780770897097682,-6.5541797875794146,-6.866728065662755,-7.764123606495559
835,-3.0891473293304443,-1.2063348293304443,-4.971960067749023,-7.987585067749023,-7.034551139498944,-6.095678813755512,-6.346989512010623,-6.940724611176847,-5.823599216382718,-7.4751161970198154
836,-3.067281723022461,-1.239156723022461,-5.059469223022461,-7.926656723022461,-6.997031925144256,-6.012309215962887,-6.395437359340576,-6.762607097542968,-5.872031686740229,-7.335663178935647
837,-4.201716899871826,-1.842341661453247,-5.889216899871826,-8.631403923034668,-7.3502310485055204,-6.904747322201729,-6.9751945725947735,-6.74860346310561,-7.1705390188944875,-7.897053299471736
838,-4.304888725280762,-1.9611386060714722,-6.187701225280762,-8.976763725280762,-7.4455765466045705,-7.073072180151939,-7.109622596617555,-6.773648142770071,-7.2736945136712166,-7.96619432978332
839,-3.8826470375061035,-1.8592095375061035,-5.9607720375061035,-8.382646560668945,-7.538958428405749,-6.938332810997963,-7.023310660570132,-6.6717194318280235,-7.171765325896558,-7.920412871055305
840,-3.235342502593994,-1.2119050025939941,-5.016592502593994,-8.141592025756836,-7.493304718256695,-6.155201755464077,-6.696332810915919,-6.774428844168142,-6.188581102593162,-7.429776479490101
841,-4.1003594398498535,-1.990984559059143,-6.0066094398498535,-8.608172416687012,-7.2644900060404325,-6.977547526359558,-6.998834966889262,-6.717556595755923,-7.264477609038295,-7.981813695281744
842,-3.7594685554504395,-1.7829060554504395,-5.9313435554504395,-8.376655578613281,-7.001761669300322,-6.801541313529015,-6.626715777521895,-6.603231310763476,-6.861113664075674,-7.667750200256705
843,-3.9150547981262207,-1.9150549173355103,-6.079117298126221,-8.493180274963379,-7.329205747504602,-6.681953802704811,-7.008860824924341,-6.696315884528303,-6.993248698723619,-7.9553993083536625
844,-4.053216934204102,-1.850091814994812,-6.193841934204102,-8.842279434204102,-7.662643550494977,-7.137764811515808,-7.279821633401298,-6.576663851693411,-7.459511517485225,-7.9279773300513625
845,-3.0940868854522705,-1.2503368854522705,-5.09408712387085,-7.72689962387085,-7.031648753174522,-6.232556663453579,-6.367549299890015,-6.687848091065462,-5.703513620959711,-7.368698628619313
846,-4.151080131530762,-1.9635802507400513,-5.971392631530762,-8.791705131530762,-7.479284283363086,-7.013306871056557,-6.979250191627216,-6.74483871456323,-7.237076280780457,-7.867705005221069
847,-3.8148398399353027,-1.8460897207260132,-5.900777339935303,-8.580464363098145,-7.119653693793225,-6.492892727255821,-6.721168634168862,-6.564856409890126,-6.814948195307807,-7.7677786108106375
848,-3.686936378479004,-1.710373878479004,-5.718186378479004,-8.507248878479004,-7.460480565103353,-6.439626142382622,-6.819816348659515,-6.765076160321769,-6.554200884711463,-7.633641647174954
849,-3.7759876251220703,-1.8463001251220703,-5.91661262512207,-8.41661262512207,-7.401047585597553,-6.707876816391945,-6.838528632277303,-6.729122996276601,-6.932293055906484,-7.891509164124727
850,-3.835651397705078,-1.9137763977050781,-5.835651397705078,-8.171588897705078,-7.093532679100463,-6.719939827919006,-6.671630500881292,-6.562223315194387,-6.898209689348732,-7.8818468395620584
851,-3.922384023666382,-1.8833215236663818,-5.875508785247803,-8.898946762084961,-7.211498735960049,-6.575950980186462,-6.977106212958461,-6.5317671298635105,-6.852121947911655,-7.762829975225031
852,-3.946554183959961,-1.805929183959961,-6.118429183959961,-8.610616683959961,-7.204591010682634,-6.73202320933342,-6.751374355095322,-6.571575164574824,-7.024828303663526,-7.864128850400448
853,-4.290503025054932,-1.9623781442642212,-6.376440525054932,-9.25925350189209,-7.845232843457779,-7.273354664444923,-7.399912475946621,-6.509261012045499,-7.66554224414358,-7.936084651388228
854,-3.168043375015259,-1.1680433750152588,-5.043043613433838,-8.20710563659668,-7.277478454707307,-6.234162088483572,-6.644631266277429,-6.83992958062845,-5.964966534418636,-7.340465555898845
855,-4.003764629364014,-1.9412643909454346,-6.097514629364014,-8.581889152526855,-7.238223310785543,-6.700717210769653,-6.675693748915364,-6.6131511925977975,-6.980404612397251,-7.854306464083493
856,-3.85733962059021,-1.59952712059021,-6.091714859008789,-8.130777359008789,-7.08406911889324,-6.489014565944672,-6.724609729237272,-6.646420717070214,-6.623064393810637,-7.690608764067292
857,-3.166638135910034,-1.3463256359100342,-5.166638374328613,-7.822888374328613,-6.760468122163729,-5.895838864147663,-6.143256901126733,-6.43228209001245,-5.85422587011999,-7.33815214689821
858,-3.202669858932495,-1.3432948589324951,-4.937044620513916,-8.101107597351074,-7.359003540332196,-6.076807167381048,-6.515203236969683,-7.17143416394174,-5.859004613128491,-7.612889461219311
859,-3.1234707832336426,-1.264095664024353,-4.842220783233643,-7.795345783233643,-6.873564596542565,-5.898516975343227,-6.162570833454083,-6.592236637943643,-5.771982547863445,-7.236697332933545
860,-4.020308494567871,-1.848433494567871,-5.949995994567871,-8.324995994567871,-7.262636294064578,-6.719112113118172,-6.8328818055961165,-6.668763398973169,-7.05165588381351,-7.90155877918005
861,-4.162369251251221,-1.9826816320419312,-6.092056751251221,-8.717056274414062,-7.295249459835759,-6.908430114388466,-6.928042053034005,-6.60769140715729,-7.099938986255438,-7.7700205678120255
862,-3.786229133605957,-1.583104133605957,-5.872166633605957,-8.442479133605957,-7.395685073439381,-6.835022732615471,-7.020646094395488,-6.747178912087293,-6.864412902057666,-7.7955069448798895
863,-3.044652223587036,-1.3337147235870361,-5.177464485168457,-7.607151985168457,-7.193176146567566,-6.209857624024153,-6.341564177775581,-6.654044151158814,-5.911911961789883,-7.532464051619172
864,-4.210932731628418,-2.023432493209839,-6.265620231628418,-9.054682731628418,-7.843781470597605,-7.327531054615974,-7.2422169441088045,-6.664065957035746,-7.335977791724872,-7.991211172193289
865,-3.201483964920044,-1.279608964920044,-5.013984203338623,-8.107733726501465,-7.185960526097915,-6.038417149335146,-6.592158554765774,-6.592126607743921,-5.97499823277758,-7.206232602708042
866,-3.9403090476989746,-1.8231215476989746,-6.026246547698975,-8.635622024536133,-7.2841541721863905,-6.85024131834507,-6.932550190442271,-6.627819418853505,-7.206011292335461,-7.7686244659125805
867,-3.681814670562744,-1.7286896705627441,-5.713064670562744,-8.283376693725586,-7.18970513039676,-6.445928245782852,-6.799054502072977,-6.431826233796528,-6.775640603998909,-7.613049862906337
868,-3.9584438800811768,-1.7084438800811768,-6.169381618499756,-8.614693641662598,-7.419454691123974,-6.783296003937721,-7.2475674133893335,-6.544396042720109,-7.161642787126766,-7.671413965523243
869,-3.9344236850738525,-1.9344236850738525,-5.903173446655273,-8.426610946655273,-7.239207859114686,-6.645715653896332,-6.934493896864296,-6.645375370875627,-6.9266924824842135,-7.941261257976294
870,-3.765998125076294,-1.937873125076294,-5.789435386657715,-8.101935386657715,-6.9067033496903605,-6.595035225152969,-6.547295807642513,-6.406633615436476,-6.7660636880173115,-7.691067587584257
871,-3.322495222091675,-1.2912452220916748,-5.103744983673096,-8.197495460510254,-7.127279276930494,-6.089508913457394,-6.556902765689301,-6.8146970271009195,-5.846013304304506,-7.467165104113519
872,-3.684659242630005,-1.6143467426300049,-6.169034004211426,-7.387784004211426,-6.966033212578623,-6.419895485043526,-5.903493520025222,-6.411242961652533,-6.817527531009546,-7.597249440848827
873,-3.777271032333374,-1.917896032333374,-5.956958770751953,-8.355396270751953,-7.347661849787983,-6.606626078486443,-6.8398275359541,-6.519471287649139,-7.035163160988304,-7.8961566761136055
874,-3.879091262817383,-1.7697162628173828,-6.191591262817383,-8.785341262817383,-7.566637157342484,-6.958438619971275,-6.957249402450543,-6.3869119882247105,-7.410388945398154,-7.733069386333227
875,-3.176032066345215,-1.3557196855545044,-5.238532066345215,-7.566657066345215,-6.980785010106047,-6.332035895437002,-6.254184960929706,-6.543232083242401,-5.754206060162687,-7.216679505072534
876,-3.3548192977905273,-1.3938817977905273,-5.057944297790527,-7.964194297790527,-7.31585549821466,-6.114791076630354,-6.682983755286841,-6.526708125972618,-6.050198671968246,-7.404463256709278
877,-4.2703070640563965,-2.0906195640563965,-6.2156195640563965,-8.754681587219238,-7.403188703050546,-6.8330493569374084,-6.9734840379569505,-6.48125588887433,-7.270373819032102,-7.919612735509872
878,-3.110787868499756,-1.5092253684997559,-5.188912868499756,-7.790475368499756,-6.962408898547437,-6.078336119651794,-6.290502190229745,-6.501425504604413,-5.853022097449866,-7.426293180324137
879,-3.675429344177246,-1.776991844177246,-5.589491844177246,-8.237929344177246,-7.073946592012362,-6.424058765172958,-6.589545486920542,-6.519191622658582,-6.6676841951557435,-7.749211074784398
880,-3.9021689891815186,-1.8240439891815186,-5.7615437507629395,-8.355294227600098,-7.128897414702806,-6.506238698959351,-6.753823752893368,-6.4881250856524275,-6.878849380191241,-7.6648098565638065
881,-3.1675236225128174,-1.2534611225128174,-5.214398384094238,-7.987835884094238,-7.159790512727341,-6.329097867012024,-6.597244858163322,-6.464413761974356,-6.019150135834934,-7.215645279735327
882,-3.9330108165740967,-1.9564483165740967,-5.917385578155518,-8.050198554992676,-7.097213854416623,-6.898963987827301,-6.651834723583306,-6.581463932865518,-7.026858920980885,-7.773537574335933
883,-3.1444945335388184,-1.308557152748108,-5.113244533538818,-7.738244533538818,-6.941503754191217,-5.978971168398857,-6.347680090024369,-6.457019567176758,-5.847738378135546,-7.325242843478918
884,-3.851411819458008,-1.7654743194580078,-6.038911819458008,-8.492036819458008,-7.414012903827825,-6.605404511094093,-7.093665001622867,-6.515488266847569,-6.851490017696051,-7.681999500840902
885,-3.8925156593322754,-1.9159531593322754,-5.962828159332275,-8.447203636169434,-7.283210871137271,-6.905582413077354,-6.923806785693159,-6.6190882920709555,-7.02538645097593,-7.813667177222669
886,-4.469293594360352,-2.0083563327789307,-6.500543594360352,-8.859918594360352,-7.289644836630032,-7.536476343870163,-7.18806946244149,-6.578675389266664,-7.328701733993512,-7.766945560462773
887,-2.933846950531006,-1.3244718313217163,-5.230721950531006,-7.590096950531006,-6.8245454999560025,-6.180988356471062,-6.105755447781121,-6.511989474143775,-5.762024282041239,-7.335008939728141
888,-3.7284727096557617,-1.6190977096557617,-5.478472709655762,-7.962847709655762,-7.697454664026736,-6.751121215522289,-7.275501239433652,-6.884754180413438,-6.5333447286102455,-7.56773054599762
889,-4.314737319946289,-2.12723708152771,-6.080362319946289,-8.900674819946289,-7.119511958138901,-6.608480736613274,-6.66635799238793,-6.486625075259326,-6.994503018184332,-7.822217708453536
890,-3.935711145401001,-1.810711145401001,-5.94352388381958,-8.646648406982422,-7.467027661987231,-6.960970982909203,-7.045129417445423,-6.756032705267899,-7.068577049751184,-7.825494861230254
891,-3.275796890258789,-1.4320470094680786,-5.236734390258789,-7.697671890258789,-7.1196961291570915,-6.054045610129833,-6.393046496370516,-6.49456763246053,-5.90871929518471,-7.2986203618347645
892,-2.8996851444244385,-1.3918726444244385,-5.055935382843018,-7.485622882843018,-7.0637990223222005,-6.131798096001148,-6.126272678067835,-6.813759922908503,-5.813792585326155,-7.471594630740583
893,-3.899031162261963,-2.047468662261963,-5.641218662261963,-9.059187889099121,-6.367835758625006,-6.097348108887672,-6.360005020433164,-6.500609159349551,-6.195959328193567,-7.2227669367566705
894,-3.82597017288208,-1.97440767288208,-6.01347017288208,-8.466594696044922,-7.326042649503506,-6.631676539778709,-6.755723474241677,-6.615044593740095,-6.747906682983739,-7.731533450074494
895,-2.7275071144104004,-1.2978196144104004,-5.0556321144104,-7.0165696144104,-6.579188220617652,-5.821526661515236,-5.7431921940878965,-6.2900270221634855,-5.461965199836413,-7.176253026351333
896,-4.016240119934082,-1.9928025007247925,-5.961552619934082,-8.570927619934082,-7.078833933243004,-6.516772106289864,-6.62567591482366,-6.445940136831268,-6.766315934168233,-7.634523248299956
897,-4.569473743438721,-1.9600989818572998,-6.467911243438721,-8.811661720275879,-7.9288961876118265,-7.167054906487465,-7.225767492291197,-6.87417078013641,-7.233566998962488,-8.209324647672474
898,-4.096390247344971,-1.9167027473449707,-6.057327747344971,-8.768265724182129,-7.479315155389486,-6.616213098168373,-7.112088081565162,-6.799529671565324,-6.8464758359550615,-7.904886206611991
899,-4.217735767364502,-2.108360767364502,-5.983360767364502,-8.561485290527344,-7.1397308039158816,-6.394426077604294,-6.6084461175705655,-6.459939837319325,-6.874078031098179,-7.792556919157505
900,-3.990480422973633,-1.8654803037643433,-6.060792922973633,-8.099855422973633,-7.1155809113552095,-6.864640265703201,-6.748355982701469,-6.576431512739873,-6.9983832795333,-8.017429606989026
901,-3.658592939376831,-1.775780439376831,-6.32265567779541,-7.36171817779541,-6.432154647773132,-6.672390431165695,-6.033667800023977,-6.338298439821301,-6.479006881359965,-7.765233846381307
902,-3.480217695236206,-1.284905195236206,-5.175530433654785,-8.050530433654785,-7.199044820692507,-5.939233660697937,-6.605257152743434,-6.6833575962900795,-5.925585626031534,-7.396955732256174
903,-3.8879549503326416,-1.8957674503326416,-6.067642688751221,-8.419204711914062,-6.9974091021867935,-6.483600914478302,-6.661448596343689,-6.458279848025086,-6.708335993338551,-7.847906445153058
904,-3.177841901779175,-1.3106544017791748,-5.209091663360596,-7.607529163360596,-6.584194297291106,-5.853921815752983,-6.091956375665177,-6.341919779655655,-5.607625360629754,-7.246914724819362
905,-3.854426622390747,-1.955989122390747,-5.940364360809326,-8.088801383972168,-6.729567041111295,-6.195361465215683,-6.284195777436253,-6.448195218870751,-6.6123523648275295,-7.766735505312681
906,-4.035862922668457,-2.113987684249878,-6.184300422668457,-7.981175422668457,-6.872035952488659,-6.459561809897423,-6.512596950124134,-6.653085946407373,-6.887628653857973,-8.08581617474556
907,-3.8233304023742676,-1.9014554023742676,-5.901455402374268,-8.25301742553711,-7.042183751487755,-6.529633417725563,-6.557772872554779,-6.456155776894775,-6.753106351752649,-7.785505138337612
908,-3.8150370121002197,-1.8306620121002197,-6.104099273681641,-8.22909927368164,-7.174469707719254,-6.9107740223407745,-6.838512896745669,-6.690046787211941,-6.994777320407593,-7.878426872193813
909,-4.172264099121094,-1.9613263607025146,-6.008201599121094,-8.476951599121094,-7.062982912430016,-6.483605340123177,-6.805138228424767,-6.6175889968108095,-6.750467535755888,-7.946088422089815
910,-3.9974403381347656,-2.1693153381347656,-6.489627838134766,-7.872440338134766,-6.880445819348097,-6.795024067163467,-6.356916064913094,-6.505275249230181,-7.044443718303228,-7.985414182767272
911,-4.300452709197998,-2.136389970779419,-6.902015209197998,-8.01920223236084,-7.269234299161326,-7.2673444747924805,-6.995791673309213,-6.784832715975426,-7.269231438223869,-8.303636658936739
912,-3.7801871299743652,-1.8192495107650757,-5.795812129974365,-8.241124153137207,-7.139723407133715,-6.400648877024651,-6.670915240691102,-6.498958468209821,-6.725642909281305,-7.725651687011123
913,-3.8000407218933105,-1.7922282218933105,-5.7844157218933105,-8.370353698730469,-7.268913499923656,-6.618408337235451,-6.823544261656934,-6.6672409772063475,-6.956376429698139,-7.809150705114007
914,-2.914738655090332,-1.3913010358810425,-5.180363655090332,-6.703801155090332,-6.477385271762614,-5.507101126015186,-5.735119459677662,-6.266322493325788,-5.516387339695939,-6.976737825199962
915,-3.7757372856140137,-1.8304247856140137,-5.822612285614014,-8.072612762451172,-7.182134021481033,-6.584985107183456,-6.6586310830462025,-6.299190640324014,-6.760202880570432,-7.624690970405936
916,-3.220010757446289,-1.321573257446289,-5.227823257446289,-7.610635757446289,-7.016978021179966,-6.081288278102875,-6.345059989671427,-6.345030188371311,-5.806024190882454,-7.381372731178999
917,-3.942033529281616,-1.9342210292816162,-5.957658290863037,-8.418596267700195,-7.043688769786968,-6.39544178545475,-6.5827280258672545,-6.387359142214336,-6.731190557758964,-7.662959922105074
918,-3.8551158905029297,-1.9098033905029297,-5.92542839050293,-8.21449089050293,-7.034876224723121,-6.906511723995209,-6.628589867879782,-6.316063046408999,-7.245800016564317,-7.619954690337181
919,-4.020441055297852,-1.9110658168792725,-5.903253555297852,-8.520441055297852,-7.356458779933746,-6.784835666418076,-7.02829790017131,-6.645451188036532,-7.137694595061475,-7.911791862919927
920,-3.0213541984558105,-1.2010416984558105,-4.9354166984558105,-7.4510416984558105,-6.904275173023052,-5.728095971047878,-6.177652834663604,-6.552621483653638,-5.591743227894767,-7.354690252803266
921,-4.030593395233154,-2.069655656814575,-6.030593395233154,-8.327467918395996,-7.01506351972057,-6.630926534533501,-6.507218716556963,-6.389981627376983,-6.7728872242660145,-7.712898449972272
922,-4.203653812408447,-2.0161538124084473,-6.359903812408447,-8.430215835571289,-7.31310414984182,-7.050291061401367,-6.797446488424612,-6.516163706730367,-7.039644478340051,-7.952939608134329
923,-3.139057159423828,-1.3890571594238281,-5.107807159423828,-7.834369659423828,-6.8266496615542565,-5.928296133875847,-6.178159355327807,-6.693758487605919,-5.732890721643344,-7.441386754624546
924,-2.8828346729278564,-1.2578346729278564,-4.914084434509277,-7.546896934509277,-6.781413306729519,-5.764715474098921,-6.2032017692799855,-6.562539338914576,-5.617327921521792,-7.263789454475045
925,-4.085679054260254,-1.945054054260254,-6.007554054260254,-8.843491554260254,-7.4373220172928995,-6.658482417464256,-7.08573269700355,-6.859129309573291,-7.171689626884472,-8.086922619491816
926,-3.9895377159118652,-1.8098503351211548,-6.106725215911865,-8.583288192749023,-7.474016780208331,-6.807641878724098,-7.208342193072895,-6.7317377328090515,-7.2005411364734755,-7.898568080738187
927,-4.01182746887207,-1.9180777072906494,-6.20713996887207,-8.03526496887207,-6.886923546946491,-6.813124969601631,-6.652499674637511,-6.566526055274153,-7.011891243804712,-7.967456007376313
928,-4.146008491516113,-1.8100709915161133,-5.903820991516113,-8.481945991516113,-7.005511990879313,-6.505042195320129,-6.700778123340569,-6.630397677320616,-6.53671490814304,-7.5362039329484105
929,-3.173583507537842,-1.3767085075378418,-5.267333507537842,-7.775146007537842,-6.728373879865103,-6.139565467834473,-6.368937014693074,-6.306411147003018,-5.962714788933226,-7.458693305030465
930,-3.7062582969665527,-1.7843832969665527,-5.862508296966553,-8.112507820129395,-7.2219853349088226,-6.837454728782177,-6.643821356694389,-6.432832956240418,-6.9407076807983685,-7.756259206682444
931,-4.104379653930664,-1.979379653930664,-6.151254653930664,-8.487192153930664,-7.151298402783141,-6.94018380343914,-6.807537078333553,-6.432512640921232,-7.471611379598471,-7.968340819701552
932,-4.018509387969971,-1.9794468879699707,-5.963821887969971,-8.581008911132812,-7.167000530713267,-6.725258037447929,-6.768541216344602,-6.518518328626669,-6.885746000989457,-7.750025572255254
933,-3.371659278869629,-1.527909278869629,-5.277909278869629,-8.004471778869629,-7.27014660711211,-6.42474377900362,-6.51230502107137,-6.824796438143494,-6.137326835680142,-7.637798474170268
934,-3.6232128143310547,-1.7013378143310547,-6.138837814331055,-7.701337814331055,-6.927984949346865,-6.428540676832199,-6.209203480262659,-6.591975688851562,-6.935756801591197,-7.464237458072603
935,-4.232976913452148,-2.0064144134521484,-5.982976913452148,-8.623601913452148,-7.084630246805318,-6.501554116606712,-6.858042714811745,-6.561115384010918,-6.99087047248031,-7.843017557635903
936,-3.997290849685669,-1.989478349685669,-5.88010311126709,-8.07541561126709,-7.559878583851969,-7.215249329805374,-6.934831499216671,-6.817612647964779,-7.1848435387910285,-8.084366058930755
937,-3.5746259689331055,-1.332438588142395,-5.3558759689331055,-8.621500968933105,-7.465313432650873,-6.420072510838509,-7.012153148281868,-6.816825032166889,-6.434056518919533,-7.639402228407562
938,-4.128514289855957,-2.011326789855957,-5.995701789855957,-8.847264289855957,-7.183264134371711,-6.480592995882034,-6.862930416216841,-6.550399661010488,-6.9410675749895745,-7.821192868053913
939,-3.027523994445801,-1.2306491136550903,-5.035336494445801,-7.519711494445801,-6.863554354167718,-5.9002577140927315,-6.277567624092626,-6.2853527067782125,-5.7072892158830655,-7.327748829498887
940,-4.160218238830566,-1.8789682388305664,-6.074280738830566,-8.816468238830566,-7.464972493806272,-7.029809445142746,-7.183695553940197,-6.7539783715692465,-7.089959500775876,-8.034970064647496
941,-3.955199718475342,-1.9161372184753418,-6.002074718475342,-8.3458251953125,-7.072457191883586,-6.664657428860664,-6.525555848122167,-6.4005225896298725,-6.814633010118996,-7.759777320548892
942,-2.8961548805236816,-1.3102173805236816,-5.739904880523682,-6.872717380523682,-6.989995833078865,-6.15360689163208,-6.224321722107561,-6.747731804744035,-6.732134698926529,-7.546473927795887
943,-4.137897968292236,-1.7238353490829468,-6.325397968292236,-8.575397491455078,-7.614517925518157,-7.089376747608185,-7.169188379426487,-6.8332217931101695,-7.231680392695125,-8.009244027547538
944,-4.015628814697266,-1.8906288146972656,-5.835941314697266,-8.804691314697266,-7.234470720839454,-6.398143142461777,-6.83599781830344,-6.5312656163469,-6.921956893733295,-7.710316012613475
945,-3.8431856632232666,-1.9291231632232666,-5.866623401641846,-8.140060424804688,-7.273005953582469,-6.699074313044548,-6.733895775054407,-6.499451041107022,-7.054218049335759,-7.870977470651269
946,-4.06076717376709,-2.013892412185669,-6.02951717376709,-8.34982967376709,-7.201478596769448,-6.775605067610741,-6.740506290057965,-6.498276710464779,-6.935837385572086,-7.772429192438722
947,-3.675825595855713,-1.839888095855713,-6.019575595855713,-8.058637619018555,-6.879089226655196,-6.100245237350464,-5.80089533085993,-6.371153473735831,-6.707175845840538,-7.858180632814765
948,-3.109032392501831,-1.413719892501831,-5.24184513092041,-7.88247013092041,-7.085633157959819,-6.123375561088324,-6.171550631361242,-6.624668121283321,-5.945005416248023,-7.530847699847072
949,-3.860781192779541,-1.9623438119888306,-5.907656192779541,-8.2514066696167,-7.243673917415435,-6.696745663881302,-6.7358267296913255,-6.485791921558302,-6.83741283177369,-7.785891370847821
950,-3.6113319396972656,-1.8222695589065552,-5.861331939697266,-7.689456939697266,-7.134945257945219,-6.454371228814125,-6.564578287390759,-6.330105781271413,-6.7442364650341915,-7.593194222077727
951,-3.749906539916992,-2.054594039916992,-6.007719039916992,-8.538969039916992,-7.140610691749316,-6.471172168850899,-6.578080652936478,-6.4999171494873735,-6.874988194947946,-7.931587032973766
952,-3.766008138656616,-1.7503831386566162,-5.758195400238037,-8.375383377075195,-7.0551888872505515,-6.536668837070465,-6.719207284069853,-6.539460301288273,-6.773895976068161,-7.732249602675438
953,-3.300666570663452,-1.5272290706634521,-5.644416809082031,-7.886604309082031,-7.136655686965241,-6.480751566588879,-6.402259349371889,-6.300679564395068,-6.417901753255137,-7.450393259525299
954,-4.0704827308654785,-1.8673577308654785,-6.0392327308654785,-8.500170707702637,-7.250413149886299,-6.709642007946968,-6.914384353585774,-6.570502280997971,-6.969070304097841,-7.870794354006648
955,-3.9165282249450684,-1.908715844154358,-5.932153224945068,-8.455591201782227,-7.260370011885243,-6.734720423817635,-6.729088662228605,-6.447791814711309,-6.986919876777392,-7.761454975232482
956,-3.85746431350708,-1.79496431350708,-5.94340181350708,-8.201213836669922,-7.4981826500225,-6.88853357732296,-6.8418862808648555,-6.638725757533393,-7.060662386131298,-7.999422544613481
957,-4.07828950881958,-1.875164270401001,-6.13297700881958,-8.679851531982422,-7.218965529093111,-6.937126353383064,-6.789266704723559,-6.398610234226908,-6.843955515974812,-7.659798529930413
958,-3.652700662612915,-1.910513162612915,-5.707387924194336,-8.379262924194336,-7.105906721626525,-6.116862639784813,-6.7465045437456865,-6.598025560298993,-6.473094102424511,-7.68469007126987
959,-3.9766440391540527,-1.8516440391540527,-5.953206539154053,-7.843831539154053,-6.929996941340505,-6.463927313685417,-6.586160530569032,-6.367290615802631,-6.758056746592047,-7.812899960204959
960,-4.152582168579102,-1.9728946685791016,-5.879144668579102,-8.785394668579102,-7.3010827283069375,-6.658188387751579,-6.863560198915366,-6.63696634765256,-7.105773923554807,-7.932202413678169
961,-4.108233451843262,-1.9754211902618408,-6.139483451843262,-8.967608451843262,-7.436419485136867,-6.698190838098526,-7.209839462288073,-6.67855453487573,-7.194229243486916,-8.03584769088775
962,-4.103399276733398,-1.8377745151519775,-6.165899276733398,-8.126836776733398,-7.103545297446544,-6.858087167143822,-6.540973541363201,-6.329978108273281,-6.908194893716427,-7.826389644294977
963,-3.745554208755493,-1.7143042087554932,-5.753366470336914,-8.159616470336914,-7.581521987449378,-7.204588428139687,-7.011199831744307,-6.487747192366442,-7.323707580157134,-7.879261500202119
964,-3.1560068130493164,-1.406006932258606,-5.148194313049316,-7.687256813049316,-6.99207019014284,-6.020026355981827,-6.445112585086463,-6.460710763796669,-5.796729202294955,-7.375329095870256
965,-3.3070197105407715,-1.2601447105407715,-5.0960822105407715,-8.33827018737793,-7.518019435854512,-6.438172113150358,-6.728916644809942,-7.119530200903682,-6.252377985860221,-7.729843272827566
966,-4.047821998596191,-1.9775097370147705,-5.985321998596191,-8.665009498596191,-7.422909255990817,-6.880253911018372,-7.0010070782736875,-6.688458561829975,-7.055705902414047,-7.993409279733896
967,-4.068813800811768,-1.8813139200210571,-5.928188800811768,-9.053189277648926,-7.412637231034751,-6.683689139783382,-6.990756032588251,-6.6703890561248045,-7.131391403047019,-7.917444156482816
968,-4.126216888427734,-1.9465292692184448,-6.016841888427734,-8.602779388427734,-7.290359970662394,-6.8206767141819,-7.07938933260084,-6.555914997998116,-7.08721864016843,-7.821902368217707
969,-4.162832736968994,-1.9362704753875732,-6.045645236968994,-8.389395713806152,-7.264526596976793,-6.891582399606705,-6.795713899162365,-6.58472263801923,-7.1629242855124176,-7.791146757081151
970,-3.938850164413452,-1.8138501644134521,-5.876350402832031,-8.579475402832031,-7.290484545046638,-6.806267477571964,-7.11858272452082,-6.735735058738101,-7.048286197721609,-7.97785993013531
971,-3.1232762336730957,-1.3264011144638062,-5.131088733673096,-7.771713733673096,-6.959322565831826,-6.031510107219219,-6.467064260712505,-6.357664585024395,-5.857720611071272,-7.250910833477974
972,-4.4842681884765625,-1.8045804500579834,-5.5702056884765625,-9.101455688476562,-7.296849009107973,-6.5859000608325005,-6.5311951623771165,-7.031153440422713,-5.890594479511492,-7.824670574627817
973,-3.976207971572876,-1.905895471572876,-5.859020233154297,-8.796520233154297,-7.280936359515181,-6.650583676993847,-6.905920862822313,-6.773089647268989,-6.937185167469579,-7.785838324576616
974,-3.1439385414123535,-1.5970635414123535,-5.3861260414123535,-7.7220635414123535,-6.800259945230209,-6.195908650755882,-6.245525955842822,-6.370511770191115,-5.628368972196768,-7.285634519532323
975,-3.8826136589050293,-1.9919886589050293,-5.898238658905029,-8.132614135742188,-6.953005787538132,-6.46717369556427,-6.468596695816814,-6.484188318178894,-6.765503999544308,-7.833085127174854
976,-3.3836233615875244,-1.2820608615875244,-5.2508111000061035,-7.9929986000061035,-7.211826679042133,-6.300926525145769,-6.696148752849695,-6.75082373611076,-6.000866769194545,-7.564752661623061
977,-4.090948104858398,-1.8565733432769775,-5.942510604858398,-8.520635604858398,-6.997283216667711,-6.655195862054825,-6.770675777581346,-6.520647048884712,-6.966017363054561,-7.755685513839126
978,-3.9995288848876953,-1.9370288848876953,-5.983903884887695,-8.421403884887695,-7.007416007116262,-6.607708320021629,-6.601136444984149,-6.476101517626375,-6.866783139863401,-7.7960397228598595
979,-4.68529748916626,-2.1149847507476807,-6.75560998916626,-9.099359512329102,-7.708804724170477,-7.175363898277283,-7.302543280809914,-6.661872267647595,-7.802514433427859,-8.011891356669366
980,-4.010824680328369,-1.8233246803283691,-6.128012180328369,-8.167074203491211,-6.909380786535621,-6.808522447943687,-6.620259521601838,-6.487401127717931,-6.956218239356531,-7.805235160514712
981,-4.787652969360352,-2.2173404693603516,-6.443902969360352,-9.162652969360352,-7.568972108354501,-7.235886752605438,-7.186131357309932,-6.68609917160029,-7.436149118610047,-7.8399378610774875
982,-4.146574974060059,-1.9434499740600586,-6.130949974060059,-8.998137474060059,-7.6466386297979625,-6.900431796908379,-7.154423713029246,-6.505958795508377,-7.2247371666671825,-7.686736619099975
983,-4.172610282897949,-2.031985282897949,-6.078860282897949,-8.73511028289795,-7.196127292336314,-6.6208156645298,-6.789839505279815,-6.446059465340113,-7.000815269129816,-7.689079297706485
984,-3.971524477005005,-1.8465244770050049,-5.721524238586426,-8.541836738586426,-7.174722907213436,-6.886469304561615,-7.026247262325342,-6.705910444196888,-7.237208483849827,-7.783887813799083
985,-3.3228678703308105,-1.4166178703308105,-5.3228678703308105,-7.7603678703308105,-7.111974357590952,-6.412366256117821,-6.408821940285634,-6.93225252623688,-5.86196541724712,-7.500917406287044
986,-2.891193389892578,-1.6958807706832886,-5.508380889892578,-6.563068389892578,-6.22718763190278,-5.418627217411995,-5.055288552703132,-6.984957575697081,-5.9615300890855,-7.5509529476985335
987,-3.8306384086608887,-1.6275132894515991,-6.166575908660889,-7.760325908660889,-7.315088746094261,-6.943790674209595,-6.88536834626575,-6.963461160607039,-7.080672621141275,-7.904194639995694
988,-3.768453598022461,-1.5262659788131714,-5.885641098022461,-8.104391098022461,-7.620077846528147,-7.082341268658638,-7.260670065459635,-6.377836227387888,-7.2294323435853585,-7.7582876635715365
989,-4.2205915451049805,-1.9315290451049805,-6.1659040451049805,-8.40809154510498,-7.2910158571685315,-6.535499528050423,-6.689403293610667,-6.642480134871221,-7.017555709680892,-7.925818109884858
990,-4.0051984786987305,-1.8723859786987305,-6.0051984786987305,-8.37238597869873,-7.325631492029061,-6.966235160827637,-6.817764399260341,-6.677087306880821,-7.1302843057055725,-7.977848945185542
991,-4.009274005889893,-1.7983365058898926,-6.063961505889893,-8.688961029052734,-7.235928292830067,-6.805828362703323,-6.970265983050922,-6.462409019420193,-7.204661366522487,-7.759075839072466
992,-3.1340317726135254,-1.384031891822815,-5.126219272613525,-7.626219272613525,-6.931075320346281,-5.901056662201881,-6.12628566998319,-6.454364776400325,-5.657583468593657,-7.210753398947418
993,-3.8500990867614746,-1.8188490867614746,-5.990724086761475,-8.545412063598633,-7.193919894569262,-6.721616342663765,-6.842330335613951,-6.350110053956087,-6.990776418271707,-7.717766320332885
994,-3.427149534225464,-1.3333995342254639,-5.294336795806885,-7.958399295806885,-7.4313926669128705,-6.589489057660103,-6.657904743860854,-6.9625798463148385,-6.142305492117885,-7.5573455430567265
995,-3.818660020828247,-1.834285020828247,-5.826472282409668,-8.178034782409668,-7.014118541512289,-6.441815614700317,-6.50623106702551,-6.631171464851832,-6.5609595712521696,-7.890811592340469
996,-3.4281654357910156,-1.2797279357910156,-5.256290435791016,-7.834415435791016,-7.2643161784653785,-6.189698472619057,-6.623546478782373,-6.201624870060186,-6.092355958375265,-7.233262753114104
997,-3.9618923664093018,-1.8134548664093018,-6.243142127990723,-8.219704627990723,-6.797903773418511,-6.6897227466106415,-6.3056807510547515,-6.329091429640357,-6.930704710910504,-7.695186546072364
998,-4.072942733764648,-2.1354424953460693,-5.987005233764648,-8.502630233764648,-6.893347616693063,-6.365376219153404,-6.447998045347049,-6.4323287009592605,-6.619888899178477,-7.651850419119
999,-4.194356441497803,-1.9287313222885132,-6.061543941497803,-8.584980964660645,-7.569469683912757,-6.827478781342506,-6.952228425165231,-6.66311919681084,-7.280381794887944,-8.068524518981576
