,elephant,dolphin,panda,lion,kangaroo,penguin,giraffe,chimpanzee,koala,orangutan
000,-1.1888632774353027,-0.9857382774353027,-4.360738277435303,-6.352925777435303,-5.235738277435303,-5.087963123281952,-3.087467656514491,-5.18105137348158,-4.814240861160215,-7.85295057266012
001,-0.4929342269897461,-3.164809226989746,-5.164809226989746,-7.719496726989746,-4.805374622344857,-3.662527217529714,-3.7119684817735106,-6.602249383926363,-4.689686484402046,-9.289788364596461
002,-0.4022993743419647,-2.464799404144287,-4.722611904144287,-7.160111904144287,-4.050737142562838,-3.3654388962313533,-2.871233207974001,-6.292924761772099,-4.20776491885772,-9.339817881404088
003,-0.9438832998275757,-1.1626332998275757,-4.615758419036865,-5.967320919036865,-5.318883419036865,-5.65552198147634,-2.490928635408636,-5.4126340150831425,-4.506788052705815,-7.717347621561203
004,-0.6145777106285095,-1.4739527702331543,-4.739577770233154,-5.895827770233154,-5.450515270233154,-5.99831002362771,-2.9506977630080655,-5.286453485488664,-4.989920676569454,-8.145855664804913
005,-0.7441509962081909,-1.525400996208191,-4.5097761154174805,-6.6816511154174805,-5.5566511154174805,-5.159328077919781,-2.416201576095773,-5.57227683067299,-4.4868873044033535,-7.822308062997763
006,-0.41075873374938965,-3.1529462337493896,-4.176383972167969,-7.660758972167969,-4.340446829795781,-2.828368206974119,-2.824962605969631,-6.231071829795781,-4.17014260776341,-8.824843048816547
007,-0.5363793969154358,-1.708254337310791,-4.333254337310791,-5.794191837310791,-4.887941837310791,-5.365169184864499,-2.317788469052175,-5.5988798141478355,-4.6618322300491855,-8.184847831260413
008,-0.47891169786453247,-3.1039116382598877,-5.103911876678467,-7.088286876678467,-6.4476621150970175,-4.435211501549929,-3.8696919559006346,-7.455474853515511,-6.151677569316234,-8.736740708209254
009,-0.511701226234436,-2.7929511070251465,-3.6757636070251465,-6.7070136070251465,-4.582013845443697,-3.0846188673749566,-1.9493942074477673,-6.386701464652958,-4.7939581567188725,-8.777344107475074
010,-0.9480068683624268,-1.4167568683624268,-3.9245693683624268,-5.573006629943848,-5.346444129943848,-5.222229648963548,-2.5497163426189218,-4.807382225990125,-4.6359920515387785,-7.901158928498262
011,-0.9064135551452637,-1.2189135551452637,-4.468913555145264,-5.781413555145264,-5.187663555145264,-5.68060596100986,-2.64095972503128,-4.914226651191541,-4.953753482492175,-7.898627757669601
012,-0.9261481761932373,-1.1605231761932373,-4.355835914611816,-6.371460914611816,-5.308960914611816,-5.184748577710707,-3.027860153466463,-5.183961629867326,-4.981249366159318,-7.855862736341805
013,-0.7128750085830688,-1.5410000085830688,-4.712874889373779,-6.048812389373779,-5.540999889373779,-5.737098861311097,-2.4161910827970132,-5.017563104629289,-4.6351193698938005,-7.86915183030942
014,-0.6703080534934998,-1.3265581130981445,-4.5374956130981445,-6.0999956130981445,-5.4749956130981445,-6.131972168106586,-2.873588311544154,-5.1624963283536545,-4.9598864178406075,-7.959393977846048
015,-0.6482200026512146,-1.4919700622558594,-4.382595062255859,-5.874782562255859,-5.656032562255859,-5.969344524608459,-2.6952667089062743,-4.937283277511369,-4.609530260233441,-7.89824521509945
016,-0.8089707493782043,-1.1058456897735596,-4.777720928192139,-5.754283428192139,-5.324595928192139,-5.95031938602915,-3.254477958776988,-4.9417842626568245,-5.176543042587582,-7.715249895629313
017,-0.5960758924484253,-1.5960758924484253,-4.689826011657715,-6.096076011657715,-6.017951011657715,-5.667164977872744,-2.5962346666347003,-5.494514107703992,-4.940321322763339,-8.025787591644985
018,-0.5738387107849121,-1.511338710784912,-4.511338710784912,-5.948838710784912,-5.706651210784912,-5.762141024984885,-2.6833587779692607,-5.159776926040422,-4.691687841841485,-8.230115890146408
019,-0.9857878684997559,-0.9857878684997559,-4.970162868499756,-6.079537868499756,-5.079537868499756,-4.954991595324827,-2.6266183642001124,-5.368600964546033,-5.095621599815786,-7.853003382289899
020,-0.7537481188774109,-1.2849981784820557,-4.339685440063477,-5.917810440063477,-5.480310440063477,-5.840350883256178,-3.0507984007854247,-5.113123774528162,-5.308850083209109,-8.105335592907068
021,-0.5484350323677063,-1.4859349727630615,-5.189060211181641,-6.446872711181641,-5.564060211181641,-5.650950097362511,-3.1111198492872063,-5.446873426437151,-5.072257087245816,-8.087524175292856
022,-0.840562105178833,-1.121812105178833,-4.949936866760254,-5.660874366760254,-5.481186866760254,-5.833404207369313,-2.864185196813196,-4.887437582015764,-5.348855498887133,-7.653095006393414
023,-0.8921340703964233,-1.0483840703964233,-4.392134189605713,-5.376509189605713,-5.329634189605713,-5.564703938376624,-2.798570019614999,-5.071822404861223,-4.681664834090043,-7.978100418631584
024,-0.5738219022750854,-1.5581969022750854,-4.784759521484375,-6.144134521484375,-5.589447021484375,-5.386951248510741,-2.745887023047544,-5.323822736739885,-5.238290585082723,-8.12854170747596
025,-0.6804483532905579,-1.274198293685913,-4.563261032104492,-6.555448532104492,-5.430448532104492,-5.579486070841085,-3.1727768083364936,-5.000761747360002,-5.0167895933263935,-8.00078773462883
026,-0.4224044680595398,-2.8130295276641846,-4.5942792892456055,-7.9458417892456055,-3.5083422660827353,-3.629341242602095,-2.172511810269498,-6.12552976608265,-3.8762236807961017,-8.836485743342564
027,-0.7797080278396606,-1.3422080278396606,-4.389082908630371,-5.709395408630371,-5.170332908630371,-5.819587373698596,-2.733049250091426,-5.060958743095057,-4.405106226739008,-7.850051640976744
028,-1.222444772720337,-0.9568198323249817,-4.269320011138916,-5.675570011138916,-5.011507511138916,-4.934070469695143,-2.7616658085025847,-5.347445607185193,-4.57447160439915,-7.511543750108103
029,-0.7297181487083435,-1.0890932083129883,-4.893780708312988,-6.050030708312988,-5.393780708312988,-5.964715406415053,-3.011139854963403,-5.182843923568498,-5.542634519690182,-8.096930145919032
030,-0.4153865575790405,-1.8372615575790405,-4.80601167678833,-6.36851167678833,-6.14976167678833,-6.549036152486224,-3.103041279289755,-5.282574772834607,-5.408002404059516,-8.540408015012872
031,-0.8094431757926941,-1.1688182353973389,-4.51256799697876,-5.36413049697876,-5.24694299697876,-6.240038340329193,-3.0205765770806465,-4.996943831443446,-4.41926600431907,-7.786038040583662
032,-0.6850332021713257,-1.3412832021713257,-4.645970821380615,-5.927220821380615,-5.614720821380615,-5.842103145143483,-2.974257575304364,-4.974096536636125,-5.060405900207115,-7.810062169612138
033,-0.4183448553085327,-1.8714698553085327,-5.043344974517822,-6.871469974517822,-5.652719974517822,-5.591156639915425,-2.480991710384842,-5.7074080705640995,-4.715562285011401,-8.57461702798173
034,-0.7400487065315247,-1.2087986469268799,-4.771298885345459,-5.849423885345459,-5.482236385345459,-6.209579401533119,-2.740221366271726,-5.091612219810145,-5.170132796862163,-7.919763087869796
035,-0.8374819755554199,-1.16560697555542,-4.79060697555542,-5.25154447555542,-5.52498197555542,-5.9714095334056765,-2.939230305564706,-4.76717019081093,-5.025320949323941,-7.673449158228323
036,-0.9826309680938721,-0.8263809680938721,-5.029505729675293,-6.217005729675293,-5.623255729675293,-5.9910386219853535,-3.154692989977775,-5.677944183349155,-5.600156726752175,-8.27172470043297
037,-0.5066502094268799,-1.3660252094268799,-5.373837471008301,-6.225399971008301,-6.616024971008301,-6.843588923453353,-3.3818116057809675,-5.295713186263811,-5.741447716980474,-8.201985120516838
038,-0.7462221384048462,-1.0430971384048462,-4.980597019195557,-6.043097019195557,-5.636847019195557,-6.10617239610292,-3.1370084155496443,-5.199347853660242,-5.559125580417458,-8.13687396014393
039,-0.7502456307411194,-1.2658705711364746,-4.570558071136475,-5.789308071136475,-5.093995571136475,-5.875948896980844,-2.5629447500250535,-5.0314962863919845,-4.633413609233685,-7.883085012072115
040,-0.8383620977401733,-1.1821120977401733,-4.728987216949463,-5.814924716949463,-4.885237216949463,-6.1437342207646,-2.354169352154713,-5.143050432204973,-4.752811118814861,-7.893075227411828
041,-0.45542189478874207,-1.6585469245910645,-5.0569844245910645,-6.0413594245910645,-5.7054219245910645,-5.839193241903558,-2.627471312574926,-5.314797520637342,-5.369892871414777,-8.29138338535995
042,-0.8737970590591431,-1.186297059059143,-4.9284844398498535,-5.8894219398498535,-5.1862969398498535,-5.687043149955571,-2.530249694289523,-4.865985274314539,-4.616413024603389,-7.7097637649058015
043,-0.8852233290672302,-1.025848388671875,-4.455535888671875,-5.533660888671875,-5.439910888671875,-6.128013905836269,-2.9635106193600222,-5.189911842345737,-5.190323863585945,-7.979000210401864
044,-0.8431549668312073,-1.0619049072265625,-4.7884674072265625,-5.5306549072265625,-5.5540924072265625,-6.4845181361888535,-3.3745964582049055,-4.960343241691248,-5.257621683413163,-8.09318494751642
045,-1.0109044313430786,-0.9796544313430786,-4.839029312133789,-5.659341812133789,-5.026529312133789,-6.191382691380568,-2.870506260864204,-5.049967765807651,-5.026913688197965,-7.667186498125375
046,-0.7975696325302124,-1.0631946325302124,-4.844444751739502,-5.860069751739502,-5.524132251739502,-6.501495993928984,-3.0321278404444456,-5.196008086204188,-5.024552376213251,-8.016344546951586
047,-0.5129355788230896,-1.5285606384277344,-5.278560638427734,-7.012935638427734,-5.880123138427734,-6.146941426442936,-2.4818670585082145,-5.958249092101596,-5.052363090682775,-7.4504603144469
048,-0.4155724048614502,-2.49369740486145,-4.946822166442871,-7.360884666442871,-5.298385024070683,-3.7001700333785266,-2.0876929458463565,-6.782760143279916,-4.869930698303506,-8.853093981504571
049,-0.7852214574813843,-1.3477214574813843,-4.496159076690674,-5.433659076690674,-5.027409076690674,-5.793877960706595,-2.6369821828993736,-4.808659791946184,-4.504357978556072,-7.879002570625744
050,-0.9661173820495605,-1.4192423820495605,-4.0911173820495605,-5.0442423820495605,-5.0286173820495605,-6.045589135843329,-1.8256302976806182,-5.177055716514246,-4.021219167712843,-7.950517534893152
051,-0.8550143241882324,-1.1831393241882324,-4.487826824188232,-6.300326824188232,-4.964389324188232,-5.816792730474845,-2.214527597403503,-5.276890039443742,-4.285129217343638,-7.690987347927148
052,-0.7903469204902649,-1.0403468608856201,-4.470034599304199,-5.915347099304199,-5.524722099304199,-6.181708064978011,-2.759244550295989,-5.134097814559709,-4.939217354578432,-7.6810002322999935
053,-0.610339879989624,-1.235339879989624,-4.766590118408203,-6.172840118408203,-5.305652618408203,-6.790784311015159,-2.7198785409564152,-5.204090833663713,-4.946681060449919,-7.946304797756966
054,-1.0385839939117432,-0.8510840535163879,-4.554209232330322,-5.851084232330322,-5.530771732330322,-6.047024768020492,-3.101252780019422,-5.108897566795008,-5.406157895864453,-7.694865583882347
055,-0.9040512442588806,-1.1228013038635254,-4.427488803863525,-5.786863803863525,-5.333738803863525,-6.006409924128093,-2.3885904415801633,-5.224364519119035,-4.7248224160284735,-7.630646585879731
056,-1.0397086143493652,-0.8834585547447205,-4.719396114349365,-5.735021114349365,-4.945958614349365,-6.110584219684824,-2.953977205979754,-4.899084448814051,-5.079169789940352,-7.922551512256177
057,-1.0431417226791382,-0.9181417226791382,-4.496266841888428,-5.847829341888428,-5.332204341888428,-5.957960677158553,-2.988640171897714,-5.3009551763531135,-4.918563515442656,-7.465049147085665
058,-0.8912410736083984,-1.0631160736083984,-4.984991073608398,-5.774053573608398,-5.258428573608398,-5.759070190542843,-2.7664811323047616,-5.039679408073084,-4.9071983738977,-7.797521590720862
059,-1.4323766231536865,-0.8698765635490417,-4.487063884735107,-5.752688884735107,-5.010501384735107,-5.847236077068374,-2.5731931741320295,-5.221439838408969,-4.190661080443533,-7.096477865412453
060,-0.9661277532577515,-1.0442527532577515,-4.622377872467041,-5.841127872467041,-5.059877872467041,-6.162281159660779,-2.677234873714042,-4.903628706931727,-4.435359838680597,-7.638032674345595
061,-0.869465708732605,-1.385090708732605,-4.4944658279418945,-6.1897783279418945,-5.1663408279418945,-6.0661584148183465,-1.9321114910708275,-5.58040416240658,-3.6120374657039065,-7.43980479205311
062,-1.2054636478424072,-0.8304635882377625,-4.791400909423828,-5.822650909423828,-5.260150909423828,-6.151301365112886,-3.1353481813857798,-5.03358936309769,-5.127772475447273,-7.830496906673943
063,-0.794852614402771,-1.122977614402771,-5.2011027336120605,-5.7948527336120605,-5.4511027336120605,-6.678956985240802,-2.7481670200504595,-5.240166306495098,-4.6624024450429715,-7.5214453931075695
064,-1.1266802549362183,-1.0798052549362183,-4.025117874145508,-5.009492874145508,-4.845430374145508,-5.658743646752555,-2.994069317559479,-4.501681208610194,-4.650473650573986,-7.59546422900894
065,-0.7685911655426025,-1.2217161655426025,-4.674840927124023,-6.057653427124023,-5.292028427124023,-5.831755893828813,-2.5968696953204926,-5.213904261588709,-4.682985250721686,-7.682682036944243
066,-0.8222834467887878,-1.2910335063934326,-4.4394707679748535,-5.7207207679748535,-5.3691582679748535,-6.487854057922959,-1.9942940381733933,-5.267596602439539,-4.228907515091123,-7.478556394309635
067,-1.0002381801605225,-0.9533631801605225,-4.211175918579102,-5.656488418579102,-5.000238418579102,-5.727431694394909,-2.9066309826885117,-5.125239253043787,-4.953718122502323,-7.836203813163593
068,-0.8661847114562988,-1.0068097114562988,-4.569309711456299,-5.491184711456299,-5.522434711456299,-6.1561427873093635,-2.866328229138162,-4.967747926711809,-4.944716966652777,-7.920901178893473
069,-1.2148864269256592,-0.8867614269256592,-4.691449165344238,-5.519574165344238,-5.027386665344238,-6.457991179428063,-2.9260519482922973,-5.019574999808924,-4.762202284997329,-7.160232543388702
070,-0.2919785976409912,-2.448228597640991,-4.75291633605957,-6.56541633605957,-6.15135383605957,-6.379632787196897,-2.2920747949101496,-6.385729670524256,-5.0189457313972525,-9.252939700807474
071,-0.4072767198085785,-1.7041517496109009,-5.446339130401611,-6.430714130401611,-6.188526630401611,-6.627069763489999,-2.9699673470749985,-5.399465203284649,-5.540462424221914,-7.8135570283084235
072,-0.4134393334388733,-1.7259392738342285,-5.6165642738342285,-6.6556267738342285,-6.1946892738342285,-6.844728854717687,-2.866726027757977,-5.218127369880506,-5.827904500911245,-8.163462400179924
073,-0.8080746531486511,-0.9799496531486511,-4.651824474334717,-5.753386974334717,-5.495574474334717,-6.277456679730676,-2.9644684688246343,-5.136200189590227,-5.644354284828296,-7.940913676859054
074,-0.5513292551040649,-1.332579255104065,-4.746641635894775,-5.621641635894775,-5.746641635894775,-6.348931048298255,-2.9421164857631084,-5.012267589568637,-5.520465180248721,-8.10604548414085
075,-0.8559660315513611,-1.2465910911560059,-4.418466091156006,-5.824716091156006,-5.082528591156006,-5.934759393509012,-2.231136903472361,-4.855966925620692,-4.582951932941796,-7.488806366534845
076,-0.6383241415023804,-2.15394926071167,-4.50551176071167,-6.72426176071167,-4.989886999130221,-4.547662016004324,-1.4040716811432503,-6.739887237548714,-4.8577734171412885,-9.239901065717277
077,-1.1131670475006104,-1.0975420475006104,-4.386604309082031,-5.519416809082031,-4.863166809082031,-5.958287372253835,-2.300842031429056,-5.144418001174245,-3.4963447380869184,-7.066324948715192
078,-0.6692564487457275,-1.4192564487457275,-4.802068710327148,-6.059881210327148,-5.505193710327148,-6.147305574733764,-2.3100309260189533,-5.356756925582658,-4.474320221575908,-7.942719578408287
079,-0.6287911534309387,-1.144416093826294,-5.113166332244873,-5.581916332244873,-5.660041332244873,-6.629673449438997,-2.988349420906161,-5.003792166709559,-5.660409740288742,-7.933502912232143
080,-0.6966248750686646,-1.1497498750686646,-5.313812255859375,-5.962249755859375,-5.884124755859375,-6.408530838962179,-3.0249211641203146,-5.032563090324061,-5.259463729627896,-7.704463839178061
081,-0.9087855815887451,-1.3150355815887451,-4.166598320007324,-5.799410820007324,-4.752535820007324,-5.307942012907006,-2.4402322575770086,-5.182224035262834,-4.229466608871007,-7.955692648381955
082,-1.109775424003601,-1.000400424003601,-4.047275543212891,-5.617588043212891,-4.875400543212891,-4.985343890788499,-2.516150228359038,-5.219151258468401,-4.688318046188215,-7.508242249063187
083,-0.8022201061248779,-0.9897201061248779,-5.395970344543457,-6.388157844543457,-5.653782844543457,-6.349868832796346,-2.9742954768589698,-5.528783559798967,-5.583806696580723,-7.9506837126245955
084,-0.9426553845405579,-1.052030324935913,-4.755155563354492,-6.169218063354492,-5.137968063354492,-5.748147402482573,-2.2709493494185153,-5.262968897819178,-4.630544467625441,-7.786432385084481
085,-0.6817112565040588,-1.322336196899414,-4.533273696899414,-5.689523696899414,-5.416086196899414,-5.658835372538306,-2.2912222054437734,-5.2832745313641,-4.885275267530233,-7.962989449102679
086,-0.6839197278022766,-1.2620446681976318,-4.496419906616211,-5.738607406616211,-5.160482406616211,-5.8487601830856875,-2.3871765049843816,-5.316733241080897,-4.4264729546848685,-8.090200900551281
087,-0.6286311149597168,-1.3942561149597168,-4.605193614959717,-5.550506114959717,-5.566131114959717,-6.106596796307713,-2.26939152754494,-4.925506830215227,-4.55871288155322,-7.878657340659629
088,-0.956938624382019,-1.003813624382019,-4.855376243591309,-5.800688743591309,-5.566313743591309,-5.668672363855876,-2.9805211915809195,-4.9491269588468185,-4.965117029991234,-7.667906403086818
089,-0.6416959762573242,-2.485445976257324,-4.094820976257324,-7.126070976257324,-4.594821214675875,-3.89473548065871,-1.4074760555231478,-6.766696572303601,-4.50961491529597,-8.407338857490686
090,-0.42611008882522583,-2.676110029220581,-4.43392276763916,-6.67611026763916,-5.472985386848443,-4.8730999464169145,-1.6450112943712156,-6.535485744476205,-5.286129624641035,-9.129251599179042
091,-0.6203086972236633,-1.3703086376190186,-4.581246376037598,-5.510933876037598,-5.690621376037598,-6.238329182902817,-2.682979807505035,-5.104684591293108,-4.784805799514288,-8.24533772426912
092,-0.6517468094825745,-1.2611217498779297,-4.75330924987793,-5.98768424987793,-5.35487174987793,-6.332118634600192,-2.683149802891421,-5.159559845924207,-4.745895663800184,-8.081458568276503
093,-1.125253438949585,-0.9065034985542297,-4.554941177368164,-5.695566177368164,-5.187753677368164,-5.9384951226529665,-3.336388925978099,-5.039317131042026,-5.188101707928581,-7.7502845520975825
094,-0.712047815322876,-1.212047815322876,-4.797985076904297,-5.696422576904297,-5.329235076904297,-6.001781476603355,-2.587217674139538,-5.071423292159807,-4.915579832100775,-7.844886064191087
095,-0.739967405796051,-1.2712173461914062,-5.208717346191406,-6.044654846191406,-5.052467346191406,-6.545451442943886,-2.2557933128555305,-5.474343180656092,-4.419964980654186,-7.724370717600323
096,-0.7457336783409119,-1.1988587379455566,-5.206671237945557,-6.526983737945557,-5.573858737945557,-6.262086960719898,-2.38655469880905,-5.573859691619418,-4.792973332689144,-7.636385440469894
097,-0.9091725945472717,-1.252922534942627,-4.104485034942627,-5.737297534942627,-5.487297534942627,-5.886499946762342,-2.503033989414689,-5.002923130988904,-4.737611482938519,-7.5029528136437875
098,-0.6018372774124146,-1.6487122774124146,-4.570587158203125,-5.703399658203125,-5.461212158203125,-6.1734648634446785,-1.9770005808095448,-5.031525492667811,-4.250675836199662,-7.859680056109937
099,-1.0392987728118896,-0.8517987728118896,-5.047111511230469,-5.500236511230469,-5.383049011230469,-6.313487486098893,-3.180127719111624,-4.9611748456951545,-5.211534196831053,-7.523706316427706
100,-0.8539513349533081,-1.088326334953308,-4.947701454162598,-5.838326454162598,-5.541451454162598,-6.393891545361839,-2.885435077085276,-5.1820772886272835,-5.041846674052067,-7.799292325571514
101,-0.269361674785614,-2.456861734390259,-5.19904899597168,-7.26936149597168,-5.909986615180962,-5.243112673517317,-2.488236777120619,-6.894362092017957,-5.074460302625084,-9.292815923547096
102,-0.6604149341583252,-1.3479149341583252,-4.847914695739746,-6.191664695739746,-5.629164695739746,-6.0986676956526935,-2.566848022863269,-5.355727791786023,-4.895180625782814,-8.043255567148663
103,-1.04291570186615,-1.02729070186615,-4.5116658210754395,-5.6601033210754395,-5.6132283210754395,-5.731469909893349,-2.621205435556476,-4.621041536330949,-5.105801865429385,-7.4491926428054285
104,-1.0698590278625488,-0.9761090874671936,-4.124546527862549,-5.593296527862549,-5.358921527862549,-5.500547623028979,-2.671583758550696,-4.796422243118059,-4.851453960058279,-7.749576806563709
105,-0.5288589000701904,-1.6694839000701904,-4.8335466384887695,-6.5444841384887695,-5.5054216384887695,-5.9284399170428514,-2.247755993521423,-5.528859734535047,-4.5995208607346285,-8.33357274498303
106,-0.36668476462364197,-2.366684675216675,-5.288559913635254,-6.397934913635254,-6.147935032844536,-6.500709752202965,-2.0074366250482854,-6.733873128890764,-5.656260477961041,-9.187020420762565
107,-0.9057019352912903,-1.4838268756866455,-4.655702114105225,-5.796327114105225,-5.218202114105225,-5.492813493940048,-2.0934241763025057,-5.11664044856991,-4.257591313391458,-7.6010495418158825
108,-0.8330601453781128,-1.2393101453781128,-4.122122764587402,-5.793997764587402,-5.059622764587402,-5.841746187128592,-2.3488461841770913,-5.395560979842912,-4.9193830939766485,-7.887779473756382
109,-1.134470820426941,-1.384470820426941,-5.1422834396362305,-6.7594709396362305,-5.2282209396362305,-6.9484197130659595,-1.7752955952455522,-5.806346774100916,-4.259858890611213,-6.736071109062323
110,-0.7234790325164795,-1.5047290325164795,-4.504729270935059,-6.192229270935059,-5.989104270935059,-5.99008130969014,-2.5986704643146368,-5.6141049861905685,-5.114513909356901,-7.973510622487083
111,-0.9071945548057556,-1.0790696144104004,-4.4384446144104,-6.0790696144104,-5.191953659057617,-5.466171556094196,-2.410852302025887,-5.254454255103894,-5.028246697154827,-7.9888567920534115
112,-0.8154218792915344,-1.2216718196868896,-4.096672058105469,-6.002922058105469,-5.518547058105469,-5.980082809750456,-2.8624698966013966,-5.088860273360979,-4.870463785366155,-7.893576859984023
113,-1.0317561626434326,-0.9536311626434326,-4.055193901062012,-5.766131401062012,-5.750506401062012,-5.056022181699518,-2.9850351691857213,-5.375507116317522,-5.391469302296173,-8.031785964529263
114,-1.0221788883209229,-1.4753038883209229,-3.772178888320923,-5.694053649902344,-5.358116149902344,-5.851248532999307,-2.381781075411709,-4.9753044843670295,-4.046051645796979,-7.858151554435608
115,-1.1521567106246948,-1.1365317106246948,-3.9255943298339844,-5.511531829833984,-5.253719329833984,-5.332682734820992,-2.6992195668426575,-5.07403266429867,-4.5588522157631814,-7.964686154889932
116,-0.8406133651733398,-1.0281133651733398,-4.60623836517334,-5.97342586517334,-5.63748836517334,-6.185131850535981,-2.778260935388971,-5.231239199638026,-5.114409859117586,-7.832830190229288
117,-0.8802546262741089,-1.4115046262741089,-4.528692245483398,-6.005254745483398,-5.177129745483398,-6.093046256806701,-2.4273277325119125,-5.200568079948084,-3.685252260795096,-7.513096093714921
118,-0.8063390851020813,-1.0563390254974365,-4.782901763916016,-5.814151763916016,-5.446964263916016,-6.135359006060753,-2.6033661249821307,-5.126652598380701,-5.009804191038711,-7.829803824059127
119,-0.8321123719215393,-1.1133623123168945,-4.3399248123168945,-6.1446123123168945,-5.2930498123168945,-5.88748765172204,-2.902580010762904,-5.105550408363172,-5.379343803739175,-7.910264491665657
120,-1.0683082342147827,-1.4589332342147827,-3.6933083534240723,-5.435495853424072,-4.872995853424072,-5.319295038585551,-2.0372416805039393,-5.341746687888758,-3.443631358415587,-7.693334698329636
121,-0.9198950529098511,-1.232395052909851,-4.568332672119141,-6.162082672119141,-5.115207672119141,-5.037907498539425,-2.670089226012351,-5.318333268165418,-4.764006549376063,-7.958984374643478
122,-0.6071892380714417,-1.3259391784667969,-5.333751678466797,-6.810314178466797,-5.990001678466797,-6.459692988661118,-2.404229984837002,-5.7400026321406585,-5.529397908772808,-7.833784698894306
123,-0.8264340162277222,-1.1076840162277222,-4.677996635437012,-6.287371635437012,-5.435809135437012,-6.022577179188374,-2.2484607581573073,-5.232684850692522,-5.045582691876916,-7.701461195580123
124,-0.9212223291397095,-1.0618473291397095,-4.35090970993042,-5.82747220993042,-5.40559720993042,-5.328262136259582,-2.7338968362892047,-5.08528542518593,-4.937220027088188,-7.780625581339336
125,-0.8251937627792358,-1.0751937627792358,-4.489256381988525,-6.176756381988525,-5.926756381988525,-6.1228802488185465,-2.9503723223751877,-5.450194597244035,-5.200563124177279,-7.950223564661428
126,-0.8038278222084045,-1.1475777626037598,-4.21007776260376,-5.74914026260376,-5.35070276260376,-5.570176577835809,-2.811787832819391,-4.960078358650037,-5.04633445412037,-7.756979226714975
127,-0.7496670484542847,-1.2496670484542847,-4.452792167663574,-5.890292167663574,-5.382479667663574,-5.414356392866466,-2.5779735877440544,-5.499667882919084,-4.7968648151436355,-8.038762092066463
128,-0.2788189947605133,-2.4350690841674805,-6.3881940841674805,-7.3178815841674805,-6.7710065841674805,-6.413001909269951,-2.63832735127653,-7.411632180213758,-6.216793305473402,-9.122590064782344
129,-0.4133283793926239,-2.9602034091949463,-5.085203170776367,-6.632078170776367,-5.413328170776367,-5.618253873777576,-1.4915995491028298,-6.975828766822644,-5.429350416437956,-9.077408432802258
130,-0.7093086838722229,-1.2405586242675781,-4.904621124267578,-6.506183624267578,-5.365558624267578,-5.827283072692808,-2.428255061880918,-5.717121958732264,-4.5299783307127655,-8.115587591704752
131,-0.375988632440567,-2.594738721847534,-4.672863483428955,-6.532238483428955,-5.313488483428955,-5.377932208008133,-1.876114598926506,-6.407239079475232,-4.907609155605314,-8.665077685966025
132,-1.0777088403701782,-1.0620838403701782,-4.327708721160889,-5.687083721160889,-5.140208721160889,-5.52369786251802,-2.531010254533612,-5.030834317207166,-4.531214164831908,-7.694932698537741
133,-1.0637441873550415,-1.0324941873550415,-3.907494068145752,-5.227806568145752,-5.337181568145752,-5.517544994771015,-3.0014086826267885,-4.602807283401262,-5.095338046987308,-7.743462204463867
134,-0.8074541091918945,-0.9949541091918945,-5.0262041091918945,-5.9558916091918945,-5.4480791091918945,-6.323735379381105,-2.870148878195323,-5.2527673244474045,-5.393734158016741,-7.885606050127535
135,-0.7207784652709961,-1.392653465270996,-5.189528465270996,-6.619215965270996,-5.931715965270996,-6.183179856161587,-2.1896912919037277,-5.525466680526506,-4.908645443327259,-7.46299231017656
136,-0.7813794612884521,-0.9845044612884521,-4.898567199707031,-5.632942199707031,-5.820442199707031,-6.000983350619208,-3.2190363284025807,-5.257942914962541,-5.789481002109824,-8.195469259850142
137,-1.065015435218811,-1.408765435218811,-4.2290778160095215,-5.7134528160095215,-4.8384528160095215,-5.925413442659192,-1.7058179221057799,-5.338453650474207,-3.510684426611988,-7.283798455642682
138,-0.7864176034927368,-1.0364176034927368,-4.731729984283447,-5.833292484283447,-5.927042484283447,-6.326260023983195,-2.911560525200912,-5.036418199538957,-5.4274468796211295,-7.62238466695635
139,-0.6761640310287476,-1.1605390310287476,-4.840226650238037,-5.910539150238037,-5.965226650238037,-6.52066703105811,-2.8325529002177063,-5.051164865493547,-5.215557401301339,-7.9340014454628545
140,-0.661223828792572,-1.2549738883972168,-5.262786388397217,-6.786223888397217,-6.114348888397217,-6.357405761373229,-2.3957539676630404,-5.653412222861903,-5.567768649518257,-8.01281106440365
141,-0.7631731033325195,-0.9662981033325195,-4.8491106033325195,-5.8647356033325195,-5.7709856033325195,-6.841947583016008,-3.0601965078822104,-4.817861437797205,-5.661944929510355,-7.8647605177629885
142,-0.7084156274795532,-1.3021656274795532,-3.9037280082702637,-5.747478008270264,-5.466228008270264,-5.326314196339808,-2.5991934420890175,-5.403728723525774,-4.958863753941841,-8.356880306837411
143,-1.217099905014038,-1.060849905014038,-4.865537643432617,-6.303037643432617,-5.037412643432617,-5.0853667395422235,-2.467281444289256,-5.576475739478894,-4.061169454129413,-7.342140554566868
144,-0.8969637751579285,-1.1625888347625732,-4.693838596343994,-5.990713596343994,-5.529776096343994,-5.460479101282544,-2.8971433478436666,-5.373526811599504,-5.030174295301549,-7.779806136633852
145,-0.9031592011451721,-1.2625341415405273,-3.9187841415405273,-5.301596641540527,-5.504721641540527,-5.747831872431561,-2.5595643399865367,-4.856284856796037,-4.887904098723084,-8.129751205007778
146,-1.1198058128356934,-0.8698058128356934,-4.752618312835693,-5.994805812835693,-5.018243312835693,-5.448552772635594,-2.401232227028231,-5.369806647300379,-4.846694654610474,-7.783900141210324
147,-1.0560626983642578,-0.9935626983642578,-4.290437698364258,-6.095125198364258,-5.220125198364258,-5.595851038640831,-2.868817416165257,-5.3685636520381195,-4.619045141182141,-7.767034649255947
148,-1.0383062362670898,-1.1945562362670898,-4.06955623626709,-5.33518123626709,-4.83518123626709,-5.546972863608971,-2.2103721913154004,-5.2883071899409515,-3.898056317557348,-7.69458937590025
149,-1.2125228643417358,-0.9312728643417358,-4.259397983551025,-5.884397983551025,-5.290647983551025,-5.56481454015011,-2.275179493095493,-5.189086318015711,-4.494098491151817,-7.517251252298593
150,-1.0418977737426758,-0.9168978333473206,-4.510647773742676,-5.620022773742676,-5.284085273742676,-6.277011479192879,-2.4014105701935478,-5.370023488998186,-5.003153154393658,-7.8075516219741985
151,-0.9581196904182434,-1.1612446308135986,-4.278432369232178,-5.661244869232178,-4.965932369232178,-5.849442477046978,-2.630180460822885,-4.919058084487688,-4.849071330187144,-7.653465151248383
152,-0.7847325205802917,-1.1128575801849365,-4.644107341766357,-5.737857341766357,-5.542544841766357,-6.558870785112958,-2.7067828024883056,-4.948795676231043,-4.910158424201654,-7.737887143644912
153,-0.9693005084991455,-1.2349255084991455,-5.078675270080566,-6.148987770080566,-5.617737770080566,-6.549202054855414,-2.016363126313081,-5.555238842963604,-4.172759596258402,-7.469328045459406
154,-0.8145615458488464,-1.1895616054534912,-4.837998867034912,-5.861436367034912,-5.423936367034912,-6.13563699205406,-2.3772549442364834,-5.330187201499598,-4.791452949721133,-7.767717599381285
155,-0.639106035232544,-1.451606035232544,-4.420355796813965,-5.662543296813965,-5.232855796813965,-5.210288265312556,-2.686135280149756,-4.959419012069475,-4.959753218834521,-8.31882142980976
156,-0.8982300758361816,-1.1794800758361816,-4.679480075836182,-6.335730075836182,-4.890417575836182,-5.312845792330336,-2.562458024636726,-5.116980791091692,-4.531491417263169,-7.765452861163794
157,-0.6771565675735474,-1.4740315675735474,-4.575593948364258,-6.059968948364258,-5.856843948364258,-6.51403621135978,-2.302291503365268,-5.122469663619768,-4.818123997189105,-7.833434223743097
158,-0.43934059143066406,-2.501840591430664,-4.970590591430664,-6.236215591430664,-5.751840591430664,-5.987569845165126,-1.595730056578759,-6.798716187476941,-5.533569936291315,-9.048734783942564
159,-0.9885552525520325,-1.3166801929473877,-4.543242931365967,-5.644805431365967,-5.402617931365967,-5.732314662076533,-2.46529386875045,-5.035431265830653,-3.6529230605228804,-7.2229626173575525
160,-0.5769602656364441,-1.6707103252410889,-5.27227258682251,-6.51446008682251,-6.35821008682251,-7.21889398235362,-1.9364658509002766,-5.78789830207802,-4.796119010279654,-8.334798574122033
161,-0.9298590421676636,-1.1642340421676636,-4.140796661376953,-5.773609161376953,-4.898609161376953,-5.055661713820882,-2.594075667919242,-5.179859995841639,-4.500444851757493,-7.8361439698819595
162,-0.781696081161499,-1.234821081161499,-4.219196319580078,-6.008258819580078,-5.391071319580078,-6.235598024039064,-2.3600165652896976,-5.51607227325394,-4.610207244782941,-8.39109933337022
163,-0.8124295473098755,-1.2343045473098755,-4.124929428100586,-5.453054428100586,-4.960866928100586,-5.0864125193911605,-2.531342493108241,-5.117117643356096,-4.96903961370117,-7.820271968390443
164,-1.1455957889556885,-0.9112207889556885,-4.309658050537109,-6.028408050537109,-5.426845550537109,-6.247928084398154,-2.8723397090361686,-5.153408885001795,-5.106923265615478,-7.583128928581573
165,-0.35656657814979553,-2.1065666675567627,-4.708128929138184,-6.176878929138184,-6.500373840332031,-6.993453700444661,-2.211437813413795,-5.945687055587541,-5.477325840416597,-8.805085539524953
166,-1.0822358131408691,-0.9103608131408691,-4.613485813140869,-5.855673313140869,-5.410360813140869,-5.7314483499503694,-2.457410081929993,-5.285361766814731,-5.059201397700235,-7.746331691185333
167,-0.6985687613487244,-1.3704438209533691,-5.190756320953369,-6.143881320953369,-5.807943820953369,-6.23074238555273,-2.3550151393865235,-5.370444774627231,-4.980140634259442,-7.581410288390543
168,-1.3071852922439575,-0.9634352922439575,-4.135310173034668,-5.799372673034668,-4.908747673034668,-5.2922900635167025,-2.432350979404873,-5.057185888290178,-4.799744298536098,-7.580654024586693
169,-0.7202436327934265,-1.0952436923980713,-5.228055953979492,-6.204618453979492,-5.649930953979492,-6.095989187597297,-3.0485380744503345,-5.392119169235002,-5.681468802969903,-8.032770990947029
170,-0.3351118862628937,-2.5069868564605713,-4.84292459487915,-6.14761209487915,-6.17886209487915,-6.164040838426445,-1.8821222690457944,-6.82730031013466,-5.874658824963262,-9.257006168174485
171,-0.5391035079956055,-1.6484785079956055,-5.5000410079956055,-6.1016035079956055,-5.7500410079956055,-6.8768734821351245,-2.1955367158952868,-5.679729223251115,-5.109692058613291,-7.515687703851654
172,-1.236363410949707,-0.9394883513450623,-3.814488410949707,-5.509800910949707,-4.830113410949707,-5.127618471917231,-2.6584205461549573,-5.134801506995984,-4.822700778167928,-7.955141543945501
173,-1.330208420753479,-1.158333420753479,-4.2130208015441895,-5.9083333015441895,-4.8380208015441895,-5.15907462767791,-2.2366316168336198,-5.259896636008875,-4.3227222624991555,-7.330239772301866
174,-0.7812079787254333,-1.1718330383300781,-4.257770538330078,-5.953083038330078,-5.796833038330078,-6.485059712489601,-2.5938919613545295,-5.203083872794764,-5.359734216326615,-8.124985575297615
175,-1.1336183547973633,-0.9617432951927185,-4.547680854797363,-5.985180854797363,-4.922680854797363,-5.266951902071014,-2.165036783335381,-5.336744070052873,-4.766776263655629,-7.711775063966343
176,-1.0877974033355713,-1.3221724033355713,-4.017484664916992,-5.431547164916992,-4.954984664916992,-5.307370442897081,-2.6817750671616523,-4.759672999381678,-4.142919565027114,-7.556579589319881
177,-0.8659731149673462,-1.3815981149673462,-4.170660495758057,-5.787847995758057,-5.131597995758057,-5.460606542183086,-1.9598799820814747,-5.155036330222742,-4.022647648293059,-7.5456904168422625
178,-0.8888630270957947,-0.9982380270957947,-4.4357380867004395,-6.0919880867004395,-5.6388630867004395,-6.124058386893012,-2.5608711154200137,-5.474801421165125,-4.9829926962265745,-7.951390981284931
179,-0.5555896759033203,-2.3680896759033203,-4.35246467590332,-5.93058967590332,-5.39933967590332,-5.431623163050972,-1.3994612619862892,-6.4227777719495975,-5.142024155124091,-8.641548752551898
180,-0.8023630976676941,-1.2242381572723389,-4.84142541885376,-6.20861291885376,-5.58361291885376,-6.365795058547519,-2.2244006263354095,-5.638301372527621,-4.357401428598678,-7.669576048521776
181,-0.3782327175140381,-2.346982717514038,-4.800107955932617,-6.081357955932617,-5.807920455932617,-5.957701376290061,-1.9096045419864822,-6.479796171188127,-5.511527541297255,-8.620443939886172
182,-0.7319542169570923,-1.2788292169570923,-4.677266597747803,-6.067891597747803,-5.427266597747803,-6.146824152965564,-2.4821208576322533,-5.247579813003313,-4.849578642693814,-7.950730561859018
183,-0.9542884826660156,-1.1730384826660156,-4.680850982666016,-5.868350982666016,-5.079288482666016,-5.908382303954568,-2.1263457370660035,-5.110539197921526,-4.673345518647693,-7.391812443445815
184,-1.2902145385742188,-0.7902145981788635,-4.321464538574219,-5.719902038574219,-5.102714538574219,-5.259482964582276,-2.3997473592171445,-5.423027753829729,-5.142071799695259,-7.8761808868057415
185,-0.4348364472389221,-2.1692113876342773,-4.794211387634277,-6.059836387634277,-6.184836387634277,-6.389090972719714,-1.731828801894153,-6.395774602889787,-5.771317334321793,-8.614544510628548
186,-1.0067272186279297,-1.1004772186279297,-3.7489147186279297,-5.74891471862793,-5.53797721862793,-5.679406438663136,-3.3897074320266256,-4.9051655530926155,-5.343021925073117,-7.842694878123439
187,-0.9867725372314453,-1.0336475372314453,-4.408647537231445,-5.541460037231445,-5.283647537231445,-5.690714383206796,-2.4556606912519783,-4.978960752486955,-5.127792280487483,-7.736804246400425
188,-0.5196077823638916,-2.7539827823638916,-5.2305450439453125,-6.4727325439453125,-5.465035915374756,-5.358318014303222,-1.379248369441484,-6.675974130630266,-5.121734875981929,-8.808810472199184
189,-0.9172195792198181,-1.089094638824463,-4.456282138824463,-5.854719638824463,-5.143782138824463,-5.7929413098027,-2.464254485705169,-5.057845354079973,-5.2378594339534175,-7.776619791668054
190,-0.812343418598175,-1.2185933589935303,-4.820156097412109,-5.945156097412109,-5.249843597412109,-6.117693085863721,-2.359400970948627,-5.593594312667619,-4.797095942805754,-7.827995776760872
191,-0.7590741515159607,-1.4621992111206055,-3.4934492111206055,-5.6184492111206055,-5.1809492111206055,-5.306569145643152,-2.415474761117366,-5.079387307166883,-4.665656749741174,-8.040350913644943
192,-0.6957042813301086,-1.0707042217254639,-4.562891960144043,-5.891016960144043,-5.844141960144043,-6.0713959924760275,-3.227109062601812,-5.437892675399553,-5.758625061251223,-8.445736169313022
193,-0.6020901203155518,-1.3364651203155518,-4.508339881896973,-5.922402381896973,-5.727089881896973,-6.0090454710880294,-2.633499609626597,-5.33646547794325,-5.055660148645984,-8.133364200295546
194,-0.6257411241531372,-1.2663661241531372,-4.453866004943848,-5.891366004943848,-5.500741004943848,-6.1653971102205105,-2.844658241592697,-5.422616720199358,-5.157417564012576,-8.383579492230638
195,-0.8886544108390808,-1.1386544704437256,-4.2480292320251465,-5.5370917320251465,-5.5058417320251465,-5.998822255292907,-2.998202070593834,-4.716779947280656,-5.092174451914616,-7.7714968915206555
196,-1.2355127334594727,-0.8136377334594727,-4.391762733459473,-6.298012733459473,-4.837075233459473,-5.618952196964528,-2.3762976995349163,-5.39957582950575,-4.837396212562453,-7.64960813468133
197,-0.4836033582687378,-2.4054784774780273,-4.835165977478027,-6.053915977478027,-5.671103477478027,-5.781934512080625,-1.530587548018957,-6.257041573524305,-5.382499708794057,-8.772687792539728
198,-0.8600038290023804,-1.3287538290023804,-4.32094144821167,-5.59437894821167,-5.55531644821167,-5.571832259942312,-2.875842548441142,-4.828754782676356,-4.80571667291224,-7.891284465324134
199,-0.6678822040557861,-1.3085072040557861,-4.714756965637207,-6.792881965637207,-5.441319465637207,-5.9576855535269715,-2.4805363297928125,-5.3319449424742515,-5.176015563891269,-8.285089731010885
200,-0.5090594291687012,-2.321559429168701,-4.977809429168701,-6.602809429168701,-4.321559429168701,-5.206396555295214,-1.5248448719939915,-6.798122406005746,-4.853203219128773,-9.415324330226213
201,-0.7679352760314941,-1.3460602760314941,-4.400747776031494,-6.431997776031494,-5.010122776031494,-5.542052872129716,-2.111832965441863,-5.197623372077771,-4.127615643606987,-7.947643279818294
202,-0.8045897483825684,-1.3983397483825684,-4.382714748382568,-5.749902248382568,-5.054589748382568,-5.735083374194801,-2.195384368809755,-4.843652844428846,-4.281552234751871,-7.710870742317638
203,-0.8317060470581055,-1.0348310470581055,-4.7379560470581055,-5.9957685470581055,-5.3082685470581055,-6.457283925905358,-2.8475009058747673,-5.034831762313615,-5.152335355174728,-7.5661070343448955
204,-1.068060040473938,-0.927435040473938,-4.247747421264648,-5.591497421264648,-5.302434921264648,-5.553117280767765,-3.240148283133749,-5.013373255729334,-5.068412837688811,-7.880591511227976
205,-0.7174372673034668,-1.3111872673034668,-4.420562267303467,-5.537749767303467,-5.639312267303467,-6.022847153013572,-2.8582236636575544,-4.725250601768153,-4.999024334363639,-8.022156357281347
206,-0.810639500617981,-1.185639500617981,-4.599701881408691,-5.677826881408691,-5.310639381408691,-6.249485420878045,-1.9670371900283499,-5.482515215873377,-4.592265058512567,-7.7403556104345625
207,-0.7136844396591187,-1.1043094396591187,-4.580872058868408,-5.916809558868408,-5.681578636169434,-6.5181557278265245,-2.7754981374164345,-5.415954470634119,-5.322642945102416,-8.251917838693771
208,-0.8505670428276062,-1.334942102432251,-4.288066864013672,-5.608379364013672,-5.241191864013672,-5.929474643373396,-2.3976307929406175,-4.928692579269182,-4.319755815464305,-7.999034523509181
209,-1.1786777973175049,-1.4286777973175049,-3.788052797317505,-6.038052558898926,-5.202115058898926,-4.710985577548854,-2.5694745631481055,-5.413053393363612,-4.030597980337916,-7.866207956805738
210,-0.5526047348976135,-1.2713546752929688,-5.255729675292969,-5.990104675292969,-6.099479675292969,-6.444031274819281,-3.146527633012738,-4.9041680097576545,-5.802945079078199,-8.091692089723438
211,-0.5755065083503723,-2.3880064487457275,-5.747381687164307,-6.419256687164307,-4.513006687164307,-5.348615970462561,-1.4506761883676518,-6.833319783210584,-5.255706894095056,-7.895840048571699
212,-0.9119608402252197,-0.9900858402252197,-5.146335601806641,-5.419773101806641,-5.583835601806641,-5.920834811986424,-2.677754507138161,-4.974461197852918,-5.107620417344151,-7.661993503028498
213,-0.953065037727356,-0.968690037727356,-4.578064918518066,-5.492127418518066,-5.351502418518066,-6.133661214669701,-2.8203850896534277,-4.874940633773576,-5.148701853555394,-7.554656624368363
214,-0.5342215299606323,-1.8623465299606323,-4.667034149169922,-6.167034149169922,-5.409221649169922,-5.699628164758906,-1.7218383482395438,-6.518597245216199,-5.300247827166459,-9.00299441788411
215,-1.0919362306594849,-1.4200612306594849,-4.115373611450195,-5.662248611450195,-4.974748611450195,-5.280186014249921,-1.7327057018846972,-5.263811826705705,-4.396915631572483,-7.482587098736985
216,-0.3851143419742584,-1.978864312171936,-4.7913641929626465,-6.1273016929626465,-6.2835516929626465,-6.557926453882828,-2.1352256474638125,-6.213239789008924,-5.666995445266366,-8.91639113391102
217,-0.5644475221633911,-1.2519475221633911,-4.869134902954102,-6.111322402954102,-5.916009902954102,-6.057459133851808,-2.9708502175926697,-5.2753856182096115,-5.869457312102895,-8.478533982941372
218,-0.8950892090797424,-1.0200891494750977,-4.160714149475098,-5.660714149475098,-5.340401649475098,-5.676960990182124,-2.8639871964551276,-4.910714864730608,-5.840769580856431,-8.14511537517501
219,-0.5869740843772888,-2.8057241439819336,-4.415099143981934,-6.126036643981934,-4.774474143981934,-4.791135965497233,-1.2121235020604217,-6.501037120818978,-5.087573706172407,-8.922931313321897
220,-0.8726956844329834,-1.0133206844329834,-4.5680084228515625,-5.7476959228515625,-5.8570709228515625,-5.982851439039223,-3.193180665402906,-5.060196638107072,-5.513711733743548,-7.9508510823470715
221,-0.5503855347633362,-2.1285104751586914,-4.417572975158691,-6.050385475158691,-4.855073094367974,-5.3341305097565055,-1.5348811076837592,-6.628511071204969,-4.925881382019725,-8.831659793557264
222,-0.7119415998458862,-1.0400665998458862,-5.157254219055176,-5.805691719055176,-5.516629219055176,-6.220283368253149,-2.9464783537841868,-5.188504934310686,-5.970088545233011,-8.36040902093373
223,-0.8594160676002502,-1.0625410079956055,-4.7344160079956055,-6.0078535079956055,-5.4609785079956055,-6.469521970546339,-3.031511163324467,-5.242229342460291,-5.086365863156971,-7.968823909217463
224,-0.3792541027069092,-2.332379102706909,-4.918316841125488,-6.074566841125488,-5.738629341125488,-5.700584251550026,-1.8637769112974638,-6.7698799371717655,-5.739164209342562,-9.129275798566596
225,-1.0143457651138306,-0.9674707651138306,-4.389345645904541,-5.733095645904541,-5.569033145904541,-6.023027637973428,-3.077044467238011,-4.904971480369227,-5.069380103959702,-7.420623778900335
226,-0.8096025586128235,-1.0283524990081787,-4.411165237426758,-5.676790237426758,-5.629915237426758,-6.1773727627587505,-2.606626141947345,-4.903353452682268,-5.130268630513456,-8.028383969773131
227,-0.603874146938324,-1.3851242065429688,-4.885124206542969,-6.119499206542969,-5.877311706542969,-6.292096354009118,-2.588385930255754,-5.471062421798479,-5.197976765455678,-8.111714481921808
228,-0.5477274656295776,-1.4696024656295776,-4.907102584838867,-6.133665084838867,-5.828977584838867,-6.111059438786469,-2.5635458044271218,-5.461790919303553,-5.071474980970379,-8.188387631755177
229,-0.9735515117645264,-1.1923015117645264,-4.1141767501831055,-5.5985517501831055,-5.0360517501831055,-5.419580084097106,-2.411227925957064,-5.090740084647791,-4.317621656751726,-7.809522389816266
230,-0.8854246735572815,-1.2291746139526367,-4.010424613952637,-5.815112113952637,-5.236987113952637,-5.605004562123213,-2.830941536987666,-5.135425329208147,-4.573395260667894,-7.674518942327268
231,-0.7916878461837769,-1.2604378461837769,-4.346375465393066,-5.776062965393066,-5.072937965393066,-5.2845519876573235,-2.541878562886268,-5.346375942230111,-4.948314714973094,-8.112028956007634
232,-0.9771482944488525,-1.4615232944488525,-4.281835556030273,-5.953710556030273,-4.399023056030273,-4.852850547991693,-1.6023142200137954,-5.477148652076551,-4.2275025216222275,-7.805297136017543
233,-1.1271424293518066,-0.9708924293518066,-4.533392429351807,-6.119329929351807,-5.158392429351807,-5.510639671469107,-2.7991756075643934,-5.416205525398084,-5.065244493423961,-7.767810105367971
234,-0.7506363987922668,-1.172511339187622,-4.352199077606201,-5.828761577606201,-5.375636577606201,-5.907598003919702,-2.532050834473921,-5.289699912070887,-4.751073860854376,-8.1256661410589
235,-0.5970792770385742,-1.1127042770385742,-5.058016777038574,-6.472079277038574,-5.581454277038574,-6.457149502297398,-3.0347432955750264,-5.62833011150326,-5.964560584776336,-8.472109078917128
236,-0.7197732925415039,-1.594773292541504,-4.649460792541504,-6.469773292541504,-5.149460792541504,-5.603744788561016,-1.7199252728314605,-5.657273888587781,-4.43113449178054,-8.133857488397553
237,-0.9474024772644043,-0.8849024772644043,-4.720839977264404,-5.791152477264404,-5.423964977264404,-6.182691871188581,-2.8381774313020287,-5.322403192519914,-5.299274396704277,-7.76774239502447
238,-0.9927805662155151,-0.8521555662155151,-4.906843185424805,-6.102155685424805,-5.453718185424805,-5.899882192374207,-2.8367020936857443,-5.313093900680315,-5.493135031865677,-7.6724972720676305
239,-0.7096409201622009,-1.1940159797668457,-4.529953479766846,-5.834640979766846,-5.451828479766846,-5.882529698428698,-2.6472846166434465,-5.069016695022356,-5.155348103842698,-8.014354943865328
240,-0.5878057479858398,-1.6190557479858398,-5.15030574798584,-6.49405574798584,-5.69718074798584,-5.643821191857569,-2.150504450124572,-5.82999396324135,-4.697418423063937,-8.142524718743516
241,-0.7785214185714722,-1.4816464185714722,-4.583209037780762,-6.114459037780762,-5.153521537780762,-5.131206359248608,-2.0599375825404422,-5.114459753036272,-4.442981164262164,-7.575430154236528
242,-1.0551307201385498,-1.2113807201385498,-4.500443458557129,-5.883255958557129,-4.914505958557129,-5.344857472227886,-1.8522015618218575,-5.375444173812639,-4.46958212449681,-7.6879729028187285
243,-0.8557275533676147,-1.1213525533676147,-5.058852672576904,-5.949477672576904,-5.597915172576904,-6.247121753520332,-2.715266571918619,-5.0979157686231815,-5.418614551075734,-7.980756282397124
244,-0.8771200180053711,-0.8927450180053711,-4.783370018005371,-5.798995018005371,-5.564620018005371,-6.455988726578653,-2.939806682334165,-5.134933233260881,-5.135340369015466,-7.799023270208636
245,-0.9041663408279419,-1.232291340827942,-4.365103721618652,-5.810416221618652,-5.201041221618652,-5.952299756230786,-2.1699625106994063,-5.279167175292514,-3.9123248454998247,-7.505759715553722
246,-1.154529094696045,-1.029529094696045,-4.381091594696045,-6.107654094696045,-4.818591594696045,-5.241250326973386,-2.217193113232497,-5.224842309951555,-4.373599239595933,-7.3420577045162645
247,-1.3022137880325317,-3.349088668823242,-4.911588668823242,-6.450651168823242,-3.9662454128265097,-3.4219090957194567,-0.6773665974324103,-7.0053081512450035,-4.568235067563364,-8.692836641859685
248,-0.8747268319129944,-1.2028517723083496,-4.28878927230835,-5.64816427230835,-4.99191427230835,-5.750578279257752,-2.140523299764027,-5.132540106773035,-4.148602151341038,-7.76538932252879
249,-0.6565611958503723,-1.8753111362457275,-4.422186374664307,-6.461248874664307,-5.797186374664307,-5.760946102207527,-1.7504424962535268,-5.625311970710584,-4.477254794997862,-8.086276769236065
250,-0.49550777673721313,-1.7455077171325684,-4.933007717132568,-6.878320217132568,-5.628320217132568,-5.82512827089522,-2.0425366044801194,-5.979883313178846,-4.691109138715547,-8.503342509031427
251,-1.3739410638809204,-0.7645660638809204,-4.186440944671631,-5.709878444671631,-4.686440944671631,-5.390099025738891,-2.9053736758214654,-5.319254040717908,-5.100840273400536,-7.75678122005047
252,-0.9394107460975647,-0.9237857460975647,-5.01753568649292,-5.93941068649292,-5.34566068649292,-6.221485512913205,-2.627088888504659,-4.98628640174843,-5.369440496986499,-7.142566442016687
253,-0.7257196307182312,-1.350719690322876,-4.827281951904297,-6.116344451904297,-5.405406951904297,-5.968727728584781,-2.194615949425497,-5.303845286368983,-4.858919783728197,-7.702312230605457
254,-0.9763954877853394,-0.9763954877853394,-4.796708106994629,-5.882645606994629,-5.374833106994629,-5.969293461181223,-2.382845143438317,-5.234208941459315,-5.1174043872451875,-7.585804104244744
255,-0.9135259389877319,-1.288525938987732,-4.3666510581970215,-5.5463385581970215,-5.0463385581970215,-5.484901935560629,-2.226205571278115,-5.093214273452531,-4.281137734069489,-7.694807648160349
256,-0.9402791261672974,-1.2840291261672974,-4.479341506958008,-6.026216506958008,-5.190279006958008,-5.206822092935909,-2.4717072089697467,-5.799654722213518,-4.300051610101946,-8.073121428042214
257,-1.526278018951416,-1.073153018951416,-4.682528018951416,-5.971590518951416,-4.690340518951416,-5.6287260901299305,-2.182752107299166,-5.385653853416102,-4.1126156244718,-7.120072006211558
258,-1.0973291397094727,-1.0504541397094727,-4.464516639709473,-5.605141639709473,-5.105141639709473,-5.637315680680331,-2.394397120922804,-4.925454854964983,-4.761727395904018,-7.487982987940995
259,-1.0644481182098389,-3.439448118209839,-4.70507287979126,-6.75194787979126,-4.291222691535943,-3.7248381613753736,-0.767979007010581,-6.736535668372937,-4.486973308841698,-8.4318753477055
260,-0.8239912986755371,-0.9958662986755371,-5.058366298675537,-5.433366298675537,-5.745866298675537,-6.738767011847813,-2.996024119318463,-4.659929633140223,-5.7071306171419565,-7.4490184780243
261,-0.8920617699623108,-1.345186710357666,-4.212374210357666,-5.540499210357666,-4.852999210357666,-5.603710398427211,-2.0953197390772402,-4.470187306403943,-4.11895305471262,-7.19677901223622
262,-0.8373397588729858,-1.3685897588729858,-4.556089878082275,-5.548277378082275,-5.063902378082275,-5.431875754438806,-2.0562441229994874,-5.017028093337785,-4.189276625198545,-7.728001951483748
263,-0.9386529326438904,-1.2199029922485352,-4.969902992248535,-6.165215492248535,-5.282402992248535,-6.064669807208702,-1.954465490882285,-5.477716326713221,-4.478139548969921,-7.329316376901261
264,-1.124401569366455,-1.030651569366455,-4.241589069366455,-5.460339069366455,-5.327526569366455,-5.687595960742328,-3.054293254026561,-4.811902403831141,-4.882655999739654,-7.89006066264119
265,-0.9309883117675781,-0.9153633117675781,-4.821613311767578,-5.813800811767578,-5.680988311767578,-6.478594393469393,-2.7124174672790105,-5.282551884650616,-5.368968609836884,-7.556017994440481
266,-0.6926330327987671,-1.583258032798767,-4.544195652008057,-5.669195652008057,-5.387945652008057,-5.904970619129017,-2.0834467233216856,-5.145758986472742,-4.146126321720658,-7.809853791641217
267,-1.2952306270599365,-1.6233556270599365,-3.7639806270599365,-5.615543365478516,-5.053043365478516,-5.085665714344941,-2.2485795962275006,-5.037419319152377,-3.147158198466059,-7.279641985242051
268,-0.9443320631980896,-1.1630821228027344,-4.561519622802734,-5.366207122802734,-5.030269622802734,-6.66466563672293,-2.0538776967441663,-4.85058295726742,-4.1947627332410775,-7.4131091829458455
269,-1.0732733011245728,-0.9795233011245728,-5.010773181915283,-5.721710681915283,-5.440460681915283,-5.652230988780502,-2.807780376286246,-4.831086397170793,-5.339207720535342,-7.456117510289914
270,-0.8374225497245789,-1.0561726093292236,-4.6733598709106445,-5.9780473709106445,-5.3921098709106445,-6.205196804367006,-2.7672563684318447,-4.86867320537533,-5.033053824095987,-7.62651145422933
271,-0.7846561670303345,-1.3471561670303345,-4.831531047821045,-6.128406047821045,-5.097156047821045,-5.777861791779287,-2.034800280656782,-5.448719382285731,-4.86311573148123,-7.644056200664636
272,-1.0142109394073486,-0.9204609394073486,-4.9360857009887695,-5.6860857009887695,-5.5063982009887695,-6.311802726180758,-3.13943443185417,-4.865774035453455,-5.209914011880755,-7.584555267774704
273,-1.1421486139297485,-1.2671486139297485,-4.212460994720459,-5.798398494720459,-4.681210994720459,-4.791301352146547,-1.8610825369542,-5.345274209975969,-3.759698682813905,-7.618748068121931
274,-1.0920097827911377,-0.9670097827911377,-4.662322044372559,-5.865447044372559,-5.092009544372559,-5.483370033558458,-2.201558455650229,-5.1701352596280685,-4.936129263223847,-7.451416015130235
275,-0.8382703065872192,-2.9632701873779297,-4.93202018737793,-6.29139518737793,-5.010169148445122,-3.7858548192307353,-0.9791276237665443,-6.767982006072884,-4.729334149014903,-8.658633112554526
276,-0.9291166067123413,-0.9759916067123413,-4.718179225921631,-5.804116725921631,-5.429116725921631,-6.586292434309144,-2.6792896836414,-4.921305060386317,-4.820101673190948,-7.530705928445968
277,-0.6506339907646179,-1.4787590503692627,-5.041258811950684,-5.963133811950684,-5.392821311950684,-5.995622701593675,-2.1507884144812124,-5.1115720272061935,-4.783872513537062,-7.8381620641539484
278,-0.8495920896530151,-1.0214670896530151,-4.599592208862305,-5.732404708862305,-5.654279708862305,-5.9834751120069996,-2.6466135871596634,-4.880842924117815,-5.240583591104951,-7.794932245829841
279,-1.0550888776779175,-0.9925888776779175,-4.945713996887207,-6.180088996887207,-4.992588996887207,-5.53243784973165,-2.0552420499006985,-5.523839831351893,-4.610111299727578,-7.133251904720964
280,-0.770236611366272,-1.160861611366272,-4.699923992156982,-5.957736492156982,-5.590548992156982,-6.325653763487935,-2.5985534006904345,-5.192112207412492,-5.020654352614656,-7.793703913241188
281,-0.8928142189979553,-1.2209391593933105,-4.2053141593933105,-5.5803141593933105,-4.8459391593933105,-5.409259578736965,-2.158593285130337,-4.9865648746488205,-4.275927260023309,-7.681910037437774
282,-1.3367598056793213,-0.6961348652839661,-4.5086350440979,-5.7195725440979,-4.8836350440979,-5.32160318858223,-2.821311219871859,-5.24301075935341,-5.258974375377875,-7.688349246622238
283,-0.8381175994873047,-1.1349925994873047,-4.322492599487305,-5.767805099487305,-5.619367599487305,-6.09665808401769,-2.5258092696603853,-5.1193684339519905,-4.838519015786005,-7.892832636454841
284,-0.7580318450927734,-1.5705318450927734,-4.633031845092773,-6.593969345092773,-5.390844345092773,-5.970200138515793,-1.805072889852454,-5.336157798766635,-4.406848597136559,-7.734625458233495
285,-0.9108177423477173,-1.0983177423477173,-4.863942623138428,-5.715505123138428,-5.168630123138428,-5.966349840920884,-2.2703660576080438,-5.0748809576031135,-4.629954025003826,-7.590532779311616
286,-1.1115052700042725,-1.1115052700042725,-3.8146302700042725,-5.353693008422852,-5.017755508422852,-5.3076975053409114,-2.7679381203342928,-4.853693842887537,-4.1977877022873145,-7.509975552027754
287,-0.7656999826431274,-1.1406999826431274,-4.671949863433838,-5.781324863433838,-5.367262363433838,-6.055521557573229,-2.7346329521387815,-5.078200697898524,-4.914486347319325,-8.039166569296867
288,-0.9852253198623657,-0.9383503198623657,-5.094600200653076,-6.024287700653076,-5.539912700653076,-6.157826517417561,-3.2823111788311508,-5.055538535117762,-5.430911709467182,-7.625877380001839
289,-0.7242256999015808,-1.3336007595062256,-4.5523505210876465,-6.0289130210876465,-5.3179755210876465,-5.9049644900951535,-2.083764778042678,-5.521101236343156,-4.701285119459499,-8.036751031562744
290,-1.1787878274917603,-0.9756628274917603,-4.139725208282471,-5.975662708282471,-4.922629356384277,-5.548283601296134,-2.6103453402902232,-5.258567690848963,-4.376158632570878,-7.61797714171189
291,-0.6552861332893372,-1.4834110736846924,-4.8740363121032715,-6.4287238121032715,-5.3193488121032715,-5.555077351629734,-2.014798393356614,-5.506849646567957,-4.921203570556827,-7.670941113981826
292,-0.7803949117660522,-1.0616449117660522,-5.319457530975342,-6.678832530975342,-5.803832530975342,-6.312575503310654,-2.6399632505635964,-5.6866459846492035,-5.507241328014061,-7.499176859349973
293,-0.7408832907676697,-1.3033833503723145,-4.4127583503723145,-5.9127583503723145,-5.117042541503906,-6.086798638454638,-2.3828397840989055,-5.007668256759416,-4.4142832087527495,-7.742075681137067
294,-1.333381175994873,-0.8958812355995178,-4.263068675994873,-6.106818675994873,-4.638068675994873,-4.873111025313847,-2.396059735561721,-5.395882010459559,-4.3024955324071925,-7.47404694474244
295,-0.9882729649543762,-1.2382729053497314,-4.4960856437683105,-5.4960856437683105,-5.0976481437683105,-5.8564681698335335,-2.2227954755653627,-4.6445238590238205,-4.074484430020675,-7.449238061528376
296,-0.8604780435562134,-1.3448530435562134,-4.172977924346924,-6.016727924346924,-5.094852924346924,-5.447183909709565,-2.095009195516468,-5.235478639602434,-4.532800335902721,-7.610519169909821
297,-1.0900346040725708,-0.9962846040725708,-4.261909484863281,-5.761909484863281,-5.332221984863281,-5.723654301837087,-3.098020061777788,-4.808785319327967,-5.137313761049882,-7.54319250529079
298,-0.9915503263473511,-1.163425326347351,-4.061862945556641,-5.616550445556641,-5.405612945556641,-5.570564113440923,-2.397967563010752,-4.913426160812151,-4.343576919665793,-7.960331320286059
299,-0.8343256711959839,-1.0530756711959839,-4.889013290405273,-5.748388290405273,-5.560888290405273,-6.507159607717767,-2.5688440697122132,-4.967139005660783,-5.022170245909365,-7.55310654592904
300,-0.9571146965026855,-1.3477396965026855,-4.2696146965026855,-5.7539896965026855,-5.0430521965026855,-5.512539949035272,-1.9416689712088555,-5.074302792548963,-4.1059073770884424,-7.621204733470222
301,-0.7679251432418823,-1.2054251432418823,-4.197612762451172,-5.439800262451172,-5.103862762451172,-6.002993224305101,-2.674374322145013,-5.017925977706682,-4.74486057960894,-8.127326845769858
302,-0.7223622798919678,-1.1598622798919678,-4.933300018310547,-6.073925018310547,-5.480175018310547,-6.309084822656587,-3.0037542480713455,-5.027050733566057,-5.300792766705854,-7.613011002264102
303,-1.1024837493896484,-1.0712337493896484,-4.008733749389648,-5.641546249389648,-4.852483749389648,-5.181484077591449,-2.3682566771749407,-4.899359464645158,-4.649722986621782,-7.383761286357185
304,-1.2531471252441406,-1.1593971252441406,-3.5812721252441406,-5.370334625244141,-4.378147125244141,-4.3318631094298325,-2.3782870671566343,-5.018772721290418,-3.847291749319993,-7.6047476522835495
305,-0.8900616765022278,-1.405686616897583,-4.171311855316162,-5.882249355316162,-5.108811855316162,-5.734753284603357,-2.0464780192269245,-4.976000070571672,-4.077871155575849,-7.79634034593073
306,-0.859622597694397,-1.125247597694397,-5.078372478485107,-6.164309978485107,-5.718997478485107,-6.001184262975585,-2.2348333374829963,-5.640873551368145,-4.719401158858091,-7.578411339956801
307,-0.6748420596122742,-2.268592119216919,-4.08890438079834,-5.65140438079834,-4.97952938079834,-5.184993390459567,-1.3155686803729623,-6.31546759605385,-4.597260804031976,-8.456112623000081
308,-0.8814778923988342,-1.0377278327941895,-4.6236653327941895,-5.6861653327941895,-4.9830403327941895,-5.819700814143289,-2.5066523399727885,-5.225228548049699,-4.889608213445172,-7.694006084997454
309,-0.8772245049476624,-1.0959744453430176,-4.470974445343018,-5.752224445343018,-5.572536945343018,-6.511133188963868,-2.4867836067423923,-5.025662779807703,-4.815128006564919,-7.424127816751934
310,-1.1154963970184326,-0.9748714566230774,-4.131121635437012,-5.873309135437012,-5.115496635437012,-5.139647825155407,-2.475032554997597,-5.271747231483289,-4.709602769376943,-7.615524410815851
311,-0.636989176273346,-2.558864116668701,-4.590114116668701,-6.207301616668701,-4.972926974296513,-3.7570434734225273,-1.7466258660133462,-6.426052093505746,-4.512422944360878,-7.629198074109809
312,-0.6795758605003357,-1.3983259201049805,-5.0623884201049805,-6.2342634201049805,-5.5077009201049805,-6.305550100572873,-2.0547632995585445,-5.83582663536049,-4.906557233829517,-8.226476430567345
313,-0.8168150782585144,-1.1605651378631592,-4.49650239944458,-5.87150239944458,-5.41056489944458,-5.356982812052593,-2.6919627080787905,-5.07462811470009,-4.832775774819311,-7.80903339337965
314,-0.9833378791809082,-1.1708378791809082,-4.350525379180908,-5.928650379180908,-5.116150379180908,-5.601332577061839,-2.5304323193995515,-5.06146383285477,-4.538359109486919,-7.631807922785811
315,-1.5776257514953613,-1.1557507514953613,-4.577625751495361,-6.202625751495361,-4.937000751495361,-5.664471809461247,-1.7809515989792999,-5.843251466750871,-4.093659555772319,-7.187039612967055
316,-0.9173052906990051,-1.1985552310943604,-4.7219929695129395,-5.9251179695129395,-5.6751179695129395,-6.019703992351424,-2.214382151243626,-5.612619042395977,-4.878580036573112,-7.6673357482141
317,-0.6917421817779541,-1.551117181777954,-4.199554443359375,-5.808929443359375,-5.668304443359375,-5.934809416648932,-2.0356265216250904,-5.183930039405652,-5.145264189020963,-7.9261403081072785
318,-0.5941036939620972,-1.7034786939620972,-5.031603813171387,-6.172228813171387,-5.398791313171387,-6.454910683212802,-2.047438241963391,-5.3675421476360725,-4.500688258500304,-7.578506469344575
319,-0.953169047832489,-0.953169047832489,-4.562543869018555,-5.687543869018555,-5.429731369018555,-6.2038774363463745,-2.718924871471245,-4.906294584274065,-5.336294959473889,-7.804757475512815
320,-0.7856771349906921,-1.363802194595337,-4.340364456176758,-5.770051956176758,-5.340364456176758,-6.013011753268074,-2.379610164120095,-5.191927790641444,-4.614159400953213,-7.973203420287973
321,-0.505328357219696,-2.911578416824341,-4.638140678405762,-6.270953178405762,-3.6303286552428915,-3.867265462875366,-1.7867432696803007,-6.3881410360335735,-4.099610425415449,-8.122536539813154
322,-0.8644620180130005,-1.1925870180130005,-4.426961898803711,-5.591024398803711,-5.356649398803711,-5.92783305834746,-2.5677916793938493,-4.801962614059221,-4.591420810320415,-7.926991462270962
323,-0.6719111800193787,-1.3437862396240234,-4.804723739624023,-5.843786239624023,-5.820348739624023,-5.977575659286231,-2.7501634278451093,-5.101599335670301,-5.42225176258944,-8.195374607705162
324,-0.7855561971664429,-1.2386811971664429,-4.683993816375732,-5.590243816375732,-5.308993816375732,-6.028738480643369,-2.3794637794489972,-4.973057150840418,-4.6453027035458945,-7.527773737459938
325,-0.4691258668899536,-2.312875747680664,-4.656625747680664,-6.258188247680664,-6.101938247680664,-6.1817588726989925,-1.5473842531937407,-6.398813843726941,-5.211656988190953,-9.062897324329242
326,-1.0456366539001465,-1.0143866539001465,-4.5925116539001465,-5.3425116539001465,-5.5221991539001465,-5.703088990994729,-2.4442399602703517,-4.787824869155656,-4.999145314999623,-7.506608247174881
327,-0.8287293910980225,-1.4068543910980225,-4.594354629516602,-6.383417129516602,-5.617792129516602,-6.314380308613181,-1.6569877774018096,-5.6099803447721115,-4.415047215705272,-8.289694308865364
328,-1.0631753206253052,-1.1881753206253052,-4.008487701416016,-5.750675201416016,-5.110050201416016,-5.5172042335616425,-2.9461982028587954,-4.977238535880701,-4.821350508660544,-7.906960725154931
329,-0.7173665165901184,-1.2954914569854736,-4.537679195404053,-5.982991695404053,-5.397054195404053,-5.585761176072992,-2.186271893820958,-5.42049229145033,-5.006720142962877,-8.108021974090661
330,-0.5074077844619751,-1.523032784461975,-5.2495951652526855,-6.7730326652526855,-6.1949076652526855,-6.5789604836609215,-2.2575590495980578,-5.921471118926547,-5.156201895006234,-7.991811275072905
331,-1.1309796571731567,-0.9903546571731567,-4.154417037963867,-5.841917037963867,-5.138792037963867,-5.717584029887803,-2.4123973705573007,-5.224730372428553,-4.576628985843854,-7.584138988855557
332,-1.0919108390808105,-1.2950358390808105,-4.1856608390808105,-5.6622233390808105,-4.6622233390808105,-5.248878340760712,-1.935856799944304,-5.0997240543363205,-3.600096394569846,-7.631010174074618
333,-0.8668735027313232,-0.9918735027313232,-4.866873741149902,-5.593436241149902,-5.460623741149902,-6.188110877643339,-2.6483126699749846,-5.132499456405412,-5.031369234755402,-7.788778543028457
334,-0.8091863393783569,-1.059186339378357,-4.5904364585876465,-5.5357489585876465,-5.4654364585876465,-6.278807499038521,-2.6062056914233835,-4.863874673843156,-5.090832750953268,-7.895152329996563
335,-0.8666103482246399,-1.1947352886199951,-4.319735527038574,-5.468173027038574,-5.186923027038574,-5.9298532826360315,-2.4761509758100146,-4.921298742294084,-4.2654198908712715,-7.968201756064445
336,-1.1169228553771973,-0.9606728553771973,-4.226297855377197,-5.655985355377197,-5.491922855377197,-5.758538708789274,-2.773371795890853,-4.749736189841883,-4.882910662621725,-7.5935159916953126
337,-0.7455483675003052,-1.1049233675003052,-4.417423248291016,-5.784610748291016,-5.675235748291016,-5.941684621851891,-2.511309972003801,-5.292423963546526,-5.1209521669952665,-8.151827573346964
338,-0.7495747804641724,-1.3276997804641724,-4.608949661254883,-5.280824661254883,-5.733949661254883,-6.977757213753648,-2.140328994966694,-5.202700376510393,-4.914009144267766,-7.866789459809297
339,-0.9096652865409851,-1.2221653461456299,-3.94091534614563,-5.831540107727051,-4.753415107727051,-5.0353497306932695,-2.17547319647565,-5.229978442191737,-4.152349944401067,-7.909698008948908
340,-0.5921728610992432,-1.8734228610992432,-4.732797622680664,-6.084360122680664,-5.670297622680664,-5.976266278303228,-2.0142140250391094,-5.20936095714535,-4.100288702669786,-7.9750134940895805
341,-0.83534175157547,-1.4134666919708252,-5.194716930389404,-6.624404430389404,-5.452529430389404,-5.563401531544514,-2.1949211150058545,-5.48378026485409,-4.429474399861647,-7.1556906693585915
342,-1.0169801712036133,-0.9701051712036133,-4.587292671203613,-5.274792671203613,-5.337292671203613,-5.416452111094259,-2.6655591626185924,-4.657605886459123,-4.947009028343018,-7.392015694942529
343,-0.6494060754776001,-1.2900310754776,-5.0322184562683105,-6.4228434562683105,-5.8212809562683105,-5.947380534023978,-2.5245742656261427,-5.633781552314588,-5.345044321380556,-8.063496112454231
344,-0.8095185160636902,-1.465768575668335,-4.653268337249756,-5.528268337249756,-5.442330837249756,-6.31876604037825,-1.903461199326557,-5.278269171714442,-4.059924877481535,-7.6845527881414455
345,-0.8246108889579773,-1.746485948562622,-3.910548448562622,-6.019923210144043,-5.480860710144043,-6.005793525837362,-1.7778947227343451,-4.949611544608729,-3.770287685794756,-7.809018372954597
346,-0.4695422053337097,-2.1570422649383545,-4.492979526519775,-6.094542026519775,-6.047667026519775,-6.111147161689587,-1.704036347924557,-5.907042741775285,-5.165317070786841,-8.664877295244878
347,-0.7697453498840332,-1.3166203498840332,-4.605682849884033,-6.074432849884033,-5.222870349884033,-5.427013832028024,-2.254238002533384,-5.02755844593031,-4.74663705175044,-7.769768118598222
348,-0.7595704793930054,-1.2595704793930054,-4.665820598602295,-5.626758098602295,-5.564258098602295,-6.416952803265303,-2.7519255736260675,-4.814258933066981,-5.025594035862014,-7.767413496509107
349,-0.920874834060669,-1.139624834060669,-4.29587459564209,-5.41306209564209,-4.96774959564209,-6.140225349168759,-2.35853646878968,-4.7411878108976,-4.850934078654973,-7.561528086256658
350,-0.5967819690704346,-1.3155319690704346,-5.4092817306518555,-6.8233442306518555,-6.2139692306518555,-6.308613972796593,-2.4875970898137894,-5.479595303534893,-5.401832395407837,-7.378055095399759
351,-0.8011149168014526,-1.2698649168014526,-4.472990036010742,-5.629240036010742,-4.879240036010742,-5.575310777174309,-2.426287040216266,-4.754240751266252,-4.637441201950423,-7.949582218683645
352,-1.118928074836731,-0.900178074836731,-4.532990455627441,-5.603302955627441,-5.134552955627441,-5.307011672353838,-2.244096145790536,-5.376741170882951,-5.142684170481516,-7.884579419738657
353,-0.9379122257232666,-0.9066622257232666,-4.5785369873046875,-5.7035369873046875,-5.6566619873046875,-6.477757147571538,-2.891207680484513,-4.969162821769373,-5.219505131972255,-7.687944292501925
354,-0.9977115392684937,-1.0289615392684937,-4.536774158477783,-6.091461658477783,-5.443024158477783,-5.7093504591612145,-2.7010186745028477,-5.013337373733293,-5.029294792941073,-7.794616221945034
355,-0.5559542179107666,-1.7434542179107666,-4.7590789794921875,-6.0090789794921875,-5.2512664794921875,-6.119592137867585,-1.8842379920824897,-5.641892194747697,-4.689140607457375,-8.391919254871027
356,-0.7961872816085815,-1.1711872816085815,-5.155562400817871,-5.952437400817871,-5.608687400817871,-6.430193784181029,-2.7025966517539928,-4.811813116073381,-5.0934219905757345,-7.397779821902077
357,-1.3518422842025757,-0.7893422842025757,-5.179967403411865,-5.929967403411865,-5.414342403411865,-6.235419219650794,-2.383307672222145,-5.320593357085727,-5.102187454758678,-7.234689592714858
358,-0.9115298986434937,-1.1459048986434937,-4.708405017852783,-5.802155017852783,-5.057211875915527,-5.831441803660709,-2.4089741507341387,-5.096275210380213,-4.745066103176214,-7.822868465878855
359,-0.95734041929245,-1.1135904788970947,-4.879215240478516,-5.652652740478516,-5.168277740478516,-5.731773714767769,-1.9419055996404495,-5.246403455734026,-4.8951678931189235,-7.902681469504387
360,-1.4268776178359985,-2.645627498626709,-7.114377498626709,-5.786252498626709,-6.50500273704526,-5.638002614490688,-0.4739565343334107,-7.8096904754637535,-6.130453842342831,-9.684717297193856
361,-0.6168316602706909,-2.2730817794799805,-4.5855817794799805,-6.1012067794799805,-4.984019398689263,-4.9076065653935075,-1.2888240745305666,-7.194957375526258,-4.7188060627668165,-9.382477760094844
362,-0.9578083753585815,-1.1140583753585815,-4.746870994567871,-5.785933494567871,-4.942183494567871,-5.974149328481872,-2.082994086202234,-5.301559329032557,-4.848746727511752,-7.754710912327937
363,-0.8927532434463501,-2.9240031242370605,-4.7286906242370605,-6.0958781242370605,-4.752128362655611,-4.6304422474931926,-0.8303874640987488,-6.791191101074105,-4.8540462815144565,-8.75214791279177
364,-1.035402774810791,-0.9885277152061462,-4.324465274810791,-5.379152774810791,-5.277590274810791,-5.8642725554527715,-3.137135491182562,-4.730716109275477,-5.207589458528673,-7.582310437621345
365,-0.9191001057624817,-1.278475046157837,-4.208162784576416,-5.528475284576416,-5.473787784576416,-6.342003650963306,-2.091178754082648,-5.051913619041102,-4.177253069181461,-7.622253298366559
366,-0.9439443349838257,-1.3345693349838257,-4.818944454193115,-6.139256954193115,-5.350194454193115,-5.499551945773419,-1.8972705400228733,-5.358007788657801,-4.358332104282454,-7.592406391799159
367,-0.660071849822998,-1.753821849822998,-4.871009349822998,-5.433509349822998,-5.417884349822998,-4.834688359173015,-2.066449991601985,-5.292884945869275,-5.191699791059364,-8.136663078863421
368,-0.7563784122467041,-1.209503412246704,-4.725128173828125,-5.381378173828125,-5.193878173828125,-5.030712321633473,-2.5690349217911717,-5.068878769874402,-5.295724947587587,-7.998592972382539
369,-0.9666431546211243,-1.2322680950164795,-4.005705833435059,-5.349455833435059,-5.091643333435059,-5.139482986414805,-2.3417755277623655,-5.247893929481336,-4.045159620960476,-8.005737065781432
370,-0.9840635061264038,-1.0465635061264038,-4.624688625335693,-5.663751125335693,-5.320001125335693,-5.086374241334852,-2.187324157115654,-5.359064340591203,-5.031250904896297,-7.491908430532931
371,-0.5138105750083923,-2.795060634613037,-4.826310634613037,-6.420060634613037,-5.771623134613037,-5.320871276780963,-1.3733040024308139,-6.232561349868547,-4.998603495070711,-8.560712813949067
372,-1.1753756999969482,-1.0660006999969482,-4.151938438415527,-6.003500938415527,-4.776938438415527,-5.386874399147928,-2.441196541680256,-5.214439153671037,-4.511675173183903,-7.7144713396373845
373,-0.9760026335716248,-1.1635026931762695,-4.1869401931762695,-5.8510026931762695,-4.8510026931762695,-5.5236560652265325,-2.3511706449644407,-5.132253766059307,-4.1639342568814754,-7.655724524862308
374,-0.8636131286621094,-1.2854881286621094,-4.926113128662109,-6.097988128662109,-5.282403945922852,-5.885044708498754,-2.0325951393460855,-5.305842280387537,-4.7437067556602415,-7.454308986212709
375,-0.818328320980072,-1.3652033805847168,-4.357390880584717,-5.560515880584717,-5.263640880584717,-6.155212550133001,-2.1466413559683133,-5.2402043342585785,-4.326630353345536,-7.521484493725438
376,-0.9220044612884521,-1.1095044612884521,-4.648567199707031,-5.695442199707031,-4.992317199707031,-5.477789515047334,-2.219069939586916,-5.015755414962541,-4.7114310794568155,-7.617346405557328
377,-1.2948527336120605,-0.9511027336120605,-4.3573527336120605,-5.5761027336120605,-4.9511027336120605,-5.326957218232565,-2.044999946243479,-4.974541068076746,-4.506161263299873,-7.07614016462685
378,-0.8417640328407288,-1.232388973236084,-4.076138973236084,-5.841763973236084,-5.419888973236084,-5.904988503200002,-2.5294560009642737,-5.02926480770077,-5.014049326622626,-7.974606632731593
379,-0.9509562253952026,-1.0290812253952026,-4.677518844604492,-5.521268844604492,-5.161893844604492,-5.8969516806537285,-2.5604721208655974,-4.966582059860002,-5.123202374292305,-7.732236504100001
380,-0.5393428206443787,-3.0862178802490234,-5.062780380249023,-6.148717880249023,-5.539342880249023,-5.5025386326015,-1.1644819878129056,-7.164343476295301,-5.399155163497198,-9.375298738310448
381,-0.8843417763710022,-1.2124667167663574,-3.9312167167663574,-5.564029216766357,-5.220279216766357,-5.846228149195667,-2.353246796032181,-5.134342551231043,-4.25975564494729,-7.860931992145197
382,-0.6413349509239197,-1.3913350105285645,-5.0475850105285645,-6.2428975105285645,-5.6882100105285645,-6.064134051499423,-2.3289844878017902,-5.781960725784074,-5.399435478699161,-8.156980752719392
383,-1.107370376586914,-0.9667454361915588,-4.279245376586914,-5.708932876586914,-5.052682876586914,-6.006624365225434,-2.8107064739597263,-5.0058087110516,-4.920211852877401,-7.56053090032583
384,-0.8861821293830872,-0.9799321293830872,-5.0658698081970215,-6.0502448081970215,-5.7377448081970215,-6.261898737750016,-2.730123024826753,-5.276808023452531,-5.558407126256498,-7.925272821987164
385,-0.9226316809654236,-1.3445067405700684,-4.149194240570068,-5.586694240570068,-5.313256740570068,-5.557300988584757,-1.8602580944279907,-5.282007455825578,-4.1728930131939705,-7.602347611978985
386,-0.9818077087402344,-1.3880577087402344,-4.325557708740234,-5.388057708740234,-4.942745208740234,-6.295616128016263,-1.7163249153090874,-4.93493354320492,-4.208773412479786,-7.099026917909214
387,-0.9458452463150024,-0.9614702463150024,-4.648970127105713,-5.453657627105713,-5.383345127105713,-6.267335436306894,-2.6803557780804113,-4.734908342361223,-5.110268051037565,-7.367752551508602
388,-1.0066719055175781,-0.9285469055175781,-4.412921905517578,-5.616046905517578,-5.092609405517578,-5.890155686065555,-2.9833898423530627,-4.881672739982264,-5.413251345715253,-7.7410777802469966
389,-0.6470996141433716,-1.3970996141433716,-5.037724494934082,-5.647099494934082,-5.279911994934082,-5.632666949415579,-2.4753880367061356,-4.920537590980359,-4.936474155343603,-7.8424412007843785
390,-1.0207672119140625,-0.9738922119140625,-4.3957672119140625,-5.8020172119140625,-5.2629547119140625,-6.9280308114830405,-2.3333871292707045,-5.130143165587924,-4.67745401855791,-7.1614240402886935
391,-1.1053293943405151,-0.9959543943405151,-4.589704513549805,-5.706892013549805,-4.785017013549805,-5.60613051749533,-2.230494962350349,-5.113142728805315,-4.402508927742019,-7.238173722718784
392,-0.998375654220581,-1.092125654220581,-3.982750654220581,-5.52181339263916,-5.45150089263916,-5.608572383993305,-2.7797968241065973,-4.865564227103846,-4.9284823255147785,-7.8812232011441665
393,-1.1496155261993408,-1.0871155261993408,-4.298052787780762,-5.055865287780762,-4.891802787780762,-5.635252156062052,-2.024750581200351,-5.1496161222454475,-3.8374624842545018,-7.274650096285768
394,-0.8943457007408142,-0.8787207007408142,-5.113095760345459,-5.730283260345459,-5.550595760345459,-6.5279081631451845,-3.0038937180652283,-5.042783975600969,-5.441613358678296,-7.878746390013475
395,-1.25987708568573,-1.15050208568573,-3.7364397048950195,-5.2364397048950195,-5.2442522048950195,-4.7063004759838805,-2.7443870215065544,-4.6739404201505295,-4.377367927343585,-7.408347725322528
396,-1.1134636402130127,-1.1290886402130127,-4.136900901794434,-5.246275901794434,-4.761900901794434,-5.762762771046255,-2.504277807456674,-4.746276736259119,-4.1216569412790705,-7.2150599950691685
397,-0.8176517486572266,-1.1145267486572266,-3.8254642486572266,-5.786401748657227,-5.387964248657227,-5.802937093132641,-2.8724751380068483,-4.8567149639127365,-5.396128711756319,-7.903620719414903
398,-0.9280450344085693,-0.9280450344085693,-4.990545272827148,-6.506170272827148,-5.545232772827148,-6.100939588621259,-2.5532188264478464,-5.263983488082658,-5.076813166378997,-7.66244900185302
399,-1.1381752490997314,-1.0131752490997314,-4.739737510681152,-6.106925010681152,-5.286612510681152,-5.904718573088758,-2.1383483260142384,-5.239738464355014,-4.427639761124738,-7.341335296008765
400,-0.9784711003303528,-0.9315961003303528,-4.697221279144287,-5.790971279144287,-5.228471279144287,-5.2446391300763935,-2.541153295125696,-5.337847113608973,-5.127186259865994,-8.05661892864191
401,-0.5597159266471863,-2.528465986251831,-4.544090747833252,-6.622215747833252,-4.872215986251803,-4.423292855732143,-1.6067645399161847,-6.7940912246702965,-4.114810383878648,-8.33317279797484
402,-0.696809709072113,-1.4468097686767578,-4.345247268676758,-5.626497268676758,-5.306184768676758,-6.088753545540385,-2.2750811469741166,-4.837435603141444,-4.040999315911904,-7.704654097051389
403,-0.8327056169509888,-1.2545806169509888,-4.098330497741699,-5.715517997741699,-5.387392997741699,-5.521166696969885,-2.4266124840505654,-5.223331332206385,-4.356531067867763,-8.012424468499376
404,-0.9326461553573608,-1.1513961553573608,-4.67483377456665,-5.82327127456665,-5.22952127456665,-5.902079468010925,-2.768815252216882,-5.002959609031336,-4.800231616012752,-7.612363934062159
405,-0.370559424161911,-3.0424344539642334,-5.136184215545654,-6.604934215545654,-6.214309215545654,-5.544115083641373,-1.589449038307066,-6.8314973115919315,-5.581947106024018,-9.034647702845177
406,-0.6529786586761475,-2.9342286586761475,-5.176416397094727,-6.496728897094727,-5.574854016304009,-5.639976278645918,-1.012492289475631,-6.793604493141004,-5.247154860349838,-8.848311781675875
407,-0.7024171948432922,-1.8274171352386475,-4.475854873657227,-5.913354873657227,-5.491479873657227,-5.492818412953056,-2.046347244249773,-5.374293208121912,-4.1167590228433255,-7.991507053005989
408,-0.675523042678833,-1.253648042678833,-4.863022804260254,-6.323960304260254,-5.917710304260254,-6.098554776166566,-2.4725886401720345,-5.425523757934116,-5.238387994846562,-7.6989930862764595
409,-0.7977033853530884,-1.2508283853530884,-4.657078266143799,-5.930515766143799,-5.328953266143799,-5.439234084798954,-2.501013023473206,-5.071141362190076,-4.9542897373612504,-7.719608902461914
410,-0.6018650531768799,-3.27374005317688,-4.617489814758301,-6.336239814758301,-5.383114814758301,-5.0428627277724445,-1.117646681916085,-6.969053030013811,-4.7586747032473795,-8.75813889474557
411,-1.0834358930587769,-0.8334358930587769,-4.919373512268066,-5.606873512268066,-5.520936012268066,-6.084135645185597,-3.3883466471597785,-5.270936846732752,-5.529071040597046,-7.872530102231394
412,-0.8860833644866943,-0.9329583644866943,-5.237646102905273,-5.479833602905273,-5.448583602905273,-6.605681060173083,-2.745615589185036,-4.776709318160783,-5.714546146627981,-7.65955257366295
413,-0.799618661403656,-1.3464937210083008,-4.049618721008301,-5.596493721008301,-4.815243721008301,-5.417462729441468,-2.3935673039668472,-5.260557174682162,-4.268747496389551,-7.994966625541565
414,-0.7460556030273438,-1.1679306030273438,-4.886680603027344,-6.410118103027344,-5.777305603027344,-5.192470895941369,-3.1446404348534998,-5.3085564374920295,-5.527678896847647,-7.949208736023138
415,-0.5094174146652222,-4.001605033874512,-4.954730033874512,-6.423480033874512,-5.353175282478325,-4.207910981029272,-1.228394603545894,-7.3844256401060875,-4.931636872817762,-8.962575077699512
416,-1.1183134317398071,-0.9776884317398071,-4.469875812530518,-5.751125812530518,-5.079250812530518,-6.040849705343135,-2.509128552454058,-4.993314266204379,-4.7670806102396455,-7.493347763422207
417,-0.8019987940788269,-1.4113738536834717,-4.426998615264893,-5.481686115264893,-5.130123615264893,-5.4591998105170205,-2.8100007593020564,-4.7160618305204025,-4.591437030700035,-7.778594493309356
418,-0.6493222713470459,-1.258697271347046,-4.743072509765625,-5.891510009765625,-5.399322509765625,-6.283240541466512,-2.4307253243605373,-5.118073225021135,-4.962251690303674,-8.125912189114388
419,-0.8814175724983215,-1.4751675128936768,-4.053292751312256,-5.693917751312256,-4.826730251312256,-5.577472887758631,-2.0534840638720198,-5.107980847358533,-4.702104260126362,-8.11582422205538
420,-0.9823440313339233,-1.2167190313339233,-4.497969150543213,-6.021406650543213,-5.169844150543213,-5.811502399505116,-2.185624110614299,-5.037032485007899,-4.810792036383646,-7.630810021952129
421,-0.537642776966095,-1.4595177173614502,-5.334517955780029,-6.186080455780029,-5.709517955780029,-5.875467426260002,-2.522172439043061,-5.2876435518263065,-5.053686888655648,-8.170479774167688
422,-1.030381202697754,-1.249131202697754,-4.717881202697754,-5.655381202697754,-5.178818702697754,-6.141189620248042,-1.8117984393466031,-5.272569656371616,-3.73395075451117,-7.460102676766837
423,-0.7153212428092957,-1.1371963024139404,-5.082508563995361,-5.988758563995361,-5.809071063995361,-6.708714234875515,-2.621738777437713,-5.105946898460047,-5.05949392914772,-7.949727534753038
424,-0.8712613582611084,-1.1681363582611084,-4.3243865966796875,-5.9025115966796875,-5.1525115966796875,-5.629830670193769,-2.480786550688208,-5.082199931144373,-4.918603311321931,-7.754102229675482
425,-0.8597370982170105,-1.2972371578216553,-4.344111919403076,-5.508174419403076,-5.609736919403076,-5.759017826989293,-2.8521195460198214,-4.734737753867762,-4.844547296146629,-8.047269343820517
426,-1.2383413314819336,-1.0352163314819336,-4.277403831481934,-6.199278831481934,-5.113341331481934,-5.481540406588465,-2.4494876643439056,-5.222717165946619,-4.176227614167146,-7.316499709526397
427,-1.019287109375,-0.8630371689796448,-4.620849609375,-5.644287109375,-5.605224609375,-6.004666419932619,-3.175685513924691,-4.87866282463051,-5.457165288942633,-7.808381199338328
428,-0.8858155012130737,-1.3233155012130737,-4.206128120422363,-5.784253120422363,-5.432690620422363,-5.793659250950441,-2.323478089485434,-5.237379074096225,-3.9408562751777936,-7.628034948796994
429,-1.262755036354065,-1.184630036354065,-4.161192417144775,-5.801817417144775,-4.715879917144775,-4.935707465163432,-2.0286055548785953,-5.395568370818637,-3.86482619214803,-7.1768769008122035
430,-1.076813817024231,-1.061188817024231,-4.397126197814941,-5.803376197814941,-5.131501197814941,-5.319709884293843,-2.7722877133637667,-4.990876913070451,-4.850572534429375,-7.631536483142554
431,-0.8777691721916199,-1.1590192317962646,-4.9402689933776855,-6.2918314933776855,-5.5183939933776855,-6.167865456896834,-2.2373199308494804,-5.385582447051547,-4.82349315751344,-7.346562861435814
432,-0.8912708163261414,-1.1725208759307861,-4.789708137512207,-5.961583137512207,-5.180333137512207,-5.845512362429872,-2.4852367406565463,-4.899083971976893,-4.633840130321914,-7.602238773830322
433,-0.6350213289260864,-2.166271209716797,-4.752208709716797,-6.197521209716797,-5.650646209716797,-5.489334492012858,-1.5726497090945486,-5.978771686553841,-4.651000317826401,-8.260048627476863
434,-0.9374646544456482,-1.015589714050293,-4.710902214050293,-5.812464714050293,-5.484339714050293,-5.664676455431618,-3.031397683575051,-5.02340281009657,-5.711300293827662,-8.148432850368408
435,-0.5273841619491577,-3.5351967811584473,-4.800821781158447,-6.152384281158447,-5.2150948047637655,-4.057563623879105,-1.434073421958601,-6.824470043182259,-4.449850248347502,-8.574496745693978
436,-0.5036571025848389,-1.8630321025848389,-4.823969841003418,-6.644282341003418,-6.214594841003418,-6.333692037384026,-2.0350389393715886,-5.863032937049695,-4.769759660266573,-8.433369636228235
437,-0.804389476776123,-1.429389476776123,-4.820014476776123,-5.655951976776123,-4.851264476776123,-4.899142358335666,-1.9295610042318003,-4.937202692031633,-4.711043395480374,-7.593482255477284
438,-0.636348307132721,-1.1050982475280762,-4.823848247528076,-5.909785747528076,-5.862910747528076,-6.691946449340321,-2.9021036539925262,-4.956661581992762,-5.9726120893028565,-8.261376618949726
439,-0.8353986144065857,-1.3822736740112305,-5.2494611740112305,-6.1244611740112305,-5.5932111740112305,-5.828867091564462,-2.085585815089871,-5.585399627685092,-4.984232108865399,-7.32762908843506
440,-0.9030735492706299,-1.2624485492706299,-3.91088604927063,-5.621823310852051,-5.035885810852051,-5.005316502589267,-2.4032430505176308,-4.981199026107561,-4.5909629301168025,-7.989045023332437
441,-0.830940842628479,-2.8309407234191895,-4.7450032234191895,-6.4637532234191895,-4.661660432815523,-3.413246786221862,-0.9353564642369747,-7.942910671234017,-4.490325185877737,-9.52105998962179
442,-0.6967620849609375,-2.7748870849609375,-4.4311370849609375,-6.2201995849609375,-4.6733245849609375,-5.027451680973172,-1.0875196369015612,-6.853012681007215,-4.67389829386957,-9.110843896678489
443,-0.8852552175521851,-1.166505217552185,-4.689942836761475,-5.471192836761475,-4.814942836761475,-5.651677886431571,-2.1979298439400736,-5.0805685520169845,-4.690279427130008,-7.830596446581694
444,-0.7467159032821655,-1.1217159032821655,-4.801403522491455,-6.965466022491455,-5.371716022491455,-5.8258354485733435,-2.543758735890151,-5.902966856956141,-4.64544697268866,-7.535812258152873
445,-0.8491030335426331,-1.2866029739379883,-4.583477973937988,-5.520977973937988,-4.981915473937988,-5.826386072789319,-2.4742748589633266,-4.739728808402674,-4.286996644717874,-7.591325520854298
446,-0.925650417804718,-1.7381503582000732,-3.4959628582000732,-5.581900596618652,-4.824088096618652,-5.4895105647156015,-2.003916611225577,-5.120964050292514,-3.535430230171187,-7.566311239559582
447,-1.0792937278747559,-0.9699186682701111,-4.446481227874756,-5.649606227874756,-5.399606227874756,-5.361248959728982,-2.970095737997326,-4.852731943130266,-5.306190196541138,-7.64182639068531
448,-1.1407500505447388,-1.1563750505447388,-3.757937431335449,-5.695437431335449,-5.336062431335449,-4.907262765511405,-3.16438279626891,-4.765750646590959,-5.000530756602529,-7.7735947365326865
449,-1.1421570777893066,-3.2046570777893066,-4.118719577789307,-6.884344577789307,-4.149969816207857,-3.3147924970835447,-0.8143039572169073,-7.501532673835584,-3.6505498394253664,-8.954682349827635
450,-0.6548736095428467,-1.4673736095428467,-5.092373847961426,-6.264248847961426,-5.654873847961426,-6.538740317686461,-2.076941948325839,-5.397062301635287,-4.834951205557445,-7.600214838575994
451,-1.059157133102417,-1.043532133102417,-4.379469871520996,-5.512282371520996,-5.301344871520996,-5.79458276880905,-3.1921744136925554,-4.652908325194858,-4.92674783692928,-7.57481837207888
452,-0.7749308943748474,-0.9780558943748474,-4.353055953979492,-5.923368453979492,-5.290555953979492,-5.955170717323199,-2.9157214027800364,-5.251494288444178,-5.619059848511824,-8.28277349426935
453,-1.2513521909713745,-1.4857271909713745,-4.673227310180664,-6.493539810180664,-4.790414810180664,-5.181993625534233,-1.423417073339806,-5.61072814464535,-3.775211841217242,-7.337340711252182
454,-1.0533082485198975,-1.7408082485198975,-4.248620986938477,-5.889245986938477,-4.670495986938477,-4.5231503245886415,-1.5378609737817897,-5.2329967021939865,-3.327053737884853,-7.5845942490850575
455,-0.9774064421653748,-0.8836564421653748,-4.5164690017700195,-5.8602190017700195,-5.2195940017700195,-5.306140952336136,-2.7275556214735843,-5.219594836234705,-5.1027329627249856,-7.907128452661709
456,-0.6152464151382446,-2.146496295928955,-4.318371295928955,-6.068371295928955,-4.982433795928955,-5.359090028796345,-1.443510761091602,-6.130871891975232,-4.514152059564367,-8.70901942227465
457,-0.6719641089439392,-1.406339168548584,-5.218839168548584,-5.679776668548584,-5.593839168548584,-6.040291136712767,-2.3283744921936886,-4.703214883804094,-5.211387330811704,-7.601680635985758
458,-0.7643541097640991,-1.3112291097640991,-4.162791728973389,-5.569041728973389,-5.694041728973389,-6.124517130316235,-2.2801524250680814,-4.9518550634380745,-4.678790856938576,-8.170636057333468
459,-0.7660634517669678,-1.2191884517669678,-4.336376190185547,-5.594188690185547,-5.477001190185547,-6.0949526490294375,-2.5474616179417353,-4.906689524650233,-4.719576045346912,-7.906720160943223
460,-1.2644362449645996,-1.2019362449645996,-3.9284987449645996,-5.9284987449646,-4.4909987449646,-4.88227417768212,-1.7802082192210946,-5.4675619602201095,-4.155345161183504,-7.623842715722276
461,-0.8096005320549011,-1.153350591659546,-5.012725353240967,-6.418975353240967,-5.106475353240967,-5.576034099562094,-2.4660419042629655,-5.184601187705653,-4.7708731327729765,-7.606503486236761
462,-0.6855962872505188,-1.357471227645874,-5.076221466064453,-5.888721466064453,-5.490283966064453,-6.131892912089825,-2.623263583489461,-4.912159681319963,-5.256263550836593,-7.880938887148659
463,-1.5644667148590088,-0.939466655254364,-4.39259147644043,-6.13477897644043,-4.80665397644043,-5.26818043529056,-2.0802473900694167,-5.38477969169594,-4.682051460404182,-7.431690692228585
464,-0.8792412877082825,-1.2073662281036377,-4.316741466522217,-5.980803966522217,-4.816741466522217,-5.254867238691077,-2.145026313359267,-5.269867300986903,-4.348362972872565,-7.7777129405913
465,-1.003117322921753,-1.253117322921753,-4.198430061340332,-5.026555061340332,-5.010930061340332,-5.558945482131094,-2.1439378070499515,-4.659368515014194,-4.089396418479737,-7.120337128126266
466,-1.2596590518951416,-0.8065341114997864,-4.267471790313721,-5.634659290313721,-5.111221790313721,-5.525951282237656,-2.955099812868866,-4.876847505569231,-4.994337512762286,-7.603440165043139
467,-0.9568108320236206,-0.9880608320236206,-4.71462345123291,-5.93337345123291,-5.46462345123291,-5.941953841014765,-3.2226162986189593,-4.988061785697596,-5.418077176407678,-7.816216468345374
468,-0.9939148426055908,-0.9001648426055908,-4.697039604187012,-5.743914604187012,-5.197039604187012,-5.814742789778393,-2.5565657501720125,-4.9314154386516975,-5.33800524630351,-7.76738142924296
469,-0.9691510200500488,-1.2191510200500488,-4.273838520050049,-5.391026020050049,-5.141026020050049,-5.7199211730621755,-2.3130670648097293,-5.1722769737239105,-3.9304386956209783,-7.648868917956861
470,-1.0036370754241943,-1.0505120754241943,-4.167699813842773,-5.847387313842773,-5.534887313842773,-5.933975723106414,-2.96476219323813,-5.019263148307459,-5.1211948902055155,-7.769291996515676
471,-0.8568791151046753,-1.3412541151046753,-4.474066734313965,-6.138129234313965,-4.786566734313965,-5.201524452888407,-2.1070693550573196,-5.138130068778651,-4.4431297289265785,-7.692846893809474
472,-2.236421585083008,-2.087984085083008,-3.931734085083008,-6.072359085083008,-5.759859085083008,-3.731557429302484,-3.2834635833569337,-5.720797181129285,-3.432020742329769,-7.923955678357743
473,-0.8661965131759644,-1.3193215131759644,-4.655259132385254,-5.936509132385254,-5.413071632385254,-5.953468504943885,-2.30385647926596,-4.788072347640764,-4.733784357085824,-7.350598811734017
474,-0.996323823928833,-1.043198823928833,-3.910386323928833,-5.949448585510254,-5.472886085510254,-6.137680501036812,-3.113696438827901,-5.105699539184116,-5.082684188964777,-7.793229579445324
475,-0.7886974811553955,-1.0543224811553955,-4.984009742736816,-5.538697242736816,-5.866822242736816,-6.477336115553044,-2.82010291799088,-4.640260457992326,-5.445280496380292,-7.6246634717626875
476,-0.9957799911499023,-1.2145299911499023,-4.386404991149902,-5.948904991149902,-4.902029991149902,-5.660678037500475,-2.105334742605919,-4.995780825614588,-4.480514580907766,-7.47237014732309
477,-0.8870561122894287,-1.1214311122894287,-3.9104936122894287,-5.824556350708008,-5.340181350708008,-5.434770708612632,-2.8325410932593513,-5.105807185172694,-4.723398126894608,-7.832399129409168
478,-0.9892704486846924,-0.9423954486846924,-4.403332710266113,-6.043957710266113,-5.247082710266113,-6.021211980842054,-2.9191306680295384,-5.028333425521623,-5.052142908243695,-7.62992358167503
479,-0.8128623962402344,-1.2659873962402344,-5.094112396240234,-5.476924896240234,-5.203487396240234,-6.353198194177821,-2.1724529034108855,-4.90661323070492,-4.641382139496272,-7.461328386854802
480,-0.9236472249031067,-1.095522165298462,-4.220522403717041,-5.790834903717041,-5.142397403717041,-5.557121653924696,-2.42379652337695,-5.072085618972551,-4.845891169243259,-7.556489824801247
481,-0.48615187406539917,-2.486151933670044,-4.618964195251465,-5.822089195251465,-5.509589195251465,-5.410210131434724,-1.4550316249660682,-6.642402291297742,-5.096021410601679,-9.04086160634688
482,-0.7981222867965698,-1.1887472867965698,-4.438747406005859,-5.618434906005859,-5.423122406005859,-5.775545703305397,-2.4857900002243696,-5.048123121261369,-4.759528169641271,-8.009089111856156
483,-0.6529943346977234,-2.965494394302368,-4.762369155883789,-6.777994155883789,-5.215476036071777,-4.422025294741616,-1.153156502667116,-6.598289132118055,-4.528367681108648,-8.684249996851577
484,-0.673889696598053,-1.2520146369934082,-4.744202136993408,-5.869202136993408,-5.470764636993408,-6.479472236474976,-2.6896639950718964,-5.048890352248918,-5.346099797345232,-8.009855866033831
485,-1.0195633172988892,-1.1445633172988892,-4.4570631980896,-5.3867506980896,-4.8086256980896,-5.137455929943826,-2.332241996031371,-4.8398764133451095,-4.7385804296063725,-7.503966211879742
486,-1.08406400680542,-1.16218900680542,-3.77937650680542,-5.55281400680542,-5.17000150680542,-5.6395433389698155,-2.7561255519394763,-4.888752341270106,-4.498533523699734,-7.9122226232611865
487,-0.9854958057403564,-0.8292458057403564,-4.727683067321777,-5.704245567321777,-5.235495567321777,-6.2361657757428475,-2.7981414688838413,-5.087058782577287,-5.532710494444473,-7.8683392996681505
488,-0.8282283544540405,-1.4063533544540405,-3.76572847366333,-5.78135347366333,-5.06260347366333,-5.422804610338062,-1.9846308115083957,-5.02354168891884,-4.6488957967667375,-8.109510659636726
489,-0.6218417882919312,-2.3718419075012207,-4.028091907501221,-6.067154407501221,-5.340591907501221,-5.459581657429226,-1.2938313418562757,-6.285904884338265,-4.817738124227617,-8.629672288725487
490,-0.5473588705062866,-1.6567338705062866,-4.984858989715576,-6.258296489715576,-5.625483989715576,-5.986223362502642,-2.1569001536554424,-5.492672204971086,-4.813345366972499,-8.21144974190429
491,-0.8317141532897949,-1.066089153289795,-4.823901653289795,-5.980151653289795,-5.128589153289795,-5.676371758454479,-2.9256384220789187,-5.050464987754481,-4.996109668602003,-7.6911169286686345
492,-0.8337177634239197,-1.3024678230285645,-4.6384053230285645,-5.9509053230285645,-5.0680928230285645,-5.952162190806121,-2.521392449387349,-4.935281038284074,-4.490302506688749,-7.654061436169286
493,-0.6936764717102051,-1.349926471710205,-4.474926471710205,-5.795238971710205,-5.451488971710205,-6.178942521684803,-2.287579643918434,-4.974927186965715,-4.826906593836611,-7.7015206808791845
494,-1.1041584014892578,-0.9791584014892578,-4.690095901489258,-6.151033401489258,-5.276033401489258,-6.2611585425329395,-2.619999266215018,-5.2760343551631195,-4.745120111037977,-7.432316302711115
495,-0.8648591041564941,-1.1773591041564941,-4.442984104156494,-5.794546604156494,-5.247671604156494,-5.858334784163162,-2.4900343264598632,-5.00548493862118,-4.208935207600007,-7.568015217297216
496,-0.6806992292404175,-1.2275742292404175,-4.766636848449707,-5.891636848449707,-5.532261848449707,-6.095644918445032,-2.6496144396805903,-4.844762682914393,-5.251404446782544,-8.102604150328261
497,-0.8264241814613342,-1.3420491218566895,-4.0607991218566895,-5.8107991218566895,-5.3342366218566895,-5.757049835519865,-2.4359538435383,-4.967049837112199,-4.404909188277088,-8.021769523096737
498,-0.8199938535690308,-1.0074938535690308,-4.52311897277832,-5.46061897277832,-5.96843147277832,-6.406912798876874,-2.9138908278400777,-4.65593218803383,-5.234492683637654,-7.687209963392888
499,-0.980523943901062,-0.996148943901062,-4.160211563110352,-5.597711563110352,-5.058649063110352,-5.434191437496338,-2.9806903462449554,-5.0508372783658615,-5.0979958368698135,-8.097736000716395
500,-0.8659869432449341,-1.475361943244934,-4.2722368240356445,-5.5378618240356445,-5.0534868240356445,-5.773262570495717,-1.8818030174734304,-5.1472375392911545,-3.7882525157474447,-7.959764122590059
501,-0.9553402662277222,-0.9865902662277222,-4.635027885437012,-5.799090385437012,-5.338152885437012,-5.924838858831208,-3.2289849305379903,-5.080341100692522,-5.033832482673461,-7.642871617783385
502,-1.0737826824188232,-1.0425326824188232,-3.8862826824188232,-5.714407920837402,-5.144095420837402,-5.19950149464421,-2.5427245909522753,-5.058158755302088,-4.878881727490807,-7.72225272603464
503,-0.8412511348724365,-1.0912511348724365,-4.747501373291016,-5.294376373291016,-5.575626373291016,-6.279731389367953,-2.6227656253031455,-4.630314588546526,-5.240093983593397,-7.528784512924176
504,-0.9275885820388794,-1.3025885820388794,-3.73227596282959,-5.31040096282959,-5.16196346282959,-6.007121762959287,-2.0839846027374733,-4.888526797294276,-3.881057560851332,-7.919807314381615
505,-1.0723543167114258,-1.1661043167114258,-4.189541816711426,-5.908291816711426,-4.845791816711426,-5.432366049208213,-2.0881473876797827,-5.212980151176112,-3.9632968398509547,-7.5567598338238895
506,-1.1798776388168335,-0.8986276388168335,-4.031440258026123,-5.593940258026123,-5.312690258026123,-5.657119877636433,-3.101928337899153,-4.836128592490809,-5.000617055397015,-7.851785897659283
507,-0.7548705339431763,-2.0204954147338867,-4.176745414733887,-5.754870414733887,-5.278308033943169,-5.499623105162755,-1.1768553196743596,-6.207996129989397,-4.974054719059495,-8.575203180107565
508,-0.7571262717247009,-1.2883763313293457,-4.374313831329346,-5.811813831329346,-5.569626331329346,-5.695344666833989,-2.4916810827853624,-4.905564427375623,-5.030910551024135,-8.093093871604651
509,-0.824941098690033,-0.965566098690033,-5.090566158294678,-5.645253658294678,-5.684316158294678,-6.724162986152805,-2.528207292139996,-4.9577544927593635,-5.5831373193941545,-7.9187183376434405
510,-0.5120390057563782,-1.3557889461517334,-5.0354766845703125,-6.2776641845703125,-5.9261016845703125,-7.2237968656700104,-2.9496848476846935,-5.012039899825822,-5.652984448650386,-7.777691959949152
511,-0.8300051093101501,-1.220630168914795,-4.501880168914795,-5.580005168914795,-5.361255168914795,-5.846498112601694,-3.0255309115891578,-4.861256003379481,-4.588251615758054,-7.8612871164950775
512,-0.26897886395454407,-3.0502288341522217,-6.847104072570801,-6.768979072570801,-6.714291691780083,-5.3499789596535265,-2.28475319223071,-7.847104668617078,-6.652374931843951,-9.768998741910764
513,-1.2068703174591064,-0.8474953174591064,-4.253745079040527,-5.988120079040527,-5.300620079040527,-5.449672748160083,-3.097646940179402,-5.183433294296037,-5.168232589028776,-7.738149880919082
514,-1.1887977123260498,-1.0012977123260498,-4.329422950744629,-5.618485450744629,-5.157547950744629,-5.705297326145228,-3.2983869084710022,-4.813798785209315,-4.78291480964981,-7.6653971665327845
515,-0.7987465262413025,-1.3299965858459473,-4.212809085845947,-5.689371585845947,-5.470621585845947,-5.8075126630137675,-2.6973676513007376,-5.158122301101457,-4.478836693771882,-7.970652579781017
516,-0.8206010460853577,-1.398725986480713,-4.125288486480713,-5.664350986480713,-5.117475986480713,-5.673167916131206,-2.1801196233573137,-4.984664201736223,-4.446057573019061,-7.945634126113873
517,-1.1139588356018066,-0.7545837759971619,-4.153021335601807,-6.012396335601807,-5.215521335601807,-5.762954675243236,-3.1297044681268744,-5.645209550857317,-5.247024742449867,-8.03586661760346
518,-0.9447207450866699,-1.42909574508667,-4.99159574508667,-6.37440824508667,-5.72597074508667,-5.376398964785039,-1.8511324990104185,-5.218159079551356,-4.734165952861076,-7.483809947611007
519,-1.012877106666565,-0.9816271066665649,-4.794126987457275,-6.270689487457275,-5.341001987457275,-5.849585831630975,-2.3255452968151076,-5.356627821921961,-4.989846861833939,-7.380096315831906
520,-0.6612991690635681,-1.364424228668213,-4.887861728668213,-5.825361728668213,-5.786299228668213,-6.334033954015467,-2.6771212622115854,-5.25504982471449,-5.075799250247655,-8.262889027209894
521,-0.8262830972671509,-1.0450330972671509,-4.615345478057861,-6.177845478057861,-5.107532978057861,-6.123819132568315,-2.4201885340880835,-5.451283812522547,-5.326644116983516,-7.654433607725878
522,-0.8641298413276672,-1.0516297817230225,-4.340692520141602,-5.543817520141602,-5.395380020141602,-5.99005048815161,-2.7080528586375294,-5.028193354606287,-4.552041445975192,-7.90322625580302
523,-0.8399062156677246,-1.1836562156677246,-4.175843715667725,-5.535218715667725,-5.097718715667725,-5.051963774720207,-2.386919965647394,-5.2149069309232345,-4.394980475015473,-8.03524768311945
524,-0.7639832496643066,-1.2952332496643066,-4.248358249664307,-6.310858249664307,-4.834295749664307,-5.897923310403712,-2.217265951112495,-5.013983845710584,-4.561182088858914,-7.920260071394296
525,-1.0523316860198975,-0.9273316860198975,-4.341394424438477,-5.747644424438477,-5.091394424438477,-5.607887249032501,-2.7087266340095084,-5.052332878112338,-4.880749182892032,-7.724234580611665
526,-0.8749464154243469,-1.2499463558197021,-4.164009094238281,-5.812446594238281,-5.054634094238281,-5.21957061230205,-2.2500790269550635,-4.9452596902845585,-4.586285868019331,-7.6484130616754555
527,-0.7754490375518799,-1.2910740375518799,-4.228573799133301,-5.556698799133301,-5.486386299133301,-5.831034971692134,-2.7912316198198823,-4.923887014388811,-4.736821675876854,-8.017663955306489
528,-0.9000113010406494,-1.1343863010406494,-4.24376106262207,-5.73594856262207,-5.10313606262207,-5.541611910390202,-2.5721444750379305,-5.31407427787758,-4.525319767039036,-7.978174208867131
529,-0.887127161026001,-1.043377161026001,-4.887126922607422,-5.887126922607422,-5.301189422607422,-5.919425057247281,-2.52792964791297,-5.277752637862932,-4.840610916551668,-7.660593270838945
530,-0.8548595905303955,-1.3548595905303955,-4.581421852111816,-6.003296852111816,-5.198609352111816,-5.5356848913943395,-1.9331406233104644,-5.097047805785678,-3.902146731299581,-7.50332951492237
531,-0.45647865533828735,-2.4564785957336426,-5.003353595733643,-6.315853595733643,-5.198666095733643,-5.53864745143801,-1.5659894850832643,-6.56585419177992,-5.738128701254027,-8.597122192219103
532,-0.8303310871124268,-1.0803310871124268,-4.736580848693848,-6.119393348693848,-5.189705848693848,-5.713924579555169,-2.3929998732201057,-5.2678316831585335,-5.33068376511801,-7.814733385661384
533,-0.9724981784820557,-0.9724981784820557,-4.659997940063477,-5.753747940063477,-5.222497940063477,-6.2467239369871095,-3.0117330402572406,-4.9021861553189865,-5.22286217729561,-7.722528218764637
534,-0.8583052158355713,-1.2333052158355713,-4.131742477416992,-5.748929977416992,-4.873929977416992,-5.116796858725138,-2.186597333289683,-5.084868192672502,-4.507148064381909,-7.858337521021895
535,-0.7437906861305237,-1.165665626525879,-4.993790626525879,-6.462540626525879,-5.282853126525879,-6.002590407151729,-2.30645929343882,-5.470353841781389,-4.9550840221345425,-7.861005425080293
536,-0.9335293769836426,-1.0741543769836426,-4.566341876983643,-5.433529376983643,-5.089779376983643,-6.231595998047851,-2.027417650198913,-5.214780330657504,-4.0355408375908155,-7.706997870918713
537,-0.924099862575531,-1.0490999221801758,-4.213162422180176,-5.908474922180176,-5.017849922180176,-5.518602445605211,-2.3461332195875,-5.330350875854037,-4.79946010778076,-7.721006631349155
538,-0.6972932815551758,-1.1660432815551758,-5.181668281555176,-5.619168281555176,-5.548855781555176,-6.596578238822985,-2.6193309889931697,-4.666043996810686,-5.166406684642425,-7.884821652964092
539,-0.9982616305351257,-1.0920116901397705,-4.654511451721191,-6.006073951721191,-4.974823951721191,-5.3193265942973085,-2.1077923653501784,-5.420137286185877,-4.904852928011678,-7.779540299952714
540,-0.8948773145675659,-1.301127314567566,-4.3948774337768555,-5.9339399337768555,-5.3089399337768555,-5.716081579274032,-2.051285016044858,-5.230815768241541,-4.4578057801991235,-7.6214750998988166
541,-0.966370701789856,-1.622620701789856,-4.747620582580566,-6.411683082580566,-5.239808082580566,-5.381731501314789,-1.4821336174209137,-5.560121297836076,-4.646448893472552,-7.310150861281727
542,-1.1489670276641846,-0.9458420276641846,-4.5161542892456055,-6.0239667892456055,-5.0161542892456055,-5.4387749037123285,-2.6023047936032526,-5.102092623710291,-4.680572089011548,-7.719312905701372
543,-0.8629729747772217,-1.3317229747772217,-4.894223213195801,-6.073910713195801,-5.097348213195801,-5.903151128208265,-1.8162681911489926,-5.347349047660487,-4.379017384402687,-7.339569448857219
544,-0.8955870270729065,-1.0362119674682617,-4.192461967468262,-5.614336967468262,-5.450274467468262,-5.732185026339721,-2.6613746749062557,-4.8955878019329475,-5.036594198609237,-7.919054150141164
545,-0.955514669418335,-1.189889669418335,-4.564889907836914,-6.189889907836914,-4.994577407836914,-5.784426856262144,-2.236954670981504,-5.221140503883191,-4.557485020515742,-7.768049001111649
546,-0.7480313777923584,-0.9824063777923584,-4.9042816162109375,-6.5995941162109375,-5.3574066162109375,-6.0927604413591325,-2.623153083070065,-5.779282450675623,-5.60770411833073,-7.841804980958841
547,-0.8011433482170105,-1.1448934078216553,-4.168330669403076,-5.293330669403076,-5.566768169403076,-6.044760991935618,-2.254389397930936,-5.027706265449353,-4.809327056573238,-8.17617273288306
548,-0.9693748354911804,-1.3131248950958252,-4.266249656677246,-5.359999656677246,-4.992812156677246,-5.82243818580173,-2.1570303319313098,-4.891250610351108,-3.727552585682133,-7.1178477996181755
549,-1.4597059488296509,-3.3503308296203613,-4.725330829620361,-6.420643329620361,-4.733143568038912,-3.981907153967768,-0.5380439531436423,-6.8659564256666386,-4.843247624463402,-8.483167648031667
550,-1.0285918712615967,-1.1067168712615967,-4.247342109680176,-5.552029609680176,-4.942654609680176,-5.646514026797377,-2.450658303059754,-4.950467944144862,-4.341491738567129,-7.708314537390834
551,-0.7037452459335327,-1.2193702459335327,-4.625620365142822,-5.766245365142822,-5.352182865142822,-6.134272103896365,-2.5788800625741715,-4.9771834611890995,-5.336953680845909,-8.063144206704237
552,-0.7601852416992188,-1.3539352416992188,-4.455497741699219,-5.611747741699219,-5.369560241699219,-6.331540041137487,-2.526030873748823,-5.0414360761639045,-4.02628279486089,-7.6977157588116825
553,-0.9223698377609253,-1.3286198377609253,-4.617682456970215,-6.008307456970215,-5.109869956970215,-5.509321056539193,-2.0006681530649075,-5.2973709106440765,-3.8212709544750396,-7.500530003886524
554,-0.9929032325744629,-1.180403232574463,-3.836653232574463,-5.610090732574463,-5.008528232574463,-5.454719395725988,-2.4383743875514483,-4.9225918054575,-4.313562452269252,-7.782003402000555
555,-0.8913894295692444,-1.0163893699645996,-4.6257643699646,-5.8523268699646,-5.3757643699646,-5.423416431760415,-2.9775061446707696,-4.9070150852201095,-5.180803833063692,-7.867980837401774
556,-1.2415229082107544,-0.9446479082107544,-3.975897789001465,-5.952460289001465,-4.936835289001465,-5.53128718532389,-2.718288520190981,-4.921211123466151,-4.609156389866257,-7.63218450478962
557,-0.8666893243789673,-1.0385643243789673,-4.257314205169678,-5.601064205169678,-5.444814205169678,-5.804796987795271,-2.648114308278309,-5.1245025396343635,-5.046807196456939,-8.233906268649662
558,-0.8680378198623657,-0.9774128198623657,-4.883662700653076,-5.493037700653076,-5.633662700653076,-6.064325452956837,-2.7119380122749135,-4.907101035117762,-5.204310599336168,-7.688379406503373
559,-0.7419795393943787,-1.2107295989990234,-4.460729598999023,-5.835729598999023,-5.296667098999023,-5.492868266883306,-2.4921228783059632,-5.023230314254533,-5.148604441958014,-7.702945947230546
560,-0.9462600946426392,-0.9618850946426392,-4.26657247543335,-5.65719747543335,-5.25094747543335,-5.556242519814987,-2.6026867471809965,-5.172823309898035,-4.9622291926061735,-8.227543591903668
561,-0.9117531776428223,-0.9742531776428223,-4.388315677642822,-5.818003177642822,-5.380503177642822,-5.592098258261103,-2.474393119555316,-5.146128892898332,-5.130917463306105,-8.005532741095521
562,-0.8012394309043884,-1.0668644905090332,-4.691864490509033,-5.340301990509033,-5.394989490509033,-6.098907275591046,-2.5045107496116543,-4.629365324973719,-5.285940236441093,-7.6762676235048275
563,-0.7933191657066345,-1.2933192253112793,-5.183944225311279,-6.090194225311279,-5.512069225311279,-5.560251215938479,-2.371627314016223,-4.941757440566789,-4.871833129582228,-7.5120962854543905
564,-0.43812769651412964,-2.0475027561187744,-4.508440017700195,-6.180315017700195,-5.985002517700195,-6.24393102817703,-1.8601279180438723,-6.055315732955705,-5.438664649671409,-8.891275644034977
565,-0.768829345703125,-1.221954345703125,-4.292266845703125,-6.065704345703125,-5.214141845703125,-5.535161483567208,-2.9174287188216113,-5.159455060958635,-4.909773656399921,-8.034483193934648
566,-1.10672128200531,-0.9192212820053101,-4.1379714012146,-5.8801589012146,-4.9660964012146,-5.232299756607972,-2.4193640845478512,-5.2082846164701095,-5.060196815116797,-8.028623222931856
567,-0.835115909576416,-3.053865909576416,-4.569490909576416,-5.850740909576416,-5.210116147994967,-4.425041461363435,-0.8665045403758995,-6.6398038864134605,-5.296493433444994,-8.983573317320406
568,-0.6991123557090759,-1.4491124153137207,-4.550674915313721,-6.433487415313721,-5.660049915313721,-6.106829282129183,-1.8086196096846834,-5.761613130569231,-4.871352844231296,-8.456946968777629
569,-1.7873700857162476,-2.990495204925537,-4.248307704925537,-6.482682704925537,-4.584245443344088,-4.100951108150184,-0.5531492114532739,-6.396745800971814,-4.303523520124145,-7.709268927292214
570,-0.9200229644775391,-1.076272964477539,-4.677835464477539,-6.045022964477539,-5.420022964477539,-6.17096427467186,-2.7327031926834024,-5.099711179733049,-5.107873259228654,-7.599743604110699
571,-0.7399935722351074,-1.1306185722351074,-4.810306072235107,-5.911868572235107,-5.544681072235107,-6.13954160513822,-2.724497548362706,-5.107181787490617,-5.115357809467241,-7.513458728408295
572,-1.1671782732009888,-0.9640532732009888,-4.065615653991699,-5.760928153991699,-5.268740653991699,-5.480485828302335,-2.956426722375909,-4.995303988456385,-4.480051924474537,-7.729708313487208
573,-0.8360713720321655,-1.4141963720321655,-4.609508991241455,-6.218883991241455,-5.187633991241455,-5.618408327572979,-1.8206293415569235,-4.976697206496965,-4.35995247066603,-7.601726173914358
574,-1.3659462928771973,-0.694071352481842,-4.873758792877197,-6.303446292877197,-5.780008792877197,-5.999624592659529,-3.0926581509556854,-5.225322246551059,-5.795986351789907,-7.811290382840525
575,-0.8770512342453003,-1.3145512342453003,-4.47861385345459,-5.71298885345459,-4.93955135345459,-5.456110636936501,-1.7522224041313166,-5.400489687919276,-4.018043569842121,-7.806769370567054
576,-0.7600411772727966,-1.9006662368774414,-5.416291236877441,-6.689728736877441,-4.939728856086724,-5.193386294879019,-1.24457024341973,-7.119416952132951,-4.635839977650903,-8.681934833353807
577,-0.8429405093193054,-1.1554405689239502,-5.108565330505371,-6.069502830505371,-5.678877830505371,-6.305129578802735,-2.0149594441900263,-5.288253545760881,-5.163692020287272,-7.553903817792161
578,-0.8832716941833496,-1.0707716941833496,-4.89108419418335,-6.23483419418335,-5.51608419418335,-5.821812207344919,-2.8365669105551206,-5.0942099094388595,-5.375826172239613,-7.680176496061904
579,-0.8684592247009277,-0.9778342247009277,-5.110646724700928,-5.985646724700928,-5.407521724700928,-6.291232420830056,-2.4780016997247003,-5.0481475591656135,-5.181316311965929,-7.423175215315496
580,-0.7806758880615234,-1.2338008880615234,-4.429113388061523,-5.811925888061523,-5.515050888061523,-6.562891136505641,-2.390234691891237,-5.202551603317033,-5.163874551595654,-8.03851675947044
581,-1.0660598278045654,-1.0504348278045654,-4.4176225662231445,-5.8941850662231445,-4.8082475662231445,-5.707452598609962,-1.9412560270429822,-5.25356090068783,-4.425821468088543,-7.644221901216952
582,-0.8360871076583862,-1.2735871076583862,-3.984524726867676,-5.664212226867676,-5.351712226867676,-5.852644842932932,-2.4300107805320295,-4.797025561332362,-4.555244720395422,-7.851743340008397
583,-0.6220154762268066,-1.3876404762268066,-4.840765476226807,-6.418890476226807,-5.700140476226807,-5.927807555301115,-2.27842138982669,-5.465766310691492,-5.169361718697473,-7.61423349333927
584,-0.945772111415863,-2.836397171020508,-5.086397171020508,-6.414522171020508,-5.0551474094390585,-4.429060084745288,-0.8835311196453404,-6.945772767066785,-4.844924313714728,-8.42235791656094
585,-0.434513658285141,-1.8720136880874634,-5.043888568878174,-6.332951068878174,-5.793888568878174,-6.061018883134238,-2.512808308500098,-5.465764164924451,-5.270811731141293,-8.21578550315644
586,-1.0318115949630737,-1.0786865949630737,-4.156811714172363,-5.914624214172363,-5.227124214172363,-5.860721994948108,-2.6491451157053234,-5.047437429427873,-4.930612259748159,-7.719341873667872
587,-1.017075777053833,-0.985825777053833,-4.384263038635254,-5.743638038635254,-5.399888038635254,-5.791312136745546,-2.7203565714589786,-4.86863887309994,-4.869036118412623,-7.47023200939293
588,-0.895392119884491,-1.0985171794891357,-4.957891941070557,-5.629766941070557,-5.481329441070557,-5.7558415121166036,-2.7939941747754347,-4.778205156326067,-5.466058549180161,-7.55167245818302
589,-0.8904732465744019,-1.4217232465744019,-4.124848365783691,-5.749848365783691,-5.077973365783691,-5.695943645143416,-1.9687828847236233,-5.156099081039201,-4.414364592608763,-7.429571508724621
590,-0.8238897919654846,-1.1051397323608398,-4.80045223236084,-5.75357723236084,-5.62857723236084,-6.372088747564703,-2.1521308354713256,-5.620765805243877,-4.714994911279064,-7.628611921663833
591,-0.9182345271110535,-1.3713595867156982,-4.316671848297119,-5.457296848297119,-5.340109348297119,-5.153923958307132,-2.230884779142798,-4.683860063552629,-4.46552196572884,-7.363580703160551
592,-1.1100993156433105,-1.2819743156433105,-3.9069743156433105,-5.5554118156433105,-4.9304118156433105,-5.267170092323795,-2.5556012212618953,-4.821037650107996,-4.266734645032557,-7.594507812893426
593,-0.6470833420753479,-1.7095832824707031,-4.662708282470703,-6.350208282470703,-5.441983699798584,-6.201241283095442,-1.9577799888938898,-5.40292203426327,-4.372111581149511,-7.543579220226093
594,-1.0877605676651,-1.3533855676651,-3.6658854484558105,-5.8065104484558105,-4.4549479484558105,-5.432067239191383,-1.6034845064787078,-5.072136282920496,-4.291174250858603,-7.728414415892985
595,-1.0204428434371948,-1.1141928434371948,-4.262630462646484,-5.715755462646484,-4.817317962646484,-4.583710375940427,-2.2862416355055757,-5.02044379711117,-4.286384770763107,-7.5360975261137355
596,-0.9919291734695435,-1.1325541734695435,-3.648179054260254,-5.609116554260254,-5.187241554260254,-5.164574445516337,-2.624871364751016,-4.820054769515764,-4.687590657325927,-7.7497684951958945
597,-1.1947922706604004,-0.9604172110557556,-4.1166672706604,-5.4604172706604,-5.2182297706604,-5.797434581210837,-2.2418061398348073,-4.780730605125086,-4.749813143454958,-7.413571476510697
598,-1.2823052406311035,-2.8135552406311035,-4.1573052406311035,-6.6026177406311035,-4.688555479049654,-3.4897982901893556,-0.7356531967379851,-6.688555836677381,-4.3999922220245935,-8.516704916637536
599,-0.7303400635719299,-1.1365900039672852,-5.003777503967285,-6.339715003967285,-5.527215003967285,-6.051652646390721,-2.464880571962567,-5.464715838431971,-5.199374516058015,-7.6131806369630795
600,-0.9676975011825562,-1.0926975011825562,-4.217697620391846,-5.850510120391846,-5.487743854522705,-5.824364667059854,-2.4879259897279553,-5.018994569778215,-4.9334250008978415,-8.042456626561034
601,-0.8671107292175293,-1.3358607292175293,-4.421798229217529,-5.804610729217529,-5.257735729217529,-5.524374805158004,-1.9141766842658399,-5.343674063682215,-4.594000047683949,-7.757763146977595
602,-0.7630261778831482,-1.122401237487793,-4.536463737487793,-6.372401237487793,-5.255213737487793,-5.834131879906636,-2.4194345348951174,-5.6536523103708305,-4.693109314859612,-7.895869373805908
603,-1.0530586242675781,-0.8968086242675781,-4.326496124267578,-6.263996124267578,-5.092121124267578,-5.624045621312689,-2.4594527379085775,-5.287434458732264,-4.826836528052809,-7.8499578234605
604,-1.0310626029968262,-1.1560626029968262,-4.195125102996826,-5.617000102996826,-5.218562602996826,-5.953894276637584,-2.1718741481308825,-5.038875937461512,-4.1955080491025,-7.57015716978276
605,-0.6655334234237671,-2.5717835426330566,-4.407721042633057,-6.173346042633057,-5.329596161842339,-5.129002582747489,-1.1656279519229429,-6.548346638679334,-4.83005906350445,-8.517117261651947
606,-1.080076813697815,-1.111326813697815,-4.134764194488525,-5.658201694488525,-4.759764194488525,-5.104157360154204,-2.3302236687450204,-5.048827409744035,-4.611614781839307,-7.6426062579557765
607,-0.7602307200431824,-1.4008557796478271,-5.182105541229248,-6.478980541229248,-5.908668041229248,-5.863160390174016,-1.6666588624648284,-5.611793875693934,-5.182502906041918,-7.689944147723509
608,-0.9577513337135315,-1.2077512741088867,-4.121813774108887,-5.504626274108887,-5.301501274108887,-5.825899496965576,-2.3797905310202623,-4.692126989364397,-4.895644944888772,-7.621846556125092
609,-1.1377723217010498,-1.1690223217010498,-4.122147560119629,-5.637772560119629,-4.864335060119629,-4.90428932470968,-1.9816784736758564,-5.012773275375139,-4.481885129032889,-7.442500590455893
610,-0.8640042543411255,-1.0358792543411255,-4.809316635131836,-5.801504135131836,-5.449941635131836,-6.122550099273212,-2.4110394587769406,-5.090567469596522,-5.083152214909205,-7.598408817804739
611,-0.36178192496299744,-2.3149068355560303,-4.510219573974609,-6.143032073974609,-6.135219573974609,-6.691166203934699,-1.971254463212972,-6.221158027648471,-5.479434263019357,-8.861808657293295
612,-0.7906249761581421,-1.040624976158142,-5.087500095367432,-5.939062595367432,-5.853125095367432,-6.3773437071358785,-3.072040067418129,-4.868750929832117,-5.533157885045512,-7.9859658475706965
613,-0.8744797706604004,-1.0463547706604004,-4.4916672706604,-5.1166672706604,-5.4526047706604,-5.813034335849807,-2.851180901459884,-4.78073048591591,-5.226361938868649,-7.882324218240683
614,-0.9188061952590942,-1.0594311952590942,-4.215681076049805,-5.559431076049805,-5.496931076049805,-5.653986725432333,-2.4346126153250225,-4.8953694105144905,-4.91919974682969,-7.895400285218784
615,-0.36934778094291687,-3.2130978107452393,-4.81466007232666,-6.58809757232666,-5.62716007232666,-5.504272136371583,-1.572612395088072,-6.767785668372937,-5.408784438623115,-8.908430814528401
616,-0.7798811197280884,-1.3423811197280884,-4.311131000518799,-5.686131000518799,-5.264256000518799,-5.718280983157456,-2.623807295516599,-4.693944215774309,-4.850588958739536,-7.928349375248217
617,-0.6160778403282166,-1.3660778999328613,-4.952015399932861,-6.053577899932861,-5.866077899932861,-5.789263462182134,-2.647466888302006,-5.1707659959791386,-5.616568445053417,-7.983292698487276
618,-0.7868950366973877,-1.3962700366973877,-3.8415825366973877,-6.208769798278809,-5.474394798278809,-5.693952115252614,-2.037011259002611,-5.3337705135343185,-4.693464108975604,-8.021292447787346
619,-0.9031269550323486,-1.1375019550323486,-4.4734392166137695,-5.8406267166137695,-5.0437517166137695,-5.107238044496626,-2.184519399990677,-5.239065051078455,-4.840968312084442,-7.707843303256595
620,-0.8879825472831726,-1.0442326068878174,-4.731732368469238,-5.591107368469238,-5.216107368469238,-5.630936805275269,-2.278752674072166,-4.825483202933924,-5.232093745726161,-7.591132163694056
621,-0.7422424554824829,-1.304742455482483,-5.335992336273193,-6.562554836273193,-5.625054836273193,-6.03288263711147,-2.3049882347986568,-5.757868409156231,-4.93806313467212,-7.164157508996141
622,-1.0130287408828735,-1.2630287408828735,-3.903653621673584,-5.450528621673584,-5.247403621673584,-5.451402163307648,-2.622601966257207,-4.786467075347446,-4.216548364929622,-7.880249976537016
623,-0.6589454412460327,-2.7683205604553223,-4.377695560455322,-6.143320560455322,-4.885508060455322,-5.14025715040043,-1.2684596680046525,-6.080821275710832,-4.503222565050237,-8.127717137092986
624,-0.7036393284797668,-1.344264268875122,-4.703639507293701,-5.711452007293701,-5.320827007293701,-6.103002001065761,-2.1256624350498896,-5.156765341758387,-4.953998739569215,-7.797416448229342
625,-1.077426552772522,-1.530551552772522,-3.5618014335632324,-5.163363933563232,-4.858676433563232,-5.047437111265026,-1.8744729610334616,-5.210239648818742,-3.3746989175269846,-7.655585646043619
626,-0.8600268959999084,-1.2506518363952637,-4.813151836395264,-5.899089336395264,-5.469401836395264,-5.799076785915531,-2.438321576017188,-4.899090051650774,-4.9385381190804765,-7.430367350185406
627,-0.7796198129653931,-1.138994812965393,-5.0999321937561035,-5.9358696937561035,-5.4671196937561035,-5.8588403419125825,-2.975091802261886,-4.732745528220789,-5.23307747070794,-7.615583896280441
628,-0.8136706948280334,-1.3136706352233887,-4.954295635223389,-6.227733135223389,-5.196483135223389,-5.892629394948017,-1.8920006541884504,-5.50898408889725,-4.767171193176182,-7.680894254986924
629,-0.6075734496116638,-1.5138235092163086,-4.482573509216309,-5.545073509216309,-5.279448509216309,-5.913392499438487,-2.2952146430616267,-4.9435117244718185,-4.600189355638577,-8.201350926976374
630,-0.8586800694465637,-1.655555009841919,-3.928992509841919,-5.960242748260498,-5.194617748260498,-5.852673092042096,-1.5619618769560475,-5.75711870193436,-3.6404113802709617,-8.03839898059232
631,-0.520084798336029,-2.629459857940674,-4.457584857940674,-5.715397357940674,-5.293522357940674,-5.820470481645316,-1.3639471467831754,-6.402898073196184,-5.309700693527702,-8.668543815372686
632,-0.8713264465332031,-0.9650764465332031,-4.246326446533203,-5.840076446533203,-5.519763946533203,-5.919025915616658,-3.035542118741432,-4.949452161788713,-5.231068662920734,-8.043230056353423
633,-0.9494160413742065,-1.1837910413742065,-3.996291160583496,-5.277541160583496,-5.043166160583496,-5.473645254503936,-2.5667842463444686,-4.644729375839006,-4.379503408621531,-7.652572273724218
634,-0.7861098051071167,-1.0986098051071167,-4.676734924316406,-5.582984924316406,-5.262672424316406,-6.060247176385019,-2.629991165129468,-4.840798139571916,-5.239548753132112,-7.911137938106549
635,-1.1133030652999878,-0.7851780652999878,-4.261740684509277,-6.003928184509277,-5.292990684509277,-6.09042628784664,-2.8634857964643743,-5.402366518973963,-5.7465131684730295,-7.988339423478465
636,-0.8050350546836853,-1.33628511428833,-4.58628511428833,-6.06284761428833,-5.22691011428833,-5.595245179487392,-2.070797910739202,-4.984723567962192,-4.711590362683637,-7.625371336655007
637,-0.9436178207397461,-1.037367820739746,-4.599867820739746,-5.802992820739746,-4.967055320739746,-5.93663729383843,-2.1156511181470705,-5.334243655204432,-4.787654597166693,-7.404582261675387
638,-1.0158216953277588,-0.9220717549324036,-4.976759433746338,-6.093946933746338,-5.476759433746338,-6.141723464708775,-2.4847782636934426,-5.164260149001848,-5.27401690321858,-7.672101854830544
639,-0.4531463086605072,-3.39064621925354,-4.757833957672119,-6.914083957672119,-5.1272116899490285,-4.57598693924956,-1.4320900257880567,-6.924087166786023,-4.9635716975608375,-8.791298627551441
640,-0.2828277051448822,-2.970327615737915,-5.610952854156494,-6.423452854156494,-6.837515354156494,-6.760804606368765,-1.814213385921903,-7.306265950202771,-6.408401443914045,-9.728159546659299
641,-0.43476808071136475,-3.0285181999206543,-5.708205699920654,-7.505080699920654,-5.723831057548466,-3.965557409450412,-1.6536934222094715,-7.4269562959669315,-5.560812642914243,-8.356663107664644
642,-0.6914557218551636,-1.5195807218551636,-4.941455841064453,-6.207080841064453,-5.050830841064453,-5.348904487094842,-2.238506420937483,-5.28520643711073,-4.863666835590266,-7.683664440886787
643,-0.7886430025100708,-1.2573930025100708,-5.007392883300781,-6.530830383300781,-5.616767883300781,-6.282471025479026,-2.054452044700156,-5.585518836974643,-4.906299838476116,-7.429299950086715
644,-0.7728418111801147,-1.2103418111801147,-4.929091930389404,-5.850966930389404,-5.358779430389404,-5.890685581427533,-2.3823920334980357,-5.18690526485409,-5.226265862613218,-7.95255935147361
645,-0.6703108549118042,-1.4359358549118042,-4.826560974121094,-5.592185974121094,-5.615623474121094,-5.992031298112124,-2.279839146329323,-4.810936570167371,-4.975343167985557,-7.842216014410951
646,-0.9323187470436096,-1.1510686874389648,-4.283881187438965,-5.776068687438965,-5.135443687438965,-6.11283172853291,-2.354343760671327,-5.166694521903651,-4.417041122156661,-7.4011023038947314
647,-1.0854930877685547,-3.0229930877685547,-4.413618087768555,-5.671430587768555,-5.288618087768555,-5.674830254167318,-0.6637151194227044,-6.593306303024065,-5.164136632927693,-8.077702522037725
648,-0.91261887550354,-0.99074387550354,-4.818868637084961,-5.787618637084961,-5.490743637084961,-6.210309887479525,-2.8112212283595,-4.725119352340471,-5.381734780996339,-7.6626497502256825
649,-0.6062303185462952,-1.4499802589416504,-5.26248025894165,-6.66873025894165,-5.637567043304443,-6.131252834806219,-2.3955840854760027,-5.582880496978305,-5.067614967236295,-7.504784345182998
650,-1.1400586366653442,-1.1088086366653442,-3.8588085174560547,-5.890058517456055,-4.694746017456055,-5.664131916011684,-2.3589857659535483,-5.0931843519207405,-4.3434990146779455,-7.538524508070623
651,-1.139792799949646,-1.092917799949646,-4.2569804191589355,-5.7960429191589355,-5.0069804191589355,-5.179724911227822,-2.2024830399022903,-5.1319811344144455,-4.054143864021171,-7.288268207790679
652,-0.6693063974380493,-1.1849313974380493,-4.97399377822876,-6.24743127822876,-5.60680627822876,-6.5219978869426996,-2.778831947420258,-5.09899449348427,-5.497788842156297,-7.817769050278002
653,-0.8014540672302246,-1.1920790672302246,-4.184266567230225,-5.778016567230225,-5.457704067230225,-5.9820026027737185,-2.473493085766677,-5.11395490169491,-4.903454207960749,-8.262419461827449
654,-0.8861222267150879,-1.229872226715088,-4.370497226715088,-5.768934726715088,-5.315809726715088,-5.51973346748855,-2.675354823906673,-4.698622941970598,-4.925523819634691,-7.612714886210597
655,-0.8396105170249939,-1.1521105766296387,-4.417735576629639,-6.136485576629639,-5.159923076629639,-5.324703912134282,-2.4491323124966584,-5.269298791885149,-4.9336478297482245,-7.753698825505126
656,-0.9929667711257935,-1.0554667711257935,-4.063279151916504,-5.399216651916504,-5.258591651916504,-5.845368867099751,-2.71970187126135,-4.774217605590366,-4.735515410022344,-7.438313006779936
657,-0.8015446662902832,-1.5827946662902832,-4.473419666290283,-5.723419666290283,-4.918732166290283,-6.013533516204916,-1.9423104425513884,-5.106233119964145,-3.637739982747007,-7.629698276110503
658,-1.0778820514678955,-1.2810070514678955,-4.312256813049316,-5.484131813049316,-5.007569313049316,-5.774783539935015,-1.6092992881167447,-5.210695385932354,-3.695573322242126,-7.288852452682477
659,-1.1596428155899048,-1.2065178155899048,-3.7690176963806152,-5.800267696380615,-4.839330196380615,-5.293238213984296,-2.636377677350538,-4.956518411636125,-4.3084735096781515,-7.308112382372201
660,-0.6433354020118713,-1.5339603424072266,-4.908960342407227,-6.510522842407227,-5.885522842407227,-6.364324683090672,-2.049755677973735,-5.979273796081088,-4.424903103878023,-8.08086419063875
661,-0.8199657201766968,-1.6324657201766968,-4.827778339385986,-5.999653339385986,-5.429340839385986,-5.6735518949572,-1.5388662701734575,-5.632466793059848,-4.539035388443153,-7.546556830000554
662,-0.769634485244751,-1.175884485244751,-4.933696746826172,-5.668071746826172,-5.621196746826172,-6.192492954665795,-2.8791701664595166,-4.629009962081682,-5.0200341140443925,-7.754038214263346
663,-0.9000025987625122,-1.0718775987625122,-4.368752479553223,-5.595314979553223,-5.056252479553223,-5.783563572040293,-2.1814021952159237,-4.9937533140179085,-5.283153714990476,-8.040653586047483
664,-0.7171306610107422,-1.2796306610107422,-4.545255661010742,-6.560880661010742,-5.373380661010742,-5.4915970037691295,-2.4360470633400837,-5.396819114684604,-4.897149507945869,-7.756227373491129
665,-0.7108947038650513,-1.3515197038650513,-4.914019584655762,-5.867144584655762,-5.453082084655762,-6.791260471567512,-2.0860776733607054,-5.382770657538799,-4.273703765764367,-7.570296525591402
666,-0.7701777219772339,-1.1920527219772339,-5.043615341186523,-5.402990341186523,-5.238927841186523,-5.966662077815272,-2.301571597257862,-4.512365937232801,-4.903396404784871,-7.957708715915942
667,-0.7620011568069458,-1.1057511568069458,-4.301063537597656,-5.371376037597656,-5.597938537597656,-5.934629513998516,-2.8402650259668007,-4.816689252853166,-5.3562257355079055,-8.113588571235596
668,-1.0490431785583496,-1.1115431785583496,-4.40841817855835,-5.72873067855835,-5.07248067855835,-5.643580365227535,-2.3695198162749875,-4.806856632232211,-4.455649431649363,-7.611571073142841
669,-0.9627199769020081,-0.9314699769020081,-4.923657417297363,-5.759594917297363,-5.767407417297363,-6.361802489089314,-2.837920288031455,-5.048658251762049,-5.705258188711014,-7.900253056930524
670,-1.2477973699569702,-1.2321723699569702,-4.82592248916626,-6.04467248916626,-5.51342248916626,-6.741362576140091,-2.07613680450595,-5.630611062049297,-4.107598929054802,-7.2400138373977825
671,-0.7457087635993958,-1.214458703994751,-4.76914644241333,-5.49570894241333,-5.31602144241333,-5.6686061163200065,-2.4958436398010235,-4.73008465766884,-5.15224607635173,-7.84729742970012
672,-1.0263915061950684,-1.0263915061950684,-4.135766506195068,-5.674829006195068,-4.940454006195068,-5.878594312642235,-2.4718447824561736,-4.659204721450578,-4.761063412443036,-7.456106543162605
673,-1.249827265739441,-1.234202265739441,-4.3279523849487305,-5.6873273849487305,-4.6326398849487305,-5.555219402012881,-1.8437570171954576,-5.16389060020424,-4.117394851957215,-7.4451733821988455
674,-0.8721797466278076,-1.2471797466278076,-4.442492485046387,-5.723742485046387,-5.059679985046387,-5.919822160096373,-2.0442341405141633,-4.9190558195110725,-4.724096950638341,-7.653461336598411
675,-1.1895036697387695,-0.7676286101341248,-4.5176286697387695,-6.1191911697387695,-5.0332536697387695,-5.916624985926319,-2.9865553223062307,-5.3848168849942795,-5.5960817990708165,-8.103590488137343
676,-0.7382491230964661,-1.3163740634918213,-4.6444993019104,-6.3085618019104,-5.3241868019104,-5.2469840564299375,-2.316542492029839,-5.61325001716591,-4.496408044942655,-7.972651600464815
677,-0.8037103414535522,-1.1474603414535522,-4.834960460662842,-5.717772960662842,-5.366210460662842,-6.03147315455135,-2.663240659108851,-4.834961295127528,-5.350894045899622,-7.670926689688713
678,-0.8819016218185425,-0.9756516218185425,-4.741276741027832,-5.952214241027832,-5.749089241027832,-6.124759211146738,-3.0539688879362075,-5.358465075492518,-5.351038977038115,-7.952242016406672
679,-1.1229923963546753,-1.0448673963546753,-4.240180015563965,-5.513617515563965,-5.193305015563965,-5.608244987670332,-2.5216051186725963,-4.912055730819475,-4.506193919834914,-7.505838274402777
680,-1.035157322883606,-0.957032322883606,-4.449219703674316,-5.566407203674316,-5.097657203674316,-5.653016341617331,-2.3634072464046767,-4.722658038139002,-5.035494747397024,-7.183624863169825
681,-1.0269994735717773,-0.9801244139671326,-4.831686973571777,-5.581686973571777,-5.339499473571777,-6.098376184469089,-2.261517872058903,-5.042625427245639,-4.8007543775311206,-7.3551532025976485
682,-0.8398866653442383,-1.2148866653442383,-5.230511665344238,-6.347699165344238,-5.847699165344238,-6.8969005681574345,-2.043183073605178,-5.89457559585469,-4.332488927640952,-7.230546831466199
683,-0.8673731684684753,-0.9923731684684753,-4.507997989654541,-5.375185489654541,-5.109560489654541,-6.094638577254955,-2.523738258423691,-4.679873704910051,-4.930209937534528,-7.625211596148802
684,-1.0754789113998413,-1.2004789113998413,-4.184854030609131,-5.677041530609131,-5.059854030609131,-5.513883300940506,-2.497538430383429,-4.770792245864641,-4.107112215046072,-7.348953246397286
685,-0.6006433367729187,-1.6631433963775635,-5.108455657958984,-5.670955657958984,-5.772518157958984,-6.29110410111025,-2.24148807497113,-5.014706611632846,-4.163517047592904,-7.483487963156222
686,-0.8628054857254028,-1.1596804857254028,-3.9409303665161133,-5.636242866516113,-5.526867866516113,-5.4027489117579535,-3.0114005679643014,-4.878431320189975,-4.980385226517683,-7.808149933302047
687,-1.0691742897033691,-1.2566742897033691,-3.748861789703369,-5.326986789703369,-4.881674289703369,-4.991924856149126,-2.28805982148333,-4.600425124168055,-3.9757979410060216,-7.631708502183756
688,-0.7260240912437439,-1.3197741508483887,-4.913524150848389,-5.374461650848389,-5.796336650848389,-6.227229702635668,-2.3980593552987557,-4.4760249853130745,-4.874815997289261,-7.40574037987426
689,-0.7957177758216858,-1.014467716217041,-5.069155216217041,-5.655092716217041,-5.41782808303833,-5.73896457569208,-2.7617305400635814,-4.910016417503016,-5.238449406606378,-7.847545265711233
690,-0.7668909430503845,-1.1887660026550293,-5.024703502655029,-5.821578502655029,-6.134078502655029,-6.244856326840818,-3.1733034717181,-4.899704337119715,-5.6969553714152426,-7.66536164228819
691,-0.887682318687439,-1.512682318687439,-3.9658074378967285,-5.5126824378967285,-4.9658074378967285,-4.646297966770362,-2.0909758664347464,-4.989245533943006,-4.239743108628318,-7.801780580837658
692,-1.0145092010498047,-0.9363842010498047,-4.631696701049805,-5.467634201049805,-5.420759201049805,-5.390401918441057,-2.866222370241303,-4.569197416305315,-5.241413534851745,-7.733290194984875
693,-0.9627867341041565,-1.3377866744995117,-4.509661674499512,-5.572161674499512,-4.861224174499512,-5.691019450663589,-2.3379646381363273,-4.900287747382549,-3.588216331670992,-7.298756956515717
694,-1.285589575767517,-1.176214575767517,-3.6684021949768066,-5.754339694976807,-5.262152194976807,-4.973873189068399,-2.9185882633610163,-4.848090529441492,-4.582881840469781,-7.637187241893116
695,-0.7296386957168579,-1.057763695716858,-5.206201076507568,-6.190576076507568,-6.073388576507568,-6.418027125298977,-3.4563439982302953,-5.081201791763078,-5.901906770654023,-8.128100752537648
696,-0.9253147840499878,-1.2065647840499878,-4.690939903259277,-5.792502403259277,-5.230002403259277,-5.762334119179286,-2.316124183838838,-4.987815856933139,-4.152366280264687,-7.565971016399999
697,-0.9879714250564575,-1.1754714250564575,-4.386408805847168,-5.511408805847168,-5.378596305847168,-5.466141242533922,-2.808430780103663,-4.737972021102678,-4.730549497558968,-6.878627776604844
698,-1.1264355182647705,-0.7826854586601257,-5.063935279846191,-5.938935279846191,-6.134247779846191,-6.134982792544179,-3.7984452156961197,-5.173311114310877,-5.915841043664841,-7.860842585043429
699,-0.631489634513855,-1.490864634513855,-4.6627397537231445,-6.1002397537231445,-5.4127397537231445,-5.6325029960135,-2.444154368204181,-4.9674279689786545,-4.788080276688561,-7.990887403231682
700,-0.8649301528930664,-1.1149301528930664,-4.153992652893066,-6.122742652893066,-5.068055152893066,-6.037505143205635,-2.5213680090819253,-5.497743487357752,-4.873166232981021,-7.833707570653132
701,-0.7697491645812988,-1.4259991645812988,-4.840061664581299,-5.855686664581299,-5.371311664581299,-5.927654683357105,-1.8480274559842655,-5.269749760627576,-5.121742989955237,-7.293213128692514
702,-0.8060184121131897,-1.462268352508545,-4.470080852508545,-5.884143352508545,-5.181018352508545,-5.74466829909943,-1.7749228358152322,-5.071644186973231,-4.540840525762178,-7.563860773592751
703,-1.090530276298523,-0.996780276298523,-4.0358428955078125,-5.6217803955078125,-5.1530303955078125,-5.529012793442234,-2.793828710797243,-4.926468729972498,-4.684648326889146,-7.356186031825928
704,-0.6572928428649902,-2.5010428428649902,-5.35260534286499,-6.35260534286499,-5.313543081283541,-5.4513316112570465,-1.251175037235953,-7.094793319702035,-5.4467972732381895,-8.579186677763573
705,-0.7516525983810425,-2.392277717590332,-4.361027717590332,-5.806340217590332,-5.251652717590332,-5.6132850183639675,-1.0173859537535463,-6.540715813636609,-5.189838650927413,-8.89229941344638
706,-0.917395830154419,-1.183020830154419,-4.06583309173584,-5.53458309173584,-5.31583309173584,-5.183939868758898,-2.8237960225815186,-4.72989630699135,-4.886509948148159,-7.956485867114679
707,-0.8932803869247437,-1.2057803869247437,-4.924530506134033,-6.096405506134033,-5.541718006134033,-6.020497009623796,-2.049700722505804,-4.791718721389543,-4.424955277820118,-7.533930420564502
708,-0.8909555077552795,-1.1409554481506348,-4.445642948150635,-5.976892948150635,-4.969080448150635,-5.712125172256492,-2.219240533406264,-5.062831163406145,-4.742891599453287,-7.601922869234841
709,-1.140033483505249,-0.9681584239006042,-4.52284574508667,-6.12440824508667,-5.15565824508667,-6.086151394469198,-2.2026656778762117,-5.18690896034218,-4.741986079316121,-7.116628407897224
710,-0.8599593043327332,-1.469334363937378,-4.242771625518799,-5.445896625518799,-5.070896625518799,-5.829604820464738,-1.875778179455665,-4.992772459983485,-4.352577474259306,-7.891238450574747
711,-0.7527613043785095,-2.3933863639831543,-4.893386363983154,-6.401198863983154,-4.791824221610966,-5.709925010800362,-1.3467727557872422,-7.065261840820199,-4.831791944394354,-8.580908655860185
712,-0.5928668975830078,-1.6084918975830078,-4.999116897583008,-6.163179397583008,-5.460054397583008,-6.172431505168788,-2.2024372625164688,-5.452242732047694,-4.155722912342753,-7.881957292167499
713,-1.0418446063995361,-1.1824696063995361,-3.776219606399536,-6.080906867980957,-5.526219367980957,-5.269298751663882,-3.307629453280242,-5.026220202445643,-5.198470045084832,-7.7840619082708145
714,-0.9498569965362549,-1.2154819965362549,-4.246731758117676,-6.317044258117676,-4.668606758117676,-5.637973833363503,-1.9500020637206035,-5.426419973373186,-4.661155277892249,-8.02019560302324
715,-0.9287564754486084,-1.1787564754486084,-4.5771942138671875,-6.0537567138671875,-5.3037567138671875,-5.609194354910869,-2.225767722382443,-5.061569929122697,-4.757241422805237,-7.647537350185303
716,-0.8788408637046814,-1.1913409233093262,-4.206965923309326,-5.699153423309326,-5.464778423309326,-6.0132602649973705,-2.1133530045917723,-5.246029376983188,-3.9104657662683167,-7.558556794718243
717,-0.7426750063896179,-1.4926750659942627,-4.727049827575684,-5.742674827575684,-5.469237327575684,-5.259800023515709,-2.5709529998130165,-4.898925423621961,-4.961752122704638,-7.789579867865541
718,-0.716237485408783,-1.2474875450134277,-4.755300045013428,-5.778737545013428,-5.559987545013428,-6.475274409051053,-2.419501890966785,-4.9506133794781135,-4.950993346166797,-7.856886982619471
719,-0.9242168068885803,-1.0492167472839355,-4.2992167472839355,-5.7601542472839355,-5.2757792472839355,-6.104702392476611,-2.768150312738726,-5.072655081748621,-5.049601480859565,-7.78361988027973
720,-1.3829586505889893,-1.4923336505889893,-4.06264591217041,-5.39858341217041,-5.19545841217041,-5.915347523172386,-2.211303686723113,-4.711084246635096,-4.586454561009305,-7.5314298862394935
721,-0.7116861939430237,-1.711686134338379,-4.946061134338379,-5.899186134338379,-5.571061134338379,-5.793244540691376,-1.5243160640238784,-5.719499349593889,-4.571592070744373,-7.82108986336425
722,-0.7929724454879761,-2.6054725646972656,-5.019535064697266,-7.058597564697266,-5.097660303115816,-4.722119410987943,-0.9650161124009173,-7.472660660743543,-4.777965712186415,-9.48049485658521
723,-0.7190707921981812,-1.0784457921981812,-5.117508411407471,-5.812820911407471,-5.555008411407471,-6.399695314990822,-2.4692143098945962,-5.047196626662981,-5.344454572506947,-7.797224402022039
724,-1.115145206451416,-0.990145206451416,-4.232332706451416,-5.755770206451416,-4.997957706451416,-5.787625368102454,-2.685663798081805,-5.060458540916102,-4.638931690336904,-7.724550842769531
725,-0.6738873720169067,-1.4395123720169067,-4.939512252807617,-6.548887252807617,-5.666292190551758,-6.7149556369986385,-1.861724846297875,-6.0725431442256195,-4.455680078972364,-7.900692939427245
726,-0.7126445770263672,-1.4157695770263672,-4.743894577026367,-6.689207077026367,-5.540769577026367,-5.9249984718626365,-1.8846804966160562,-5.681395411491053,-4.220940949657233,-7.7439361802025815
727,-1.266761064529419,-1.251136064529419,-4.82926082611084,-5.93863582611084,-5.20426082611084,-5.799006085842848,-1.6419098266633227,-5.47769904136635,-4.774914325738791,-7.2980444425666064
728,-0.7585425972938538,-1.586667537689209,-4.086667537689209,-5.492917537689209,-5.078855037689209,-5.666004042839631,-1.7899287846230436,-5.110105752944719,-4.243297623877879,-8.235136508461437
729,-0.4775615632534027,-1.540061593055725,-5.2509989738464355,-6.2197489738464355,-5.9228739738464355,-6.705244151991792,-2.399576415758929,-5.696312069892713,-5.501452938973671,-8.274460911463393
730,-0.5353279709815979,-2.550952911376953,-4.777515411376953,-5.988452911376953,-5.488452911376953,-5.631528590805829,-1.3010703256368288,-6.84001600742323,-5.457719073572662,-9.074411511199287
731,-0.758331835269928,-2.727081775665283,-4.172394275665283,-5.391144275665283,-4.852082014083834,-4.705593578517437,-1.0553389700362459,-7.19583237171156,-5.352597580407746,-8.531792759629752
732,-0.7677547335624695,-1.4396297931671143,-4.580254554748535,-6.142754554748535,-5.373844623565674,-5.539098625537008,-2.0068579710496124,-5.10040795803036,-4.725814497942338,-7.81137382941597
733,-0.6620190739631653,-1.4276440143585205,-4.5370192527771,-5.8182692527771,-5.3495192527771,-6.264554504130501,-2.1778188790922286,-5.0838949680326095,-4.5765071202476975,-7.95892453147826
734,-0.8754242658615112,-1.0004242658615112,-4.656674385070801,-5.945736885070801,-5.476986885070801,-5.970029822550714,-2.813084231951507,-4.945737719535487,-5.258591708174208,-7.680143355828477
735,-0.7199834585189819,-2.8606085777282715,-4.9074835777282715,-6.0168585777282715,-5.7902960777282715,-6.029644024558365,-0.9388364500409807,-6.719984173774549,-5.743955707643181,-8.555942654365936
736,-0.4013555645942688,-2.666980504989624,-4.995105743408203,-6.534168243408203,-6.018543243408203,-5.504504375741817,-1.6358511375146918,-6.65916883945448,-5.355081139539834,-9.167007922756966
737,-0.7555179595947266,-0.9586429595947266,-4.943017959594727,-6.075830459594727,-5.911767959594727,-5.771960043814033,-2.9119095702044433,-6.052393555641004,-6.044947795162443,-8.193047880678932
738,-0.7955044507980347,-1.3892544507980347,-4.037692070007324,-5.608004570007324,-5.428317070007324,-6.015330689144321,-2.1081601260375464,-4.89706790447201,-4.2491042679175735,-7.959601759310317
739,-0.6672467589378357,-1.3859968185424805,-4.4250593185424805,-5.6750593185424805,-5.6594343185424805,-6.348011271213181,-2.229870788520202,-5.02662253379799,-5.136503210582305,-7.651650905185306
740,-1.2031946182250977,-0.8750695586204529,-4.289132118225098,-6.414132118225098,-5.289132118225098,-5.9306846130639315,-2.515841830856516,-5.531320571898959,-5.016044674644945,-7.359474300898
741,-1.3881711959838867,-1.1537961959838867,-3.9116086959838867,-5.653796195983887,-5.161608695983887,-4.693976016249508,-2.653934945963556,-4.919421911239397,-4.630754154204624,-7.255393266081228
742,-0.4496843218803406,-2.2934343814849854,-4.473121643066406,-6.387184143066406,-5.840309143066406,-5.7559273056685925,-1.6373124040692346,-6.5356222391126835,-5.239265545678791,-9.18408024288874
743,-0.7500296831130981,-1.3125296831130981,-4.421904563903809,-5.968779563903809,-5.351592063903809,-6.243601317284629,-2.1877095537347486,-4.968780398368494,-4.5004073859599885,-7.906304239922974
744,-0.6347548365592957,-1.4003798961639404,-4.642567157745361,-5.673817157745361,-5.580067157745361,-5.57332744251471,-2.572402704754495,-5.001942873000871,-4.572673709801165,-8.13478469804977
745,-0.980374276638031,-3.089749336242676,-4.285061836242676,-5.972561836242676,-5.0116245746612265,-4.72001819126308,-0.7773857619613409,-7.058499932288953,-4.785603853175417,-9.183519720823824
746,-0.9026005268096924,-1.0901005268096924,-4.222912788391113,-5.621350288391113,-5.011975288391113,-6.0517451644991525,-2.3558770303352503,-5.043226003646623,-5.160706834460143,-8.137003182975604
747,-0.6233745217323303,-1.4202494621276855,-5.4827494621276855,-5.8186869621276855,-5.5686869621276855,-5.562269548536278,-2.217297062277794,-5.724937558173963,-5.248628703207942,-7.71714675401563
748,-0.517559289932251,-2.126934289932251,-4.189434051513672,-5.853496551513672,-5.470684051513672,-5.659606160363182,-1.6426734859123826,-6.197247266769182,-4.979203689377755,-8.923833012293471
749,-0.64695805311203,-1.5375831127166748,-4.365707874298096,-5.107895374298096,-5.529770374298096,-5.898430573754013,-2.1002100625482854,-5.279771089553606,-4.584813769906759,-8.154796361597619
750,-0.9274352192878723,-1.1149351596832275,-4.630560398101807,-5.771185398101807,-5.427435398101807,-6.232854337140452,-3.052648879092885,-4.896186232566492,-5.052841104217805,-8.036841868844931
751,-0.6379403471946716,-1.2316904067993164,-5.458252906799316,-5.708252906799316,-6.145752906799316,-6.8897066006902605,-2.606834043675917,-4.817628622054826,-5.130446979164844,-7.5832833047061285
752,-0.7727890014648438,-1.2259140014648438,-4.780601501464844,-5.921226501464844,-5.272789001464844,-6.305173349450342,-2.382333741086768,-5.1790398359295295,-4.640286040084902,-7.483754396049335
753,-0.8619915843009949,-1.1901166439056396,-4.4166789054870605,-5.5885539054870605,-5.3073039054870605,-6.1051975067239255,-2.549689869309077,-4.752617239951746,-4.362412006594241,-7.674523949091963
754,-0.6430490016937256,-2.6899240016937256,-4.533674240112305,-6.564924240112305,-5.494365692138672,-4.536475302884355,-1.182020175474463,-6.799053788184949,-4.721320194657892,-8.838140844982263
755,-0.8353451490402222,-1.3353451490402222,-4.780657768249512,-6.100970268249512,-5.350970268249512,-6.2511364767560735,-2.0386690895829815,-5.413471341132549,-4.023160527111031,-7.2650599475982744
756,-0.9169706702232361,-1.6200957298278809,-3.768533229827881,-5.557595729827881,-5.143533229827881,-5.668205333291553,-1.8234016731585143,-4.7529091835017425,-3.3939969656348694,-7.713877915819467
757,-0.7260004281997681,-1.194750428199768,-5.3353753089904785,-6.5853753089904785,-5.6322503089904785,-5.836364256916568,-2.351168499153573,-5.42912626266434,-5.163948197179707,-7.74165487245773
758,-1.2530226707458496,-2.8623976707458496,-4.90927267074585,-6.41708517074585,-5.2373979091644,-4.713706937152892,-0.596951468687621,-7.159273266792127,-4.855104549904354,-8.56554257850803
759,-0.6257761716842651,-1.2976511716842651,-5.016401290893555,-5.946088790893555,-5.742963790893555,-6.236241223290563,-2.594673861109186,-4.907027006149065,-5.321444328990765,-7.703928708653621
760,-0.8469203114509583,-1.2687952518463135,-4.518795490264893,-6.237545490264893,-5.245357990264893,-5.543125707656145,-1.9720932095660828,-5.4953587055204025,-4.698847108345944,-7.807890653075447
761,-1.1138232946395874,-1.1138232946395874,-4.176323413848877,-5.606010913848877,-4.777885913848877,-5.5364567741635256,-2.5749355402076617,-4.684136629104387,-4.231367762782611,-7.496668219046114
762,-1.04555344581604,-1.07680344581604,-4.842428207397461,-5.740865707397461,-5.164228916168213,-6.915334685938433,-1.9847142547223484,-5.0001673698420745,-4.399011290544877,-7.015822767720238
763,-1.2143574953079224,-0.8237324953079224,-4.784669876098633,-5.675294876098633,-5.144044876098633,-6.519695308816154,-2.816124418313848,-4.9331083297724945,-4.8631885468785185,-7.401889800501522
764,-1.1651307344436646,-1.1495057344436646,-3.712005615234375,-5.485443115234375,-4.633880615234375,-5.017336757446174,-2.259069186548004,-4.930756330489885,-4.1343062210362405,-7.7198494667864
765,-0.703806459903717,-1.1569314002990723,-4.711618900299072,-5.727243900299072,-5.563181400299072,-6.032765279116575,-2.766461479564896,-5.039744734763758,-5.126010721345665,-7.89133572535502
766,-0.7515591979026794,-1.6109342575073242,-3.907809257507324,-5.884371757507324,-5.712496757507324,-5.5337536642327905,-1.9704637408140115,-4.96249759197201,-4.384746481286129,-8.110961436856087
767,-1.147294044494629,-0.8660440444946289,-4.358231544494629,-5.639481544494629,-4.998856544494629,-5.726175260613672,-2.413079844904132,-5.155107259750139,-4.827352455002256,-7.491071581462165
768,-1.0789484977722168,-0.9539485573768616,-4.719573497772217,-5.719573497772217,-5.485198497772217,-5.970276347128674,-2.696313723034109,-4.836761832236903,-5.024642037256854,-7.258667468529893
769,-0.8221127986907959,-1.525237798690796,-4.517425537109375,-6.540863037109375,-4.822113037109375,-5.3932059341459535,-1.7285165668581612,-5.658051252364885,-4.42403059854405,-7.884650229716499
770,-0.9811419248580933,-1.0748919248580933,-3.934267044067383,-5.817079544067383,-4.988954544067383,-5.333423951698933,-2.387553917185869,-5.129580378532069,-4.60648352035787,-7.863985180385498
771,-0.7598868608474731,-1.2755118608474731,-4.892699241638184,-6.048949241638184,-5.791136741638184,-6.729526838753372,-2.3225723332725465,-5.463012814521221,-5.025890993681969,-7.775539874633978
772,-0.9663456678390503,-1.0913456678390503,-4.48197078704834,-5.84134578704834,-5.43509578704834,-6.507468722062185,-1.8727667185448809,-5.7007217407222015,-4.107437382539501,-7.513252138600365
773,-0.6391311287879944,-1.4828810691833496,-4.43600606918335,-5.97506856918335,-5.33444356918335,-6.030865054111928,-1.9830262555624358,-5.357881903648035,-4.569276347261621,-8.14697444392732
774,-1.1337966918945312,-1.1337966918945312,-3.5166091918945312,-5.672859191894531,-5.594734191894531,-5.048811458982527,-2.7042578348336974,-4.860360026359217,-4.759170462377369,-7.876017450733343
775,-1.1172890663146973,-1.2735390663146973,-4.211039066314697,-5.875101566314697,-5.109476566314697,-5.641705867834389,-1.8674526080867508,-5.093852519988559,-3.7192131819028873,-7.40638279866107
776,-1.026478886604309,-2.9327287673950195,-4.7296037673950195,-6.2139787673950195,-5.04991650581357,-4.922806304413825,-0.7297342930687591,-7.182729244232064,-4.706563036394073,-9.370250940077312
777,-1.1914974451065063,-0.7852474451065063,-4.011809825897217,-5.730559825897217,-5.019622325897217,-5.410964827577118,-2.769752374777454,-5.355560541152727,-4.613775529636769,-7.793096303274069
778,-0.5607379674911499,-1.32636296749115,-4.9044880867004395,-6.1388630867004395,-5.5685505867004395,-6.444417696679011,-2.6702631599328015,-5.138863921165125,-5.553232503531035,-7.998262643512135
779,-0.8346084952354431,-1.756483554840088,-4.693983554840088,-6.318983554840088,-5.115858554840088,-5.218735664850101,-1.569141613872489,-5.342421770095598,-3.889623469149228,-7.514321207683679
780,-0.7003703713417053,-1.5284953117370605,-4.7941203117370605,-6.1300578117370605,-5.4894328117370605,-6.507221145089716,-1.8255355221626814,-5.762871265410922,-4.661598044243874,-7.567579626798761
781,-0.8723485469818115,-1.1223485469818115,-4.583286285400391,-5.911411285400391,-5.028598785400391,-6.193568295042496,-2.059993971735821,-5.223912000655901,-4.97423810386681,-7.62237822966199
782,-0.8096132874488831,-1.3096132278442383,-4.700238227844238,-5.903363227844238,-4.903363227844238,-5.599525686411653,-2.0910458397993352,-5.0205516815181,-4.638018926314544,-7.887766837664458
783,-0.7903546690940857,-1.3841047286987305,-4.8137922286987305,-6.3528547286987305,-5.4856672286987305,-6.073129444615915,-1.9623839736159425,-5.524730563163416,-4.603221945086261,-7.462260484222497
784,-1.0621839761734009,-1.0778089761734009,-4.710621356964111,-6.116871356964111,-4.991871356964111,-5.914572255394887,-2.1873553844197886,-5.351247191428797,-4.414138716965681,-7.445031165469118
785,-0.8150905966758728,-1.1275906562805176,-4.533840656280518,-5.432278156280518,-5.104153156280518,-5.862831098726019,-2.596487511342275,-5.0885288715360275,-5.010711860697484,-7.955739617060317
786,-0.9477939605712891,-1.104043960571289,-4.244668960571289,-5.525918960571289,-5.221231460571289,-5.729939060052857,-2.229150647195638,-5.096232056617566,-5.159092480345862,-8.002507686271201
787,-0.5315389633178711,-2.203413963317871,-5.156538963317871,-5.695601463317871,-6.008101463317871,-5.481955592986196,-1.5785301856230944,-7.195602059364148,-5.891547955747228,-8.328431129308228
788,-1.1124439239501953,-0.8155689239501953,-4.331193923950195,-5.760881423950195,-4.966473579406738,-5.662324998585973,-2.919778330819099,-4.919599413871424,-5.099647575843846,-7.763375043517954
789,-0.7046397924423218,-1.2515147924423218,-4.540577411651611,-5.907764911651611,-5.462452411651611,-5.54954581183847,-3.071968783871853,-5.2280780076978886,-4.986233771312982,-7.954669832735817
790,-0.968900203704834,-1.156400203704834,-4.570462703704834,-5.773587703704834,-4.961087703704834,-6.344774460012559,-2.4378814429946942,-4.92983853816952,-4.633379849197809,-7.375180720817298
791,-0.8248257637023926,-1.1060757637023926,-5.098263263702393,-5.723263263702393,-5.660763263702393,-6.54503941652365,-2.5749807237734785,-5.020139098167078,-5.2783172650961205,-7.488916754316961
792,-0.6681073904037476,-1.2149823904037476,-4.504045009613037,-5.832170009613037,-5.754045009613037,-6.137833476474043,-2.9807654494507005,-4.722795844077723,-5.5044505965779535,-7.715009331343026
793,-0.7693392634391785,-1.2693393230438232,-4.902151584625244,-5.792776584625244,-5.542776584625244,-5.754939639242366,-2.855438815342495,-4.878714799880754,-5.019630389695521,-7.683429598415387
794,-0.4608551561832428,-2.10148024559021,-4.351480007171631,-5.882730007171631,-5.906167507171631,-5.90786955866497,-1.7578562418493675,-6.281168222427141,-5.195703632722143,-8.921815871930448
795,-0.9030706882476807,-1.0436956882476807,-4.520257949829102,-5.942132949829102,-5.824945449829102,-6.052306928846519,-2.7782310118927853,-5.004633784293787,-5.223761606030166,-7.699972986796638
796,-1.0019652843475342,-1.4394652843475342,-3.994152784347534,-5.345715522766113,-4.884778022766113,-5.729579015402123,-1.7677453636133578,-4.900403857230799,-3.6195340621634386,-7.376995801467274
797,-0.7867079377174377,-1.099207878112793,-4.958582878112793,-5.739832878112793,-5.692957878112793,-6.600232552853413,-2.521265013318043,-5.216396212577479,-5.43552903921227,-7.583617567415786
798,-0.965125560760498,-1.262000560760498,-4.090125560760498,-5.363563060760498,-5.355750560760498,-5.325806003645994,-2.090266813786002,-4.816688776016008,-4.645126889576204,-7.433903216933686
799,-0.8342567086219788,-1.115506649017334,-4.607694149017334,-5.467069149017334,-5.342069149017334,-6.0464130360633135,-2.537544356455328,-4.638944864272844,-5.029899304237915,-7.357722878043205
800,-1.0868535041809082,-1.1806035041809082,-4.071228504180908,-5.954041004180908,-4.743103504180908,-5.8612088519730605,-2.1807892150100088,-5.157166838645594,-3.970004620437976,-7.430634378910327
801,-0.42662882804870605,-2.801628828048706,-4.723504066467285,-6.778191566467285,-5.484097599983208,-4.346961721777916,-1.757735113191302,-6.820035576820203,-4.765736742527224,-8.648182630282463
802,-0.9289571046829224,-0.9133321046829224,-4.397706985473633,-5.428956985473633,-5.491456985473633,-6.007775900361594,-3.1244132415449712,-4.702395319938319,-5.273034995625494,-7.960233926409273
803,-1.2141849994659424,-1.2610599994659424,-3.6516849994659424,-5.346997261047363,-4.706372261047363,-4.816802897956222,-2.0268189817288658,-5.081372976302873,-4.027068660478108,-7.401720403988293
804,-1.0903856754302979,-1.0435106754302979,-4.231010437011719,-5.504447937011719,-5.316947937011719,-5.763106703176163,-3.098402717645513,-4.6685112714764045,-4.832937293424038,-7.629482268697757
805,-0.8754522800445557,-1.4379522800445557,-4.164514541625977,-5.820764541625977,-5.297327041625977,-5.829482979374006,-2.203746304527158,-5.1488902568814865,-4.391516112256795,-7.937981724298879
806,-0.9216935634613037,-1.2341935634613037,-4.609193801879883,-5.882631301879883,-5.179506301879883,-5.578857362095732,-1.8280862467945553,-5.452944517135393,-4.742346943996381,-7.718601226282772
807,-0.7745241522789001,-2.821399211883545,-4.196399211883545,-6.079211711883545,-5.172961711883545,-4.832643811358139,-0.9933723759095301,-6.571399927139055,-4.735973108152393,-8.415170669315557
808,-0.9156512022018433,-1.0250262022018433,-4.837526321411133,-5.704713821411133,-5.196901321411133,-6.1430754524772055,-2.368921150206006,-4.884402036666643,-4.634822280000662,-7.462558149785764
809,-1.0842595100402832,-2.287384510040283,-3.928009510040283,-5.701447010040283,-4.592072010040283,-4.830368093214929,-0.8656333608232671,-6.60769760608656,-4.436500200070441,-8.404593229059174
810,-0.9191058278083801,-1.0597307682037354,-4.5675435066223145,-5.7003560066223145,-5.0753560066223145,-5.701063740067184,-2.4192931476572994,-5.012856841087,-4.927246516774176,-7.911320805176729
811,-0.8497801423072815,-1.3966550827026367,-4.513842582702637,-5.490405082702637,-5.420092582702637,-5.827716241125017,-2.131189095249283,-5.131031036376498,-4.186098622187274,-7.490434884581191
812,-0.7587738037109375,-1.1493988037109375,-4.9618988037109375,-6.0243988037109375,-5.6103363037109375,-5.869218492414802,-2.6183125838579144,-5.415024518966447,-4.970099135534838,-7.8525531287668855
813,-0.6624054908752441,-2.662405490875244,-4.474905490875244,-5.904592990875244,-4.881155490875244,-4.916781611274928,-1.1781588710437063,-6.818656086921521,-4.912965617608279,-8.732736825755637
814,-0.7478086352348328,-1.3728086948394775,-4.919683456420898,-5.982183456420898,-5.661870956420898,-5.983274698723108,-2.1386323969782097,-5.364997029303936,-4.287295489775715,-7.615026235122059
815,-1.1313252449035645,-0.8969501852989197,-4.4282002449035645,-5.9985127449035645,-5.0453877449035645,-6.100721627124585,-2.7095997221767902,-5.076638698577426,-5.076950739516178,-7.63916432822225
816,-0.9880856275558472,-1.0662106275558472,-4.191210746765137,-5.495898246765137,-5.386523246765137,-5.613897113595158,-3.0429406026087236,-4.7146490812298225,-5.058853403432295,-7.7068712705040525
817,-0.7860580682754517,-1.2235580682754517,-4.715745449066162,-5.739182949066162,-5.161057949066162,-6.248078593867831,-2.2080801616975805,-5.051683664321672,-4.684849318815395,-7.809521793971726
818,-0.8434301018714905,-1.2028050422668457,-4.484055042266846,-5.843430042266846,-4.812180042266846,-5.406725328764878,-2.109231337264646,-5.249680757522356,-4.523604393674759,-7.835649370641477
819,-0.8716566562652588,-0.9810316562652588,-4.91853141784668,-5.90290641784668,-5.87165641784668,-6.184833416598849,-2.8405790180404438,-5.25446963310219,-5.747048896999331,-8.098243593865845
820,-1.0634522438049316,-1.3134522438049316,-4.352514743804932,-5.454077243804932,-4.954077243804932,-5.72049276571488,-1.969908216240583,-4.922828078269617,-4.274722997448407,-7.4775454993286985
821,-1.2537842988967896,-0.9412842988967896,-4.3319091796875,-5.6756591796875,-4.9022216796875,-5.246634263778105,-2.3164498668775195,-4.91784739494301,-4.6760551145416684,-7.230378746473434
822,-0.7644351720809937,-1.4675601720809937,-4.326935291290283,-5.998810291290283,-5.272247791290283,-5.328143581631593,-1.8427126291353488,-5.311311125754969,-4.3586414011952,-7.912899613020272
823,-0.9128180742263794,-1.0378180742263794,-4.32688045501709,-5.56906795501709,-5.45188045501709,-6.0775255268090405,-2.5379936540703056,-4.787818789481776,-5.186664497625316,-7.826908349601581
824,-0.6104328632354736,-3.0010578632354736,-4.4932451248168945,-6.6807451248168945,-5.344901204109185,-4.308720009634271,-1.2669589352735784,-6.86833918094618,-4.493734043120639,-8.813678502659968
825,-0.953288197517395,-1.265788197517395,-4.1095380783081055,-5.7501630783081055,-5.2970380783081055,-5.34487534937216,-2.9378603502264014,-4.750163912772791,-4.797413517080713,-7.922067999392311
826,-0.915041983127594,-0.961916983127594,-5.086916923522949,-6.477541923522949,-5.532229423522949,-6.345687526278198,-2.5714940820471384,-5.540042996405987,-4.99351626491989,-7.493194341283015
827,-0.8025165796279907,-1.0525165796279907,-4.716578960418701,-5.450953960418701,-5.544703960418701,-5.475234868004918,-2.9276622427569237,-4.763454675674211,-5.50595278662513,-7.841610669587681
828,-1.234818696975708,-1.078568696975708,-3.984818696975708,-5.414505958557129,-5.016068458557129,-5.3608892189804465,-2.969390611338895,-4.891069293021815,-4.383606491639512,-7.531731247188873
829,-0.9563986659049988,-1.2220237255096436,-4.1204609870910645,-4.8079609870910645,-5.2376484870910645,-6.137352141551673,-2.003399721797905,-4.839211940764926,-4.152063903515227,-7.347058534007374
830,-0.6091178059577942,-1.8591177463531494,-4.6481804847717285,-6.3981804847717285,-5.9059929847717285,-6.063659260631539,-1.937406645694864,-6.288806080818006,-4.8359984846028965,-8.585701703790619
831,-1.0789662599563599,-1.0477162599563599,-4.44615364074707,-6.35240364074707,-4.85240364074707,-5.517258330248296,-1.9229025667154929,-5.555529594420932,-4.2747647772484925,-7.3446340551709
832,-0.615010678768158,-2.5837607383728027,-5.224385738372803,-6.474385738372803,-5.216573476791353,-5.02758004097268,-1.3808675735635916,-7.029073715209847,-4.8733638255507685,-8.4197212454892
833,-0.9878274202346802,-1.0972024202346802,-4.417514801025391,-5.573764801025391,-4.698764801025391,-5.215074185747653,-2.253608572194935,-4.862828016280901,-4.581937724957243,-7.573791980374153
834,-0.9747669696807861,-0.9278919696807861,-4.701329231262207,-5.466954231262207,-5.404454231262207,-5.686648876173422,-2.7874319417314837,-4.888829946517717,-5.107945494324667,-7.787298321225535
835,-0.8277295827865601,-1.14022958278656,-4.52304220199585,-5.45272970199585,-5.46054220199585,-6.492990014492534,-2.640373458067188,-4.616793036460535,-4.882767735078232,-7.46057248069701
836,-0.668957531452179,-1.5283324718475342,-4.458020210266113,-6.028332710266113,-5.614270210266113,-5.740528983063996,-2.2784807572024874,-5.168958425521623,-4.66146904946072,-7.676799296908939
837,-1.058356523513794,-0.980231523513794,-4.050543785095215,-5.683356285095215,-5.183356285095215,-5.856004416011274,-2.9101006819691975,-4.691169619559901,-4.699344688182464,-7.61307203729848
838,-0.7279409170150757,-1.3060659170150757,-4.821691036224365,-5.696691036224365,-5.477941036224365,-5.767709244566504,-2.5874882788193645,-4.720129251479875,-5.0329992084007245,-8.05609524206011
839,-1.1460083723068237,-1.2866333723068237,-4.091320991516113,-5.552258491516113,-4.825695991516113,-5.4989491736050695,-1.7086670272838091,-4.888196706771623,-3.615094366890844,-7.380417346379545
840,-0.500643253326416,-2.360018253326416,-4.985018253326416,-6.102205753326416,-6.211580753326416,-6.229511937592179,-1.4070442800875753,-6.891268849372693,-5.798072303819936,-9.383475303449814
841,-0.9160149097442627,-1.2910149097442627,-4.767577171325684,-6.080077171325684,-5.119139671325684,-5.362484976649284,-1.9474527659331216,-5.416015267371961,-4.3695595574972685,-7.626984953341889
842,-0.9375957250595093,-1.1094707250595093,-4.234470844268799,-5.398533344268799,-5.000095844268799,-5.274283366219606,-2.156510577944573,-4.875096678733485,-4.422280502039939,-7.765748977264593
843,-0.9695842266082764,-1.2039592266082764,-4.1805219650268555,-5.4852094650268555,-5.4383344650268555,-4.7997775136027485,-2.516615974542219,-4.703960061073133,-4.751236834621523,-7.657119035124197
844,-0.7665624618530273,-1.0790624618530273,-4.407187461853027,-5.633749961853027,-5.368124961853027,-6.564221670618281,-2.454204072462744,-5.063438415526889,-5.204388088604901,-8.243154525320278
845,-0.9536523222923279,-1.0630273818969727,-4.430214881896973,-5.711464881896973,-5.070839881896973,-5.55604959448101,-2.3288234326028032,-5.203653097152483,-4.727444347488927,-7.914619326158572
846,-0.9111247062683105,-1.5673747062683105,-4.1845622062683105,-5.2392497062683105,-5.119091033935547,-6.347840062808245,-1.4707828676473582,-5.267529368400233,-4.033644913113676,-7.68943071328431
847,-0.7695844769477844,-1.3633344173431396,-4.527397155761719,-5.871147155761719,-5.441459655761719,-5.981687462539412,-2.0822269814962056,-5.050835371017229,-4.809064539585961,-7.535240649696789
848,-0.7936013340950012,-1.1842262744903564,-4.4498515129089355,-5.7467265129089355,-4.9576640129089355,-5.9192554004257545,-2.4031191962130833,-5.1061022281644455,-4.934586340998067,-7.949884652542096
849,-0.7151740789413452,-1.2307990789413452,-4.644861698150635,-6.105799198150635,-5.449549198150635,-6.028718045679852,-2.480946768366266,-5.215175151824496,-4.824977187119657,-7.855831741755537
850,-0.8521031141281128,-1.3052281141281128,-4.164603233337402,-5.992728233337402,-4.891165733337402,-5.493639173335396,-1.9772523530264152,-5.422416567802088,-4.11028223473113,-7.914630055067391
851,-0.7421723008155823,-1.1015472412109375,-4.6015472412109375,-6.1640472412109375,-5.7109222412109375,-6.087020866340026,-2.6641690656833816,-5.015610456466447,-5.312797378312098,-7.750009059609511
852,-0.5257039070129395,-1.6350789070129395,-4.8694539070129395,-6.0022664070129395,-5.5960164070129395,-6.4726494322530925,-2.291507943344186,-5.025704503059217,-4.690190582885407,-7.846041083032105
853,-1.0149009227752686,-1.0149009227752686,-4.343026161193848,-5.147713661193848,-5.022713661193848,-5.7266556262620725,-2.8666702295013238,-4.8117769956585335,-4.679300489922753,-7.59306323459532
854,-0.8545317649841309,-1.3076567649841309,-4.596719264984131,-5.776406764984131,-5.260781764984131,-6.386844189604744,-2.167217356618494,-4.995157480239641,-4.237695036397781,-7.596747755598699
855,-0.8987381458282471,-1.242488145828247,-4.492487907409668,-5.781550407409668,-5.140925407409668,-5.501419632928446,-2.336403713823529,-4.664363622665178,-4.906867334677372,-7.3050190205503895
856,-0.7399066686630249,-1.380531668663025,-4.5836567878723145,-6.1852192878723145,-5.2399067878723145,-6.397920958814211,-2.052552927780198,-5.193032741546176,-4.029296225489816,-7.575868725478358
857,-0.6396503448486328,-1.7490253448486328,-4.459962844848633,-5.889650344848633,-5.655275344848633,-6.336853027925827,-1.6085296785604442,-5.467776060104143,-4.4916024641133845,-8.264677166578622
858,-0.9814141988754272,-1.0126641988754272,-4.590789318084717,-5.645476818084717,-5.286101818084717,-5.950924226897769,-2.622240284748841,-5.090790152549403,-5.14588764810469,-7.87988305043109
859,-0.9332515001296997,-0.9957515001296997,-4.72231388092041,-5.73793888092041,-5.14418888092041,-5.9028210855904035,-2.831857309458428,-5.050439715385096,-4.964838924643118,-7.605156182798964
860,-0.6461271643638611,-1.3648772239685059,-5.028939723968506,-6.364877223968506,-5.747689723968506,-6.202420732472092,-2.224413739517331,-5.513315558433192,-5.146462860982865,-7.568028807287192
861,-1.0760836601257324,-0.9510837197303772,-4.255771160125732,-5.958896160125732,-5.247958660125732,-5.240780271647964,-2.7012715163145913,-5.372959375381242,-5.224818781425711,-8.146424173930427
862,-1.027613878250122,-1.293238878250122,-4.136988639831543,-5.418238639831543,-4.777613639831543,-4.70073717343621,-2.262175900134025,-4.988551974296229,-3.981068080116529,-7.590143322504446
863,-0.8261724710464478,-1.5292974710464478,-4.435547351837158,-6.021484851837158,-5.115234851837158,-5.561574527411722,-2.029441703867633,-5.216798067092668,-4.131217296613613,-7.396525620584725
864,-0.7600916028022766,-1.2132165431976318,-4.642904281616211,-5.806966781616211,-5.267904281616211,-6.089277658145875,-2.3853037132212194,-5.127279996871721,-4.768271498003742,-7.939808010642082
865,-1.1364610195159912,-1.4177110195159912,-3.511461019515991,-5.39427375793457,-4.74583625793457,-5.676370024099015,-1.4335050439985935,-5.39427447319008,-3.6993265675846487,-8.003676771724713
866,-0.9388824701309204,-1.1263824701309204,-3.970132350921631,-5.587319850921631,-4.813882350921631,-5.697544333059341,-2.4468279988359427,-4.751383066177141,-4.75949986098567,-7.6029709574158915
867,-1.1285781860351562,-2.8473281860351562,-3.6598281860351562,-6.011390686035156,-4.472328424453707,-3.4839363689534366,-0.894308382703457,-6.519203662872201,-3.855521129706176,-8.425473212995712
868,-1.0803744792938232,-1.1741244792938232,-4.025687217712402,-5.760062217712402,-4.765373229980469,-5.805240545596462,-2.265585876739351,-4.7731865644451545,-4.054842746874783,-7.507594704049552
869,-0.6056059002876282,-1.3868558406829834,-4.9649810791015625,-5.8009185791015625,-5.1915435791015625,-6.200639139628038,-2.230763065381325,-4.988419294357072,-4.8950914442539215,-7.8868837352747505
870,-1.1762784719467163,-1.0825284719467163,-4.934091091156006,-6.223153591156006,-5.082528591156006,-6.028744765964802,-1.910826668041409,-5.520029664039043,-4.567231005465146,-7.270058273828909
871,-0.8029676079750061,-1.4279675483703613,-4.115467548370361,-5.670155048370361,-5.240467548370361,-5.773080968763679,-1.8499752195057226,-5.498281002044223,-4.1549394484609365,-7.888934015807536
872,-0.9740006327629089,-1.1458756923675537,-4.567750453948975,-5.263062953948975,-5.099000453948975,-4.943544549285434,-2.0991642341396073,-4.9271261692044845,-4.935275736032054,-7.638091802180497
873,-1.2513859272003174,-0.9388858675956726,-4.454510688781738,-5.907635688781738,-4.868573188781738,-4.861639828362968,-2.1421686286485055,-5.095136404037248,-4.439195227401797,-7.337352990660293
874,-1.1191513538360596,-1.0879013538360596,-4.4160261154174805,-5.9941511154174805,-5.4238386154174805,-5.52646711259149,-2.791217785634217,-5.103526949882166,-4.713291568827117,-7.697305678884732
875,-0.7661599516868591,-1.219285011291504,-4.508347511291504,-5.680222511291504,-5.453660011291504,-5.743683234148193,-2.5944446197972866,-4.969285726547014,-5.110298915562453,-7.836502909198316
876,-0.9342284798622131,-1.1373534202575684,-4.535790920257568,-5.832665920257568,-4.871728420257568,-5.536453980894294,-2.2781492325739237,-5.231104135513078,-4.629880370688625,-7.473322748632199
877,-1.058570384979248,-1.152320384979248,-4.261695384979248,-5.246070384979248,-4.902320384979248,-4.958516770158894,-2.3868391410505865,-4.660133481025525,-4.590151731914375,-7.41797864381806
878,-0.7581925392150879,-1.351942539215088,-5.328505039215088,-6.187880039215088,-5.648817539215088,-5.806808148045093,-2.4146518488269066,-5.133193254470598,-4.836636015708791,-7.492593526501878
879,-0.973351001739502,-1.067101001739502,-4.481163501739502,-5.926476001739502,-5.012413501739502,-5.419567772070877,-2.3329076601949055,-4.973351716995012,-4.504951892304234,-7.707758187731088
880,-0.4651913046836853,-1.57456636428833,-5.39487886428833,-6.32456636428833,-6.19956636428833,-6.224251564475708,-2.8247183445782866,-5.51987957954384,-5.793660581461154,-8.168339132991605
881,-0.7669047117233276,-1.4387797117233276,-4.805967330932617,-5.626279830932617,-5.204404830932617,-5.97933395660948,-2.3764989136107033,-4.899718284606479,-4.181409499637084,-7.212246536782914
882,-0.49982786178588867,-2.7810778617858887,-4.835765361785889,-6.281077861785889,-5.437410354614258,-4.932239616289735,-1.484440672225901,-6.749910950660535,-4.891000520263333,-8.945243835229121
883,-0.8349395990371704,-1.2724395990371704,-4.202126979827881,-5.702126979827881,-5.124001979827881,-5.484572053770535,-2.63198898700648,-5.038065075874158,-4.647812296985649,-8.069343447279607
884,-0.8954614400863647,-1.2235864400863647,-4.129836559295654,-5.754836559295654,-5.004836559295654,-5.591530156321824,-2.223752484860597,-5.247025012969516,-4.473889066721313,-8.04393255652758
885,-0.9906207323074341,-1.115620732307434,-4.3265581130981445,-5.7171831130981445,-4.9203081130981445,-5.9367739002918825,-2.1157867770380108,-5.3890588283536545,-4.733206192875514,-7.732836842124016
886,-0.6635349988937378,-1.2416599988937378,-4.913535118103027,-5.851035118103027,-5.499472618103027,-6.101892342208885,-2.7105451731040375,-5.007285833358537,-5.327950296195922,-7.9682469365016
887,-1.0175061225891113,-1.4550061225891113,-4.150318622589111,-5.962818622589111,-5.337818622589111,-5.2296304809860885,-2.048933728656266,-5.236256957053797,-4.135163077764446,-7.7675365204959235
888,-0.705660879611969,-1.6275358200073242,-4.799410820007324,-6.424410820007324,-5.627535820007324,-5.1995495384326205,-2.2839913157076808,-5.541598916053601,-4.526305381936254,-7.86193442316835
889,-1.286170244216919,-1.176795244216919,-3.895545244216919,-5.68460750579834,-5.43460750579834,-4.888604618201498,-3.341021762753371,-4.84867072105385,-4.692791154637234,-7.856516718278726
890,-0.6584991812705994,-1.3459992408752441,-4.353811740875244,-5.861624240875244,-5.345999240875244,-5.964007636648603,-2.4086582534218905,-4.885062694549106,-4.791710893099662,-7.900714039429658
891,-0.7574617862701416,-1.0543367862701416,-4.8433990478515625,-5.6715240478515625,-5.6246490478515625,-6.125411696441006,-3.148254261293914,-4.851212382316248,-5.625068576540798,-7.999677896083085
892,-1.02904212474823,-1.12279212474823,-3.7399797439575195,-5.7712297439575195,-4.9040422439575195,-5.8658350623445585,-2.3573566495761042,-5.005605578422205,-4.084132113552187,-8.013444900130708
893,-0.9422726631164551,-1.004772663116455,-4.114147663116455,-5.715710163116455,-5.692272663116455,-5.560363837925252,-3.0596022504905704,-4.778210997581141,-5.23174611228751,-7.85636579943457
894,-0.9347377419471741,-1.0441126823425293,-4.411300182342529,-5.333175182342529,-5.122237682342529,-5.669816603825893,-2.5598786969931098,-4.567551016807215,-5.224180864344817,-7.372262000741102
895,-0.9813184142112732,-1.121943473815918,-4.020380973815918,-5.590693473815918,-4.801630973815918,-5.02118674229132,-2.153332223795587,-5.153194189071428,-4.5050220135599375,-7.81728637172273
896,-1.011406660079956,-1.402031660079956,-3.511406660079956,-5.480156898498535,-5.245781898498535,-5.504660633741878,-2.2459444867126876,-4.620782732963221,-3.7227207905089017,-7.92550289574865
897,-0.5869395136833191,-2.274439573287964,-3.961939573287964,-5.813501834869385,-5.461939334869385,-5.346647253260016,-1.4776940261945128,-6.016627430915662,-4.735757159389323,-8.586961030734528
898,-0.8992431163787842,-1.0867431163787842,-4.344555854797363,-5.735180854797363,-5.266430854797363,-5.2984270649030805,-2.9462705734331394,-4.930494070052873,-4.876138989260653,-7.578963875224872
899,-1.2476718425750732,-0.9507968425750732,-4.442984580993652,-6.107047080993652,-5.075797080993652,-5.998431632469874,-2.4979148807760794,-5.341423034667514,-4.435603048914345,-7.232094286759093
900,-0.7912396192550659,-1.134989619255066,-4.6428022384643555,-6.6506147384643555,-5.5256147384643555,-6.198502266197465,-2.182066420238698,-5.720928192138217,-4.682316677935887,-8.049080967490227
901,-0.8746229410171509,-2.5933728218078613,-4.405872821807861,-6.538685321807861,-4.812123060226412,-4.278683439362794,-0.9372533474816009,-6.8433734178541386,-4.554709354881197,-8.538704275913915
902,-1.3401472568511963,-0.9338971972465515,-4.465147018432617,-6.340147018432617,-5.113584518432617,-5.661158674862236,-2.434109426874784,-5.637022852897303,-4.598417296510888,-7.2855011216088315
903,-1.1864887475967407,-0.9677387475967407,-4.100551128387451,-5.998988628387451,-4.850551128387451,-5.421463190577924,-2.311664685010328,-5.178676962852137,-4.4993165193882305,-7.311522006431915
904,-1.0854332447052002,-1.4291832447052002,-4.476058006286621,-5.952620506286621,-4.944808006286621,-5.51669497450348,-1.6168802782485727,-5.280746340751307,-3.5623966843704693,-7.4135888810160395
905,-1.0723962783813477,-1.3692712783813477,-4.494271278381348,-6.173958778381348,-4.588021278381348,-5.190760992234573,-1.5412864586833166,-5.291146874427625,-4.213399338768795,-7.541170715987391
906,-0.9842962622642517,-0.8749212622642517,-5.0155463218688965,-6.3983588218688965,-5.7030463218688965,-6.750954689923674,-2.6407132009480847,-5.413984894751934,-5.195546578121139,-7.109324454864691
907,-1.1310160160064697,-1.0841410160064697,-4.529453277587891,-5.521640777587891,-5.115390777587891,-6.397829779190943,-2.0999486279615667,-5.427891850470928,-4.115798151964555,-7.1076107019907795
908,-0.9201095700263977,-1.045109510421753,-4.474797248840332,-5.865422248840332,-5.771672248840332,-5.76482332998421,-2.9437022088677622,-4.904485464095842,-5.131432578229578,-7.779513001043597
909,-0.8688764572143555,-1.1501264572143555,-4.5798139572143555,-5.4079389572143555,-5.3923139572143555,-6.002753168111667,-2.4002745041943854,-4.626689672469865,-4.892647091677645,-7.447039603459416
910,-0.9564452171325684,-1.0814452171325684,-4.190820217132568,-5.847070217132568,-4.933007717132568,-5.722680263395887,-2.1597336397098843,-5.245508432388078,-4.714645548956469,-7.823659658068209
911,-1.2002942562103271,-0.9815442562103271,-3.903419256210327,-5.598731994628906,-4.661231994628906,-4.466570642136503,-2.739534958222066,-5.3565450906751835,-4.364741370693082,-7.755006670648072
912,-1.0298879146575928,-1.0767629146575928,-3.9283254146575928,-5.990825653076172,-4.787700653076172,-5.585465750191361,-2.5847322817717213,-5.217388987540858,-4.311517285939772,-7.654925226477644
913,-1.1365855932235718,-1.0115855932235718,-4.206898212432861,-5.941273212432861,-4.855335712432861,-5.777974194847047,-2.660250161163276,-5.050649046897547,-4.73846394798602,-7.714740991134022
914,-0.7588845491409302,-1.0713845491409302,-5.196384429931641,-5.899509429931641,-5.805759429931641,-6.345690826477949,-2.774667012199643,-5.055760145187151,-5.36863856279524,-7.82141125166163
915,-0.8962942361831665,-1.0212942361831665,-4.669731616973877,-5.849419116973877,-5.263481616973877,-6.115941836673301,-2.5995610851532547,-4.833794832229387,-4.826423904829426,-7.677572011558368
916,-0.8894889950752258,-1.186363935470581,-4.81917667388916,-5.96761417388916,-5.13167667388916,-5.749570596963167,-2.311550957354484,-5.162927627563022,-4.702435036422685,-7.545768260531986
917,-1.160668969154358,-1.285668969154358,-4.137231349945068,-5.559106349945068,-5.105981349945068,-5.552713339915499,-1.8483363249979448,-5.05910730361893,-3.528267656598473,-7.3091375822914415
918,-1.1793947219848633,-0.9450197815895081,-4.226269721984863,-5.523144721984863,-4.882519721984863,-5.797281854902394,-2.5545382396667264,-4.741895437240373,-4.765677630843129,-7.320045232447228
919,-0.7033028602600098,-1.2501778602600098,-4.59392786026001,-5.77361536026001,-5.49236536026001,-5.946576601127163,-2.375305167675833,-4.84392857551552,-5.1568980303709395,-7.797082066110306
920,-0.6960533261299133,-1.3835532665252686,-4.406991004943848,-5.531991004943848,-5.500741004943848,-6.11908892984502,-2.0399526246037567,-5.4304293394085335,-4.313737269258127,-8.008582591586674
921,-0.7783614993095398,-1.2783615589141846,-4.3486738204956055,-5.7471113204956055,-5.2783613204956055,-5.662734482088126,-2.450391757360194,-4.497112035751115,-4.669324936752673,-7.00495111905002
922,-0.8588679432868958,-1.186992883682251,-4.50730562210083,-6.05418062210083,-5.02293062210083,-5.320829820469953,-2.109037384929252,-5.163556456565516,-4.359400607412681,-7.6870279306058364
923,-0.8418909311294556,-1.1075159311294556,-4.420015811920166,-5.498140811920166,-5.724703311920166,-5.858359338599257,-2.623342970444355,-4.755954146384852,-4.975118789181579,-7.959109663472191
924,-0.8637662529945374,-1.3950161933898926,-4.637203693389893,-6.457516193389893,-5.066891193389893,-5.911468044738285,-1.6608936467964668,-5.3481419086454025,-4.403186257317429,-7.426296710502356
925,-0.7229430675506592,-1.2698180675506592,-4.394818305969238,-5.840130805969238,-5.363568305969238,-5.926867880567443,-2.3949587246170267,-4.9963814020155155,-4.895146673632553,-8.355778336270305
926,-0.7528253197669983,-1.0809502601623535,-4.6668877601623535,-5.5965752601623535,-5.4637627601623535,-6.284959521202836,-2.5498555778031005,-5.0731384754178634,-5.3391843145655,-7.9169162507769215
927,-1.0544500350952148,-1.0544500350952148,-3.874762535095215,-5.820075035095215,-5.226325035095215,-5.31311118346639,-2.7264748699526535,-5.062263250350725,-5.297004989814013,-7.999789714443978
928,-1.0305864810943604,-0.9055864810943604,-4.100898742675781,-5.397773742675781,-5.514961242675781,-5.679733143886551,-2.9604470580088673,-4.639962077140467,-5.343475027795648,-7.749366759788245
929,-0.6177385449409485,-1.7896134853363037,-4.688051223754883,-6.320863723754883,-5.094301223754883,-5.947897391393781,-1.7273518754955148,-5.15680181980116,-5.0244354203750845,-7.680267214369451
930,-1.0135111808776855,-1.3572611808776855,-4.5603861808776855,-5.5916361808776855,-4.9431986808776855,-5.7411205056123435,-1.8575582063058391,-4.849449515342371,-3.732634117186535,-7.286983966205298
931,-0.8598765730857849,-1.1567516326904297,-4.07081413269043,-5.82862663269043,-5.73487663269043,-5.978099644300528,-2.7116079187981086,-4.8833149671551155,-4.532104191603139,-7.641154288863618
932,-0.7899923920631409,-1.555617332458496,-4.368117332458496,-5.829054832458496,-4.743117332458496,-5.587797090178356,-1.8214567669783719,-4.922805428504773,-4.079362583492184,-7.571269273394137
933,-0.7331302762031555,-1.1706302165985107,-4.98313045501709,-5.77219295501709,-5.53781795501709,-6.585650343215093,-2.7645376796717755,-4.7487561702726,-5.272546586435055,-7.584720849601581
934,-0.7480310797691345,-1.9667811393737793,-4.208968639373779,-5.974593639373779,-5.068343639373779,-5.109886785503477,-1.295034638736979,-6.208969354629289,-4.764190769288689,-8.41992843125081
935,-0.5456750392913818,-1.8894250392913818,-4.319112777709961,-6.108175277709961,-5.405050277709961,-5.9534695140318945,-1.7020538962242426,-6.014425873756238,-5.108771742263343,-8.623822092771661
936,-1.1163644790649414,-1.0851144790649414,-4.702301979064941,-5.881989479064941,-5.405426979064941,-6.6183557936456054,-2.1009088611172047,-5.335115432738803,-4.218342098844005,-7.10858213856045
937,-0.7702845335006714,-1.6609095335006714,-3.824972152709961,-6.340597152709961,-5.082784652709961,-5.061196880415082,-1.8797885096282698,-5.028097867965471,-3.997311603423441,-7.5046907658506825
938,-1.00286865234375,-1.25286865234375,-4.12786865234375,-6.04193115234375,-4.91693115234375,-5.417793617176358,-2.190559130642214,-5.182556986808436,-4.222045926348073,-7.596663235624874
939,-0.9463751316070557,-0.9307501316070557,-4.469812393188477,-5.719812393188477,-5.251062393188477,-6.1660913325613365,-2.6340163846325595,-4.7276256084439865,-5.173311878636014,-7.532342314272682
940,-0.7897982597351074,-1.3679232597351074,-4.289798259735107,-6.110110759735107,-5.156985759735107,-5.869126906502061,-1.8836855794070289,-5.321049213408969,-4.555851010372862,-7.711708783474023
941,-0.7034658193588257,-1.1722158193588257,-5.187840938568115,-5.781590938568115,-5.601903438568115,-5.99359884171281,-2.578623759211041,-4.930029273032801,-5.383495272370055,-7.570683002035366
942,-1.135653018951416,-1.120028018951416,-4.057528018951416,-5.643465518951416,-4.682528018951416,-5.3863829094334505,-2.010821447489434,-5.065341353416102,-4.307914301636629,-7.580994247977287
943,-1.0509074926376343,-1.1915324926376343,-4.324345111846924,-6.089970111846924,-4.832157611846924,-5.489572204300202,-1.9260843835800188,-5.183720827102434,-4.31689899408957,-7.3634397978385095
944,-0.7093891501426697,-1.1937642097473145,-4.8812642097473145,-5.9750142097473145,-5.5922017097473145,-6.100905617000535,-2.7876762020459864,-5.021889925002824,-5.264433320349781,-7.7797285314773035
945,-1.3160762786865234,-3.1676387786865234,-4.308263778686523,-6.237951278686523,-4.753576636314335,-3.879367172718048,-0.7225888622633647,-6.878576755523568,-4.598143243754748,-8.339537977879445
946,-0.6942701935768127,-1.397395133972168,-4.631770133972168,-5.858332633972168,-5.209895133972168,-5.906124767207075,-2.1787971142621245,-5.092708349227678,-4.796241914911661,-7.873984574907809
947,-1.1174131631851196,-1.1799131631851196,-4.14085054397583,-5.60178804397583,-4.77366304397583,-5.047983375785407,-2.320706472513848,-5.000226378440516,-4.07867045054445,-7.445567011413004
948,-1.076700210571289,-0.8735752105712891,-4.670450210571289,-5.811075210571289,-5.123575210571289,-5.390093285299372,-2.545624717749888,-5.006388425826799,-5.264527982391883,-7.709540843567083
949,-0.9783103466033936,-1.0720603466033936,-4.447060585021973,-5.611123085021973,-4.900185585021973,-5.533798850723542,-2.415953745090519,-4.8611239194866585,-4.806803039740771,-7.5642771716647985
950,-0.6213325262069702,-1.3557075262069702,-4.38695764541626,-6.18383264541626,-5.51195764541626,-5.957990863418672,-2.4808529509900836,-5.332270979880946,-4.934268022159813,-8.121360182369244
951,-0.8676151037216187,-1.2269901037216187,-4.586365222930908,-6.641052722930908,-4.766052722930908,-5.415537762106396,-2.102155433356529,-5.258241057395594,-4.32112602898269,-7.187958597660327
952,-0.945068359375,-1.038818359375,-4.335693359375,-5.624755859375,-5.484130859375,-6.211414553865325,-2.789010267908452,-4.952881693839686,-4.74234918464208,-7.851347922842251
953,-0.7201335430145264,-1.2513835430145264,-4.1341962814331055,-5.9466962814331055,-5.0091962814331055,-6.275463136611506,-2.6265667509142077,-5.368572115897791,-4.619002964289393,-8.095163821722963
954,-0.8568950295448303,-0.8881450295448303,-5.6147074699401855,-6.3100199699401855,-6.1303324699401855,-6.78001326485537,-3.091472843574593,-5.380333542823223,-5.529167692235205,-7.435057520160626
955,-1.014096975326538,-1.185971975326538,-3.795346975326538,-5.654722213745117,-5.404722213745117,-5.421300314483233,-2.7017891222349135,-4.818785667418979,-4.2175812076893635,-7.600068091789581
956,-1.373927116394043,-0.9051770567893982,-3.998927116394043,-5.577052116394043,-4.866114616394043,-4.91383993224008,-2.2803357713710284,-5.186427831649553,-4.54620889495709,-7.47552192159128
957,-0.9351248741149902,-1.0601248741149902,-3.9976248741149902,-5.32574987411499,-4.99762487411499,-5.709261173149571,-2.404019941299339,-4.778875708579676,-4.505908616585657,-7.747658848184074
958,-0.7882370352745056,-1.0382370948791504,-4.36636209487915,-5.78823709487915,-5.36636209487915,-5.679517769371159,-2.616498937786673,-5.085112929343836,-5.398004216549452,-8.069512962947556
959,-1.064819574356079,-2.822632074356079,-4.2601318359375,-6.4788818359375,-4.611694574356051,-3.8268363187089562,-0.9087794202787336,-6.314819931983777,-4.276204009191133,-8.017969727194213
960,-0.9702917337417603,-1.2359167337417603,-4.212479114532471,-6.079666614532471,-5.321854114532471,-5.557036074169446,-3.1267608163907425,-5.0249799489971565,-5.166035559086595,-8.071887015772518
961,-0.8989802002906799,-2.227105140686035,-4.398980140686035,-6.141167640686035,-4.555230140686035,-4.550479844678193,-0.9616307502874406,-7.086480736732312,-4.587099360418506,-9.031813978921491
962,-1.0922764539718628,-0.9360264539718628,-4.107901573181152,-5.561026573181152,-5.318839073181152,-5.874233472801279,-2.8189998735906556,-4.740714907645838,-5.077026535291225,-7.7641828055275255
963,-1.1420044898986816,-0.9388794898986816,-4.384191989898682,-5.759191989898682,-4.915441989898682,-5.353548938583117,-2.407789932723972,-5.212317705154192,-4.947026673558867,-7.618598222245055
964,-0.9699013829231262,-1.0011513233184814,-4.2199015617370605,-5.5089640617370605,-5.3995890617370605,-5.658212332986295,-2.6575516349403188,-4.821464896201746,-4.970269969780929,-7.8058700556721305
965,-0.9457061290740967,-0.9769561290740967,-4.219143867492676,-5.672268867492676,-5.516018867492676,-5.720187953207642,-2.5864665416593198,-5.039457082748186,-5.203899072832428,-8.00823271239824
966,-0.964932918548584,-0.996182918548584,-4.605557918548584,-5.769620418548584,-4.847745418548584,-5.684269018063787,-2.5900770321895834,-4.95712125301327,-4.949612809432438,-7.550896525042845
967,-0.9216642379760742,-1.1091642379760742,-4.390414237976074,-5.593539237976074,-5.171664237976074,-5.586599922331516,-2.6718215818546014,-4.827914953231584,-4.804847886814969,-7.546696304762008
968,-0.9232648015022278,-0.9388898015022278,-4.938889980316162,-6.087327480316162,-5.267014980316162,-6.111457823077217,-2.3140462514420506,-5.267015933990024,-5.212752132851165,-7.720172166307748
969,-0.9939169883728027,-1.1501669883728027,-4.243916988372803,-5.501729488372803,-5.439229488372803,-5.908872205764055,-2.603496888143127,-4.736105442046664,-4.713046836230205,-7.4236366743643885
970,-0.8041735291481018,-1.085423469543457,-4.655735969543457,-5.522923469543457,-5.390110969543457,-5.836447548819706,-2.6168337931885617,-4.679174304008143,-5.32796865265118,-7.5932643409523735
971,-1.1744939088821411,-1.1744939088821411,-4.385431289672852,-5.807306289672852,-4.885431289672852,-5.402052859426476,-2.0496518487052526,-5.276056885719129,-3.948246429383289,-7.072962402813573
972,-0.8509113788604736,-0.9915363788604736,-4.6634111404418945,-6.0384111404418945,-5.5071611404418945,-5.734493316966109,-2.7260758741467725,-5.24153697490658,-5.241931956144981,-7.749380111199571
973,-1.0132665634155273,-1.5132665634155273,-3.9195165634155273,-5.552329063415527,-4.919516563415527,-5.304182003834285,-1.7165166061458876,-5.216392278671037,-3.5527129628462717,-7.2398594613223395
974,-0.9300916194915771,-1.3988416194915771,-3.930091619491577,-5.828529357910156,-4.953529357910156,-5.1341555480030365,-2.1802682720590383,-4.867592692374842,-4.258569893514505,-7.656685113433923
975,-0.8878452777862549,-1.2315952777862549,-4.872220039367676,-5.911282539367676,-5.286282539367676,-5.693669745116495,-2.106768235506024,-4.911283254623186,-4.825731083721621,-7.47381460615361
976,-0.7904426455497742,-1.102942705154419,-4.36075496673584,-6.16544246673584,-5.34512996673584,-6.127026706351899,-2.587469208679977,-5.290443301200526,-5.228398576640757,-7.767034530203091
977,-0.6524901390075684,-1.3243651390075684,-4.933740139007568,-6.410302639007568,-5.269677639007568,-5.716116747236811,-2.183921797462972,-5.527490973472254,-5.184113194496604,-7.824390768675585
978,-0.6707397699356079,-1.811364769935608,-4.201989650726318,-6.076989650726318,-5.537927150726318,-5.539576123817824,-1.4677386207185918,-5.912927746772596,-4.913605817302596,-8.616070508796838
979,-0.9366208910942078,-1.1084959506988525,-3.7647459506988525,-4.952245712280273,-5.483495712280273,-5.101887573488057,-2.7570763724215794,-4.694433927535783,-4.811944313143613,-7.592904090324737
980,-0.9016056656837463,-1.1047306060791016,-4.667230606079102,-5.635980606079102,-5.362543106079102,-6.293164532224182,-2.5580333313409938,-4.878168940543787,-4.909827625320759,-7.518821358282366
981,-0.9124726057052612,-1.1937226057052612,-4.654660224914551,-6.217160224914551,-5.240597724914551,-5.796435052412562,-1.897006141487509,-5.295286059379237,-4.436355253361398,-7.709375977117816
982,-0.9867681860923767,-1.1586432456970215,-4.5648932456970215,-5.8305182456970215,-4.8539557456970215,-5.93291819782462,-2.018198116333224,-4.994581580161707,-4.619969530816888,-7.619606971396934
983,-1.0006871223449707,-1.0788121223449707,-4.727249622344971,-6.055374622344971,-5.039749622344971,-5.829767009534407,-2.219603286284837,-5.1335004568096565,-4.407301597937476,-7.453843593102647
984,-0.7848928570747375,-1.2067677974700928,-5.214580535888672,-6.495830535888672,-5.792705535888672,-6.247161098872311,-2.456989621350658,-5.441144227980885,-4.761940004274948,-7.339613437110529
985,-1.1111721992492676,-0.9549222588539124,-4.017422199249268,-5.579922199249268,-4.947109699249268,-5.533619478461333,-2.7363254906522343,-4.8767979145047775,-4.9708780694927555,-7.767452001127822
986,-1.0095086097717285,-1.2438836097717285,-4.4626336097717285,-5.4626336097717285,-4.8923211097717285,-5.784314887248911,-1.9002603212138638,-5.001696944236414,-3.9709173522423953,-7.415790557352011
987,-0.6948856711387634,-1.3980107307434082,-4.421448230743408,-6.046448230743408,-5.382385730743408,-5.439473249949515,-2.2262564824632136,-5.241761326789685,-4.773534875828773,-7.999596476283841
988,-1.2447609901428223,-0.8228859901428223,-4.479135990142822,-5.955698490142822,-5.236948490142822,-5.26105083769653,-2.8152552677929634,-5.440074205398332,-4.885796462680446,-7.658861636387883
989,-1.4196151494979858,-1.0602401494979858,-4.200865268707275,-6.193052768707275,-4.630570888519287,-5.193930971203372,-1.9666819421836408,-5.380571484565564,-4.060586756182602,-7.138423918855551
990,-0.933893084526062,-1.152643084526062,-4.340143203735352,-5.597955703735352,-5.308893203735352,-5.848919880343601,-2.871580106439069,-4.683894038200037,-4.629572562640533,-7.5276781314460095
991,-0.8903981447219849,-1.1716481447219849,-4.288835525512695,-5.952898025512695,-5.202898025512695,-5.641134348581545,-2.695251451077638,-4.866961240768205,-4.703342219872866,-7.921675204861458
992,-1.0523756742477417,-1.4430006742477417,-3.3101882934570312,-5.505500793457031,-5.060188293457031,-5.037852871930227,-2.3884996002161643,-4.880501627921717,-3.7794390854542144,-7.935223817195947
993,-1.0341449975967407,-0.8622699975967407,-4.307582378387451,-5.768519878387451,-5.5198798179626465,-5.8644365393556654,-3.066915260787937,-4.793318152427332,-5.449992566282162,-7.6605341430185945
994,-0.946054220199585,-1.008554220199585,-4.016366958618164,-5.938241958618164,-5.414804458618164,-5.548272037471179,-2.883693327763467,-4.93043029308285,-5.438594279199606,-8.008582472408307
995,-0.8608801364898682,-0.9858801364898682,-4.915567398071289,-5.923379898071289,-5.392129898071289,-5.768279368407093,-2.8688384188280907,-4.782755613326799,-5.02527040822315,-7.595285057566798
996,-1.1571158170700073,-1.0477408170700073,-4.063365936279297,-5.750865936279297,-4.813365936279297,-5.134357102855574,-1.891632785249385,-5.032116532325574,-4.587144316727063,-7.6649570460995164
997,-0.7023684978485107,-1.3898684978485107,-4.49924373626709,-6.19455623626709,-4.95236873626709,-5.195545541471802,-2.0619083507044706,-5.538307070731776,-4.702762645378243,-8.02271151496825
998,-0.8843681812286377,-1.0562431812286377,-4.860930442810059,-5.939055442810059,-5.860930442810059,-6.33850820956286,-2.9782509715587366,-4.7046811580655685,-5.095695657888427,-7.548457264540048
999,-0.6901675462722778,-1.1276675462722778,-5.096417427062988,-6.213604927062988,-6.143292427062988,-6.636605939827859,-2.9403061770426575,-4.947980642318498,-5.659318843361689,-7.9401928183197015
