,elephant,dolphin,panda,lion,kangaroo,penguin,giraffe,chimpanzee,koala,orangutan
000,-3.881150245666504,-1.693650245666504,-5.912400245666504,-7.795212745666504,-6.9829252732452005,-6.854600831866264,-6.717190975585254,-6.287418484522277,-7.076630101510091,-7.633114175871015
001,-4.272583961486816,-1.7725837230682373,-5.796021461486816,-8.460083961486816,-7.171095726116619,-6.403905734419823,-7.1554347269375285,-6.561653852435484,-7.202337143651675,-7.801688841544092
002,-4.1549177169799805,-1.9283552169799805,-5.7877302169799805,-8.38929271697998,-7.381635534620727,-6.459989748895168,-7.115931269618159,-6.576805591500488,-6.991021857684245,-8.013095719739795
003,-4.159231662750244,-2.073294162750244,-5.831106662750244,-8.721732139587402,-7.362430688976019,-6.301572650671005,-7.13583373945221,-6.635803461031173,-6.94839500872331,-8.103512813337147
004,-3.439530372619629,-1.423905372619629,-5.650467872619629,-7.142655372619629,-6.947422024451953,-6.089738711714745,-6.298947214203508,-6.627038836443717,-6.845810532115138,-7.530051331035793
005,-4.453916072845459,-1.7273534536361694,-5.766416072845459,-8.2507905960083,-7.430588596966118,-6.524437844753265,-7.196166632573295,-6.227366804989288,-7.063405864799279,-7.894809866324067
006,-4.094046592712402,-1.7737340927124023,-5.953421592712402,-8.125296592712402,-7.2894891415926395,-6.706373512744904,-7.055049894071999,-6.48468458644038,-7.2660469930269755,-7.860455082729459
007,-5.550651550292969,-3.4334638118743896,-8.800651550292969,-4.777214050292969,-11.437838444777299,-6.662486702203751,-10.687714994157432,-6.527240633611655,-10.839926220316556,-9.229831267148256
008,-4.511262893676758,-2.331575393676758,-5.347200393676758,-7.003450393676758,-7.214760114991805,-5.670531217008829,-7.347399334190413,-6.9488052120796056,-6.558386175805936,-7.185830429196358
009,-4.477530479431152,-2.0322182178497314,-6.110342979431152,-7.954092979431152,-7.430824503913755,-6.371394142508507,-7.336967108734825,-6.532230615535809,-7.251104941518861,-8.12960372120142
010,-4.928092956542969,-2.0687177181243896,-6.607780456542969,-9.459342956542969,-8.568768738412473,-7.540800988674164,-8.146873712066736,-6.974975228283256,-8.060940503459278,-8.519083236344159
011,-3.975752353668213,-1.741377353668213,-5.866377353668213,-7.952314853668213,-7.405564896398573,-7.013829857110977,-7.217981814457744,-6.600761771157522,-7.1633288831071695,-7.744173284620047
012,-3.018064022064209,-1.158689022064209,-4.854001522064209,-6.900876522064209,-6.526121467148187,-5.617664087563753,-5.955665940811741,-6.471220254410582,-5.947964288003277,-7.139822104945779
013,-4.452048301696777,-1.975485920906067,-6.202048301696777,-8.655173301696777,-7.381832594954176,-6.945090286433697,-7.202088593625376,-6.780183076810317,-7.413079972604464,-8.196703750640154
014,-4.25582218170166,-1.9198846817016602,-6.20113468170166,-8.10738468170166,-6.9434962121158605,-6.677653536200523,-6.794950006260478,-6.583961725129484,-7.224728333676467,-7.795252228155732
015,-4.402346611022949,-1.8789088726043701,-5.941409111022949,-8.33203411102295,-7.089954012823,-6.637023188173771,-6.785210608111811,-6.589856624553249,-6.847784511337522,-7.817785119637847
016,-3.9934091567993164,-1.7199716567993164,-6.024659156799316,-8.196534156799316,-7.313825363504293,-6.546576544642448,-7.157520531414775,-6.501231431912856,-7.2122406926282565,-7.988919684663415
017,-4.521597862243652,-1.8184727430343628,-6.060660362243652,-8.185660362243652,-7.209362233494176,-6.315293177962303,-6.85764181047125,-6.451301812991005,-7.021816587366629,-8.024200793355703
018,-4.268400192260742,-1.7605879306793213,-5.885587692260742,-8.409025192260742,-7.1357745949644595,-6.4475822523236275,-6.940366621609428,-6.643417239043629,-6.909168113983469,-7.874373992905021
019,-3.9891812801361084,-1.8016812801361084,-5.8719940185546875,-8.004806518554688,-7.145589577587089,-6.809985533356667,-6.942367909454333,-6.536066174460757,-6.965845818107482,-7.741368455812335
020,-3.501267910003662,-1.548142910003662,-5.657517910003662,-7.454392910003662,-6.626435504222172,-6.707326978445053,-6.56382453281185,-6.063779354029975,-6.657629841261951,-7.146440349519253
021,-4.1194305419921875,-1.8069305419921875,-5.9631805419921875,-8.463180541992188,-7.627327081012481,-6.655777618288994,-7.353850840496307,-6.635064601857266,-6.916391249797016,-7.713450159877539
022,-4.127462863922119,-1.80715012550354,-6.096212863922119,-8.354024887084961,-7.401032915862743,-6.922171041369438,-7.049384712074243,-6.650910377452419,-7.2447701620840235,-7.911170745268464
023,-3.2350494861602783,-1.3131744861602783,-5.125674247741699,-7.469424247741699,-7.008719298028154,-6.027771931141615,-6.313265796285123,-6.664760589315847,-6.133692600997165,-7.396301047876477
024,-4.57310152053833,-2.28403902053833,-5.23716402053833,-7.45591402053833,-6.659336641838308,-6.312990330159664,-6.5654179966659285,-6.0418699978072254,-6.206218196370173,-7.004828445613384
025,-3.687575101852417,-1.539137601852417,-5.390700340270996,-7.468825340270996,-6.554956059859251,-5.955738786607981,-6.109527346503455,-6.39072144009333,-6.226818187657045,-7.423300560563803
026,-3.12168550491333,-1.09824800491333,-4.94981050491333,-7.66074800491333,-7.309274311890476,-6.181403607130051,-6.8170344822901825,-6.738883256859481,-6.09832060073677,-7.29805129673332
027,-3.894059419631958,-1.737809419631958,-5.823746681213379,-8.042496681213379,-7.487908596820489,-6.655965615063906,-6.972257253837597,-6.565945744447163,-7.073805092059047,-7.660100568085909
028,-4.125049591064453,-1.703174352645874,-5.742237091064453,-8.648487091064453,-7.70326625880989,-6.802116930484772,-7.5938397637874,-6.8906842469705225,-6.9454444612929365,-7.766004161909223
029,-4.214538097381592,-2.034850597381592,-5.800475597381592,-8.36297607421875,-7.331895456198254,-6.488967999815941,-7.167731521170936,-6.573925137447077,-6.980303516058484,-7.900931917130947
030,-3.537381172180176,-1.4436311721801758,-5.201443672180176,-8.053006172180176,-7.209427818830591,-6.270471978932619,-6.685881135897944,-6.6311503646920755,-6.1859525352483615,-7.406304420903325
031,-3.0866539478302,-1.3132164478302002,-5.000716209411621,-7.024153709411621,-6.915150215761969,-6.152415957301855,-6.141433949938801,-6.649177431778298,-5.868139835132752,-7.382461816072464
032,-3.976221799850464,-1.6324717998504639,-4.984034538269043,-7.523097038269043,-7.351556960289599,-5.748388942331076,-6.327909104220453,-5.874686121587729,-6.413964599749306,-7.145705357193947
033,-3.3323683738708496,-1.4573683738708496,-4.98861837387085,-7.86361837387085,-7.098212814089493,-5.923603985458612,-6.441867820627522,-6.465204477031875,-6.13734110101359,-7.496695512905717
034,-4.237694263458252,-1.909569263458252,-6.058006763458252,-8.901756286621094,-7.33151197204279,-6.790987558662891,-7.37054049911967,-6.870514035198539,-7.16744124712568,-8.035804497078061
035,-3.9032716751098633,-1.9188966751098633,-5.817334175109863,-7.684521675109863,-6.856527558338712,-6.474442325532436,-6.770517347551504,-6.278286456952628,-7.020570033600961,-7.783618604764342
036,-2.883512496948242,-1.3757001161575317,-4.711637496948242,-6.297574996948242,-5.899449418997392,-5.624798834323883,-5.555466648780566,-6.227292775649403,-5.555589536277694,-6.676715319976211
037,-4.777341842651367,-2.128904342651367,-6.527341842651367,-9.535154342651367,-7.339925047272118,-6.90949110686779,-7.3242644060264865,-6.847664475390047,-7.332113739270426,-7.905318807810545
038,-4.214146137237549,-1.7922711372375488,-5.932896137237549,-8.55008316040039,-7.401725169875135,-6.407175499945879,-7.323563336434745,-6.784468531559469,-6.784544106645626,-7.951593929901719
039,-3.77604341506958,-1.6041682958602905,-5.75260591506958,-8.213542938232422,-7.37771367446112,-6.82365582883358,-7.260463832775713,-6.666679859095893,-7.01831912605121,-7.781163617968559
040,-4.429207801818848,-2.0776453018188477,-5.858895301818848,-8.897957801818848,-7.413682813414198,-6.524764511734247,-7.483939527486655,-6.851093053764998,-7.101198308948369,-8.168347753584385
041,-3.6091322898864746,-1.6325697898864746,-5.702882289886475,-8.406007766723633,-7.320136425660166,-6.595803577452898,-7.140408992410812,-6.460701346376027,-6.866996763787029,-7.65684755332768
042,-4.24171781539917,-1.7729675769805908,-6.13234281539917,-8.491717338562012,-7.327730772034556,-7.166790835559368,-7.226127385496511,-6.765163421598118,-7.077703713199298,-8.006367731839418
043,-4.466094017028809,-2.2473437786102295,-6.059844017028809,-9.059844017028809,-7.716206901852274,-6.511013861745596,-7.341153143090196,-6.708291768974959,-7.114663234620821,-8.15600635483861
044,-4.383473873138428,-1.9772238731384277,-6.141286373138428,-8.42253589630127,-7.0476713089447,-6.689457006752491,-6.805406568768376,-6.664736747658935,-7.196087949923822,-7.718597874045372
045,-4.124667167663574,-2.1793549060821533,-5.398104667663574,-7.921542167663574,-7.164013226371026,-5.894503258168697,-6.351398811340914,-6.140318512569138,-6.484387934033293,-7.592420984059572
046,-4.143163204193115,-2.1197257041931152,-5.916600704193115,-8.510351181030273,-7.541729322751053,-6.490102417767048,-7.088531969395262,-6.479111313763497,-6.947969429595105,-7.758468406274915
047,-4.3365068435668945,-2.0708818435668945,-6.2349443435668945,-8.547444343566895,-7.805399765289621,-6.541804000735283,-6.7662665817842935,-6.23495662204823,-7.281943909518304,-7.998950561508536
048,-4.883888244628906,-2.4229509830474854,-5.977638244628906,-8.712013244628906,-7.391830674314406,-6.400228399783373,-7.03239297640539,-6.782336950239369,-6.4153072691115085,-7.896154483780265
049,-4.043304443359375,-1.644866943359375,-5.926116943359375,-8.801116943359375,-7.551206703923526,-6.810499921441078,-7.340223669027182,-6.894877672138136,-7.160550354205043,-8.022272491827607
050,-4.097200870513916,-1.972200870513916,-5.730013370513916,-8.659700393676758,-7.198922144685639,-6.186248738318682,-6.737897870334564,-6.472214937110948,-6.972382409789134,-7.8544075302779675
051,-3.8116695880889893,-1.7726070880889893,-5.96791934967041,-8.19448184967041,-7.577442754220101,-6.780728571116924,-7.241420863007079,-6.58512032022918,-7.139923325798009,-7.90660872682929
052,-4.173513889312744,-1.8063263893127441,-5.728201389312744,-8.696951866149902,-7.798667180715711,-6.323886148631573,-7.126706359493255,-6.392277002248193,-6.947075716874679,-8.11073949933052
053,-4.019776344299316,-1.8479015827178955,-5.996338844299316,-8.222901344299316,-7.410552013490815,-6.802384220063686,-7.144830940662359,-6.6135383843648015,-7.058989394296077,-7.792674766853452
054,-4.296525001525879,-1.9683997631072998,-6.288712501525879,-9.015275001525879,-7.468461034819484,-6.955435335636139,-7.562186478902731,-6.898096084558347,-7.398129343109758,-8.048634646460414
055,-4.125916004180908,-1.844665765762329,-5.938416004180908,-8.82904052734375,-7.438485739185126,-6.750061433762312,-7.2743866438140685,-6.750923752754716,-7.118174192793958,-8.053130889311433
056,-4.032130241394043,-1.813380479812622,-5.977442741394043,-8.500880241394043,-7.422878377008601,-6.816617179661989,-7.118123291380471,-6.6493288277961256,-7.024417752989393,-7.86397367157042
057,-3.794980525970459,-1.6934181451797485,-5.841855525970459,-8.248106002807617,-7.295151457481552,-6.585858941078186,-6.927870747407724,-6.224683880680459,-6.99041854547977,-7.467773865908384
058,-2.891975164413452,-1.3060376644134521,-4.548225402832031,-7.321662902832031,-6.634290091053117,-5.597213964909315,-6.2201602441055,-6.493556737721519,-5.478018635883927,-7.133534664288163
059,-3.3660712242126465,-1.358258843421936,-5.1707587242126465,-8.014509201049805,-7.139620655470935,-6.034569688141346,-6.623927592270775,-6.639524221300235,-6.092722173591028,-7.192432215437293
060,-4.2189483642578125,-1.8283236026763916,-6.1330108642578125,-8.625198364257812,-7.195645204104949,-6.641777642071247,-7.195572016753431,-6.4923968314524245,-6.906533714463876,-7.639913480728865
061,-3.0587401390075684,-1.4728026390075684,-5.504052639007568,-6.972802639007568,-6.972887870018894,-6.311433665454388,-6.324410079898371,-6.972812294913638,-6.636903046841326,-7.447711991146207
062,-4.096507549285889,-2.0261950492858887,-5.838695049285889,-8.471508026123047,-7.18266758826212,-6.479869619011879,-6.846598382639058,-6.59652531131178,-6.93267330902745,-7.956610653549433
063,-3.984997034072876,-1.781872034072876,-5.899059772491455,-8.367809295654297,-7.164819350728067,-6.66164530813694,-6.985057471370965,-6.461571097309388,-7.047618620184949,-7.819378854706883
064,-4.05669641494751,-1.7129462957382202,-6.13482141494751,-8.189508438110352,-7.174005739419954,-6.909750327467918,-7.048929332653643,-6.494206070853579,-7.197417135423166,-7.8188702296465635
065,-4.547366619110107,-2.1879916191101074,-6.000491619110107,-8.656742095947266,-7.047533021439449,-6.543393671512604,-6.719327922910452,-6.508317351253936,-7.086597190078464,-7.927340041846037
066,-4.202617168426514,-1.8276172876358032,-5.897929668426514,-8.913555145263672,-7.194901580885926,-6.788012534379959,-6.999536513299972,-6.624502062748434,-7.0855226473504445,-7.77386936545372
067,-4.103977680206299,-2.0805399417877197,-5.994602680206299,-8.55710220336914,-7.338503111008322,-6.474650822579861,-7.283755298369215,-6.385241150765069,-7.158817875650129,-7.760088736191392
068,-3.963587760925293,-1.877650260925293,-5.885462760925293,-8.666712760925293,-7.51841281898669,-6.698468692600727,-7.205836294218898,-6.7448496817833075,-7.088718763348879,-7.873297402635217
069,-4.1246514320373535,-1.8902761936187744,-5.8121514320373535,-8.437150955200195,-7.351398450991837,-6.599437430500984,-7.1247189022178645,-6.601225852895368,-7.038861025488586,-7.724727872759104
070,-3.9277398586273193,-1.7558648586273193,-5.873052597045898,-8.365240097045898,-7.888792388999718,-6.960989326238632,-7.4981182792107575,-6.802753686812139,-7.279404515793431,-8.070949794724584
071,-3.4390792846679688,-1.3687669038772583,-4.923454284667969,-7.017204284667969,-6.290846446077921,-5.668961677700281,-5.868837950081797,-6.009411334800461,-6.111082664836431,-7.379351222887635
072,-5.006425857543945,-2.045488119125366,-5.889238357543945,-8.857988357543945,-7.389340872279718,-6.830008137971163,-6.725221632863395,-6.404873490282625,-6.951846832111187,-7.850000932812691
073,-4.181685447692871,-2.134810447692871,-5.673872947692871,-8.767622947692871,-7.29898726286774,-6.2388604283332825,-6.861430524120806,-6.50200712676633,-6.713046663775458,-7.6452076099812984
074,-3.455587148666382,-1.5883996486663818,-5.166524410247803,-7.838399410247803,-6.99483416757721,-5.937464401125908,-6.291618819544965,-6.354051231977792,-5.877632126619574,-7.181427976116538
075,-4.2009477615356445,-1.9118854999542236,-6.3650102615356445,-8.115010261535645,-7.334027373872232,-6.9079020619392395,-7.076061242340074,-6.70097243755481,-7.357406475217431,-8.112265724688768
076,-4.086120128631592,-2.062682628631592,-5.922057628631592,-7.984557628631592,-7.172230586351361,-6.183886706829071,-6.633093948250462,-6.58613753303689,-6.805018175611622,-7.735210908576846
077,-4.076436996459961,-1.91237473487854,-6.052999496459961,-8.709249496459961,-7.013559814295149,-6.765440709888935,-6.490075110508769,-6.505669832161402,-7.036995883907366,-7.6585588529706
078,-3.3963589668273926,-1.2401089668273926,-5.208858966827393,-8.06823444366455,-7.1152279306188575,-6.367147941142321,-6.451089738864539,-6.794812083122451,-6.130836481563165,-7.37255119998008
079,-4.193264007568359,-1.9979515075683594,-5.505764007568359,-7.982326507568359,-6.943406452526688,-5.928262270987034,-6.58395731215569,-6.27140283575045,-6.6387098938721465,-7.53550742380321
080,-2.7342700958251953,-1.7108327150344849,-5.335832595825195,-5.913957595825195,-7.812586765998276,-6.319190829992294,-6.257773635588819,-5.648359536760836,-6.929724683199311,-6.969559863209724
081,-3.8779172897338867,-1.5810422897338867,-5.831042289733887,-8.799792289733887,-7.581236224446911,-6.663866646587849,-7.424857137484651,-6.5810546874236024,-7.0342856575516635,-7.688383312895894
082,-4.082869529724121,-1.8875572681427002,-5.950057029724121,-8.754744529724121,-7.184524770251301,-6.63765861839056,-7.05947005676353,-6.786004304837661,-7.114217395763262,-7.965751346200705
083,-3.7214510440826416,-1.8777010440826416,-5.8464508056640625,-7.5027008056640625,-6.932703922037035,-6.097570385783911,-6.323178516089683,-6.479291915484282,-7.0341011172859,-7.629330897703767
084,-4.025112628936768,-1.9782377481460571,-6.040737628936768,-8.673550605773926,-7.853319283967721,-6.901518449187279,-7.697031258583593,-6.7907474040503075,-7.2673786847735755,-7.945809168741107
085,-2.9935312271118164,-1.2982187271118164,-4.845093727111816,-7.782593727111816,-6.907744396303315,-5.816871527582407,-6.251402853173204,-6.759176492485494,-5.813963525273721,-7.2996273171156645
086,-3.7207868099212646,-1.4942243099212646,-5.0489115715026855,-8.548912048339844,-7.5647014243586455,-6.3587664514780045,-7.103652833447995,-6.767674565230664,-6.377151482658519,-7.247687220573425
087,-3.224487781524658,-1.3963629007339478,-5.396362781524658,-6.802612781524658,-6.716810098136193,-5.940659204497933,-6.294881102156069,-6.771386623098806,-6.482382532551128,-7.509973941370845
088,-3.4163661003112793,-1.2835534811019897,-5.221053600311279,-7.728866100311279,-7.213327404111624,-5.9714780151844025,-6.736739752806898,-6.744505882154044,-6.900789378909394,-7.477259150706232
089,-3.474797487258911,-1.4826099872589111,-5.01386022567749,-8.052922248840332,-7.131295531085925,-5.979462623596191,-6.529565569508122,-6.592007636772905,-5.920297962686163,-7.181601986289024
090,-3.465907096862793,-1.372157096862793,-5.067469596862793,-7.950282096862793,-6.731630082096672,-6.067780241370201,-6.278429150337615,-6.856540679895261,-6.1456651662738295,-7.576860958710313
091,-4.018935203552246,-1.925184965133667,-5.823622703552246,-8.511122703552246,-7.480018128306256,-6.729573450982571,-7.065864799915289,-6.800194382625705,-6.901866309759498,-7.9684596713632345
092,-4.419910907745361,-2.0995984077453613,-6.005848407745361,-9.25584888458252,-7.654364225178142,-6.605745047330856,-7.232455014211155,-6.826169133152689,-6.959076756858849,-8.075580001808703
093,-4.479401111602783,-2.198151111602783,-6.041901111602783,-8.901275634765625,-7.510808097911649,-6.686860904097557,-7.065407035392127,-6.635664939784874,-7.151477197461645,-8.032980555668473
094,-4.518060207366943,-2.1586852073669434,-6.299310207366943,-9.205560684204102,-7.525944111184799,-6.80267408490181,-7.400908469513524,-7.057131648023642,-7.330666059613577,-8.21234711445868
095,-3.361891746520996,-1.3540791273117065,-5.205641746520996,-8.252516746520996,-7.205713507937617,-6.165508843958378,-6.815049886154156,-6.705652356091377,-6.11975455157517,-7.472554516047239
096,-4.391475677490234,-2.0399131774902344,-5.875850677490234,-8.555538177490234,-7.758811701234663,-6.690243095159531,-7.469671008497244,-6.532116889822646,-7.290053834556602,-7.851707546040416
097,-4.128574848175049,-1.8941999673843384,-5.628574848175049,-8.706700325012207,-7.159921760634461,-5.957516603171825,-6.902057885086833,-6.5270235537855115,-6.667751186563692,-7.685460526496172
098,-3.7326807975769043,-1.5608057975769043,-5.295180797576904,-7.654555797576904,-7.139119011335424,-6.1529567167162895,-6.638998982962221,-6.4670748708813335,-6.389064899034565,-7.292084541171789
099,-4.11103630065918,-1.9000989198684692,-6.11103630065918,-8.37666130065918,-7.697132455636165,-6.666894651949406,-7.189232227668981,-6.642299294387158,-7.173720700433478,-8.02195137925446
100,-2.9297568798065186,-1.1797568798065186,-4.945382118225098,-7.257882118225098,-6.90654930814344,-5.795761063694954,-6.539232725801412,-6.7344728704283625,-5.961205701183644,-7.386532612144947
101,-4.272486686706543,-1.991236686706543,-6.530299186706543,-8.530299186706543,-6.983520622372453,-7.170209638774395,-6.827210306470079,-6.8115581273632415,-7.358509298515855,-8.02848532795906
102,-3.453009843826294,-1.578009843826294,-5.374884605407715,-7.515509605407715,-6.7266844229452545,-6.058304749429226,-6.2968125329316535,-6.937400936947597,-6.257885915096267,-7.8330303225666285
103,-3.2947661876678467,-1.4041411876678467,-5.630703926086426,-7.286953926086426,-6.7012316948967054,-5.970762263983488,-6.357348557910882,-7.060409664942199,-6.638567088750278,-7.666986699216068
104,-3.97200870513916,-2.01888370513916,-5.71419620513916,-8.18294620513916,-7.104969728883589,-6.36820051074028,-6.878344412943989,-6.612647056490459,-6.737800703413086,-7.821161314845085
105,-3.943164110183716,-1.8181641101837158,-6.029101848602295,-8.388476371765137,-7.310498703664052,-6.8973026648163795,-7.083856222780014,-6.560365557576915,-7.122985592475743,-7.7130119521170855
106,-4.301753044128418,-1.973628044128418,-6.122065544128418,-8.723628044128418,-7.1534051854978316,-6.915693201124668,-7.012728928781144,-6.590823888744126,-7.044027801523043,-7.854962303303182
107,-3.7617945671081543,-2.0274195671081543,-5.839919567108154,-7.480544567108154,-6.371347053995123,-6.254815228283405,-6.050935742146976,-6.1993128059639275,-6.8791475159086986,-7.742007659748197
108,-3.0529747009277344,-1.3967245817184448,-4.748287200927734,-7.224849700927734,-6.654890594014432,-5.613916963338852,-6.131268010285567,-6.529570221355243,-5.607982465007808,-7.446174409240484
109,-3.899146795272827,-1.9460217952728271,-6.164771556854248,-7.867896556854248,-6.930539955341374,-6.512052111327648,-6.438277838249633,-6.219474911564248,-7.188348641197081,-7.734093748033047
110,-3.889274835586548,-1.9830248355865479,-5.881462097167969,-8.584587097167969,-7.0612186169673805,-6.584382325410843,-6.795564173869934,-6.623659729906649,-6.897182460052136,-7.809707674197853
111,-3.8911309242248535,-2.0161309242248535,-6.1020684242248535,-8.547381401062012,-7.25065790451481,-6.998177461326122,-6.711518284857448,-6.453644513991094,-7.211607323566568,-7.527094839140773
112,-4.1566162109375,-1.9769287109375,-6.1488037109375,-8.3675537109375,-7.164549701046781,-6.737079620361328,-6.9769819960711175,-6.4925637244678,-7.148880121174443,-7.6193806026130915
113,-3.9630773067474365,-2.1349523067474365,-5.908390045166016,-7.822452545166016,-6.681962123402627,-6.395264960825443,-6.275656935402367,-6.0412151812706725,-6.814802514229086,-7.639237670227885
114,-3.6707077026367188,-2.0847702026367188,-5.756645202636719,-7.780082702636719,-6.952210156043293,-6.165141347795725,-6.709894887782866,-6.600417494524663,-6.811561558279209,-7.90850586257875
115,-3.2779507637023926,-1.340450644493103,-5.027950763702393,-7.942013263702393,-7.012404915534717,-6.090098790824413,-6.449865817223326,-6.801402211091954,-5.91866051791294,-7.439947411417961
116,-4.10054874420166,-1.6786737442016602,-5.91304874420166,-8.67867374420166,-6.999144064844586,-6.640742294490337,-7.053746578421851,-6.749000549214543,-6.983468288417498,-7.753580063581467
117,-3.73123836517334,-1.8484258651733398,-5.81717586517334,-7.94998836517334,-7.012660965323448,-6.356213070452213,-6.7157022913525,-6.3562573192702985,-6.7939181166293565,-7.622922932729125
118,-4.015749931335449,-1.7579376697540283,-5.929812431335449,-8.28918743133545,-7.367427342491283,-6.828002102673054,-7.031427262845682,-6.867324709816785,-6.984596724592848,-7.994510609656572
119,-3.8337130546569824,-1.9430880546569824,-5.935275554656982,-8.036837577819824,-6.9510201144294115,-6.437318809330463,-7.060328243773256,-6.482162356306617,-6.888498539890861,-7.758709285408258
120,-3.9796383380889893,-2.0030758380889893,-5.76870059967041,-7.94057559967041,-6.815745935236919,-6.542295202612877,-6.6984566426617675,-6.698401212605859,-6.737604487017961,-7.819875566288829
121,-4.10130500793457,-1.9841173887252808,-5.64036750793457,-8.15599250793457,-6.999859802999708,-6.374553233385086,-6.741985915527039,-6.5856933592858695,-6.734257688236539,-7.792093528434634
122,-3.8503055572509766,-1.9284306764602661,-5.811243057250977,-8.256555557250977,-7.061361425068753,-6.589157942682505,-6.850360511223698,-6.54562973969314,-6.873851531818218,-7.752009702846408
123,-3.994882583618164,-1.971445083618164,-5.783945083618164,-8.299570083618164,-6.627795571999741,-6.352759677916765,-6.635549067588727,-6.432391762691623,-6.729369395681715,-7.571395579725504
124,-3.5778608322143555,-1.9059858322143555,-5.7653608322143555,-8.038798332214355,-6.788936843819101,-6.5151730440557,-6.484171031093865,-6.437248468319012,-6.765486470918404,-7.5193397384136915
125,-3.998396396636963,-1.920271396636963,-5.849958896636963,-8.107771873474121,-7.303217402135488,-6.930254191160202,-6.943773982791754,-6.592157006207344,-7.12350177209737,-7.713771278038621
126,-4.3806891441345215,-1.9822514057159424,-6.3025641441345215,-8.755688667297363,-7.505827059765579,-7.111900299787521,-7.36513185271906,-6.771325588160835,-7.560446736737504,-8.041691703721881
127,-4.069580078125,-2.124267578125,-6.046142578125,-8.343017578125,-6.874420988708152,-6.301605924963951,-6.850900289929996,-6.452408909664882,-6.936888806623756,-7.796906404197216
128,-4.13999080657959,-1.936866044998169,-5.82749080657959,-8.32749080657959,-7.132324684876949,-6.445553749799728,-7.054122683977766,-6.600941657930889,-6.890109412786842,-7.782154006883502
129,-4.037522315979004,-2.060959577560425,-5.529709815979004,-8.295334815979004,-6.8658027528144885,-6.034806679934263,-6.850106950994814,-6.4125365017835065,-6.553313241543947,-7.659717570990324
130,-4.179739952087402,-1.976615071296692,-5.921927452087402,-8.328177452087402,-7.390878299571341,-6.780437305569649,-7.211080070250318,-6.828194022042226,-7.101789220876526,-8.012037282809615
131,-4.150210380554199,-2.04864764213562,-5.853335380554199,-8.7048978805542,-7.22846090006351,-6.348784156143665,-7.033085701878008,-6.52522420873629,-6.8925481921760365,-7.933237366378307
132,-3.86228609085083,-2.03416109085083,-5.59666109085083,-8.159160614013672,-6.6749120871390915,-6.023910351097584,-6.55766927946388,-6.448237657447862,-6.612429131768295,-7.703627133741975
133,-4.146398544311523,-2.2010862827301025,-5.732336044311523,-8.755773544311523,-6.998066300577193,-6.089508108794689,-6.88083398159506,-6.6073482035853885,-6.6934263589500915,-7.982155719771981
134,-3.7924160957336426,-1.9799162149429321,-5.839291095733643,-7.870541095733643,-6.659735194130917,-6.475684300065041,-6.72997009608298,-6.292428612630829,-6.68314122652373,-7.556086111813784
135,-4.000616550445557,-2.0631165504455566,-5.844366550445557,-8.305303573608398,-7.055423491023248,-6.310161802917719,-7.078799842089211,-6.680314898431789,-6.774174206191674,-7.914809389039874
136,-3.063657760620117,-1.6027202606201172,-4.735532760620117,-7.188657760620117,-6.165435052695102,-5.4423162415623665,-5.946560974771273,-5.977745294258057,-5.696662765098154,-7.126901805400848
137,-4.2300310134887695,-1.8472187519073486,-6.2456560134887695,-8.83940601348877,-7.394157646027452,-6.917410314083099,-6.9722551100712735,-6.1284788846433,-7.386336086663505,-7.495651629753411
138,-3.139000654220581,-1.420250654220581,-5.06087589263916,-7.37337589263916,-7.0532014274649555,-6.001987461000681,-6.279677985741728,-6.779646515633431,-5.889120094827376,-7.4129983596503735
139,-4.149970054626465,-1.9780951738357544,-5.946845054626465,-8.524970054626465,-7.087552782453713,-6.6966622695326805,-6.696882962460222,-6.478102683991892,-6.782867308837012,-7.593317601829767
140,-3.8916268348693848,-1.9385017156600952,-5.883814334869385,-8.180688858032227,-7.094874493704992,-6.457130424678326,-6.766696093065548,-6.454139828597363,-6.930820694877184,-7.669578127563
141,-3.1555466651916504,-1.4367966651916504,-5.01492166519165,-7.91335916519165,-6.655629750617663,-5.924272157251835,-6.241527914044127,-6.413374662279239,-5.850944396202976,-7.279770800843835
142,-3.8514437675476074,-1.929568886756897,-5.781131267547607,-8.249881744384766,-6.716649403300835,-6.474167991429567,-6.638446686709358,-6.450898766413957,-6.7478831929765875,-7.626430766656995
143,-4.036803245544434,-2.0446157455444336,-5.857115745544434,-8.146178245544434,-6.841708755571744,-6.460753686726093,-6.544693824580463,-6.28682029232732,-6.818268395159976,-7.879717603325844
144,-3.568190336227417,-2.060377836227417,-5.583815574645996,-7.552565574645996,-6.068325510452269,-6.203182756900787,-6.083877084747655,-5.8494523762956305,-6.216789471000084,-6.831275289878249
145,-3.7371318340301514,-1.7449443340301514,-5.8230695724487305,-8.30744457244873,-7.377858991196263,-6.731436796486378,-7.049677013339533,-6.6355794667706505,-6.823169107250578,-7.791992388665676
146,-4.200155735015869,-2.012655735015869,-5.957968235015869,-8.668905258178711,-7.16896664910746,-6.405912883579731,-7.13769209318707,-6.622040033296798,-7.028344748352538,-7.855996958911419
147,-3.754152297973633,-1.7463399171829224,-5.582277297973633,-8.386964797973633,-7.152733673239709,-6.427496530115604,-6.847973820986226,-6.6213551758537506,-6.808996069143177,-7.952863385900855
148,-3.876779317855835,-1.970529317855835,-5.861154556274414,-8.228342056274414,-6.830058443621965,-6.328510582447052,-6.767480608912592,-6.509607314947061,-6.7363041527423775,-7.673406595364213
149,-3.8812832832336426,-1.920345664024353,-5.881283283233643,-8.310970306396484,-7.092401368994615,-6.648192271590233,-6.936039326225,-6.4672335385466795,-6.803277008635632,-7.611543752253056
150,-3.6580610275268555,-1.9158735275268555,-5.6658735275268555,-7.6189985275268555,-6.76768133015139,-6.001160159707069,-6.376929752928845,-6.681522369101003,-6.5176405697420705,-8.038832714781165
151,-3.6196815967559814,-1.3696815967559814,-6.158743858337402,-7.752493858337402,-7.229120133270044,-6.500343561172485,-6.822841524459363,-6.44000124928607,-6.8228375906837755,-7.318862964399159
152,-3.477285623550415,-1.860098123550415,-5.508535385131836,-8.328847885131836,-6.883648985131003,-6.014239847660065,-6.657032607203291,-6.36792230598985,-6.469586246741528,-7.518405998125672
153,-2.85481595993042,-1.9251283407211304,-5.18294095993042,-7.24544095993042,-6.675259462354006,-5.901932828128338,-5.948638198147819,-5.495459675614256,-6.581554397358559,-7.258905254304409
154,-3.9573094844818115,-2.0041844844818115,-5.847934722900391,-8.44949722290039,-7.20741438317782,-6.765597179532051,-6.99641513732422,-6.644818782765469,-6.980853432738513,-7.788687681779265
155,-2.846320629119873,-1.307258129119873,-4.760383129119873,-7.346320629119873,-6.71371362482023,-5.510713465511799,-6.127652760944329,-6.190094709107143,-5.573033679116634,-6.926077218726277
156,-2.8509092330932617,-1.2571593523025513,-4.718096733093262,-7.413409233093262,-6.796369899268029,-5.66748309507966,-6.280645011691377,-6.507175564633144,-5.6088333067673375,-7.147758020088077
157,-2.979735851287842,-1.2297358512878418,-4.831298351287842,-7.932860851287842,-6.932948347079218,-5.791065618395805,-6.3625875703764905,-6.557874798677403,-5.839192029518017,-7.351738967001438
158,-2.8975038528442383,-1.4521912336349487,-4.827191352844238,-7.163128852844238,-6.436746700230287,-5.496590539813042,-5.725723977331654,-6.0459675785441505,-5.9601657259627245,-6.793548855930567
159,-3.777557611465454,-1.855682611465454,-5.847870349884033,-8.113494873046875,-7.0433609327010345,-6.473357774317265,-6.808886405720841,-6.3635108469716215,-6.902708757450455,-7.586207890883088
160,-3.73994779586792,-1.77901029586792,-5.77119779586792,-8.060260772705078,-6.958879096768214,-6.634243801236153,-6.857202766048431,-6.552459835933405,-6.763532270124415,-7.635032961145043
161,-4.1955790519714355,-1.9299540519714355,-5.7580790519714355,-8.476829528808594,-6.945680970718968,-6.310285419225693,-6.797183870374283,-6.414339542334346,-6.570703856312321,-7.608325731009245
162,-3.973977565765381,-2.098977565765381,-5.888040065765381,-8.395853042602539,-7.161570425487298,-6.5124689266085625,-6.966207145760563,-6.763048529589469,-7.005308982392307,-7.975265320390463
163,-3.036310911178589,-1.3566234111785889,-4.958186149597168,-7.520686149597168,-6.653615587070817,-5.666595909744501,-6.153553722771903,-6.395704746073534,-5.973932258901186,-7.279899738729
164,-3.9520254135131836,-1.8973379135131836,-5.983275413513184,-8.608275413513184,-7.170911302862805,-6.750519327819347,-7.006766317848815,-6.530160784667714,-6.874006623351306,-7.672445667907596
165,-2.883108139038086,-1.179983139038086,-4.609670639038086,-7.836233139038086,-6.984768385875213,-5.8009372390806675,-6.453462957440934,-6.820622324842589,-5.6488274291405105,-7.379513563588262
166,-3.1463065147399902,-1.1931815147399902,-4.73224401473999,-7.84161901473999,-6.802738888320164,-5.778541337698698,-6.568245528076659,-6.45883154837793,-5.919912324097822,-6.968540322035551
167,-4.171173572540283,-2.014923572540283,-6.069611072540283,-8.874299049377441,-7.366580958630948,-6.565089724957943,-7.311855314550485,-6.561809062903194,-7.116600626104628,-7.813995581120253
168,-3.7580857276916504,-2.0158982276916504,-5.80496072769165,-8.078398704528809,-7.023815626365831,-6.382441200315952,-6.742506860620779,-6.57059550280519,-6.695698374125641,-7.875972531735897
169,-4.102632999420166,-2.344820499420166,-6.102632999420166,-7.907320499420166,-6.719974625157192,-6.467925861477852,-6.594892141634773,-6.282333612355615,-6.946555122820428,-7.6566192246973515
170,-3.9604783058166504,-1.9136033058166504,-5.85110330581665,-8.546416282653809,-6.765270823685569,-6.382604822516441,-6.874591110870824,-6.726115226674665,-6.851221792829165,-7.87752490863204
171,-3.845957040786743,-1.8615820407867432,-5.580331802368164,-8.252206802368164,-6.674190753721632,-6.409390419721603,-6.510072110690089,-6.314717769562776,-6.525759809497686,-7.542186252772808
172,-3.6060280799865723,-1.9341530799865723,-5.309153079986572,-7.988840579986572,-6.481172432017047,-5.948750663548708,-6.19984423895221,-6.160730242621867,-6.520234455252648,-7.47109735198319
173,-4.0904951095581055,-2.0358073711395264,-5.9420576095581055,-8.652995109558105,-7.121845836336433,-6.664406701922417,-6.801486490705429,-6.1295675038800255,-6.92654585197306,-7.637834711000323
174,-4.07503604888916,-1.9734735488891602,-5.73128604888916,-8.51253604888916,-6.997006173376576,-6.467172779142857,-6.871955274556967,-6.645357131921628,-6.622019523456402,-7.808197579346597
175,-2.8664915561676025,-1.2102415561676025,-4.647741317749023,-7.608678817749023,-7.101032839258551,-5.771121580153704,-6.327500936771685,-6.874322414225389,-5.874459612154169,-7.516590284183621
176,-3.0199134349823,-1.3871009349822998,-5.332413673400879,-6.801163673400879,-6.637233010187629,-5.9740148186683655,-5.949669239591458,-6.59805262079044,-6.543395041459007,-7.400290859863162
177,-4.22063684463501,-2.0175118446350098,-6.46282434463501,-8.103448867797852,-6.3613623330165865,-6.832157135009766,-6.486302970995894,-5.845650195986309,-7.064503543719184,-7.650475453585386
178,-3.183051586151123,-1.378364086151123,-5.003364086151123,-7.690864086151123,-6.894110195455141,-6.00131768733263,-6.347161649526242,-6.597130775311598,-5.815970534378721,-7.05910231359303
179,-3.8317928314208984,-1.925542950630188,-5.980230331420898,-8.464605331420898,-7.292805311255506,-6.681126520037651,-7.167774199479027,-6.519301056828226,-6.964682695259398,-7.745075473561883
180,-3.1324875354766846,-1.3278000354766846,-5.2106122970581055,-6.7652997970581055,-6.663823004862934,-5.969670597463846,-6.132546899927547,-6.648137330696045,-6.2575392709586595,-7.387623630464077
181,-2.7096920013427734,-1.2253170013427734,-4.717504501342773,-7.139379501342773,-6.319243534715497,-5.458553086966276,-6.100394365181273,-6.264400362750166,-5.56921349883487,-6.955312242731452
182,-3.739696502685547,-1.7943841218948364,-5.903759002685547,-8.310009002685547,-6.677276131318649,-6.484144873917103,-6.474108576087019,-6.239706158591616,-6.638230795942945,-7.707643154077232
183,-3.2846579551696777,-1.3315330743789673,-5.644032955169678,-8.862783432006836,-7.620647667474259,-5.8601343259215355,-7.589392541729467,-6.870605230283218,-6.628469703675364,-7.5257855504751205
184,-3.493873119354248,-1.626685619354248,-5.493873119354248,-8.142311096191406,-7.501811019668821,-6.543068293482065,-6.931421755562042,-6.673571824964711,-6.611163610876247,-7.738096596673131
185,-3.0627779960632324,-1.3518403768539429,-4.859652996063232,-7.609652996063232,-6.164521916143713,-5.650839265435934,-5.969117875829397,-6.336240172082398,-5.641082151574665,-7.053640477359295
186,-2.882066011428833,-1.053941011428833,-5.171128273010254,-6.788315773010254,-6.32744848481525,-5.7059783935546875,-5.757114766827726,-7.02270770058567,-6.452416776868631,-7.623343738727272
187,-4.086482524871826,-1.9458576440811157,-6.023982524871826,-8.891170501708984,-7.430391537418473,-6.706734258681536,-7.078748699910648,-6.625561237204238,-7.07098340196535,-7.975382830947638
188,-2.8842577934265137,-1.3451951742172241,-4.571757793426514,-7.274882793426514,-6.189071408894961,-5.288597568869591,-5.884344812424388,-6.384282231032557,-5.407817952262121,-6.910297749564052
189,-3.862642288208008,-1.9251422882080078,-5.753267288208008,-8.323579788208008,-7.339333645140869,-6.612706355750561,-7.018952367885504,-6.643903970650172,-6.933058256516233,-7.810677336528897
190,-2.946160316467285,-1.2508476972579956,-5.235222816467285,-6.774285316467285,-6.470012817095267,-5.669074188917875,-5.782308913840097,-6.860266326912097,-6.235407335421769,-7.3742657750844955
191,-4.095254898071289,-2.267130136489868,-6.110879898071289,-8.649942398071289,-6.954714652281837,-6.334921799600124,-6.759358166818856,-6.2983886003112275,-6.743802422191948,-7.617546020075679
192,-3.5983052253723145,-1.809242844581604,-5.6295552253723145,-7.9420552253723145,-6.543763269321062,-6.312521398067474,-6.418678043453838,-6.410819888007609,-6.8328333975805435,-7.587494231760502
193,-2.6099886894226074,-2.2115511894226074,-4.649051189422607,-6.188113689422607,-5.727400873685838,-4.211833648383617,-5.047627081832616,-5.1568963522331615,-5.610175234556664,-7.230813207104802
194,-2.9474356174468994,-1.2677481174468994,-4.54899787902832,-7.94743537902832,-6.916299336618977,-5.721861194819212,-6.353734730455471,-6.720887899286026,-5.502236717416963,-7.323134213685989
195,-3.9805824756622314,-1.7540199756622314,-6.0118327140808105,-8.308707237243652,-7.066698892842396,-6.659660376608372,-6.988485093846975,-6.886852264213303,-7.1135679334256565,-8.097367549315095
196,-4.194912910461426,-2.187100648880005,-5.952725410461426,-8.687100410461426,-7.218475453191786,-6.450243197381496,-7.093412635775167,-6.8589897154743085,-7.062247384717921,-8.09618390724063
197,-3.0413198471069336,-1.2053823471069336,-4.650694847106934,-7.510069847106934,-6.596194249810651,-5.455649998039007,-6.150768277329917,-6.369469284712977,-5.861781943574897,-7.169266857206821
198,-3.9512555599212646,-1.9356305599212646,-5.607505798339844,-8.271568298339844,-6.966992133617168,-6.521270513534546,-6.623183368254104,-6.537204980782008,-6.849803084071027,-7.802701828069985
199,-4.042150497436523,-1.9718382358551025,-6.089025497436523,-8.503087997436523,-7.026568054247036,-6.5955584570765495,-6.831242799315078,-6.409344315508861,-6.995326040898362,-7.671501272358
200,-4.046381950378418,-1.8041945695877075,-5.882319450378418,-8.358881950378418,-7.148060195897415,-6.686961255967617,-6.898004291651887,-6.554205655988881,-6.866810076702677,-7.729409672319889
201,-3.916232109069824,-1.9084197282791138,-5.884982109069824,-8.236544609069824,-7.056994547936483,-6.3201756700873375,-6.775674817654362,-6.345932364382861,-6.68199562067457,-7.770036466419697
202,-4.080893039703369,-1.9480807781219482,-5.823080539703369,-8.276206016540527,-6.893500799094909,-6.1823694705963135,-6.705939768653479,-6.229341626105452,-6.62006818613736,-7.597898034378886
203,-3.7586865425109863,-1.6883740425109863,-5.743061542510986,-8.391498565673828,-7.14157175753644,-6.558655008673668,-7.000904678829102,-6.539944410293174,-6.688449737543124,-7.645696825347841
204,-3.782778739929199,-1.9077787399291992,-5.532778739929199,-7.899966239929199,-6.79086860147072,-6.0086304023861885,-6.5719836848875275,-6.2593685384836135,-6.572106564592104,-7.609144227579236
205,-3.975109577178955,-2.029797077178955,-5.779797077178955,-8.693860054016113,-6.990840310230851,-6.20797286182642,-6.600169537654438,-6.334498405361046,-6.67837666455307,-7.659414026886225
206,-4.029510021209717,-1.8732600212097168,-5.896697521209717,-8.451385498046875,-7.154652704542968,-6.274608515202999,-7.045214530648082,-6.3263993262225995,-6.764048324606847,-7.6740530245006084
207,-4.250661373138428,-2.0397238731384277,-5.750661373138428,-8.25847339630127,-6.7898816937813535,-6.298826590180397,-6.805413840091205,-6.180361866866406,-6.766428937291494,-7.5954062938690186
208,-3.779994249343872,-1.826869249343872,-5.537806987762451,-8.084681510925293,-7.0769883323591785,-6.391571462154388,-6.834735749707761,-6.459694027827936,-6.701984041326796,-7.634320382028818
209,-3.767355442047119,-1.8220430612564087,-5.845480442047119,-7.900167942047119,-6.720628727402072,-6.184406667947769,-6.564290640926629,-6.173622369622535,-6.540927997048129,-7.5148880034685135
210,-2.944754123687744,-1.4603792428970337,-4.694754123687744,-7.218191623687744,-6.241945335932542,-5.334757320582867,-5.75741110999661,-6.491675137414859,-5.413839284039568,-7.346867624670267
211,-3.8245747089385986,-1.9651997089385986,-6.004262447357178,-8.49644947052002,-7.3403419155365555,-6.477670039981604,-7.012144086351327,-6.7386509179159475,-6.97314416494919,-7.898666560649872
212,-3.4430394172668457,-1.3336644172668457,-5.239914417266846,-7.911789417266846,-7.076016889317543,-6.10966781899333,-6.771217344790784,-6.318058728984397,-6.271272176658385,-7.281089490279555
213,-3.971993923187256,-2.104806423187256,-5.964181423187256,-8.354806900024414,-6.700518838013522,-6.374528735876083,-6.60670816655329,-6.247277140523693,-6.856791842132225,-7.710414100438356
214,-3.0942742824554443,-1.3286492824554443,-4.688024520874023,-7.727087020874023,-6.539752469674568,-5.662119816988707,-6.18808150129189,-6.516170024660823,-5.696004972662195,-7.309022467583418
215,-3.799607515335083,-2.198045015335083,-5.791794776916504,-7.729294776916504,-6.706061938326457,-5.829518333077431,-6.4013047127227765,-6.643376946256467,-6.471640693518566,-7.8783411011099815
216,-3.243544340133667,-1.423231840133667,-4.970107078552246,-7.493544578552246,-6.603084908172605,-5.648756328970194,-6.063932415985619,-6.665445089014611,-5.790590986813186,-7.669793862849474
217,-3.990445613861084,-1.834195613861084,-5.834195613861084,-8.521696090698242,-7.1780972365813795,-6.496698096394539,-7.013946054386906,-6.638896346004913,-6.881215204281034,-7.8304348438978195
218,-4.158435344696045,-1.877185583114624,-6.119372844696045,-8.869373321533203,-7.322587247668707,-6.941746860742569,-7.080351947872259,-6.642819881393734,-7.088213082053699,-7.562776716426015
219,-3.571091651916504,-1.6960917711257935,-5.360154151916504,-7.907029151916504,-6.680642589344643,-5.933130919933319,-6.352402208402054,-6.719544052966739,-6.43061267262965,-7.795590886846185
220,-4.057784557342529,-1.7687221765518188,-5.862472057342529,-8.612472534179688,-7.136040083001717,-6.651942726224661,-7.0812777265309705,-6.854672551070507,-6.964176406341721,-7.973658720031381
221,-3.9672975540161133,-1.9672975540161133,-5.943860054016113,-8.537610054016113,-7.092406982155808,-6.670855574309826,-6.91266405436545,-6.498559713289978,-6.779906386174844,-7.696370849385858
222,-3.927885055541992,-1.8575725555419922,-5.881010055541992,-8.459135055541992,-7.3108252205420285,-6.7452645637094975,-6.974822042451706,-6.646647691646649,-7.021776427762234,-7.741970479488373
223,-2.93017840385437,-1.4379909038543701,-4.766116142272949,-7.469241142272949,-6.305332291245577,-5.480204820632935,-5.836504098908335,-6.266137003680342,-5.586581933675916,-7.285162420943379
224,-3.241583824157715,-1.2493962049484253,-4.757208824157715,-7.858771324157715,-7.077919880597619,-5.772646494209766,-6.476134404030745,-6.702573059650604,-5.866992866765941,-7.302344566211104
225,-3.0719704627990723,-1.3141580820083618,-4.798532962799072,-7.868845462799072,-7.14239656279824,-5.884592697024345,-6.423583267853246,-6.8376098870194255,-5.829900734643161,-7.733353030867875
226,-4.038761138916016,-2.0543859004974365,-5.905948638916016,-8.015323638916016,-6.851792430112255,-6.202587403357029,-6.6329295575851575,-6.406278967639082,-6.726800534510403,-7.74316873960197
227,-3.776129722595215,-2.026129722595215,-5.823004722595215,-8.018317222595215,-6.791902650380507,-6.283534437417984,-6.549626348656602,-6.338642597115722,-6.612199655341101,-7.567097717896104
228,-3.988615036010742,-2.043302536010742,-5.496427536010742,-8.535490036010742,-6.691870323280455,-6.431510113179684,-6.5980477316406905,-6.746440887362041,-6.605918162335001,-7.57685106806457
229,-4.1100969314575195,-1.9069721698760986,-5.9538469314575195,-8.70384693145752,-7.391473046925967,-6.75730074942112,-7.211726782436017,-6.7507327794437515,-6.94615744787734,-7.891728593036532
230,-4.250397682189941,-2.0160224437713623,-5.812897682189941,-8.641022682189941,-7.141098377222079,-6.555114418268204,-6.875438689345174,-6.726970553344472,-6.750498408968269,-7.867783460766077
231,-2.9218287467956543,-1.3515163660049438,-4.726516246795654,-7.601516246795654,-6.515747532903333,-5.550905119627714,-5.992205140930309,-6.679659962479491,-5.562629922598717,-7.3644035290926695
232,-4.0519609451293945,-1.8878984451293945,-6.0128984451293945,-8.622273445129395,-7.302062506285438,-6.855841189622879,-7.0832586277101655,-6.544158458659695,-6.98175191343762,-7.646570907905698
233,-4.158876895904541,-1.979189157485962,-6.104189395904541,-8.955751419067383,-6.979254243655305,-6.7117962166666985,-7.041720866662217,-6.55732345576962,-7.080826637335122,-7.87614066246897
234,-4.09384822845459,-1.9766606092453003,-5.85947322845459,-8.40634822845459,-7.015903456660453,-6.691140212118626,-6.765810724245966,-6.4219875334674725,-6.898705468076514,-7.63840064778924
235,-3.294832229614258,-1.3807698488235474,-4.872957229614258,-7.896394729614258,-6.787169206887484,-5.748474579304457,-6.326152560621267,-6.451107978489745,-5.826248631943599,-7.2766334395855665
236,-3.784632682800293,-1.831507682800293,-6.042445182800293,-8.206507682800293,-6.698779698614089,-6.747798033058643,-6.847164034352318,-6.47214031216572,-6.878444312103966,-7.712638821452856
237,-4.042181968688965,-1.8546819686889648,-5.862494468688965,-8.815619468688965,-7.081297634620569,-6.650939606130123,-6.745335697714836,-6.471876144386897,-6.800053356342687,-7.68525751773268
238,-4.097563743591309,-2.0663137435913086,-5.917876243591309,-8.433501243591309,-7.08204471503268,-6.53862689435482,-6.761683343211189,-6.558513760488495,-6.917991869915568,-7.811466975137591
239,-4.258377552032471,-2.2193150520324707,-6.063065052032471,-7.781815052032471,-6.49290024144284,-6.225661709904671,-6.1803245518531185,-6.234953761007091,-6.953837383858627,-7.7194431237876415
240,-3.942241668701172,-1.9188042879104614,-5.731304168701172,-8.285991668701172,-7.153316726762569,-6.45050136744976,-6.871981738615432,-6.793816089559186,-6.989252200481133,-7.975487120449543
241,-3.6863632202148438,-1.9285507202148438,-5.873863220214844,-8.014488220214844,-6.709912532278395,-6.426812492311001,-6.709857223821018,-6.287939548396935,-6.827089066187909,-7.583044648170471
242,-3.9937214851379395,-2.0718464851379395,-5.8374714851379395,-8.329659461975098,-7.103268608538201,-6.373913936316967,-6.657875295284612,-6.423427223993713,-6.704820381492027,-7.674126034602523
243,-3.9557132720947266,-1.9400882720947266,-5.901025772094727,-8.666650772094727,-7.182375783690077,-6.733669653534889,-6.885440706410009,-6.861973404833407,-6.862064356464543,-8.00172854308039
244,-3.6111557483673096,-1.7361557483673096,-5.9627180099487305,-7.6814680099487305,-6.900312061654404,-6.501457180827856,-6.619004844942538,-6.564291953975044,-6.954971430510341,-7.869293827563524
245,-3.9198615550994873,-1.7870490550994873,-5.779236793518066,-8.591736793518066,-6.787133451733098,-6.34128263220191,-6.482393979509652,-6.583932757342154,-6.779315706953639,-7.753773191012442
246,-2.9541680812835693,-1.2822930812835693,-4.555730819702148,-7.516668319702148,-6.477795106140547,-5.417232219129801,-6.040174720299547,-6.360442280481948,-5.462137567636091,-6.958447951823473
247,-3.9570789337158203,-1.9336413145065308,-5.89457893371582,-8.17582893371582,-7.121312246032176,-6.282668419182301,-6.769652840746858,-6.238345026840761,-6.941594590782188,-7.713381934911013
248,-3.254340171813965,-1.3324650526046753,-4.996527671813965,-7.762152671813965,-6.965455397075857,-5.959341123700142,-6.363767860930238,-6.777799606083136,-5.887306201591855,-7.407644469290972
249,-3.7699742317199707,-1.7934117317199707,-5.934036731719971,-8.207473754882812,-6.9263203097943915,-6.589482620358467,-6.887200116372696,-6.473107933959909,-6.770048496349773,-7.560161666944623
250,-3.9980688095092773,-2.1152563095092773,-5.904318809509277,-7.998068809509277,-6.927959898253903,-6.1922352984547615,-6.552858109062072,-6.73245811452216,-6.756034004953108,-8.038315452635288
251,-3.4181251525878906,-1.4806251525878906,-5.105625152587891,-8.42593765258789,-7.340098495413258,-6.127462305128574,-6.66035842790734,-6.715013861562511,-6.082300060632406,-7.495092025026679
252,-3.9359655380249023,-1.959403157234192,-5.818778038024902,-8.178153038024902,-6.990824207910919,-6.47208621352911,-6.779783008205413,-6.5766038893762016,-6.850214344784035,-7.794438697397709
253,-3.870366096496582,-1.8391159772872925,-5.776616096496582,-8.003178596496582,-7.0736720398272155,-6.595102399587631,-6.800140138693678,-6.425069689621523,-6.839283333145431,-7.746625954285264
254,-4.363617420196533,-2.144867420196533,-6.207367420196533,-8.762054443359375,-7.238764871217427,-6.602369107306004,-6.918389674407081,-6.348005652340362,-7.082545264638611,-7.728158041834831
255,-4.2049560546875,-1.9549560546875,-5.9393310546875,-8.7518310546875,-7.3847581082518445,-6.615835685282946,-7.017528173710161,-6.736218690792157,-6.876964083407074,-8.009896276518703
256,-4.396753787994385,-1.8967537879943848,-6.029566287994385,-8.803003311157227,-7.256240838447411,-6.732043355703354,-7.2093012321674905,-6.756140589644019,-7.2171882316615665,-7.947046792134643
257,-4.42718505859375,-2.067810297012329,-5.92718505859375,-9.05218505859375,-6.9194762652987265,-6.3330691531300545,-6.4819304926313634,-6.091258525788362,-6.9038602050277404,-7.545418478548527
258,-3.986034393310547,-2.025096893310547,-5.821971893310547,-8.298534393310547,-7.064335449933424,-6.297517649829388,-6.829870101115375,-6.439177274543908,-6.861183632208849,-7.689800802618265
259,-3.128527879714966,-1.2613403797149658,-4.784777641296387,-7.753527641296387,-7.025649899667769,-6.064293064177036,-6.447453975088138,-6.7599322795067565,-5.6506226032361155,-7.238726185634732
260,-4.116616249084473,-1.8275535106658936,-5.733803749084473,-8.624428749084473,-7.054242006983259,-6.452524781227112,-7.108867285620363,-6.640067577266564,-6.890199650617433,-7.800635382533073
261,-3.3593876361846924,-1.2812626361846924,-4.984387397766113,-8.304699897766113,-7.359454033539805,-6.270165145397186,-6.859416245997636,-6.859398484168196,-5.875072954251664,-7.422310795634985
262,-3.664910316467285,-1.7274103164672852,-5.414910316467285,-7.735222816467285,-6.883721707366931,-6.581575095653534,-6.774314879934536,-6.399293065041093,-6.586849329803954,-7.482092789374292
263,-3.507718086242676,-1.4686557054519653,-4.992093086242676,-8.070218086242676,-6.953234651722596,-5.839221201837063,-6.554679032444255,-6.257744788767013,-6.054796913347673,-7.238278662785888
264,-3.92804217338562,-1.8421046733856201,-5.873354434967041,-8.1389799118042,-7.146926989968051,-6.793377369642258,-7.014040468260646,-6.482742428695019,-7.162530177381996,-7.6179177444428205
265,-3.462587594985962,-1.423525094985962,-5.150087833404541,-8.345399856567383,-7.204897992240149,-6.12706046551466,-6.720455168175249,-6.673543333845373,-6.165839544846676,-7.329480202868581
266,-3.4502344131469727,-1.4111720323562622,-5.067421913146973,-8.184609413146973,-7.442531102897192,-6.084676455706358,-6.739340423591784,-6.8018125294420315,-6.0206416800429,-7.284951275214553
267,-4.0234479904174805,-1.7812607288360596,-5.7187604904174805,-8.24219799041748,-7.093909014161909,-6.44471425563097,-6.726626871564804,-6.750026106712539,-6.67982207958994,-7.754681060090661
268,-3.9300191402435303,-1.9847066402435303,-5.758144378662109,-8.40658187866211,-7.187942737153207,-6.450491361320019,-6.9613207565453195,-6.758156061104273,-6.742620343829913,-7.825195906683803
269,-4.116717338562012,-2.0229671001434326,-5.983904838562012,-8.647967338562012,-7.499633902858477,-6.478953920304775,-7.155838487811707,-6.491727590508162,-7.038704031430825,-7.775162473320961
270,-3.0505223274230957,-1.4645848274230957,-4.847397327423096,-7.511459827423096,-6.675698622420896,-5.741198018193245,-6.214645741514687,-6.6833559272454295,-5.7303416642098455,-7.480947948992252
271,-3.4439291954040527,-1.5064293146133423,-4.865804195404053,-8.076742172241211,-6.615942587814061,-5.813989065587521,-6.443984626188467,-5.9986358879159525,-5.944061628149939,-7.106934257782996
272,-3.912447214126587,-1.732759714126587,-5.709322452545166,-8.170259475708008,-7.381283279552008,-6.83247996866703,-7.131241201397643,-6.568705677952494,-6.89691268990282,-7.746972529217601
273,-3.8069748878479004,-1.8850998878479004,-5.6585373878479,-8.111661911010742,-7.025855651882011,-6.327761769294739,-6.783596513909288,-6.4632382391992,-6.7524131457466865,-7.812206359580159
274,-2.8904590606689453,-1.4295214414596558,-4.492021560668945,-7.312334060668945,-6.023451312124962,-5.257425371557474,-5.828036066901404,-5.913917064455745,-5.445300567211234,-6.800058640539646
275,-3.642800807952881,-1.8771758079528809,-5.720925807952881,-7.970925807952881,-6.986791581730358,-6.3095676973462105,-6.596039050367835,-6.283448099840825,-6.75241515156813,-7.567877173423767
276,-3.60817289352417,-1.9441105127334595,-5.45973539352417,-7.85036039352417,-7.053685764258262,-6.178767509758472,-6.53794931970333,-6.483188509819229,-6.663036450147047,-7.687878109514713
277,-3.920527935028076,-2.108027935028076,-5.475215435028076,-8.279903411865234,-6.764445529246586,-6.060713984072208,-6.545627231433173,-6.084608554676379,-6.569157105201157,-7.593679888173938
278,-3.0089080333709717,-1.3135955333709717,-4.782345771789551,-7.587033271789551,-6.790302027860889,-5.681615442037582,-6.173033712315373,-6.508929252404414,-5.8293502246961,-7.212886668741703
279,-3.959526300430298,-2.037651300430298,-5.740776062011719,-8.279838562011719,-7.162789216032252,-6.28406922519207,-6.9439718698195065,-6.61579000940128,-6.654977669575601,-7.949468478560448
280,-4.048820972442627,-1.8378835916519165,-5.580070972442627,-8.291008949279785,-6.8380224608117715,-6.462076485157013,-6.67387211192181,-6.517583727755664,-6.697390785993775,-7.629728561267257
281,-4.275510311126709,-2.134885311126709,-6.009885311126709,-8.91613483428955,-7.299036498901842,-6.785879448056221,-7.064616798386851,-6.5489567517834075,-7.127161737305869,-7.772689510136843
282,-4.083798408508301,-1.9666109085083008,-5.857235908508301,-8.2166109085083,-6.9668605016195215,-6.594473615288734,-6.7167098473219085,-6.451006889123164,-6.857420427462785,-7.640748476609588
283,-4.0317583084106445,-1.9536333084106445,-5.8833208084106445,-8.734883308410645,-7.172469373814238,-6.555679112672806,-6.977114557263121,-6.6802055835241845,-6.922489637443505,-7.91309832688421
284,-3.3016347885131836,-1.504759669303894,-5.575072288513184,-7.067259788513184,-7.051695344998734,-6.030191205441952,-6.426689742485905,-6.637588620053066,-6.786050795668416,-7.648297642357647
285,-3.7306036949157715,-1.7618536949157715,-5.6915411949157715,-8.129040718078613,-7.027586454307311,-6.401203088462353,-6.785342692004633,-6.3634271621103835,-6.761971585954598,-7.733923913910985
286,-3.149486541748047,-1.1963614225387573,-4.774486541748047,-7.922924041748047,-7.055834526981926,-5.960282631218433,-6.626089095268981,-6.641688704383341,-5.79801010715164,-7.317482830956578
287,-4.0758490562438965,-1.8414738178253174,-6.0133490562438965,-8.653973579406738,-7.146256442334561,-6.50533302873373,-7.075895785194007,-6.255545973733206,-7.005625720819808,-7.482996072620153
288,-3.7085795402526855,-2.1070170402526855,-5.5210795402526855,-7.4742045402526855,-6.662016700662207,-6.038861155509949,-6.529023042676272,-6.185165405000589,-6.732270566280931,-7.671221766620874
289,-3.9342386722564697,-1.8170511722564697,-6.027988433837891,-8.42642593383789,-7.3952311262146395,-6.844252593815327,-7.0436466926767025,-6.520182371118608,-7.0827331526597845,-7.9400837467983365
290,-3.8354146480560303,-1.7338521480560303,-5.624477386474609,-8.71041488647461,-7.17140650602596,-6.58094135671854,-6.796377658523852,-6.515109539006517,-6.6714156846064725,-7.6511811362579465
291,-2.6529555320739746,-1.6920181512832642,-4.699830532073975,-6.504518032073975,-5.6219745512644295,-5.433437000960112,-5.239025584014598,-5.410800098859909,-5.762530783627881,-6.745852176100016
292,-4.1906585693359375,-1.9719088077545166,-5.9484710693359375,-8.659408569335938,-7.401700848815381,-6.834326416254044,-7.120397447219148,-6.675043225242007,-7.026702875155024,-7.830224017612636
293,-4.46662712097168,-2.2478768825531006,-6.11506462097168,-8.59943962097168,-6.88862716370204,-6.419881924986839,-6.740149375182227,-6.1775761842054635,-6.841773737643962,-7.618186786770821
294,-3.8998332023620605,-1.9857707023620605,-5.8217082023620605,-8.321707725524902,-6.712471237187856,-6.144431412220001,-6.6186512685526395,-6.267036676279531,-6.814056860341225,-7.720240939408541
295,-3.8738632202148438,-1.8191757202148438,-5.873863220214844,-8.045738220214844,-7.124056558997836,-6.756636142730713,-6.6708203520393,-6.366066574924844,-6.881815423737862,-7.720736231654882
296,-3.069957733154297,-1.4371452331542969,-5.538707733154297,-6.991832733154297,-6.773184175115603,-6.051472865045071,-6.116911765791883,-6.74184715737465,-6.85907137263348,-7.480333781801164
297,-3.9685218334198,-2.0388343334198,-5.796647071838379,-8.445084571838379,-6.538948171837546,-6.143362753093243,-6.492007969638507,-6.452906608536068,-6.585837594422628,-7.7431644555181265
298,-3.8849847316741943,-1.7131097316741943,-5.564672470092773,-8.088109970092773,-6.971071232226677,-6.296051807701588,-6.760045168972283,-6.330310940651543,-6.549166910670465,-7.535237295553088
299,-3.9506211280822754,-1.9115586280822754,-5.849058628082275,-8.497496604919434,-7.1694880655559245,-6.395262308418751,-6.833496568608098,-6.458444833692738,-6.817949881107779,-7.812829859554768
300,-4.114207744598389,-1.8485828638076782,-6.278270244598389,-8.020458221435547,-7.426896196731832,-6.982572793960571,-7.122100230830256,-6.739222645648624,-7.387744064217259,-7.912524946033955
301,-3.1873137950897217,-1.1326262950897217,-4.960751533508301,-7.577939033508301,-6.74216447933577,-5.830891866236925,-6.609262106132519,-6.15608310681273,-6.023394216841552,-7.210927048698068
302,-3.4566221237182617,-1.5503721237182617,-5.347247123718262,-7.753497123718262,-6.605226383602712,-6.039698109030724,-6.18323302151839,-6.636323213484502,-6.175545796577353,-7.613511377945542
303,-4.060094833374023,-2.0132198333740234,-5.958532333374023,-8.341344833374023,-7.099417652585544,-6.447306998074055,-6.974271171762666,-6.317928671609479,-7.099363067449303,-7.765903599560261
304,-3.386542558670044,-1.277167558670044,-5.691229820251465,-7.222479820251465,-7.581889390348806,-6.710958730429411,-6.917825579090277,-7.113111257532182,-7.222499251176487,-7.969263846985996
305,-4.349813938140869,-1.8341888189315796,-6.115438938140869,-8.842000961303711,-7.326441285891633,-7.138482682406902,-7.193590521459555,-6.5373213290895364,-7.224874256222392,-7.861116665415466
306,-3.6702277660369873,-1.8264777660369873,-5.662415504455566,-8.037415504455566,-6.975055923132459,-6.4174986854195595,-6.904657481616596,-6.709303498183544,-6.756297341242316,-7.901659404858947
307,-4.188199520111084,-2.297574520111084,-6.477262020111084,-8.563199043273926,-6.914835688738094,-6.6843022108078,-6.586679338513932,-5.617897152849764,-7.141374586757593,-7.39441532548517
308,-3.9722650051116943,-1.9097650051116943,-5.925389766693115,-8.526952743530273,-7.4645979298366,-6.652164600789547,-7.222328064824978,-6.776965022006152,-7.011469354067231,-7.937886269763112
309,-3.5728795528411865,-2.0260045528411865,-5.244754791259766,-7.799442291259766,-6.713666068419116,-5.762159388512373,-6.5495306214434095,-6.119772195665064,-6.4636866880900925,-7.747409289702773
310,-3.8814711570739746,-1.811158537864685,-5.990846157073975,-8.014283180236816,-7.108229498757282,-6.537624277174473,-6.936226961661305,-6.592422723671007,-6.858163825148949,-7.9272377621382475
311,-2.835038185119629,-1.569413185119629,-5.327225685119629,-6.600663185119629,-6.7961647331831045,-5.595690481364727,-6.108545777722611,-5.17100274526274,-6.546076650287432,-7.051473423838615
312,-2.9383673667907715,-1.180554986000061,-4.5321173667907715,-7.6258673667907715,-6.852612717120792,-5.559402331709862,-6.399402494433161,-6.58682656264682,-5.8682590514508775,-7.379608832299709
313,-3.9249448776245117,-2.0030698776245117,-5.995257377624512,-8.174944877624512,-7.073517313430784,-6.60681589692831,-6.971871374713373,-6.4171439408582955,-7.09693633831921,-7.851643579080701
314,-4.381265640258789,-1.9281405210494995,-6.310953140258789,-8.803140640258789,-7.436357297265204,-6.8628301322460175,-7.162658681176254,-6.646911501666182,-7.3189834119111765,-8.048213962465525
315,-3.958261728286743,-1.9582617282867432,-6.247324466705322,-8.372323989868164,-7.216140029668168,-6.609879270195961,-6.8958013049959845,-6.58326995369589,-7.161458728121943,-7.8504309095442295
316,-4.251473426818848,-1.4936606884002686,-5.610848426818848,-7.876473426818848,-7.837501760172017,-6.914971612393856,-7.345259546582383,-6.798357129058786,-7.118709801434306,-7.8437406020238996
317,-3.785820722579956,-1.731133222579956,-5.840508460998535,-8.426445960998535,-6.629673356532294,-6.335518255829811,-6.418676375422365,-6.418644308984767,-6.871850724732212,-7.629142459481955
318,-4.1197099685668945,-1.955647349357605,-5.6275224685668945,-8.182209968566895,-6.705889076605672,-6.295159079134464,-6.471381658317114,-6.408790826628319,-6.830892532831058,-7.550536947324872
319,-4.151889801025391,-1.9331400394439697,-6.026889801025391,-8.75345230102539,-7.4254833338054596,-6.656368210911751,-7.128508804631565,-7.042523145641098,-6.933240766193194,-8.051900889724493
320,-3.830174207687378,-1.923924207687378,-5.689548969268799,-8.228611946105957,-7.142822850582888,-6.241770774126053,-6.931808111483406,-6.392687320620098,-6.760001649570768,-7.7172561679035425
321,-3.9484329223632812,-1.8937454223632812,-5.924995422363281,-8.354682922363281,-7.175134053162765,-6.71550077944994,-7.010986922712618,-6.6515704392604675,-7.034503331888118,-7.843887696042657
322,-4.15243673324585,-1.9727493524551392,-5.93368673324585,-8.738374710083008,-7.191593046554772,-6.478362031280994,-6.863420604582643,-6.621196389151919,-6.863483780580282,-7.917592137120664
323,-4.026764869689941,-2.0580148696899414,-6.128327369689941,-8.433014869689941,-7.011225458300032,-6.719143763184547,-6.93306100261907,-6.581463217676173,-7.12060546464636,-7.872749466449022
324,-4.122396945953369,-1.85677170753479,-6.169271945953369,-8.489583969116211,-7.513146273515304,-6.961578376591206,-7.177137850289,-6.731785297304668,-7.2865524248773,-7.9454726073890924
325,-2.939682722091675,-1.0724952220916748,-4.697495460510254,-7.845932960510254,-6.978859537295648,-5.7405174765735865,-6.408481954327726,-6.783446907899815,-5.869467730561155,-7.4154282519593835
326,-4.00913667678833,-1.69663667678833,-5.57944917678833,-8.548198699951172,-7.126429075462511,-6.623222067952156,-7.0091785183722095,-6.7513349055670915,-6.751419062878995,-7.71236009709537
327,-4.322085380554199,-2.0408356189727783,-5.962710380554199,-9.1814603805542,-7.251835701878008,-6.644973695278168,-7.204925536727387,-6.9861552715028665,-7.001834748261899,-7.943389740772545
328,-3.8786633014678955,-1.8630383014678955,-5.964600563049316,-8.128663063049316,-6.910029404549277,-6.716598749160767,-6.847463725713169,-6.3864855765796165,-6.92562412845291,-7.458100313320756
329,-4.1033124923706055,-2.0095624923706055,-5.6970624923706055,-8.665812492370605,-6.970629564471892,-6.230745546519756,-6.814312694492401,-6.587700843721905,-6.7440695675468305,-7.719000754877925
330,-3.6145200729370117,-1.8410825729370117,-5.575457572937012,-7.919207572937012,-6.974040974469972,-6.241186283528805,-6.833344575970841,-6.333285808439541,-6.684992896582116,-7.746078563854098
331,-3.727137327194214,-1.9146373271942139,-6.000574588775635,-7.852137088775635,-7.055388442633557,-6.3609718680381775,-6.938133714837022,-6.3443393706184,-7.047561520033923,-7.858445569872856
332,-3.248960494995117,-1.2880231142044067,-5.108335494995117,-7.998960494995117,-7.077203624423419,-6.1372034922242165,-6.499005316683906,-6.6942884920827055,-5.999059076217236,-7.216298189014196
333,-4.083153247833252,-1.8956531286239624,-6.012840747833252,-8.575340270996094,-7.5129624531109584,-6.775937654078007,-7.2707053409358195,-6.747225880571932,-7.0832655366757535,-7.954215144738555
334,-3.041473388671875,-1.1352232694625854,-4.650848388671875,-7.869598388671875,-7.010405166322016,-5.794801909476519,-6.541543004474079,-6.580559015006656,-5.822890386945801,-7.279267095029354
335,-3.158761501312256,-1.2681365013122559,-4.885324001312256,-7.775949001312256,-6.8385631972923875,-5.807440277189016,-6.205688952024502,-6.7525277136446675,-5.70576762293058,-7.408640688285232
336,-4.118982791900635,-1.8924201726913452,-5.751795291900635,-8.306482315063477,-7.111289017302624,-6.675913088023663,-6.869029163237428,-6.783056974342799,-6.923790447646752,-7.910103991627693
337,-3.9992270469665527,-1.8976646661758423,-5.811727046966553,-8.686727523803711,-7.343085998320021,-6.591858893632889,-7.085213183174346,-6.757050156536934,-6.9993275353481295,-7.845800714567304
338,-3.296043872833252,-1.311668872833252,-4.811668872833252,-8.092918395996094,-6.913421374396421,-5.801424015313387,-6.7414405310482834,-6.5773172375811555,-5.9524867348663975,-7.26146174967289
339,-3.894660472869873,-1.800910472869873,-5.855597972869873,-8.316535949707031,-7.113574491406325,-6.355970714241266,-6.941615578303754,-6.441549658674376,-6.918233862219495,-7.713801391422749
340,-4.030227184295654,-1.8817898035049438,-5.772414684295654,-8.428665161132812,-7.147544852370629,-6.648575022816658,-6.881854770450445,-6.405238032281886,-6.756895774939039,-7.744208110496402
341,-3.7236366271972656,-1.8564491271972656,-5.762699127197266,-8.114261627197266,-6.661259047643398,-6.508812204003334,-6.723689673923218,-6.2861483096394295,-6.661248200871341,-7.521870056167245
342,-3.9855563640594482,-2.1183688640594482,-5.704306125640869,-8.329306602478027,-7.087261189793935,-6.259263396263123,-6.82940339569177,-6.501197457180751,-6.845093117939541,-7.860310377553105
343,-4.087438583374023,-2.0874385833740234,-6.071813583374023,-8.321813583374023,-7.1109827699983725,-6.88198434561491,-6.923422931526147,-6.462450146607807,-7.126596803849679,-7.920699082314968
344,-2.966986656188965,-1.1857367753982544,-4.748236656188965,-7.177924156188965,-6.584367494971957,-5.732826542109251,-6.123314496828243,-6.623261809032556,-5.8108906627312535,-7.328234000131488
345,-2.8343262672424316,-1.3421388864517212,-4.771826267242432,-7.389013767242432,-6.295365447593213,-5.586271369829774,-5.8343899229803355,-6.373412131990335,-5.701621645828709,-7.227090073749423
346,-3.841240644454956,-1.770928144454956,-5.739678382873535,-8.317803382873535,-6.981970423956227,-6.451212503015995,-6.903794048805139,-6.5131280421474,-6.739764805875893,-7.665598215535283
347,-3.138557195663452,-1.5057446956634521,-4.880744934082031,-6.997932434082031,-5.87321360927308,-5.599756203591824,-5.662133922451176,-5.7401553386152955,-6.037221882812446,-6.921007161960006
348,-3.9382729530334473,-1.7976480722427368,-5.727335453033447,-8.500773429870605,-6.986493224649166,-6.585320264101028,-6.791121601130726,-6.580151677075264,-7.017735357607307,-7.745456509292126
349,-4.018069744110107,-1.9711947441101074,-5.814944744110107,-8.283695220947266,-7.026035177928861,-6.309354081749916,-6.854082343139453,-6.564957976253936,-6.776006571672042,-7.758087435737252
350,-3.900141477584839,-1.8063914775848389,-5.829829216003418,-7.986079216003418,-7.087836127451737,-6.650820203125477,-6.806466695838026,-6.361092805769658,-6.9784316880541155,-7.451596517115831
351,-4.153040885925293,-2.035853385925293,-5.879603385925293,-8.731165885925293,-7.207800862546719,-6.684411630034447,-7.129639505688829,-6.78586077687396,-7.0281126473419135,-7.978434292599559
352,-3.928309202194214,-1.9517467021942139,-5.701746463775635,-8.342371940612793,-7.006591784418561,-6.229484431445599,-6.78775799000141,-6.459572672750255,-6.850328911765246,-7.714867135509849
353,-2.9715075492858887,-1.2293199300765991,-4.666820049285889,-7.463695049285889,-6.846650947773014,-5.569452948868275,-6.409062026446918,-6.54183793051925,-6.049760929454351,-7.402064157649875
354,-2.816084861755371,-1.3004597425460815,-4.698897361755371,-7.503584861755371,-6.659970751104993,-5.638783298432827,-6.027087805516203,-6.870789766160669,-5.511552798590856,-7.528600051999092
355,-4.068362712860107,-1.974612832069397,-6.123050212860107,-8.505863189697266,-6.810624596691923,-6.673896126449108,-6.669965266381041,-6.4824352263904075,-7.005941149494902,-7.771640347316861
356,-3.8021302223205566,-1.8568177223205566,-5.700567722320557,-8.349004745483398,-7.020992868754547,-6.335549540817738,-6.8881214842658665,-6.622455716048535,-6.692852969157684,-7.745172196999192
357,-3.576846122741699,-1.8580960035324097,-5.451846122741699,-7.397158622741699,-5.904254668712383,-6.342443414032459,-5.607319115304563,-5.911969184786358,-6.841756218258524,-7.194010330364108
358,-3.266145706176758,-1.3052082061767578,-4.805208206176758,-8.070833206176758,-7.133532385065337,-5.998811926692724,-6.78183197787439,-6.820858239814697,-6.0788049571128795,-7.3659387193620205
359,-3.9990053176879883,-1.8896303176879883,-5.709942817687988,-8.256817817687988,-6.694415683727129,-6.486394628882408,-6.428742288320791,-6.311515331218288,-6.913168902057805,-7.687663545832038
360,-4.227182865142822,-2.0006206035614014,-6.086557865142822,-8.19593334197998,-7.25857399898814,-7.038599751889706,-6.992872712893586,-6.836570143624158,-7.227298968253308,-8.077221181243658
361,-3.4826810359954834,-1.4514310359954834,-5.256118297576904,-7.873305797576904,-7.193792208810919,-6.175296299159527,-6.7014973141485825,-6.67019760594485,-6.24846564445761,-7.462960910052061
362,-3.3676087856292725,-1.4691712856292725,-4.953546524047852,-7.687921524047852,-6.469325649784878,-5.683438893407583,-6.094281428973773,-6.227006554348918,-5.891228182503255,-7.2781152836978436
363,-2.837315082550049,-1.4466902017593384,-4.665440082550049,-6.907627582550049,-6.126622289273655,-5.519058585166931,-5.8218010602431605,-5.845152377774866,-5.70471654033463,-6.82382982596755
364,-4.108907699584961,-1.9057824611663818,-5.858907699584961,-8.663595199584961,-7.359093529594247,-6.503285609185696,-7.023064966480888,-6.616736650332314,-6.9372671567689395,-7.803902816027403
365,-3.4224987030029297,-1.2115613222122192,-5.06312370300293,-8.25843620300293,-7.266627784985758,-6.147740699350834,-6.907205700179475,-6.868121266246817,-6.227558967402729,-7.5680125607177615
366,-3.7619986534118652,-1.6760611534118652,-4.972936153411865,-7.465123653411865,-6.434154113550903,-5.737238265573978,-6.20741176098818,-5.793273806255456,-6.3637583061354235,-6.7901681661605835
367,-3.974245071411133,-1.8804949522018433,-5.927370071411133,-8.107057571411133,-6.232155437450274,-6.597072221338749,-6.333661674587347,-5.997693538605745,-6.9196419680301915,-7.433116131462157
368,-3.7440590858459473,-1.7987467050552368,-5.783121585845947,-8.220622062683105,-7.033197161676071,-6.545266553759575,-6.814408540041768,-6.509692788085886,-6.767566559254192,-7.595517087727785
369,-3.6958398818969727,-1.9849023818969727,-5.492714881896973,-7.945839881896973,-6.844512315801694,-6.08701578527689,-6.500631088601949,-6.336480617399502,-6.688226918340661,-7.595395574346185
370,-3.085373878479004,-1.4994364976882935,-4.702561378479004,-7.108811378479004,-6.155993533640867,-5.697425164282322,-5.8511706443096045,-5.960407614140422,-5.7653723471739795,-6.944559503346682
371,-2.990095615386963,-1.451033115386963,-4.818220615386963,-7.380720615386963,-6.576199160146643,-5.714314538985491,-6.052669403215987,-6.247926473448388,-5.779301275499165,-7.217728773131967
372,-3.6842384338378906,-1.6451759338378906,-5.449863433837891,-8.09830093383789,-6.825080967129907,-6.0702700316905975,-6.30151676719106,-6.660819053486193,-6.325052839456475,-7.594025379046798
373,-4.153756618499756,-2.020944118499756,-5.997506618499756,-9.005318641662598,-7.630394098334364,-6.716585673391819,-7.349107860769436,-6.739703416780685,-7.091323135071434,-7.941760858520865
374,-3.4515998363494873,-1.3578498363494873,-5.123475074768066,-8.100037574768066,-7.0298604873532895,-6.201746266335249,-6.678211449383525,-6.451616287100478,-6.186087363610568,-7.137621716596186
375,-4.13499116897583,-1.85374116897583,-5.72874116897583,-8.775615692138672,-7.463228219428856,-6.624456711113453,-7.174117324713734,-6.8459393977545915,-6.900715942174429,-7.89502046816051
376,-4.142336845397949,-1.8767116069793701,-6.134524345397949,-8.69702434539795,-7.126785037224181,-6.845152698457241,-7.1267472499312134,-6.564219474763377,-7.150199888859788,-7.698449810966849
377,-3.83663010597229,-1.68819260597229,-5.836629867553711,-8.133504867553711,-7.336688993615098,-6.353151988238096,-6.758554576590541,-6.836640238708242,-7.008535861488781,-7.6537753734737635
378,-3.2427549362182617,-1.2818173170089722,-4.633379936218262,-7.899004936218262,-6.609266987623414,-5.586473327130079,-6.124827382656804,-6.585717320238473,-5.742076507784077,-7.092565838247538
379,-3.8910486698150635,-1.8441736698150635,-5.945735931396484,-8.609798431396484,-7.578632112818013,-6.818045794963837,-7.164523958435893,-6.789496183342635,-7.12549483521434,-7.858605993911624
380,-4.115130424499512,-1.9979426860809326,-5.865130424499512,-8.466692924499512,-6.998111114662606,-6.6426533833146095,-6.7948875403017155,-6.654207944757218,-6.935598003765335,-7.784789169207215
381,-2.965071678161621,-1.215071678161621,-4.886946678161621,-7.543196678161621,-7.082324979521218,-6.1191486567258835,-6.5041617151291575,-6.722895026147853,-5.808871983215795,-7.263530199415982
382,-3.9266295433044434,-1.754754662513733,-5.918817043304443,-8.309442520141602,-7.286087867127208,-6.505463324487209,-6.926674722602911,-6.411014795250594,-6.934523698335397,-7.654058689251542
383,-4.136052131652832,-2.050114870071411,-5.909489631652832,-8.636052131652832,-6.9486284226877615,-6.464576058089733,-6.71421945005568,-6.409500002807363,-6.714262481858896,-7.6733120596036315
384,-3.7789063453674316,-1.974218726158142,-5.630468845367432,-7.700781345367432,-6.654114105578628,-6.074381113052368,-6.505566353815084,-6.24767529946439,-6.6540990882058395,-7.669504899531603
385,-3.684877634048462,-1.669252634048462,-5.708314895629883,-8.309877395629883,-6.919359797429934,-6.53252487257123,-6.669293045171798,-6.622389316487897,-6.638089891421259,-7.498779891058803
386,-4.16313362121582,-2.1631338596343994,-5.84282112121582,-8.70219612121582,-7.413308009199682,-6.412272252142429,-7.139796252005908,-6.670963406413648,-7.02269993381924,-7.958383774384856
387,-3.1682324409484863,-1.2619824409484863,-4.926044940948486,-7.629169940948486,-6.996499409127864,-6.11108323559165,-6.426083206399198,-6.886996745961369,-5.871468061050109,-7.440151972696185
388,-3.842881202697754,-2.014756202697754,-5.842881202697754,-8.022568702697754,-6.921167837426765,-6.259488373994827,-6.663275238526694,-6.233521103747989,-6.718013993027853,-7.548338456079364
389,-3.7145049571990967,-2.1832549571990967,-5.487942695617676,-7.308255195617676,-6.39441428113787,-5.549662575125694,-6.214596863363113,-5.964525937819417,-6.370965935435379,-7.524072149768472
390,-3.934432029724121,-1.9656821489334106,-5.801619529724121,-8.395369529724121,-6.9736052690204815,-6.559906929731369,-6.817292331506906,-6.645379781670272,-6.911104673039517,-7.848670514300466
391,-3.9601545333862305,-2.0851545333862305,-6.1476545333862305,-8.05390453338623,-6.905678726674523,-6.476847872138023,-6.718048926813935,-6.288298845103782,-7.069684255067841,-7.937993638217449
392,-3.831956386566162,-1.816331386566162,-5.660081386566162,-8.12101936340332,-6.800819628981117,-6.314049229025841,-6.667944549230015,-6.449153304055471,-6.68362533479376,-7.725751051679254
393,-3.9402918815612793,-1.8543545007705688,-5.924666881561279,-8.463729858398438,-6.940374251789763,-6.783178478479385,-6.877829789395037,-6.698114156674819,-6.924751158978324,-7.809858234599233
394,-3.9712202548980713,-1.8305952548980713,-5.760282516479492,-8.291532516479492,-6.643226495682029,-6.495385862886906,-6.2212710367530235,-6.377482175753357,-6.6588424369256245,-7.567814514040947
395,-3.8703393936157227,-1.6750268936157227,-5.628151893615723,-8.315651893615723,-7.089199179346906,-6.2364486977458,-6.862578748310625,-6.354725599226185,-6.675150506009231,-7.683570479974151
396,-3.8496084213256836,-1.873045802116394,-5.591795921325684,-7.833983421325684,-6.779556240537204,-6.16596769541502,-6.560654872679152,-6.365255713213628,-6.677943684408092,-7.757968079298735
397,-4.1851983070373535,-2.0914483070373535,-5.9820733070373535,-7.5836358070373535,-6.5837960114877205,-6.161918073892593,-6.083717581263045,-6.122715473027711,-6.80253444997652,-7.843990493565798
398,-3.6164515018463135,-1.7258265018463135,-5.639888763427734,-7.827388763427734,-6.757215609381092,-6.394264072179794,-6.343070147831895,-6.343025207454048,-6.569692128141469,-7.532069776207209
399,-2.5083165168762207,-1.3208166360855103,-4.523941516876221,-6.422379016876221,-5.946033096697647,-5.164244474843144,-5.274039263713348,-5.938032388285137,-5.516296730274917,-7.1487711276859045
400,-3.8430237770080566,-1.764898657798767,-5.866461277008057,-8.171148300170898,-7.085350861350889,-6.640638016164303,-6.905587671142712,-6.585222124994289,-6.944749937974848,-7.822484254837036
401,-4.041357040405273,-1.9163569211959839,-6.221044540405273,-8.353857040405273,-7.119587177468929,-6.738855071365833,-7.017968415020732,-6.3148055075998855,-7.182072873758443,-7.771015968173742
402,-2.8580827713012695,-1.3424577713012695,-4.4752702713012695,-7.2799577713012695,-6.319241856821463,-5.2514719776809216,-5.787892095773714,-6.201861857944095,-5.436411121670972,-6.983438327908516
403,-3.7287890911102295,-1.8459765911102295,-5.67410135269165,-7.83816385269165,-6.971194362718961,-6.239243283867836,-6.689808842114871,-6.283491849779239,-6.752374042102019,-7.541930610314012
404,-4.7996320724487305,-1.916819453239441,-6.2058820724487305,-8.78400707244873,-7.75290380831575,-6.484664216637611,-7.510639307452948,-6.479331016475044,-7.073189489805372,-8.066365361213684
405,-4.251136302947998,-1.876136302947998,-6.204261302947998,-8.35269832611084,-7.657500737317605,-6.919286914169788,-7.204315422499349,-6.7198970317267595,-7.462149736384163,-8.091495517641306
406,-3.9325292110443115,-1.9012792110443115,-5.838779449462891,-8.44815444946289,-6.854526750714285,-6.524656280875206,-6.862263916820666,-6.4481661319050545,-6.815446252148831,-7.6363810785114765
407,-4.110666751861572,-1.9856667518615723,-6.009104251861572,-8.720041275024414,-7.415421722042083,-6.819410294294357,-7.056011914672126,-6.7591109275595045,-7.056053278087347,-7.9267753129825
408,-4.106757164001465,-1.9426946640014648,-5.833319664001465,-8.755194664001465,-7.302216042298824,-6.489035349339247,-7.091197607762297,-6.763020276936913,-6.927221644291421,-7.899939185008407
409,-4.44094705581665,-2.2143845558166504,-6.05813455581665,-8.894071578979492,-7.394129155436531,-6.644134685397148,-7.042546986831439,-6.409704804390458,-7.073827979605994,-7.643002047203481
410,-3.7981481552124023,-1.9153356552124023,-5.704398155212402,-8.126273155212402,-6.829578740973375,-6.432180322706699,-6.665412184651359,-6.516911864187023,-6.657676208225894,-7.647087946534157
411,-2.5766170024871826,-1.3500545024871826,-4.639117240905762,-7.076617240905762,-6.772108777237008,-5.154121834784746,-5.990802638130845,-6.170397758018225,-5.842390645455453,-7.121421974152327
412,-3.0201010704040527,-1.3638510704040527,-5.121663570404053,-6.793538570404053,-6.41087971937668,-5.565346214920282,-5.481108663007035,-6.31700277292839,-6.363919255789369,-7.305461008101702
413,-3.6823477745056152,-1.4792228937149048,-5.237035274505615,-8.182348251342773,-6.869889854500798,-6.227359674870968,-6.40112125845917,-6.440167307829142,-6.369899629200518,-7.269455498084426
414,-4.064395427703857,-2.0409579277038574,-5.634707927703857,-7.744082927703857,-6.884974920860259,-6.358847487717867,-6.353592982704868,-6.080042838799272,-6.7990570849506184,-7.4868704080581665
415,-3.7961912155151367,-1.8508785963058472,-5.639941215515137,-8.007128715515137,-6.9057355975674,-6.372824884951115,-6.63220023852773,-6.319643497357902,-6.749452224059496,-7.590360840782523
416,-4.066905975341797,-2.184093475341797,-5.770030975341797,-8.355968475341797,-7.098319040349452,-6.122553087770939,-6.871687765444221,-6.465361237367688,-6.793661933304975,-7.808683715760708
417,-3.95959734916687,-1.7877223491668701,-5.670534610748291,-8.44397258758545,-6.959746349646593,-6.285367958247662,-6.819041726550495,-6.303361892591056,-6.99880372438929,-7.645780837163329
418,-3.836101531982422,-1.8204765319824219,-5.734539031982422,-8.297039031982422,-6.898698682831309,-6.283214688301086,-6.773646830486541,-6.398611903136953,-6.726820702890109,-7.477390768006444
419,-2.998838424682617,-1.7019633054733276,-4.514463424682617,-5.975400924682617,-6.0927971383644035,-5.092540241777897,-4.983378277538577,-5.4285683622874785,-5.5302753273863345,-6.6961532067507505
420,-3.381683826446533,-1.3269962072372437,-4.733246326446533,-8.092620849609375,-7.163080800703028,-5.697117280215025,-6.553621886174369,-6.3582656381640845,-5.7567788317392115,-6.89926808513701
421,-4.101779937744141,-2.0158424377441406,-5.648654937744141,-8.34396743774414,-6.6878257931166445,-5.980169415473938,-6.570584176501143,-6.60960209365021,-6.695619221514789,-7.734406713396311
422,-2.973456621170044,-1.246894121170044,-4.660956382751465,-7.520331382751465,-6.707979906495893,-5.4297342747449875,-6.161020157684106,-6.457851648125143,-5.872000211784325,-7.288980385288596
423,-3.9769465923309326,-2.0081965923309326,-5.726946830749512,-8.516009330749512,-7.0786273409830756,-6.321590315550566,-6.773886440096248,-6.50039732447749,-6.742699734139023,-7.801136884838343
424,-3.9214627742767334,-2.1714627742767334,-5.6324005126953125,-8.460525512695312,-7.187192911369493,-6.04528321325779,-7.0621440394934325,-6.42147588721582,-6.788759702445532,-7.705258226022124
425,-4.023609161376953,-1.922046422958374,-5.797046661376953,-8.312671661376953,-7.125313987140544,-6.679367899894714,-6.742429373181949,-6.54705929748161,-6.906554332512314,-7.643339416012168
426,-3.693119525909424,-2.044682025909424,-5.279057025909424,-7.802494525909424,-6.435526227767696,-5.829270914196968,-6.201030368734791,-6.052515744937409,-6.310513713455293,-7.420404078438878
427,-3.872633695602417,-1.903883695602417,-5.677321434020996,-8.091383934020996,-7.247813447102089,-6.641018241643906,-6.919593688231544,-6.591398000618028,-6.966528166856733,-7.772702224552631
428,-3.9236559867858887,-1.8689683675765991,-5.845530986785889,-8.40021800994873,-7.212800499415607,-6.83257932215929,-6.954939364830352,-6.603350758526176,-6.845609423420683,-7.58500736951828
429,-4.236527442932129,-2.384964942932129,-5.611527442932129,-8.259964942932129,-6.76009427664394,-6.155940964818001,-6.478771446538303,-6.2052886485425915,-6.728860725270351,-7.660354908555746
430,-2.783799648284912,-1.2056747674942017,-4.346299648284912,-7.346299648284912,-6.385525690056966,-5.46024171449244,-5.971358535938634,-6.713510870651589,-5.518310537634534,-7.366496855393052
431,-3.5297722816467285,-1.6938347816467285,-5.5141472816467285,-8.60008430480957,-7.240772006960469,-6.585508577525616,-6.873552321936586,-6.225092053387016,-6.623586175781384,-7.378456074744463
432,-2.958697557449341,-1.4352600574493408,-4.474322319030762,-7.255572319030762,-6.4433643391530495,-5.378387667238712,-5.997879855582141,-6.185298680502456,-5.857375711988425,-7.083029372617602
433,-3.2744922637939453,-1.5323046445846558,-5.696367263793945,-7.211992263793945,-6.790179131501645,-6.000388108193874,-6.329225062298065,-6.672943830390977,-6.618279814014386,-7.502579118125141
434,-3.8962175846099854,-1.7555925846099854,-5.568092346191406,-8.497779846191406,-6.8104052465059794,-6.308995086699724,-6.677509426186589,-6.482166647841041,-6.529149644353311,-7.606619729660451
435,-4.011875152587891,-2.0196878910064697,-6.207187652587891,-8.09000015258789,-7.316678874893114,-6.768777996301651,-7.0197387920670735,-6.613447427701431,-7.043225164183241,-7.809808969497681
436,-3.9872283935546875,-1.916915774345398,-5.7606658935546875,-8.635665893554688,-6.862304088586825,-6.52614589035511,-6.768512010010454,-6.385673642128495,-6.635739442979684,-7.6248698104172945
437,-4.020963191986084,-2.036588191986084,-5.919400691986084,-8.474088668823242,-7.177325719225337,-6.536376088857651,-6.981956480376539,-6.606911778388167,-6.966387504049635,-7.821616837754846
438,-3.947878837585449,-1.7916288375854492,-5.705691337585449,-8.58069133758545,-7.22139107901603,-6.502278961241245,-6.893231867921713,-6.752577304780061,-6.79952621099801,-7.637696221470833
439,-4.089691162109375,-2.081878662109375,-5.777191162109375,-8.425628662109375,-6.902322402922437,-6.19871573895216,-6.855382321075012,-6.339703440590711,-6.738269795954693,-7.687862653285265
440,-4.021518707275391,-1.9902688264846802,-6.044956207275391,-8.62308120727539,-7.513800020584313,-6.925789289176464,-7.255933641590673,-6.716839551891098,-7.052857275855786,-7.926701165735722
441,-2.843945026397705,-1.2033199071884155,-4.508007526397705,-7.570507526397705,-6.814095366149559,-5.68747216463089,-6.165553806993557,-6.782709836799768,-5.728135696379468,-7.432061413303018
442,-3.6380770206451416,-1.8255770206451416,-5.7787017822265625,-7.6927642822265625,-6.669455639159423,-6.251159086823463,-6.856876133653714,-6.208398938132632,-6.70848464511073,-7.445054968819022
443,-4.0379109382629395,-2.3738486766815186,-5.9363484382629395,-7.9207234382629395,-6.897457823288278,-5.972630590200424,-6.569250341235602,-6.491050481690763,-6.780238022605772,-7.9601774625480175
444,-4.089353084564209,-1.995603084564209,-5.948728084564209,-8.62841510772705,-7.558202023377817,-6.75997618958354,-7.175342558464763,-6.901862621261898,-7.136335605566273,-7.940785733051598
445,-3.950319290161133,-1.9659442901611328,-5.676881790161133,-8.411256790161133,-7.083297596531338,-6.139638118445873,-6.778519508392492,-6.380020499135753,-6.606746657853364,-7.681195078417659
446,-3.9955716133117676,-1.8940091133117676,-5.940884113311768,-8.136197090148926,-7.0816155615393654,-6.462233506143093,-6.894056557484873,-6.292456746050448,-6.737862462425255,-7.683763997629285
447,-2.837614059448242,-1.1266766786575317,-4.642301559448242,-7.595426559448242,-6.774410712489043,-5.708896839991212,-6.196195957854798,-6.727399587434775,-5.7040733013127465,-7.492239034734666
448,-2.549384593963623,-1.338447093963623,-4.408759593963623,-6.658759593963623,-6.13561649757321,-4.877579914405942,-5.432360635735677,-6.28380429644676,-5.416804405889707,-7.2922690119594336
449,-3.8954224586486816,-1.9344849586486816,-5.770422458648682,-8.21573543548584,-7.12993120252213,-6.467767246067524,-6.778305051251664,-6.411061644453184,-6.856475465778203,-7.760252011939883
450,-4.051275253295898,-1.8325250148773193,-5.863775253295898,-8.520025253295898,-7.152977456818917,-6.63943238556385,-6.832601425128814,-6.512226581477989,-6.8873546022950904,-7.74311413243413
451,-4.242680072784424,-2.234867572784424,-6.609867572784424,-8.789554595947266,-7.109941837414226,-7.0997719168663025,-6.680220245507371,-5.875502586314724,-7.539615629269974,-7.568004279397428
452,-3.6486475467681885,-1.7580225467681885,-5.648647785186768,-8.14083480834961,-6.9769109392073005,-6.357482120394707,-6.750265239159489,-6.41428399079723,-6.640956156101311,-7.6513760685920715
453,-2.76108980178833,-1.34702730178833,-4.65171480178833,-7.28452730178833,-6.612853149272269,-5.48299103602767,-6.034632558054,-6.0111207957234,-5.886276466117124,-7.1270447447896
454,-3.554915428161621,-1.9377280473709106,-5.461165428161621,-7.640852928161621,-6.50824127564556,-5.8008118867874146,-6.09407770136022,-5.8283714054305165,-6.352007246357971,-7.366486079990864
455,-3.759986400604248,-1.7912362813949585,-5.666236400604248,-8.11154842376709,-6.939779395259393,-6.39755866676569,-6.760037063268101,-6.4474971293830095,-6.744464153729496,-7.612481914460659
456,-4.058794021606445,-1.8087937831878662,-5.738481521606445,-8.543169021606445,-6.902613160600595,-6.463209167122841,-6.886958240695094,-6.441617131176827,-6.847959036342218,-7.566677832975984
457,-3.0230889320373535,-1.319963812828064,-4.7262139320373535,-7.5543389320373535,-6.429515942159924,-5.471065927296877,-5.9763055997827905,-6.202799915990909,-5.7888976166868815,-7.174757516011596
458,-3.9192919731140137,-1.9739795923233032,-5.747416973114014,-8.348979949951172,-7.2397109213416115,-6.506042078137398,-6.888095496651658,-6.481803178724476,-6.864713662864233,-7.600372476503253
459,-3.8184916973114014,-1.7638041973114014,-5.5919294357299805,-7.8653669357299805,-6.795211183663923,-6.044011622667313,-6.560757753162761,-6.216945409647451,-6.693622222999693,-7.661888908594847
460,-4.013479232788086,-1.8806664943695068,-5.818166732788086,-8.490041732788086,-7.1073641685943585,-6.561850093305111,-7.013536094003939,-6.747868537800969,-7.021445143371238,-8.017018167302012
461,-2.9722371101379395,-1.33942449092865,-4.9409871101379395,-7.1831746101379395,-6.308369259961182,-5.630256079137325,-5.855120060346962,-6.2378845212333545,-5.753617993366788,-7.246076801791787
462,-4.027927398681641,-1.9498023986816406,-5.848239898681641,-8.44198989868164,-7.246784681286954,-6.632407948374748,-6.9967305646132445,-6.7232484817141085,-6.895222062092216,-7.918748565018177
463,-3.7543210983276367,-1.7074460983276367,-5.754321098327637,-8.082446098327637,-7.2075548112916294,-6.425388857722282,-6.801254389971291,-6.324645280769801,-6.723159070912516,-7.492622984573245
464,-3.146782875061035,-1.3342828750610352,-4.842095375061035,-7.787407875061035,-6.764115323050646,-5.793062064796686,-6.43591415645642,-6.459300756294397,-5.787564861369901,-7.358736164867878
465,-3.7109148502349854,-1.7031023502349854,-5.507789611816406,-8.039039611816406,-6.961040727284853,-6.356786876916885,-6.757845996220567,-6.273423314056345,-6.546945209935075,-7.42658332362771
466,-3.589022159576416,-1.6437097787857056,-5.878084659576416,-8.424960136413574,-7.19842052432432,-6.751219257712364,-6.932789683189185,-6.315589547145464,-7.02655756410968,-7.4415121879428625
467,-4.485428810119629,-2.141678810119629,-6.618241310119629,-8.961991310119629,-7.790266383351991,-7.087481677532196,-7.548002121147874,-6.743256330377335,-7.766775960968516,-8.290125729516149
468,-3.749908685684204,-1.835846185684204,-5.757721424102783,-8.195220947265625,-6.976607671036618,-6.307106666266918,-6.898407576598402,-6.43742167941582,-6.828150623186957,-7.6769261956214905
469,-3.846040725708008,-1.7210407257080078,-5.713228225708008,-8.392915725708008,-7.439904444901913,-6.65010093152523,-7.103905557218241,-6.510112523988937,-6.89299606953864,-7.650234089232981
470,-3.072812080383301,-1.4009370803833008,-4.869687080383301,-7.604062080383301,-6.5333619059674675,-5.6492264829576015,-6.033312795825623,-6.439524650362728,-5.572420830067131,-7.274930014275014
471,-3.9307479858398438,-1.8369981050491333,-5.258872985839844,-8.672935485839844,-6.95428859655658,-6.107127446681261,-6.438618300675444,-6.102636217983672,-6.563686005349155,-7.423710431903601
472,-3.9011645317077637,-1.8542896509170532,-5.846477031707764,-7.526164531707764,-6.627911193107138,-6.447856709361076,-6.4481162995434715,-6.010552406228271,-6.682542315902538,-7.19557442702353
473,-3.9362130165100098,-1.8815255165100098,-5.74090051651001,-8.897150039672852,-7.1237913339427905,-6.305709846317768,-6.772186278656591,-6.350284099542478,-6.897226569148188,-7.802305483259261
474,-3.6028294563293457,-1.7825169563293457,-5.423141956329346,-8.118454933166504,-6.6810833132622065,-6.14367188513279,-6.391950128770986,-6.259093046095586,-6.243613707265467,-7.4008408803492785
475,-4.12274694442749,-1.9586844444274902,-5.84149694442749,-8.677433967590332,-7.068170422120602,-6.644928462803364,-6.9352899780533335,-6.739945053997872,-7.013484948445694,-7.983307134360075
476,-3.807079315185547,-1.7992669343948364,-5.697704315185547,-8.244579315185547,-7.0494222520210315,-6.334657594561577,-6.658700702839269,-6.361779689706054,-6.658770433743484,-7.69574361294508
477,-3.6409964561462402,-1.7503714561462402,-5.62537145614624,-7.96130895614624,-6.977015253578429,-6.7217303812503815,-6.80508995008131,-6.508189678175768,-6.617623207886936,-7.722349035553634
478,-3.1593081951141357,-1.2452456951141357,-4.792120933532715,-7.706183433532715,-6.698578574549174,-5.723123874515295,-6.081251857322059,-6.831213831439527,-5.823553545487812,-7.359862444922328
479,-3.9777209758758545,-2.0245959758758545,-5.633971214294434,-8.227721214294434,-6.845019453590794,-6.190344296395779,-6.477775929863128,-6.204296946438262,-6.649699205816432,-7.48055705241859
480,-3.050811767578125,-1.2773743867874146,-4.722686767578125,-7.636749267578125,-6.722889998767641,-5.571850463747978,-6.324321982603578,-6.46489977804049,-5.925958861029358,-7.281871702522039
481,-3.770472288131714,-1.7079722881317139,-5.598597526550293,-8.418910026550293,-7.200239535988658,-6.418835833668709,-6.84082293438405,-6.278295755329054,-6.747116681581247,-7.584136381745338
482,-3.532381534576416,-1.6730064153671265,-5.758944034576416,-7.805819034576416,-6.860615724326635,-6.1917982548475266,-6.3761799323765445,-6.055831789889453,-6.5715402318455745,-7.261218445375562
483,-3.84383487701416,-1.9453973770141602,-5.78133487701416,-8.06258487701416,-7.1174080279888585,-6.590807415544987,-6.789206264667882,-6.312595248168691,-6.836138956903596,-7.635752290487289
484,-3.701496124267578,-1.4905586242675781,-5.568683624267578,-8.271808624267578,-6.756326188420644,-6.2077106684446335,-6.412481068440684,-6.8655682801736475,-6.396894928067923,-7.734719322994351
485,-2.741211414337158,-1.0771490335464478,-4.530273914337158,-7.811523914337158,-7.061590073302796,-5.8913960717618465,-6.428738236067147,-7.0224709510348475,-5.467843053331308,-7.376927332952619
486,-2.900585174560547,-1.2599601745605469,-4.720897674560547,-7.275585174560547,-6.494552111937082,-5.497201807796955,-6.080359097562905,-6.517798304228563,-5.689849475529627,-7.475763771682978
487,-3.8418214321136475,-1.8730714321136475,-5.849634170532227,-8.193384170532227,-6.9044383696164005,-6.267352759838104,-6.7090657933404145,-6.2480825185184585,-6.904436700882798,-7.711532609537244
488,-3.3473825454711914,-1.5817575454711914,-5.472382545471191,-7.675507545471191,-6.464735136702075,-6.024359405040741,-6.33182155880786,-6.034896135237432,-6.261553758435184,-7.12726659886539
489,-3.936239004135132,-1.8737390041351318,-5.647176742553711,-8.248739242553711,-6.998893964235322,-6.221166409552097,-6.6863086199518875,-6.412816285981535,-6.71761678835901,-7.786439528688788
490,-3.872706413269043,-2.083643913269043,-5.568018913269043,-8.138331413269043,-6.818233824524214,-6.020886454731226,-6.693131917287246,-6.466479301190702,-6.583889811794506,-7.852076355367899
491,-2.7172393798828125,-1.6703643798828125,-5.1938018798828125,-6.7563018798828125,-6.225380366726313,-5.2501127906143665,-5.2486218126286985,-5.545401095670968,-6.2096245093562175,-7.007868260145187
492,-2.99544620513916,-1.1673212051391602,-4.67513370513916,-7.70638370513916,-6.88623248229851,-5.584388926625252,-6.354882476836792,-6.378281116234575,-5.784645428851945,-7.200978158041835
493,-3.988729476928711,-1.949666976928711,-5.910604476928711,-8.605916976928711,-7.285728208516957,-6.331213138997555,-7.098170516692335,-6.582491397786725,-6.9654033122060355,-7.84343789331615
494,-4.06005334854126,-1.8959910869598389,-5.87255334854126,-8.731928825378418,-6.982067813689355,-6.3943844102323055,-6.8804390403674915,-6.396007180081142,-6.896108381995873,-7.7440801952034235
495,-2.8708410263061523,-1.355216145515442,-4.761466026306152,-7.378653526306152,-6.691297163182753,-5.760656967759132,-6.136512159235281,-6.714607715466627,-5.7693967749291915,-7.428234688937664
496,-3.345896005630493,-1.3380835056304932,-5.041208744049072,-8.189645767211914,-7.299138777503686,-6.161883689463139,-6.697502135288232,-6.6740385292469,-6.189766995768878,-7.591990990564227
497,-3.2111525535583496,-1.17990243434906,-4.77365255355835,-7.89084005355835,-6.867491956531012,-5.799476679414511,-6.328379153441347,-6.211167216193644,-5.719040510193736,-7.0901738768443465
498,-3.7574846744537354,-1.7809221744537354,-5.5856099128723145,-8.499671936035156,-7.085691210304503,-6.34310320019722,-6.710648535936343,-6.452807187985854,-6.601319667082862,-7.709832286462188
499,-3.1474552154541016,-1.2802678346633911,-4.811517715454102,-7.553705215454102,-6.928942532991641,-5.517049763351679,-6.264733072013769,-6.280292391473267,-6.014841655967757,-7.1926718931645155
500,-3.908010482788086,-1.814260482788086,-5.673635482788086,-8.243947982788086,-6.908207754706382,-6.131785586476326,-6.759680384588137,-6.431465148778443,-6.6504003796726465,-7.7701544892042875
501,-3.3402018547058105,-1.754264235496521,-5.6527018547058105,-8.051138877868652,-6.809059971688839,-5.907357390969992,-6.418372510823247,-6.121465563680431,-6.684049005554698,-7.655630961060524
502,-2.7083916664123535,-1.263079047203064,-4.5912041664123535,-6.8021416664123535,-6.372678135579918,-5.0842797346413136,-5.6381779860312236,-5.958427547764586,-5.599184141436126,-7.012449787929654
503,-4.005041122436523,-1.9425413608551025,-5.989416122436523,-8.661291122436523,-7.33325230704213,-6.545020721852779,-7.044142603113869,-6.583175182301602,-6.864488241459185,-7.944767873734236
504,-4.156375885009766,-2.0704383850097656,-5.867313385009766,-8.523563385009766,-6.968998901429586,-6.608013823628426,-6.859553216519998,-6.625136256164296,-6.742464054201264,-7.969644146040082
505,-2.8355541229248047,-1.2183666229248047,-4.648054122924805,-7.679304122924805,-6.851322640606668,-5.761958364397287,-6.280909179735318,-6.773071408122632,-5.632564177925815,-7.539159560576081
506,-3.734220027923584,-1.929532527923584,-5.687345027923584,-8.148283004760742,-6.703063602835755,-6.262604519724846,-6.2655192601487215,-6.242044091157368,-6.460896604708978,-7.538399065844715
507,-3.7582125663757324,-1.9144625663757324,-5.594150066375732,-8.48477554321289,-6.828619118081406,-6.512933395802975,-6.7269952291862865,-6.555096387824051,-6.67235982058628,-7.741387961432338
508,-3.7278714179992676,-2.2825589179992676,-5.798183917999268,-7.048183917999268,-6.579782544402406,-5.581099566072226,-6.181154357836931,-6.016967415249383,-6.767183272750117,-7.654287852346897
509,-3.7342138290405273,-1.8357762098312378,-6.077963829040527,-8.023276329040527,-6.960898034318234,-6.309884801506996,-6.437389253300353,-6.070164203561035,-7.046801801625406,-7.574507853016257
510,-3.911430597305298,-1.9036180973052979,-5.536430358886719,-8.403617858886719,-7.15381691858056,-6.095376722514629,-6.880270715446386,-6.62238180627628,-6.638156162283849,-7.838876627385616
511,-2.597153663635254,-1.2924660444259644,-4.519028663635254,-7.487778663635254,-6.683276278534322,-5.36701674759388,-6.105068678371026,-6.40967929330327,-5.59732066190918,-7.275682523846626
512,-3.752286434173584,-1.838223934173584,-5.556973934173584,-7.806973934173584,-6.814934004389215,-6.056254856288433,-6.744545576388191,-6.080429076992004,-6.77587889424467,-7.609312357380986
513,-3.814274311065674,-1.9861493110656738,-5.642399311065674,-8.384586334228516,-7.119084708290757,-6.17200743407011,-6.7909026124252705,-6.462723374299458,-6.681577556584671,-7.802771989256144
514,-3.1476526260375977,-1.5851526260375977,-4.999215126037598,-7.374215126037598,-6.499309416140022,-5.9827229753136635,-6.1867458815613645,-6.413286924318527,-5.850880975151085,-7.32265805080533
515,-3.904782295227051,-1.8657197952270508,-6.287594795227051,-8.32665729522705,-7.740746855370162,-6.947539616376162,-7.1704361434585735,-6.6001030206343785,-7.412612676460412,-7.716967300977558
516,-2.6390187740325928,-1.2562062740325928,-4.240581512451172,-6.482769012451172,-6.311130257352488,-5.118166070431471,-5.678212634069496,-6.107803820956178,-5.647036054666387,-7.029314981773496
517,-3.7694339752197266,-2.0116214752197266,-5.605371475219727,-7.495996475219727,-6.886992147396086,-6.2005487978458405,-6.371178372050053,-5.660087465834295,-6.597859218338272,-7.305647322908044
518,-3.753889322280884,-1.7851393222808838,-5.535139560699463,-8.433576583862305,-7.214977729890961,-6.493739500641823,-7.105507014672185,-6.707026004725776,-6.675885312419268,-7.69230205565691
519,-3.5984559059143066,-1.840643286705017,-5.668768405914307,-8.285955429077148,-6.950144878966967,-6.283078219741583,-6.614139078355947,-6.457844376473076,-6.770446770628041,-7.729504283517599
520,-2.8304219245910645,-1.127297043800354,-4.5804219245910645,-7.3538594245910645,-6.736783617459878,-5.61954053863883,-6.182022332424822,-6.439812302471182,-5.541438218824624,-7.203839307650924
521,-3.792116165161133,-1.8077410459518433,-5.643678665161133,-8.370241165161133,-7.362565388873918,-6.545965872704983,-7.120293615873379,-6.753064989979066,-6.776615731112543,-7.872409833595157
522,-2.6420812606811523,-1.181143879890442,-4.267081260681152,-7.470206260681152,-6.501595845023985,-5.294587645679712,-5.868708370027889,-6.345229029395341,-5.423467269225512,-7.035658651962876
523,-3.7219090461730957,-2.0812840461730957,-5.682846546173096,-8.050034523010254,-6.542361368890852,-5.896883837878704,-6.47977983781675,-5.964110493562657,-6.636106124409707,-7.492083238437772
524,-3.591557741165161,-1.9040577411651611,-5.474370002746582,-7.950932502746582,-6.646357887570048,-6.00059512630105,-6.333790778066032,-6.177506089148665,-6.365108245161537,-7.490136841312051
525,-3.515686511993408,-1.7656863927841187,-5.648499011993408,-7.945374011993408,-6.7501790454480215,-6.324904587119818,-6.648545264128188,-6.453198909683124,-6.625153298933583,-7.588720038533211
526,-2.823758602142334,-1.355008602142334,-4.714383602142334,-7.230008602142334,-6.448916303590522,-5.603611491620541,-5.7847439039251185,-6.308154821170319,-5.66762601640221,-7.208531767129898
527,-3.88303279876709,-1.8517827987670898,-5.91428279876709,-8.47678279876709,-7.18783294520108,-6.68721716105938,-7.0158939349748835,-6.45335543150577,-7.0159572300253785,-7.782734962180257
528,-3.20977520942688,-1.3738377094268799,-4.858212471008301,-8.1082124710083,-7.350618219395983,-5.9079083651304245,-6.623921390826581,-6.9051146503570635,-6.100617385120131,-7.6701032519340515
529,-2.8475630283355713,-1.5116255283355713,-4.136625289916992,-6.714750289916992,-6.00410969616496,-4.985545910894871,-5.527374259894714,-5.7069873797518085,-5.355611653998494,-6.852392181754112
530,-3.0369653701782227,-1.4041528701782227,-4.911965370178223,-6.380715370178223,-6.349620211054571,-5.572892285883427,-5.833933110705402,-6.536990284608692,-6.177679534754134,-7.17332861572504
531,-2.9449336528778076,-1.3511836528778076,-4.679308891296387,-7.624621391296387,-6.67165993306844,-5.624865762889385,-6.007497070226236,-6.757456540804924,-5.468551738682436,-7.379273854196072
532,-3.8618927001953125,-1.8931427001953125,-5.6197052001953125,-8.549392700195312,-6.971372598869493,-6.229919243603945,-6.783817290030129,-6.400966763429096,-6.846384280084749,-7.619458200410008
533,-3.8176136016845703,-1.9816761016845703,-5.80198860168457,-8.39573860168457,-7.1537388386932435,-6.365187309682369,-6.919271822160226,-6.45825779419647,-6.794337617233396,-7.7547731548547745
534,-3.8417041301727295,-1.6073291301727295,-5.544829368591309,-8.802641868591309,-7.037112469872227,-6.361688479781151,-6.888619422112242,-6.615153312617622,-6.755861516285222,-7.787462934851646
535,-3.832768678665161,-1.8796436786651611,-5.715580940246582,-8.465580940246582,-6.965684766146296,-6.241275772452354,-6.817194102910435,-6.481216549816963,-6.731309527756821,-7.726850625127554
536,-3.7247209548950195,-1.75597083568573,-5.6778459548950195,-8.24034595489502,-6.490468375341152,-6.279594250023365,-6.38883018384513,-6.193485379115373,-6.662340037881222,-7.4454514142125845
537,-3.791602373123169,-2.010352373123169,-5.44003963470459,-8.11191463470459,-6.690169802779565,-5.935455188155174,-6.416664956028399,-6.080677747640038,-6.541743983703782,-7.529876548796892
538,-2.826904296875,-1.3190919160842896,-4.686279296875,-6.686279296875,-6.366113413547282,-5.373240888118744,-5.905084727659414,-6.05349087686227,-5.733247514195682,-7.054970428347588
539,-3.7957258224487305,-1.959788203239441,-5.6785383224487305,-7.9910383224487305,-6.795858016819693,-6.090594105422497,-6.452041981414368,-6.217616200328848,-6.694308151243604,-7.685352820903063
540,-3.786109685897827,-1.8798596858978271,-5.622047424316406,-8.004859924316406,-6.88783870745101,-6.463970236480236,-6.864305493727443,-6.473626971099293,-6.637821424825233,-7.706249149516225
541,-2.787100315093994,-1.7246004343032837,-4.537100315093994,-6.755850315093994,-5.802926043383195,-5.145538344979286,-5.349690194860159,-5.068386077240575,-5.834129560011206,-6.656887227669358
542,-3.9086217880249023,-1.7758092880249023,-5.635184288024902,-8.330496788024902,-6.97123455365363,-6.370151616632938,-6.69773518909642,-6.541445374426985,-6.596225852321368,-7.6743385177105665
543,-3.860741376876831,-1.977928876876831,-5.829491138458252,-8.38417911529541,-6.978079546024674,-6.792082034051418,-6.727987764519639,-6.524816036147968,-6.876494757016189,-7.691145818680525
544,-3.1898274421691895,-2.0492024421691895,-5.2367024421691895,-6.9710774421691895,-6.377589429874206,-5.6210009679198265,-6.096199385836371,-5.88516604866345,-6.260380954307038,-7.510090488940477
545,-3.887237310409546,-1.707549810409546,-5.918487548828125,-8.363800048828125,-7.215489617854473,-6.4293320924043655,-6.996675608555961,-6.21537733067089,-6.74671601713635,-7.499847257509828
546,-2.953476905822754,-1.4066020250320435,-4.883164405822754,-7.305039405822754,-6.77400848850084,-5.73245994374156,-6.125462406729639,-6.484752654698241,-5.969318604824366,-7.5863734651356936
547,-3.8881900310516357,-1.8178775310516357,-5.794440269470215,-8.536627769470215,-6.903921836899826,-6.393447138369083,-6.771048902399343,-6.380388140624746,-6.880470033203892,-7.632879434153438
548,-3.7080743312835693,-1.6690118312835693,-5.723699569702148,-8.262762069702148,-6.786348331836052,-6.39896497875452,-6.403457639113185,-6.395588397884239,-6.4035079406166915,-7.50678981654346
549,-3.5166940689086914,-1.8448190689086914,-5.524506568908691,-7.712006568908691,-6.7199653280113125,-6.07289207726717,-6.329257128636527,-6.212021231543986,-6.446511856178404,-7.537050496786833
550,-3.145688772201538,-1.575376272201538,-5.372251510620117,-7.176939010620117,-6.380412994505605,-5.785891100764275,-5.88016879009956,-6.8800946469382325,-6.04432485520374,-7.702313710004091
551,-3.573941469192505,-1.7770664691925049,-5.636441707611084,-7.988004207611084,-6.909984702266229,-6.263625346124172,-6.667738555763208,-6.253638744308773,-6.503717537794728,-7.637262621894479
552,-3.460695266723633,-1.7810076475143433,-5.531007766723633,-7.890382766723633,-6.45301937124168,-6.302132770419121,-6.218553065227752,-6.265394687581647,-6.484245174768148,-7.382916379719973
553,-3.868990182876587,-2.064302682876587,-5.767427444458008,-8.408052444458008,-7.072235219398863,-6.2557288110256195,-6.751859782481915,-6.2205647229393435,-6.7519228385936,-7.667879020795226
554,-2.647401809692383,-1.1161516904830933,-4.491151809692383,-7.506776809692383,-6.694415917256265,-5.46420144662261,-6.100582478880824,-6.522423386340961,-5.506898395775352,-7.185556302778423
555,-3.444293975830078,-1.4208563566207886,-5.241168975830078,-7.467731475830078,-6.960153313833871,-6.0293519124388695,-6.48346983743977,-6.108382820735642,-6.5226564125478035,-7.333678141236305
556,-2.4544858932495117,-1.3685485124588013,-4.454485893249512,-6.673235893249512,-6.181294649315532,-5.241168327629566,-5.524916045898863,-5.938899158700224,-5.431217536926852,-6.879869420081377
557,-3.749436378479004,-1.7416239976882935,-5.561936378479004,-8.577561378479004,-6.819826242317504,-6.279603697359562,-6.530717372414074,-6.319757699927322,-6.476079818312428,-7.53505446575582
558,-3.800652027130127,-1.816277027130127,-5.636589527130127,-8.316276550292969,-6.86323940371949,-6.398587562143803,-6.706943034285359,-6.425661921452047,-6.636686439589539,-7.667053679004312
559,-3.824772834777832,-1.7466477155685425,-5.637272834777832,-8.551335334777832,-7.231104728205537,-6.430493175983429,-6.988878845222644,-6.402908205932363,-6.817060346373182,-7.803007932379842
560,-2.696146249771118,-1.1883337497711182,-4.571146011352539,-6.985208511352539,-6.5244519546831725,-5.438807003200054,-6.047773716709344,-6.4774163959336875,-5.524401656206464,-7.200777797028422
561,-3.1459107398986816,-1.7318482398986816,-4.724035739898682,-7.075598239898682,-6.169650270632701,-6.00800734013319,-5.731972925044829,-5.4428189987374935,-6.138316130745807,-6.875825956463814
562,-4.0069379806518555,-2.0147502422332764,-5.6866254806518555,-8.233500480651855,-6.905529606388882,-6.164274670183659,-6.686708923676633,-6.17101526249462,-6.671149242785759,-7.615528501570225
563,-3.3241190910339355,-1.363181710243225,-5.3163065910339355,-7.1834940910339355,-6.753917330330296,-6.045923750847578,-6.300741313105391,-6.558507203969384,-6.20698702181835,-7.401776608079672
564,-3.7502245903015137,-1.9220997095108032,-5.664287090301514,-7.859599590301514,-6.8050615675747395,-6.161778666079044,-6.640930172536173,-6.265864968181631,-6.680085643965867,-7.637835446745157
565,-3.8849966526031494,-1.9474966526031494,-5.96312141418457,-8.23655891418457,-6.799202670255909,-6.365239702165127,-6.80694055317872,-6.306886792064688,-6.791360490969964,-7.568985166028142
566,-4.235708236694336,-1.774770736694336,-6.329458236694336,-8.438833236694336,-7.337338683682901,-6.983923353254795,-7.1966768498350575,-6.5169639587238635,-7.321679829969071,-7.785956176929176
567,-2.682539463043213,-1.3934768438339233,-4.745039463043213,-6.885664463043213,-6.010824905868503,-5.8355637937784195,-5.721654890567152,-5.963807821104638,-5.792032473276777,-6.933523245155811
568,-3.675882577896118,-1.8399450778961182,-5.511819839477539,-8.410257339477539,-6.894724245619727,-6.149579506367445,-6.8243668068353145,-6.64464282984045,-6.504097219243704,-7.67299398034811
569,-2.697849750518799,-1.2994123697280884,-4.588474750518799,-7.166599750518799,-6.2583664590347325,-5.542926471680403,-5.758294462262711,-6.391080140947452,-5.445832964491274,-7.154262683354318
570,-3.772150754928589,-1.6784007549285889,-5.904963493347168,-8.303400993347168,-6.74099099230807,-6.838843606412411,-6.6315686693633324,-6.3580974340038665,-6.717546221174416,-7.65226143784821
571,-2.2808568477630615,-1.5230443477630615,-4.499607086181641,-6.327732086181641,-5.593468421458965,-5.153943505138159,-5.155909894503566,-5.726187825037414,-5.476262684300309,-7.150648212060332
572,-2.980057716369629,-1.2066200971603394,-4.597245216369629,-7.940995216369629,-6.777027602460294,-5.787039851769805,-6.386346101022355,-6.683196782966661,-5.589519496963476,-7.320418533869088
573,-3.9069886207580566,-1.9148011207580566,-5.711676120758057,-8.360114097595215,-7.094638574795681,-6.51443987339735,-6.860187527789094,-6.27419054497841,-6.696184626256581,-7.623614091426134
574,-3.954432487487793,-1.845057487487793,-5.790369987487793,-8.235682487487793,-7.2593594502832275,-6.623621009290218,-6.876401419998729,-6.516946315669884,-6.696781264647143,-7.614132771268487
575,-3.3776254653930664,-1.705750584602356,-4.924500465393066,-7.541687965393066,-6.5575072576612,-5.8768190778791904,-6.276178830106801,-5.854213714268553,-6.237221335817594,-7.295132014900446
576,-3.8662853240966797,-2.0537853240966797,-5.60847282409668,-7.92097282409668,-6.694567548795021,-6.221202880144119,-6.5929162478860235,-6.327234983370545,-6.647726398325176,-7.683165684342384
577,-4.008658409118652,-1.7742831707000732,-5.789908409118652,-8.430533409118652,-6.969685788884817,-6.628474250435829,-6.782142042047781,-6.227419614729115,-6.94626378457906,-7.663738297298551
578,-3.000697135925293,-1.1647595167160034,-4.508509635925293,-7.922572135925293,-6.82897745356604,-5.676735319197178,-6.352313278668589,-6.735090493986718,-5.625837912186398,-7.297940775752068
579,-3.9532461166381836,-1.8829336166381836,-5.554808616638184,-8.742308616638184,-7.250181077113666,-6.501792371273041,-6.742340564218466,-6.476692438086502,-6.836130020456039,-7.562329859472811
580,-3.535762310028076,-1.6685748100280762,-5.840449810028076,-8.020137786865234,-7.028074375979486,-6.643543731421232,-6.731129167987092,-6.363900303756054,-6.871802920744813,-7.531345708295703
581,-2.9262828826904297,-1.1919080018997192,-4.57472038269043,-7.72315788269043,-6.613911143664154,-5.728957574814558,-6.559162256868149,-6.0669254063031985,-5.785767906811088,-6.8304356299340725
582,-3.8741490840911865,-1.8741490840911865,-5.741336822509766,-8.405399322509766,-7.046147100540111,-6.506545044481754,-6.7413978558033705,-6.491348266536079,-6.585211865240126,-7.64965477399528
583,-2.9333698749542236,-1.3474323749542236,-4.6443071365356445,-7.3630571365356445,-6.496102306002285,-5.3813792653381824,-5.871015180484392,-6.292776584115927,-5.464904863678385,-7.0822658240795135
584,-4.09732723236084,-1.9254522323608398,-5.83170223236084,-8.70670223236084,-7.128684634160891,-6.4355431869626045,-6.902068971117842,-6.394212961139601,-6.534963360099937,-7.53462871350348
585,-3.8231823444366455,-1.8153698444366455,-5.838807106018066,-8.495057106018066,-7.307704676233698,-6.58862728625536,-7.018562076198577,-6.643507122915253,-6.799885143889696,-7.649184795096517
586,-4.093726634979248,-1.8202892541885376,-5.765601634979248,-8.726539611816406,-7.148517364897998,-6.533376440405846,-6.953145503037376,-6.546864271083905,-6.843825812189607,-7.6979409866034985
587,-3.821791410446167,-2.040541410446167,-5.626479148864746,-8.290541648864746,-6.720399126861594,-5.972193606197834,-6.564051625486172,-6.407747149305578,-6.76725159988564,-7.760699778795242
588,-3.0935072898864746,-1.3122572898864746,-4.710694789886475,-7.921632289886475,-6.945278503568261,-5.746913470327854,-6.648291106350371,-6.6716552970137855,-5.914029933788697,-7.254261735826731
589,-3.915799140930176,-1.7204865217208862,-5.548611640930176,-8.290799140930176,-7.0096341335447505,-6.263322897255421,-6.556468485803634,-6.345496416043716,-6.62681686556607,-7.524642194621265
590,-3.929307699203491,-2.085557699203491,-5.835557460784912,-8.49962043762207,-7.007553450894193,-6.311369642615318,-6.671544789027394,-6.562129855106832,-6.827854269729869,-7.758453058078885
591,-3.7280609607696533,-1.9233734607696533,-5.556185722351074,-8.220248222351074,-6.845327135786647,-6.2605163007974625,-6.564046500949189,-6.251510024000709,-6.65784966431238,-7.581557298079133
592,-3.7515525817871094,-1.7046775817871094,-5.564052581787109,-8.98592758178711,-7.4234740723295545,-6.64979313313961,-6.9703260657406645,-6.829685091944157,-6.845356343732419,-7.659425309859216
593,-3.696702718734741,-1.9935777187347412,-5.79826545715332,-8.11857795715332,-6.610885851288913,-6.376055091619492,-6.313940523799829,-6.251400947516231,-6.595238799978688,-7.470325008034706
594,-4.010529518127441,-2.0105292797088623,-5.744904518127441,-8.479279518127441,-7.18255852466973,-6.31492967903614,-7.135612961152219,-6.604294299970206,-6.74506543771713,-7.859246868640184
595,-3.8414134979248047,-1.9664134979248047,-5.778913497924805,-8.372663497924805,-7.060312021669233,-6.291398718953133,-6.880551931360969,-6.52892839897504,-6.833756553955027,-7.8189264461398125
596,-3.776803731918335,-1.729928731918335,-5.768991470336914,-8.354928970336914,-6.972222918564512,-6.3616931810975075,-6.940912960879359,-6.433066129610779,-6.745643730901065,-7.732675161212683
597,-3.9810824394226074,-1.6842074394226074,-6.004519939422607,-8.434207916259766,-7.129625910863979,-6.745828703045845,-7.074880598815071,-6.207654356911917,-7.199913021657267,-7.575925370678306
598,-4.275622367858887,-1.8068724870681763,-6.088122367858887,-8.603747367858887,-7.447635045115021,-6.9047302305698395,-7.13505768594041,-6.650637864946475,-7.142907733898028,-7.827451756224036
599,-3.2818360328674316,-1.3443360328674316,-4.813086032867432,-7.859961032867432,-6.664746398906573,-5.662178445607424,-6.383454559665552,-6.383414983614784,-5.899147383650416,-7.1327563198283315
600,-3.7241156101226807,-1.9272406101226807,-5.739740371704102,-7.895990371704102,-6.966572486766381,-6.474806748330593,-6.724226111000462,-6.67726206756015,-6.943072297624894,-7.775386253371835
601,-3.480062961578369,-1.7066255807876587,-5.691000461578369,-8.112875938415527,-6.691189032891998,-5.947992295026779,-6.769210215788917,-6.3316458461595175,-6.753668294171803,-7.567954163998365
602,-3.7895708084106445,-1.8520708084106445,-5.7973833084106445,-8.500508308410645,-7.078737730298599,-6.280064627528191,-6.680245636653126,-6.430209159761944,-6.899077406807919,-7.661424906924367
603,-3.687164068222046,-1.937164068222046,-5.796539306640625,-8.023101806640625,-6.773262845425052,-6.231771692633629,-6.63255870006833,-6.3590561150085705,-6.726397261401871,-7.694859758019447
604,-3.435039758682251,-1.567852258682251,-5.669414520263672,-7.997539520263672,-7.310180773289176,-6.4219943061470985,-6.9663416133662395,-6.591298818544601,-6.6929469063543365,-7.7431235034018755
605,-3.409133195877075,-2.323195695877075,-5.416945457458496,-6.541945457458496,-5.628218951984309,-6.326293796300888,-5.34675430515199,-5.791960358508732,-6.042221031355439,-6.944749413058162
606,-2.6992430686950684,-1.2617429494857788,-4.410180568695068,-6.464868068695068,-5.879198038572213,-5.0437198504805565,-5.863435736770043,-5.839905022890889,-5.3556872417684644,-6.940863179042935
607,-3.2148423194885254,-1.2539048194885254,-4.808592319488525,-8.152342796325684,-7.214904187196225,-6.147089585661888,-6.761743902807211,-6.753914117769455,-5.871158359252149,-7.583097252994776
608,-3.1005048751831055,-1.295817255973816,-5.1942548751831055,-6.7958173751831055,-6.9912378729641205,-5.72753968462348,-6.303698298972449,-6.61614966372872,-6.52242767696589,-7.434821907430887
609,-3.881826877593994,-1.9287018775939941,-5.842764377593994,-7.686514377593994,-6.460167027209536,-5.996101938188076,-6.483482833311427,-5.850595116449767,-7.038265568102361,-7.443996798247099
610,-3.7725884914398193,-1.8350884914398193,-5.671026229858398,-8.233526229858398,-7.014910212121322,-6.360119231045246,-6.866399763152003,-6.366351842793847,-6.741464010978234,-7.71591299213469
611,-3.960616111755371,-1.702803611755371,-5.702803611755371,-9.140303611755371,-7.499756452394649,-6.639720853418112,-7.351275681852712,-6.74187517162045,-6.968505975593871,-7.8489333195611835
612,-2.982130765914917,-1.224318265914917,-4.529006004333496,-7.630568504333496,-6.857246630657755,-5.629599217325449,-6.310319898468151,-6.849336743189269,-5.622914182546083,-7.305187119171023
613,-2.593001127243042,-1.600813627243042,-4.647688865661621,-6.413313865661621,-5.9603959107626,-5.21254849806428,-5.5618588866636856,-5.6555261608864384,-5.483794794199639,-7.0731426775455475
614,-3.936458110809326,-1.9208332300186157,-5.733333110809326,-8.506771087646484,-7.045902607409516,-6.4528283551335335,-6.873994230572862,-6.538028955425034,-6.530287739442429,-7.683941969648004
615,-3.8104727268218994,-1.7010977268218994,-5.6464104652404785,-8.38078498840332,-6.9277781178898294,-6.460133645683527,-6.7323936213579145,-6.529235243721814,-6.584024422831135,-7.554249169304967
616,-3.939751625061035,-2.111626625061035,-6.010064125061035,-8.135064125061035,-7.221120231268287,-6.44655379652977,-7.0335639695767895,-6.447577953243126,-6.908633342653047,-7.84329566732049
617,-4.103597640991211,-1.861410140991211,-5.877035140991211,-8.634847640991211,-7.267781250295229,-6.308360159397125,-7.3224043830014125,-6.377047061849225,-6.90839433074143,-7.745636153966188
618,-3.2192323207855225,-1.3129823207855225,-4.859857082366943,-8.008295059204102,-7.180444679572247,-5.898368373513222,-6.688101165353146,-6.641133665685629,-6.01640637210221,-7.429625727236271
619,-3.899509906768799,-2.055759906768799,-5.790134906768799,-7.376072406768799,-6.509031642635819,-6.256182864308357,-6.298011062506703,-5.891714215136744,-6.969967473953147,-7.378856984898448
620,-3.767460346221924,-1.8690228462219238,-5.673710346221924,-8.314335823059082,-7.353550780040678,-6.425533056259155,-6.970657346042572,-6.634660005495789,-6.884779087034985,-7.835321983322501
621,-2.816018581390381,-1.2457060813903809,-4.917581081390381,-6.800393581390381,-6.191123718454037,-5.29752959869802,-5.862955925906135,-6.933234095180524,-5.823885916161089,-7.212220974266529
622,-3.404287815093994,-1.8261628150939941,-5.544912815093994,-7.896475315093994,-6.709168057932402,-6.035299077630043,-6.591866490132816,-6.33399534205455,-6.701300253960653,-7.609239712357521
623,-4.008195400238037,-1.805070400238037,-5.687882900238037,-8.461320877075195,-7.008267638455436,-6.594290152192116,-6.9300996060883335,-6.719142317727346,-6.641092416051833,-7.654166997410357
624,-3.729508399963379,-1.862320899963379,-5.588883399963379,-7.956070899963379,-6.800043677314534,-6.246343947947025,-6.682734484333196,-6.463903546129586,-6.690665697737131,-7.718845358118415
625,-3.774174690246582,-1.828862190246582,-5.656987190246582,-8.086674690246582,-7.032113186534843,-6.427923507988453,-6.696117875631899,-6.524188280012822,-6.711802832025569,-7.693816978484392
626,-3.9881181716918945,-2.0584306716918945,-5.4099931716918945,-8.097493171691895,-6.433605774800526,-6.147522985935211,-6.6522723394373315,-5.972512483409446,-6.503950693528168,-7.379040056839585
627,-2.9847941398620605,-1.22698175907135,-4.8676066398620605,-7.5629191398620605,-7.063078033213969,-6.034323878586292,-6.336413143468235,-6.898876189994553,-6.04743825350306,-7.542180428281426
628,-3.0528011322021484,-1.044988751411438,-5.232488632202148,-7.443426132202148,-6.920138586239773,-6.596442248672247,-6.404391765197943,-7.021557331066106,-6.2950662344373995,-7.705825622193515
629,-3.820857048034668,-1.8677321672439575,-5.914607048034668,-8.320857048034668,-7.235059489947162,-6.599251426756382,-6.906870481470833,-6.508371233839171,-7.024082894007734,-7.718338157981634
630,-3.3798675537109375,-2.0204925537109375,-5.3486175537109375,-7.4814300537109375,-6.309720740900957,-5.708668943494558,-6.215879437542753,-6.083010434944299,-6.4269379186443985,-7.575526297092438
631,-4.06220006942749,-1.8278250694274902,-5.98407506942749,-8.921575546264648,-7.382615441754751,-6.648263290524483,-7.249757526653411,-6.710648536622102,-7.031056875246577,-7.88350385427475
632,-2.9099631309509277,-1.1130880117416382,-4.769338130950928,-7.425588130950928,-6.707004056515871,-5.693526554852724,-6.144387720785744,-6.472484111565791,-5.902262562209216,-7.035145569592714
633,-3.8325839042663574,-2.0435214042663574,-5.824771404266357,-8.4810209274292,-6.942044135277683,-6.458151988685131,-6.668561696194956,-6.606030344923056,-6.67642259204149,-7.807872535660863
634,-2.9483461380004883,-1.3780337572097778,-4.831158638000488,-7.729596138000488,-6.5501386854593875,-5.620258513838053,-6.104671475433861,-6.573372125287278,-5.83134184590017,-7.283254513517022
635,-2.931962013244629,-1.244462013244629,-4.658524513244629,-7.853837013244629,-6.861746544898779,-5.724270809441805,-6.291394947282242,-6.674168109720995,-5.666458837717073,-7.189553691074252
636,-3.881894588470459,-1.819394588470459,-5.788144588470459,-8.436582565307617,-7.21015690814238,-6.576283328235149,-6.960082648198295,-6.592843651704243,-6.905458442328381,-7.736816259101033
637,-3.1602327823638916,-1.4492952823638916,-5.1211700439453125,-7.5742950439453125,-6.925945635732205,-5.979601074010134,-6.191522955079563,-6.355558752919933,-5.824381586142408,-7.127736055292189
638,-3.5706143379211426,-1.5940518379211426,-5.351864337921143,-7.867489337921143,-6.406745891814353,-5.88043575361371,-6.000367400883988,-6.4143837688461645,-6.227031574569992,-7.317015558481216
639,-3.938267946243286,-1.8601429462432861,-5.875767707824707,-8.360142707824707,-7.344676720371353,-6.592713162302971,-7.118017075532407,-6.508591175019319,-7.047735090753122,-7.66995519772172
640,-2.9658913612365723,-1.2862039804458618,-4.895578861236572,-7.512766361236572,-6.692687722519622,-5.602715961635113,-6.200343725075072,-6.754981040585335,-5.79418633923342,-7.4859900791198015
641,-4.001767635345459,-1.923642635345459,-6.017392635345459,-8.283018112182617,-7.197320074861636,-6.461824715137482,-6.962812179561297,-6.400224566270481,-7.0722005294810515,-7.721238058060408
642,-4.145068645477295,-2.020068645477295,-5.981006145477295,-8.512256622314453,-7.457702627740218,-6.430069334805012,-7.262351746758213,-6.723206519997802,-6.895201316612656,-7.947233255952597
643,-2.988464832305908,-1.6212774515151978,-4.918152332305908,-6.957214832305908,-6.355871176609071,-5.544445175677538,-5.644859899490257,-6.011933564652281,-5.769914368749596,-7.081241425126791
644,-3.560835361480713,-2.053022861480713,-5.428022861480713,-7.513960361480713,-6.459414233700954,-5.848475389182568,-6.248407480503374,-6.146786689662804,-6.264064187380427,-7.231260681524873
645,-3.874051570892334,-2.100614070892334,-5.647489070892334,-8.334989547729492,-6.936732990972814,-5.968993455171585,-6.764794581125898,-6.3896951673687,-6.561763860096107,-7.773600982502103
646,-2.6557352542877197,-1.3432352542877197,-4.640110015869141,-6.897922515869141,-6.132522915228037,-5.413535378873348,-5.593347185516905,-6.3198224302996096,-5.4215056790126255,-7.166619138792157
647,-4.072864055633545,-1.7759889364242554,-5.885364055633545,-8.760363578796387,-7.174524064081197,-6.689030483365059,-6.901063558667374,-6.354126334114881,-6.932336802470672,-7.5951426057145
648,-2.626401662826538,-1.274839162826538,-4.446714401245117,-7.556089401245117,-6.689049233071273,-5.539266441017389,-5.962413785076933,-6.90767157058508,-5.517220001653186,-7.614832254126668
649,-3.689692974090576,-2.181880474090576,-5.580317974090576,-6.775630474090576,-6.346220335632097,-5.443250857293606,-5.822730635089101,-5.720975160082162,-6.564956272748532,-7.619686726480722
650,-3.8040213584899902,-1.8352713584899902,-5.82745885848999,-8.077459335327148,-6.960532631113892,-6.455792665481567,-6.694760435275384,-6.460292100691731,-6.929234124429058,-7.7698576636612415
651,-3.9960687160491943,-1.8007562160491943,-5.855443477630615,-8.542943954467773,-7.269643297302537,-6.666039638221264,-7.035194752563257,-6.511706590566064,-6.863368266473117,-7.725309399887919
652,-2.7777631282806396,-1.3246381282806396,-4.449638366699219,-7.652763366699219,-6.38736030975997,-5.152025122195482,-5.996646514613531,-6.223109602360637,-5.684213260698016,-6.924966560676694
653,-3.8550071716308594,-2.0268821716308594,-5.995632171630859,-8.30031967163086,-6.964502565766452,-6.605456702411175,-6.698819039338559,-6.448772191888565,-6.886360163152858,-7.750787518918514
654,-4.141040325164795,-1.8754150867462158,-5.953540325164795,-8.984789848327637,-7.305197592060722,-6.6970232129096985,-7.1801514613725885,-6.687924742654104,-7.000510092060722,-7.868387386202812
655,-3.8827197551727295,-1.8749072551727295,-5.913969993591309,-8.484282493591309,-7.109402887726901,-6.460241377353668,-6.96089994756403,-6.531168460785921,-6.976574296277249,-7.8619478065520525
656,-3.6130330562591553,-1.5505330562591553,-5.316158294677734,-7.769283294677734,-6.433583946476574,-5.905920524150133,-6.058429476099263,-6.597427248774693,-6.128853421250824,-7.4630804639309645
657,-3.555314540863037,-1.336564540863037,-5.610002040863037,-8.000627517700195,-7.164723991754727,-6.067801931872964,-7.172533869237668,-7.4928241967691065,-7.024078369045128,-8.0479396302253
658,-3.6381027698516846,-1.6927902698516846,-5.5912275314331055,-8.411540031433105,-6.771015519814682,-6.379154320806265,-6.567828773702786,-6.450612783379256,-6.763188477634685,-7.581772581674159
659,-3.6545653343200684,-1.7639402151107788,-5.724877834320068,-8.13112735748291,-6.912564737023786,-6.279281452298164,-6.764022704548552,-6.131144523480543,-6.818757764005568,-7.551132902503014
660,-3.64216947555542,-1.83748197555542,-5.62654447555542,-8.243731498718262,-7.165754664965789,-6.279820870608091,-6.728178260171262,-6.595309495813126,-6.74388467099925,-7.881334539502859
661,-3.430429458618164,-1.758554458618164,-5.805429458618164,-7.961679458618164,-6.703972214883834,-6.125659875571728,-6.383600591547292,-5.907003045020247,-6.7430216031571035,-7.3884419947862625
662,-3.104311466217041,-1.190248966217041,-5.010561466217041,-8.018373489379883,-7.112214203574695,-5.997702267020941,-6.705911635643133,-6.409013271229924,-6.088768717243511,-7.210165266878903
663,-3.8903636932373047,-1.8903638124465942,-5.726301193237305,-8.515363693237305,-7.0857551066728774,-6.280725717544556,-6.890403389141284,-6.405998587559225,-6.656100862885069,-7.654513390734792
664,-3.9498233795166016,-1.9420108795166016,-5.895135879516602,-8.785760879516602,-7.496783729722665,-6.477668799459934,-7.23111617473478,-6.770145177797531,-6.965535994502716,-7.951800560578704
665,-4.129974365234375,-1.911224365234375,-5.801849365234375,-9.028411865234375,-7.3175500602665124,-6.415732376277447,-7.262826799549657,-6.700296282723684,-7.005070324106782,-7.848638763651252
666,-3.999443769454956,-1.976006269454956,-5.851006507873535,-7.265069007873535,-7.241783845747705,-7.1410628743469715,-6.601066349147004,-5.804144978432305,-7.249556654307526,-7.931768260896206
667,-3.0166335105895996,-1.4463211297988892,-4.8447585105896,-7.2744460105896,-6.51677583635319,-5.61044804006815,-6.149533744777727,-5.985405087238178,-5.680815570362029,-6.970937019214034
668,-3.0621228218078613,-1.4058727025985718,-4.921497821807861,-7.343372821807861,-6.663869125637575,-5.821639362722635,-6.171550868533814,-6.499644398456439,-5.656014432417578,-7.173899974673986
669,-3.0213732719421387,-1.2948107719421387,-4.685435771942139,-7.708873271942139,-6.896480554547452,-5.680633679032326,-6.419875500490889,-6.333892106831627,-5.990233892043761,-7.21646624058485
670,-3.623591899871826,-1.7876545190811157,-5.584529399871826,-8.412654876708984,-6.944001789117465,-6.210984207689762,-6.725195287821407,-6.264228105482289,-6.647135848099424,-7.647218057885766
671,-3.9554734230041504,-1.9242234230041504,-5.89297342300415,-8.478910446166992,-6.947785250566085,-6.4306773245334625,-6.900833128769591,-6.471111059108807,-6.869644159181917,-7.664517775177956
672,-3.767347574234009,-1.8845350742340088,-5.72828483581543,-8.00172233581543,-7.0878586571488995,-6.554680921137333,-6.822124238788092,-6.34548592558167,-6.892507182696136,-7.521168889477849
673,-3.88828182220459,-1.9117192029953003,-5.77109432220459,-8.79453182220459,-7.169577120708709,-6.39695093780756,-7.130497932024809,-6.513288378694142,-6.80240213704019,-7.736498709768057
674,-4.367613792419434,-2.0082387924194336,-6.320738792419434,-8.633238792419434,-7.203624961046444,-6.834358140826225,-7.023901461845526,-6.344184756243521,-7.039547322467115,-7.702644225209951
675,-4.060086250305176,-2.067898750305176,-5.724148750305176,-8.122586250305176,-6.943092923378572,-6.223002411425114,-6.661744947574334,-6.544476270562882,-6.6618240918032825,-7.810174152255058
676,-3.0059611797332764,-2.0137736797332764,-4.4512739181518555,-7.0606489181518555,-6.115631655964535,-5.251432303339243,-5.217016332411731,-5.9278746836025675,-5.889020770118805,-6.6593932043761015
677,-4.024631023406982,-1.8683812618255615,-6.063693523406982,-8.72775650024414,-6.954369782088179,-6.783534362912178,-6.899659156402777,-6.51682651039755,-7.055939315050637,-7.691223714500666
678,-2.982834815979004,-1.2250224351882935,-4.600022315979004,-7.623459815979004,-6.693879956175806,-5.590240320190787,-6.131343362190819,-6.600041985318967,-5.795428152494424,-7.186209604144096
679,-3.528444528579712,-1.848757028579712,-5.192506790161133,-7.926881790161133,-6.958210822798719,-5.919127620756626,-6.551946280305856,-6.122205734187446,-6.036386362262419,-7.489525271579623
680,-3.0944771766662598,-1.4616646766662598,-5.89916467666626,-6.86010217666626,-6.867963074466388,-6.296008486300707,-6.18044781629942,-6.688234329198167,-6.860122918868001,-7.368087747134268
681,-3.629143238067627,-1.7853933572769165,-5.363518238067627,-8.543206214904785,-6.840143559391436,-6.197448566555977,-6.558862924059213,-6.3947771787243255,-6.2542258466928615,-7.50371943321079
682,-3.848829507827759,-1.8332045078277588,-5.73945426940918,-8.66132926940918,-6.942675466678338,-6.480024218559265,-6.755120514972077,-6.4269641637311,-6.5286153506312985,-7.550535969436169
683,-3.030484676361084,-1.7257972955703735,-4.913297176361084,-6.897672176361084,-6.179154488287168,-5.5173466093838215,-5.663394088820496,-5.866450666975652,-6.085330592963146,-7.1409984566271305
684,-3.8381433486938477,-1.9162683486938477,-5.595955848693848,-8.174080848693848,-6.932118152137264,-6.172127299010754,-6.736702792361029,-6.2131627796188695,-6.666515200660797,-7.571359358727932
685,-3.8111257553100586,-1.7798758745193481,-5.740813255310059,-8.272063255310059,-6.9127927963927505,-6.311153657734394,-6.873676417973911,-6.279887556959693,-6.8190399356608395,-7.626035401597619
686,-3.361820697784424,-1.6508831977844238,-5.885258197784424,-7.494633197784424,-7.510377280770626,-6.44798344373703,-6.533773776820453,-6.689966439986165,-7.26031184052772,-7.681910497136414
687,-4.068126678466797,-1.927501916885376,-5.966564178466797,-8.654064178466797,-7.216651435861422,-6.631805971264839,-6.911925791486283,-6.607199788037178,-7.036981219549489,-7.943758660927415
688,-3.043524742126465,-1.2778997421264648,-4.848212242126465,-7.816962242126465,-6.83272801838757,-5.728872291743755,-6.371713159460342,-6.512299894970056,-5.863949054190016,-7.303764097392559
689,-3.8143210411071777,-1.7830710411071777,-5.603383541107178,-8.470571517944336,-6.970649716145999,-6.284632101655006,-6.681546687352238,-6.322145819588513,-6.642535801671329,-7.494065770879388
690,-3.174910545349121,-1.354598045349121,-4.909285545349121,-7.729598045349121,-6.878255939038354,-5.8032811135053635,-6.300013060084893,-6.690559863747694,-5.90172240009997,-7.525033401325345
691,-2.5124011039733887,-1.2936512231826782,-4.481151103973389,-6.887401103973389,-5.950071439539897,-5.298778381198645,-5.457788226201956,-6.231171130933944,-5.434437977091875,-7.14062399789691
692,-4.0659308433532715,-1.7612433433532715,-5.7378058433532715,-8.83936882019043,-7.347288483550074,-6.410801600664854,-7.120676634996926,-6.542506098666308,-6.87075804687629,-7.777510998770595
693,-3.926783561706543,-1.9424086809158325,-5.786158561706543,-8.325221061706543,-6.840980878318078,-6.472353398799896,-6.770593760586053,-6.489294290485304,-6.8644118226802675,-7.819499585777521
694,-3.9539902210235596,-1.8446152210235596,-5.6727399826049805,-8.75086498260498,-7.0634262543026125,-6.345608673989773,-6.743078708304893,-6.524310469595548,-6.868130204042245,-7.88696507178247
695,-4.1143574714660645,-1.8252947330474854,-5.9581074714660645,-9.044044494628906,-7.4972318391737645,-6.767534539103508,-7.239389419046347,-6.669053316081772,-7.130051133659435,-7.901256620883942
696,-2.864342212677002,-1.372154712677002,-4.512779712677002,-7.098717212677002,-6.223991594801191,-5.184076027944684,-5.942571992156445,-6.169058918527298,-5.552047470002435,-7.275890577584505
697,-4.048607349395752,-1.7986074686050415,-6.087669849395752,-8.66579532623291,-7.611203904256399,-6.717808969318867,-7.322095392857591,-6.642367720550283,-7.165894503399613,-8.00256534293294
698,-3.784381628036499,-1.971881628036499,-5.72188138961792,-8.135944366455078,-6.972078184786369,-6.25205447524786,-6.487594362202799,-6.026585221157802,-6.7455012631980935,-7.437780167907476
699,-3.7198331356048584,-1.6729581356048584,-6.344832897186279,-8.180770874023438,-7.571483965766674,-7.002344153821468,-6.99330854343134,-6.251089930509806,-7.258967754605692,-7.477369166910648
700,-3.781648635864258,-1.8363361358642578,-5.539461135864258,-7.976961135864258,-6.852132305750274,-6.359082289040089,-6.680150626008981,-6.562916397890149,-6.641152611991856,-7.735301459208131
701,-2.84692120552063,-1.2609837055206299,-4.565670967102051,-7.456295967102051,-6.386172395970789,-5.5288072638213634,-6.136049506865675,-6.370383143121217,-5.542405352127389,-7.210891539230943
702,-3.178410053253174,-1.4127850532531738,-4.912785053253174,-7.553410053253174,-6.561440205725376,-5.556735780090094,-6.076956385411904,-6.483124732601937,-5.709886286887922,-7.507459441199899
703,-2.938962936401367,-1.3217754364013672,-4.954587936401367,-7.704587936401367,-6.657794472230307,-5.962723311036825,-6.134307622392953,-6.595225691714404,-5.79060256183584,-7.577140269801021
704,-3.985997200012207,-1.7359973192214966,-5.728184700012207,-8.368809700012207,-7.290827383345459,-6.589660309255123,-6.900113819563558,-6.446950077892325,-7.001757016623742,-7.621363224461675
705,-4.06260871887207,-2.000108480453491,-5.69542121887207,-8.35948371887207,-6.797148929297691,-6.211121290922165,-6.742389674589504,-6.4298144577278435,-6.609683136135573,-7.717875054106116
706,-4.094393253326416,-1.977205753326416,-5.820955753326416,-8.594392776489258,-6.821071975631639,-6.268907152116299,-6.727251528645866,-6.438152909232485,-6.633587828502641,-7.695576915517449
707,-3.5391345024108887,-2.2344470024108887,-5.492259502410889,-4.820384502410889,-5.258261371171102,-5.126554735004902,-5.226828913859208,-5.609517095013871,-6.211329051468056,-7.970757067203522
708,-3.950279712677002,-1.958092212677002,-6.051842212677002,-8.33309268951416,-7.255107035394758,-6.478267125785351,-7.083141087292461,-6.622165918287465,-6.926969877677038,-8.022983133792877
709,-3.1487274169921875,-1.3127899169921875,-4.5627899169921875,-7.6877899169921875,-6.656649106742407,-5.685516342520714,-6.211270927436999,-6.476868152494717,-5.750388855805795,-7.099606144241989
710,-3.7322421073913574,-1.958804726600647,-5.404117107391357,-8.325992584228516,-6.93553029159375,-5.7713867872953415,-6.787014123205154,-6.47444605813871,-6.6152043230540585,-7.650457790121436
711,-2.4684982299804688,-2.2497482299804688,-5.085685729980469,-6.413810729980469,-6.773368461130303,-5.569390289485455,-6.281094427249627,-5.866955876146676,-6.695261815839331,-7.8063441049307585
712,-3.270303249359131,-1.5203032493591309,-5.637490749359131,-6.629678249359131,-6.825184803252341,-6.265121292322874,-6.067265268357005,-6.762515425378297,-6.723513718767208,-7.547581125050783
713,-3.0102756023406982,-1.2602756023406982,-4.658713340759277,-8.057150840759277,-6.869743342889706,-5.935422703623772,-6.400938271774066,-6.814978241809513,-5.768178697318945,-7.516085404902697
714,-3.0220348834991455,-1.2095348834991455,-4.717347145080566,-7.701722145080566,-6.7175052041129675,-5.721020165830851,-6.326789496059064,-6.420491337592466,-5.701882468725671,-7.23633236810565
715,-3.8479299545288086,-1.847929835319519,-5.769804954528809,-8.129179954528809,-7.059025871130871,-6.416467845439911,-6.754258152766852,-6.222947239726636,-6.684033976038336,-7.695879301056266
716,-2.9372382164001465,-1.1403632164001465,-4.6403632164001465,-7.3825507164001465,-6.757714615741861,-5.558917921036482,-6.234170792828081,-6.499756097633508,-5.640486352014705,-7.3222877737134695
717,-3.479518413543701,-1.6279560327529907,-5.432643413543701,-7.924830913543701,-6.557795870598056,-6.046878822147846,-6.2920887445507105,-6.0264080761789955,-6.53434061097505,-7.349745711311698
718,-4.051246643066406,-1.9184343814849854,-5.684059143066406,-8.191871643066406,-6.441985839046538,-6.318723700940609,-6.215362428200024,-6.340320944716041,-6.738862507780141,-7.592074532061815
719,-4.053936958312988,-2.0304994583129883,-5.827374458312988,-8.772686958312988,-6.819634911735193,-6.360640242695808,-6.491473435689841,-6.374257206886796,-6.897753236480639,-7.825454894453287
720,-4.158780097961426,-2.0415923595428467,-5.947842597961426,-8.361905097961426,-7.252621765706863,-6.901514910161495,-6.916628479313658,-6.604100465743613,-7.033891194849275,-7.899602889083326
721,-4.338571071624756,-1.8307586908340454,-5.979196071624756,-8.783884048461914,-7.104334225645289,-6.387822404503822,-7.010505555292184,-6.565149426334756,-7.174621218058746,-7.942297672852874
722,-4.134738922119141,-1.7831765413284302,-6.009738922119141,-8.43161392211914,-7.259838576123002,-6.8637737184762955,-7.0566607702712645,-6.400373101192599,-7.00983225863456,-7.759136167354882
723,-3.006108283996582,-1.2326706647872925,-5.459233283996582,-6.802983283996582,-6.763986466161441,-6.059702396392822,-6.092082618990389,-6.810807228022895,-6.59988594016977,-7.438057646155357
724,-3.152663230895996,-1.207350730895996,-4.949538230895996,-7.910475730895996,-6.917381281018606,-5.966631405055523,-6.42512476376578,-6.565727710614738,-5.714227554206445,-7.310226134955883
725,-3.9205894470214844,-1.8971518278121948,-5.725276947021484,-8.522151947021484,-7.178509706413024,-6.3606778755784035,-6.850331900994206,-6.561228155996105,-6.834767096566793,-7.8320562075823545
726,-3.901237964630127,-1.885612964630127,-5.815300464630127,-7.987175464630127,-6.878015733440407,-6.491633769124746,-6.612264390809287,-6.518439173604747,-6.799844131543068,-7.729288771748543
727,-4.101633071899414,-1.8672581911087036,-6.265695571899414,-8.531320571899414,-7.429885617704713,-6.746260121464729,-7.187622545799968,-6.3672688006781755,-7.187682860741916,-7.805881483480334
728,-3.6948795318603516,-1.874566912651062,-5.624567031860352,-8.202692031860352,-6.882573347378639,-6.143978327512741,-6.601215835660696,-6.444898009129247,-6.687249524635263,-7.656832858920097
729,-3.777048349380493,-1.9332983493804932,-5.409860610961914,-7.691110610961914,-6.472530231389101,-6.120333969593048,-6.316176412321511,-6.26144003853733,-6.402283998322673,-7.550618689507246
730,-3.9085886478424072,-1.8070261478424072,-5.682025909423828,-8.275775909423828,-7.010351399352658,-6.361063174903393,-6.932110663634376,-6.455480098584303,-6.744684445206076,-7.6559409480541945
731,-3.841360092163086,-1.903860092163086,-5.528860092163086,-8.278860092163086,-6.896239023961243,-6.018877908587456,-6.802397722953174,-6.333567619123642,-6.5446554277295945,-7.663330120965838
732,-2.978846311569214,-1.4241588115692139,-4.861659049987793,-7.431971549987793,-6.2915532375336625,-5.645828492939472,-5.814862367420574,-6.166372537274583,-5.744640693665133,-7.039055133238435
733,-4.049362659454346,-2.0337376594543457,-5.971237659454346,-8.557175636291504,-6.979180208334583,-6.6437299102544785,-6.705666779005696,-6.346250653182324,-7.041683784133056,-7.623531319200993
734,-4.0927348136901855,-1.9599225521087646,-5.8896098136901855,-8.717735290527344,-6.975634809481562,-6.696345180273056,-6.8037120095941646,-6.4911822080121055,-6.944377895924845,-7.66911097150296
735,-3.6113743782043457,-1.6973119974136353,-5.673874378204346,-7.892624378204346,-6.674028861511033,-6.381014935672283,-6.50986945463228,-6.384825706386437,-6.658347244243487,-7.432708406820893
736,-3.9042410850524902,-1.8964287042617798,-5.72455358505249,-8.216741561889648,-6.9590461185071035,-6.595736965537071,-6.701170323809492,-6.443314552247102,-6.7246724296492175,-7.569825146347284
737,-3.3035786151885986,-1.2020161151885986,-4.8035783767700195,-7.8270158767700195,-6.717759959756222,-5.842838943004608,-6.272381304293958,-6.467662930244842,-5.709938877676905,-7.177030082792044
738,-2.9748330116271973,-1.2404581308364868,-4.779520511627197,-7.490458011627197,-6.498485542062554,-5.758018679916859,-5.888952492045064,-6.9279781577934045,-5.678122506913496,-7.423147633671761
739,-4.1547441482543945,-1.7719316482543945,-6.0219316482543945,-8.967244148254395,-7.639191148075042,-6.86907085776329,-7.443853973221849,-6.787565469702713,-7.1860663864717935,-8.022322226315737
740,-4.051206588745117,-1.8871440887451172,-5.769956588745117,-8.598081588745117,-6.871627324922883,-6.3214549869298935,-6.723122715106001,-6.449654340691268,-6.676310176255356,-7.753998890519142
741,-3.6821787357330322,-1.5728037357330322,-6.025928497314453,-8.479053497314453,-7.518151759461034,-6.966592073440552,-7.440013408409868,-6.416559100135146,-7.049403785946197,-7.716544064693153
742,-3.958399772644043,-1.966212272644043,-5.747462272644043,-8.208399772644043,-6.794416901277145,-6.58207543194294,-6.505311369226547,-6.2084087133007415,-6.841314429788326,-7.4804140366613865
743,-2.968231201171875,-1.4447935819625854,-4.655731201171875,-7.304168701171875,-6.0231531583558535,-5.403873212635517,-5.569871899409918,-5.968259095756366,-5.4059278771601385,-7.005214216187596
744,-4.13862419128418,-1.9589364528656006,-5.90424919128418,-8.64643669128418,-7.146551721634751,-6.546664580702782,-6.919933674951608,-6.646447658478792,-6.8731343654799275,-7.915550921112299
745,-3.0448098182678223,-1.2869973182678223,-4.708872318267822,-7.560434818267822,-6.45905922097154,-5.5883905701339245,-5.849576231703395,-6.591712236027888,-5.482498866331298,-7.198585141450167
746,-3.838338851928711,-1.8070887327194214,-5.736776351928711,-8.088338851928711,-7.065051305966335,-6.502896569669247,-6.93215572610643,-6.275850295955024,-6.721277586591896,-7.468056613579392
747,-3.6619317531585693,-1.6541192531585693,-6.536931991577148,-7.708806991577148,-6.998002877880936,-6.523948833346367,-6.732315656990977,-5.490072369457266,-7.544844979958725,-7.603133700788021
748,-4.134649753570557,-1.8455872535705566,-5.962774753570557,-8.415899276733398,-6.9785779555822955,-6.434249863028526,-6.759736295767652,-6.329981088460045,-6.88480483283638,-7.627214927226305
749,-3.828385829925537,-1.8127609491348267,-5.758073329925537,-7.781510829925537,-6.516060694659245,-6.334014542400837,-6.008141634512867,-6.250275373353361,-6.641052589809988,-7.617205960676074
750,-4.073949813842773,-1.769262433052063,-5.730199813842773,-8.644262313842773,-7.175629012926947,-6.616032652556896,-6.988062618896947,-6.691148877076557,-6.910010568652069,-7.959455952048302
751,-4.020066261291504,-1.941941261291504,-5.871628761291504,-8.848191261291504,-7.248816130049818,-6.701732963323593,-7.037844180405955,-6.553442358926077,-6.975396152418398,-7.801867485977709
752,-3.6425657272338867,-1.8613157272338867,-5.650378227233887,-8.431628227233887,-7.111433618272713,-6.114706363528967,-6.384808062004595,-6.24413955205182,-6.6036251709010685,-7.59707622975111
753,-3.2166972160339355,-1.443259835243225,-5.5682597160339355,-7.0057597160339355,-6.771515241693123,-6.1179926209151745,-6.076146123064973,-6.5839024780598265,-6.5995801662429585,-7.507716516032815
754,-2.797149181365967,-1.3127741813659668,-4.617461681365967,-7.500274181365967,-6.172267310794268,-5.50077822804451,-5.656561493178742,-6.5081028936983785,-5.445671793175279,-7.241214017383754
755,-3.530686378479004,-1.7025614976882935,-5.382248878479004,-8.272873878479004,-6.882367723075731,-6.089803531765938,-6.554179786071472,-6.147888541114298,-6.460528719355352,-7.525542467832565
756,-3.1626505851745605,-1.4048380851745605,-5.0142130851745605,-7.8189005851745605,-6.826884851005161,-5.8555589616298676,-6.2799091313863755,-6.65486097309622,-5.9675018653215375,-7.4839833304286
757,-3.901045322418213,-1.666670322418213,-5.705732822418213,-8.432294845581055,-7.119925848077401,-6.373338416218758,-6.744851230010681,-6.283870100899549,-6.721494188546785,-7.667978119105101
758,-3.527026653289795,-1.620776653289795,-5.519214153289795,-8.003588676452637,-6.753686184943945,-6.348113156855106,-6.519253849193774,-6.487975478107728,-6.628683800983708,-7.560738747939467
759,-3.7137060165405273,-1.737143635749817,-5.659018516540527,-8.330893516540527,-6.870063537542592,-6.297302447259426,-6.705947516889864,-6.244971871250527,-6.713828317791922,-7.5385622177273035
760,-4.110768795013428,-1.8607690334320068,-5.798268795013428,-8.524831771850586,-7.314057694355142,-6.528459124267101,-7.181151864424464,-6.602970003988048,-6.876555429742439,-7.724424012005329
761,-3.862346887588501,-1.815471887588501,-5.72953462600708,-8.784221649169922,-7.370248671380978,-6.3166531175374985,-6.956152675993508,-6.377984285280945,-7.010879392903007,-7.724859150126576
762,-3.153876543045044,-1.435126543045044,-4.942938804626465,-7.466376304626465,-6.724433153809514,-5.786769017577171,-6.161800855079491,-6.122658013795444,-5.872868985286914,-7.042265618219972
763,-3.675853967666626,-1.847728967666626,-5.566478729248047,-8.168041229248047,-6.785399184009293,-6.084065213799477,-6.6056165666814195,-6.222743749505753,-6.519766675075516,-7.588136825710535
764,-3.8214383125305176,-1.7511258125305176,-5.868313312530518,-8.110501289367676,-7.126230949594174,-6.425536513328552,-7.063675163957669,-6.399572253187216,-6.696532602632942,-7.725564716383815
765,-3.822660446166992,-1.8929729461669922,-5.596097946166992,-8.189847946166992,-6.932209357401007,-6.2254413440823555,-6.8305553163954755,-6.455489277706874,-6.658758150617359,-7.712021643295884
766,-3.4426183700561523,-1.5285558700561523,-5.692618370056152,-8.208243370056152,-7.466140862670727,-6.604474887251854,-7.005156635506864,-6.481690883586452,-6.958339090531808,-7.56104732491076
767,-3.286219835281372,-1.340907335281372,-5.020594596862793,-8.051844596862793,-6.809809315542225,-5.880688816308975,-6.43473779829219,-6.403429150337615,-5.864496815542225,-7.232026727870107
768,-2.966797351837158,-1.2246099710464478,-4.912109851837158,-7.982422351837158,-7.138767714721325,-5.9586729593575,-6.435586213308852,-6.779314517827515,-5.912212485767668,-7.536783610470593
769,-3.112860679626465,-1.3237981796264648,-5.151923179626465,-7.136298179626465,-6.761376497059246,-5.802613940089941,-6.308227299177815,-6.7144393919588765,-6.456647753027937,-7.635145574808121
770,-3.0512747764587402,-1.1918998956680298,-4.83252477645874,-8.059087753295898,-7.184196585403697,-6.087462138384581,-6.668503045206307,-6.652857065004355,-5.942009323793172,-7.25969660654664
771,-2.8115410804748535,-1.202165961265564,-4.7490410804748535,-7.4990410804748535,-7.006958598343772,-6.084010358899832,-6.280329345925566,-6.6553040742028315,-5.686625834685401,-7.236310889013112
772,-2.8239901065826416,-1.1443026065826416,-4.6911773681640625,-7.9099273681640625,-7.175650234203204,-6.140497865155339,-6.5505825276595715,-6.949003219515362,-5.660021896663238,-7.516155623830855
773,-3.027996063232422,-1.4889335632324219,-4.918621063232422,-7.465496063232422,-6.715705611204612,-5.715286921709776,-6.121839995743358,-6.01239871940561,-5.94223569254973,-7.071775507181883
774,-4.076202869415283,-1.8730778694152832,-5.763702869415283,-8.732452392578125,-7.123168106772937,-6.463777810335159,-6.873124836773059,-6.544963240569814,-6.857568376544805,-7.896623881533742
775,-3.7561378479003906,-1.740512728691101,-5.615512847900391,-8.20145034790039,-7.287538636286627,-6.490216813981533,-6.857769606096554,-6.529590606573038,-6.725008242035983,-7.6994751784950495
776,-3.5353260040283203,-1.3243885040283203,-5.73063850402832,-8.05876350402832,-7.386966821461101,-6.167649758979678,-6.785375355455471,-6.840026497756298,-7.199426769479032,-7.766838848590851
777,-3.159444808959961,-1.198507308959961,-5.315694808959961,-6.768819808959961,-6.6829991272388725,-6.104628471657634,-6.057951805560151,-6.5813467498956015,-6.53452360319352,-7.368787349201739
778,-3.1197972297668457,-1.4479221105575562,-5.291672229766846,-7.354172229766846,-6.627796632470563,-6.2007662281394005,-6.158938524000405,-6.057314634172144,-6.557446826234809,-7.208093263208866
779,-3.7131400108337402,-1.6740775108337402,-5.61939001083374,-8.392827033996582,-7.299185508614755,-6.298347398638725,-6.830382703210489,-6.28346598139251,-6.7445020612867665,-7.622826728969812
780,-3.9604203701019287,-1.8276078701019287,-5.67135763168335,-8.351045608520508,-7.359054665226722,-6.584323979914188,-6.952700133813778,-6.554185628770938,-6.780915005263523,-7.756931386888027
781,-4.2862420082092285,-2.2315545082092285,-5.9971795082092285,-8.05967903137207,-7.091084587475052,-6.226702332496643,-6.6769500936352415,-6.419066667483094,-6.817661032691831,-7.9552263133227825
782,-4.097349166870117,-1.7301619052886963,-6.042661666870117,-8.167661666870117,-7.409966819519468,-7.050058841705322,-6.988027809613413,-6.4801691770271646,-7.011513943209138,-7.470382684841752
783,-3.986982583999634,-1.7916700839996338,-5.736982345581055,-8.651044845581055,-7.010535233515839,-6.474652417004108,-6.783909915495315,-6.432306528023219,-6.705850236619881,-7.627572916448116
784,-3.721503973007202,-1.6746289730072021,-5.604316711425781,-8.174629211425781,-7.088837732138927,-6.399463482201099,-6.846571681606292,-6.463707804550722,-6.612281549299951,-7.626145226880908
785,-3.575376510620117,-1.7160015106201172,-5.481626510620117,-7.598814010620117,-6.606776464657742,-5.9751718901097775,-6.10668980875198,-6.169142842159999,-6.434857839652977,-7.380553191527724
786,-3.8511672019958496,-1.6871047019958496,-5.75741720199585,-8.616791725158691,-7.070018882346631,-6.611039251089096,-6.851206063467544,-6.530865788397932,-6.804407828320109,-7.695488546043634
787,-3.8206069469451904,-1.5002944469451904,-5.7190446853637695,-8.29716968536377,-6.961317058776331,-6.507624927908182,-6.609715818292898,-6.195617914142531,-6.805082077757106,-7.503225781023502
788,-3.5644845962524414,-1.5644845962524414,-5.572297096252441,-8.166047096252441,-7.103825292026158,-6.20164642855525,-6.713045351061737,-6.306697606714806,-6.634999016401707,-7.443929402157664
789,-2.9875195026397705,-1.2297070026397705,-4.745331764221191,-7.557831764221191,-6.745493160575279,-5.742997542023659,-5.971951363841072,-6.4875408408697695,-5.800147286805441,-7.224379304796457
790,-3.5249838829040527,-1.7437338829040527,-5.728108882904053,-8.189046859741211,-6.970457898452878,-6.399896904826164,-6.571928379504243,-6.29062604889441,-6.689189423821517,-7.609423195943236
791,-3.772688150405884,-1.7180006504058838,-5.928937911987305,-8.639875411987305,-7.077471370859712,-6.682557970285416,-6.7180367701585055,-6.499260783141835,-7.093093152514484,-7.741379423066974
792,-2.6566481590270996,-1.5003982782363892,-4.6097731590271,-6.9300856590271,-6.297496532279183,-5.1261135675013065,-5.500488992380269,-6.226989388052971,-5.484988308642642,-7.306227697059512
793,-3.887112855911255,-1.8480503559112549,-5.660550117492676,-8.558987617492676,-7.316909664827108,-6.300258025527,-6.918413160954515,-6.394936203894758,-6.7543925004210905,-7.762834087014198
794,-2.697014808654785,-1.2048273086547852,-4.579827308654785,-7.478264808654785,-6.642451278632507,-5.537790443748236,-5.720497726360918,-6.353282332267554,-5.618991131414077,-7.111280046403408
795,-3.042210578918457,-1.2922104597091675,-4.753148078918457,-7.698460578918457,-6.690793026908068,-5.6851244904100895,-6.136031625130272,-6.471919893980157,-5.604870902563562,-7.231100769713521
796,-3.912931442260742,-1.7098064422607422,-5.795743942260742,-8.491056442260742,-7.374002209369792,-6.743445135653019,-7.092670558551617,-6.6863784789584315,-6.741164678438508,-7.778937550261617
797,-3.234530210494995,-1.1642177104949951,-5.078280448913574,-8.507967948913574,-6.843977329532208,-6.079246951267123,-6.398614763975274,-6.828290939276485,-5.914286134298891,-7.54372934717685
798,-2.781364917755127,-1.3594900369644165,-4.671989917755127,-6.898552417755127,-6.1410239531542175,-5.55408051609993,-5.492401475770748,-6.4845185275753465,-5.469115225947462,-7.352270996198058
799,-3.789836883544922,-1.7195243835449219,-5.805461883544922,-8.383586883544922,-7.164977779000765,-6.546865537762642,-6.8836424335313495,-6.438287138857959,-6.852442378200067,-7.691376777365804
800,-3.7130439281463623,-1.7208564281463623,-5.728668689727783,-7.963043689727783,-7.166508259339025,-6.386146031320095,-6.814763652801048,-6.478695869076546,-6.736787749017822,-7.736615553498268
801,-3.6093239784240723,-1.6405739784240723,-5.374948978424072,-8.468698501586914,-6.859526613683556,-5.891462121158838,-6.484390018187696,-6.492150306606163,-5.9454132203391055,-7.446228729560971
802,-2.9472265243530273,-1.298789143562317,-5.150351524353027,-6.915976524353027,-6.775462859630352,-5.886664588004351,-6.087909458390641,-6.869123935448442,-6.376981852139579,-7.52635476924479
803,-3.8912181854248047,-1.8834056854248047,-5.774030685424805,-8.734968185424805,-7.3546768398809945,-6.714990772306919,-6.979636191732425,-6.620237946448469,-6.948429223884887,-7.6823806604370475
804,-3.7292520999908447,-2.0183145999908447,-5.744876861572266,-8.213626861572266,-7.252791876308038,-6.392592519521713,-6.877743838733295,-6.432387947974348,-6.635620586974255,-7.676264140754938
805,-3.8646345138549805,-1.8099470138549805,-5.9271345138549805,-8.38807201385498,-7.560069911080063,-6.743453353643417,-7.153759954380803,-6.474021315504615,-7.067883126248489,-7.664197416976094
806,-3.982316017150879,-1.966691017150879,-5.755753517150879,-8.576066017150879,-7.1465037982707145,-6.357335865497589,-6.904254076878715,-6.5917041300863275,-6.677767267130548,-7.752634949982166
807,-3.6613454818725586,-1.8566579818725586,-5.669157981872559,-8.341032981872559,-6.8411182128838846,-6.321620475500822,-6.520754217533977,-6.645730972235469,-6.755200261352002,-7.653859503567219
808,-4.037850379943848,-1.5456628799438477,-5.819100379943848,-7.850350379943848,-8.225547294307034,-6.39463047683239,-7.662926790180791,-6.764439701673837,-6.952047100596246,-8.137442143633962
809,-3.8316831588745117,-1.7691831588745117,-5.784808158874512,-8.558245658874512,-7.269247291413194,-6.513953760266304,-7.097344159432396,-6.300440072989204,-6.784881469902757,-7.507730971090496
810,-3.059870958328247,-1.348933458328247,-4.887995719909668,-7.864558219909668,-7.114676706922182,-5.854794304817915,-6.348984001779172,-6.997388005107496,-5.794383039581589,-7.694253059104085
811,-2.394320011138916,-1.355257511138916,-4.667757511138916,-7.324007511138916,-6.5038759544695495,-5.227848246693611,-6.003774043776502,-6.74591064413471,-5.863229738824884,-7.164190402254462
812,-3.127828359603882,-1.3543908596038818,-4.870016098022461,-7.870016098022461,-6.885784258134663,-5.816416516900063,-6.229454396154324,-6.8075331448053475,-5.706113206528244,-7.473887901753187
813,-3.924154758453369,-1.7913421392440796,-5.760092258453369,-8.931966781616211,-7.236719248598092,-6.624670565128326,-6.971060275565833,-6.721037387818797,-7.025779722171137,-7.825365228578448
814,-3.772498607635498,-1.944373607635498,-5.459998607635498,-7.983436107635498,-6.803903567706584,-5.9553122371435165,-6.647594447313168,-6.397515892833326,-6.5070756469649496,-7.641003184020519
815,-3.769636869430542,-1.902449369430542,-5.582137107849121,-8.207137107849121,-7.004189356346615,-6.263735324144363,-6.5978411404867074,-6.4884055851180165,-6.77761684449797,-7.645717846229672
816,-3.6780338287353516,-1.8264713287353516,-5.631158828735352,-7.974908828735352,-6.873550036660163,-6.180471323430538,-6.592199677848839,-6.412426471553772,-6.6313645628106315,-7.675734240561724
817,-3.6751627922058105,-1.7767254114151,-5.5736002922058105,-7.9720377922058105,-6.722178210882703,-6.123279370367527,-6.612723110287334,-6.222051858802843,-6.597172847206821,-7.5716664250940084
818,-3.950390338897705,-1.9269527196884155,-5.762890338897705,-8.747264862060547,-7.372361893758352,-6.329109448939562,-7.223882316058734,-6.622276782924018,-6.778626435785554,-7.771229140460491
819,-3.9892220497131348,-1.8095345497131348,-5.653284549713135,-8.981409072875977,-7.317423102351313,-6.463028244674206,-7.059572695958195,-6.598606109578213,-6.747126575050061,-7.799215085804462
820,-2.83717942237854,-1.08717942237854,-4.602804183959961,-7.813741683959961,-6.993522520475381,-5.8212555553764105,-6.313778876567085,-6.891881585010196,-5.579458113308647,-7.552247326821089
821,-3.9562182426452637,-1.7062183618545532,-5.729655742645264,-8.596843719482422,-7.346899746251438,-6.864666722714901,-7.1203073259639496,-6.823411822300386,-6.7687746270494245,-7.793559626676142
822,-3.9478137493133545,-1.6509387493133545,-5.807188987731934,-8.791563987731934,-7.119775291532278,-6.594916976988316,-6.869728326022596,-6.713448643638003,-6.947900291532278,-7.579470240511
823,-4.016419410705566,-1.9461071491241455,-5.875794410705566,-8.024231910705566,-7.063410871400265,-6.462895609438419,-6.883661507068609,-6.563305258691798,-6.735273355800018,-7.500481669791043
824,-2.752330780029297,-1.0570181608200073,-4.525768280029297,-7.580455780029297,-6.751209131791256,-5.682505581527948,-6.079248189096688,-6.8761008976180165,-5.610556955150969,-7.252125410363078
825,-3.255192756652832,-1.4895678758621216,-5.059880256652832,-7.552067756652832,-6.599179001554148,-5.817688383162022,-5.9271497692825506,-6.778650045198447,-6.0835513795755105,-7.558476645499468
826,-3.982976198196411,-1.8111011981964111,-5.701725959777832,-8.482975959777832,-7.131567704695044,-6.398879535496235,-6.959614631610748,-6.514242529732655,-6.740952478314284,-7.582087714225054
827,-3.967912435531616,-1.9132249355316162,-5.780412673950195,-8.553850173950195,-7.186778061884979,-6.372739091515541,-6.803910372829705,-6.413238882924816,-6.843024962792697,-7.619987806305289
828,-3.7262778282165527,-1.5465903282165527,-5.507527828216553,-8.413777351379395,-7.109192008567334,-6.6115229949355125,-6.952877640029328,-6.515349626497482,-6.546679492792464,-7.488583239726722
829,-2.9337210655212402,-1.1993459463119507,-4.51965856552124,-7.38684606552124,-6.652630078067887,-5.5131132155656815,-6.019715903545148,-6.402493715029777,-5.80104040230799,-7.137575391680002
830,-4.008755683898926,-1.8446930646896362,-5.766568183898926,-8.610318183898926,-7.266648766133585,-6.751315884292126,-7.055671095033176,-6.719701290097873,-6.852583524538204,-7.897765623405576
831,-2.7512753009796143,-1.4387753009796143,-4.548150062561035,-7.524712562561035,-6.751470069939387,-5.419299751520157,-6.227927561521938,-6.4856781955568295,-5.798316941640223,-7.097075095400214
832,-3.1538569927215576,-1.3647944927215576,-4.903857231140137,-7.903857231140137,-6.9352484841656405,-5.805918820202351,-6.278945799720532,-6.528883814458823,-5.786860447813524,-7.345303524285555
833,-4.296639442443848,-1.6013269424438477,-6.023201942443848,-8.609139442443848,-8.023351300522336,-6.896690838038921,-7.452976103842957,-6.632590174587676,-7.218647828747635,-8.00938169285655
834,-2.6965599060058594,-1.266872525215149,-4.688747406005859,-7.141872406005859,-6.368597613443853,-5.478640928864479,-5.845063922577538,-6.282522201230677,-5.415460336807882,-6.956974744796753
835,-2.9815564155578613,-1.1612439155578613,-4.715931415557861,-7.700306415557861,-6.708252659431309,-5.744440598413348,-6.262864349595475,-6.606578469032684,-5.966058722973685,-7.216213822364807
836,-3.7602131366729736,-1.9008381366729736,-5.768025875091553,-8.268025398254395,-6.807215801702114,-6.3639513701200485,-6.541517613848555,-6.4164768456503225,-6.55721258345875,-7.605480013415217
837,-4.518559455871582,-2.034184217453003,-6.229496955871582,-8.682621955871582,-7.370253435074119,-6.813652999699116,-7.018639322908712,-6.6591984032611435,-7.135861151851714,-8.102650122717023
838,-3.8553757667541504,-1.8319381475448608,-5.98818826675415,-8.503812789916992,-7.371107572573237,-6.630956344306469,-7.0976146446373605,-6.542887568403785,-6.949239843539544,-7.701147573068738
839,-3.7958576679229736,-1.5771076679229736,-5.5849199295043945,-8.733357429504395,-7.311533211373899,-6.502079606056213,-6.991196989647506,-6.600551366785112,-6.827143430062279,-7.641855956055224
840,-3.123063564300537,-1.3418134450912476,-4.904313564300537,-7.490251064300537,-6.943602297935286,-6.0021184124052525,-6.287200924933131,-7.005898952222196,-6.146691304224078,-7.6902122888714075
841,-3.1961381435394287,-1.3211381435394287,-4.750825881958008,-7.883638381958008,-6.6963461421692045,-5.712703008204699,-6.422781106593902,-6.594604134161273,-5.899480676889652,-7.155369501560926
842,-2.8900952339172363,-1.4057201147079468,-4.624470233917236,-7.390095233917236,-6.3278723571274895,-5.23013711720705,-5.8355854591791285,-6.382326959585043,-5.3904115653422195,-7.138385722413659
843,-4.004871368408203,-2.004871368408203,-5.825183868408203,-8.582996368408203,-7.30185567735316,-6.59860098361969,-6.981486795932142,-6.7626935243142725,-6.9268603259988595,-7.97505316324532
844,-4.062544822692871,-1.921919822692871,-5.789107322692871,-9.070357322692871,-7.30480754092423,-6.500313811004162,-7.039146303370217,-6.6875541209738,-6.804824824823299,-7.802270538173616
845,-3.827331304550171,-1.772643804550171,-5.86639404296875,-8.42889404296875,-6.975872868868464,-6.435521833598614,-6.803941963953548,-6.592968702242615,-6.757111425897165,-7.790832517668605
846,-2.904585599899292,-1.396773099899292,-4.717085838317871,-7.060835838317871,-6.303309638053179,-5.457484982907772,-5.764117347862339,-6.2561870805875515,-5.428326799126808,-7.164686815813184
847,-2.848325252532959,-1.3873876333236694,-4.957700252532959,-6.895200252532959,-6.270454016921576,-5.818931553512812,-5.551568620350736,-6.246793150439771,-5.86414323374629,-6.996660493314266
848,-2.7068023681640625,-1.2068023681640625,-4.6521148681640625,-7.1130523681640625,-6.511624923165073,-5.551224382594228,-5.894364593477803,-6.558387040846355,-5.433489791699685,-7.176960373297334
849,-3.889191150665283,-1.8032535314559937,-5.803253650665283,-8.740753173828125,-7.256443736820074,-6.44105801731348,-7.1236032240667555,-6.553261995280991,-6.818947432060668,-7.856735788285732
850,-3.8909201622009277,-1.7737327814102173,-6.047170162200928,-8.297170639038086,-7.031677118182415,-6.754726089537144,-6.640977500224835,-6.515932679098114,-7.04732655256521,-7.714252920821309
851,-3.0775415897369385,-1.2259790897369385,-5.319728851318359,-7.015041351318359,-6.796440113452263,-5.9212525971233845,-5.937137936838553,-6.577562689553815,-6.405743595954846,-7.359560551121831
852,-2.4167215824127197,-1.3385965824127197,-4.424533843994141,-7.112033843994141,-6.432590573997004,-5.292932640761137,-5.502751465319307,-6.526126026667043,-5.885634051432135,-7.2763409577310085
853,-2.444979667663574,-1.6637296676635742,-4.835604667663574,-6.851229667663574,-6.406071531775524,-5.342888165265322,-5.562250133887574,-6.249692558920287,-5.8513677024893695,-7.5107189398258924
854,-3.966610908508301,-1.9822359085083008,-5.849423408508301,-8.1384859085083,-6.8417354744597105,-6.332542464137077,-6.474500891541538,-6.201000690351066,-6.701098554942291,-7.431473307311535
855,-4.152318477630615,-2.011693239212036,-5.839818477630615,-8.746068000793457,-7.183674687468738,-6.58026821911335,-7.082056640294468,-6.9413930176961,-6.9805645869346336,-8.091125093400478
856,-3.7131407260894775,-1.7912657260894775,-5.705327987670898,-8.181890487670898,-6.97104143704928,-6.415833994746208,-6.744434832544357,-6.29908859724128,-6.525728817854542,-7.503572434186935
857,-3.866016387939453,-1.6472663879394531,-5.826953887939453,-8.295703887939453,-6.772400727786589,-6.651140473783016,-6.5067031364451395,-6.412904500874902,-6.991143695355277,-7.6352385599166155
858,-2.656205654144287,-1.3358930349349976,-4.390580654144287,-6.984330654144287,-6.507916201124317,-5.517536245286465,-5.953160521181417,-6.453102111585395,-6.015719761708169,-7.357166213914752
859,-3.7651450634002686,-1.7573325634002686,-5.663582801818848,-8.397957801818848,-7.155887596883986,-6.347865883260965,-6.874577997448796,-6.452658176339355,-6.960564846034686,-7.660536887124181
860,-3.503969430923462,-1.613344430923462,-5.558656692504883,-8.003969192504883,-6.957273228836129,-6.191140741109848,-6.761864420332131,-6.2461767194654385,-6.636924495032872,-7.466527717188001
861,-4.011458396911621,-1.9723957777023315,-5.792708396911621,-8.448958396911621,-7.066281309496844,-6.371005162596703,-6.831841347120644,-6.488034367470391,-6.761608708533458,-7.772330820560455
862,-3.816343307495117,-1.7850933074951172,-5.824155807495117,-8.238218307495117,-7.105546464561485,-6.464515849947929,-6.9882782679706,-6.371045350922941,-6.753950947691919,-7.505638217553496
863,-3.5313944816589355,-1.7892069816589355,-5.7188944816589355,-7.6563944816589355,-6.758131012073136,-6.2026722729206085,-6.47680758923525,-6.476728558307514,-7.039347400335828,-7.919031970202923
864,-3.838338613510132,-1.7914636135101318,-5.705525875091553,-8.338338851928711,-7.025925394089427,-6.516270875930786,-6.900881289515382,-6.377410888621853,-6.674396269227145,-7.633926932699978
865,-3.9573841094970703,-1.7698842287063599,-5.85582160949707,-8.73082160949707,-7.1605967244831845,-6.697201959788799,-7.004301666307583,-6.53551852698638,-6.855913873230747,-7.738150540739298
866,-3.137603759765625,-1.286041259765625,-4.879791259765625,-7.996978759765625,-7.043929812403803,-6.145807061344385,-6.567323922576179,-7.020429372701074,-5.934569116325292,-7.68200262170285
867,-4.3283185958862305,-2.1955058574676514,-6.2814435958862305,-8.97675609588623,-7.258036136176088,-6.919492810964584,-7.3595937487298215,-6.593949794750188,-7.234606384517974,-7.91784627083689
868,-3.7083816528320312,-1.6068192720413208,-5.567756652832031,-8.255256652832031,-7.044438950993936,-6.369575746357441,-6.856872557167662,-6.2708929776499645,-6.560053700166463,-7.382655994966626
869,-3.685680389404297,-1.7716177701950073,-5.701305389404297,-8.201305389404297,-6.943613521929365,-6.421032875776291,-6.631049393010471,-6.302881598378917,-6.646742097771494,-7.3904682621359825
870,-3.6079201698303223,-1.7329201698303223,-5.529795169830322,-7.779795169830322,-6.834658130508615,-6.260107651352882,-6.553311702467909,-6.326684713258146,-6.522143589420011,-7.52003456838429
871,-3.5643773078918457,-2.0800023078918457,-5.642502307891846,-7.783127307891846,-6.291084040727583,-5.99664743244648,-6.0097693173302105,-6.072207331504615,-6.291105137512204,-7.2820000275969505
872,-3.719503879547119,-1.7351288795471191,-5.789816379547119,-8.321066856384277,-6.961812250461662,-6.452310524880886,-6.766434667937574,-6.297642350105889,-6.641484255007526,-7.38650344312191
873,-3.89040207862854,-1.56227707862854,-5.882589340209961,-8.257589340209961,-7.367039439239306,-6.027874782681465,-6.656079410124221,-6.601351737899677,-7.031078337298823,-7.763814991340041
874,-2.8619863986968994,-1.2369863986968994,-4.76042366027832,-7.37761116027832,-6.666874746137182,-5.557707488536835,-6.057387944048969,-6.330763578038386,-5.7684172227891395,-7.195953506976366
875,-3.6273181438446045,-1.8148181438446045,-5.463255405426025,-8.330443382263184,-6.916515341232298,-6.148804850876331,-6.564905282015388,-6.408584356173378,-6.564978467446053,-7.526002464815974
876,-3.4341254234313965,-1.699750542640686,-5.3872504234313965,-7.3716254234313965,-6.91083144111326,-6.236733719706535,-6.442020055255853,-5.98883116228717,-6.621793017649907,-7.302250923588872
877,-3.841576099395752,-1.7556387186050415,-5.786888599395752,-8.79470157623291,-7.326020953601983,-6.604709833860397,-7.029110192670487,-6.716585516885061,-7.013524768022762,-7.887942872010171
878,-4.237309455871582,-1.8779346942901611,-5.901371955871582,-8.877934455871582,-7.3077135044150054,-6.78200425952673,-7.268601178253448,-6.768568873360891,-6.956156129934243,-7.829488241113722
879,-4.057592868804932,-1.963842749595642,-5.877905368804932,-9.034154891967773,-7.120153067684441,-6.491456054151058,-6.940443276638689,-6.659165501543612,-7.010786292594275,-7.7157327849417925
880,-2.976325750350952,-1.2497632503509521,-4.554450988769531,-7.890388488769531,-6.796853638385073,-5.6351745165884495,-6.398289676544664,-6.546665191293869,-5.687476850638632,-7.145130194723606
881,-3.5998287200927734,-1.498266339302063,-5.412328720092773,-8.701391220092773,-7.4045590153109515,-6.456976655870676,-7.232669353088568,-6.529522299747896,-6.576440333112259,-7.507456381805241
882,-4.049339294433594,-2.0259017944335938,-5.783714294433594,-8.596214294433594,-7.034886830071628,-6.437417961657047,-6.777013419443392,-6.480092883045472,-6.769280305161374,-7.745219584554434
883,-2.626981735229492,-1.7754192352294922,-5.408231735229492,-6.166044235229492,-6.220930199007853,-6.358260452747345,-5.759865639047348,-5.5410578249957325,-6.252108565866365,-6.896484639495611
884,-3.8254904747009277,-1.5989279747009277,-5.645802974700928,-8.762990951538086,-7.286540740329656,-6.482404824346304,-6.958346365940088,-6.528627991598114,-6.763101213997288,-7.638718394562602
885,-3.7767045497894287,-1.8313920497894287,-5.667329788208008,-8.417329788208008,-6.714279172039824,-6.315229810774326,-6.6439315072966565,-6.370465278570919,-6.690857406370924,-7.594445259310305
886,-3.1225595474243164,-1.317872166633606,-4.841309547424316,-7.700684547424316,-7.052475187985692,-5.6792932488024235,-6.591384169652883,-6.591334223443482,-6.0836551064567175,-7.279350746423006
887,-3.9089081287384033,-1.7917206287384033,-5.744845390319824,-8.627657890319824,-7.057431098124653,-6.422408819198608,-6.815199731903704,-6.362044095930287,-6.752747770085989,-7.533955143764615
888,-3.2314822673797607,-1.5049197673797607,-4.35648250579834,-7.55179500579834,-6.895822963240789,-5.822141733020544,-6.630119065492181,-6.715894459994161,-5.825525121792452,-7.226123912259936
889,-3.980501174926758,-1.7773761749267578,-5.777376174926758,-8.730501174926758,-7.293053148827312,-6.691795766353607,-6.910215258245444,-6.394571542708945,-6.722742079262389,-7.551734113134444
890,-3.6664865016937256,-1.6430490016937256,-5.744611740112305,-8.143049240112305,-7.041550872650987,-6.763676650822163,-6.807141184373904,-6.510244846311252,-6.7446739654260455,-7.6242939773947
891,-3.877828598022461,-1.745016098022461,-5.854391098022461,-8.502828598022461,-7.440420027371147,-6.773655407130718,-7.018499134934245,-6.510651469176992,-6.870104428206105,-7.785229558125138
892,-2.7779135704040527,-1.2779136896133423,-4.668538570404053,-7.559163570404053,-6.614032728859456,-5.531278941780329,-5.8404918878368335,-6.4966882464232185,-5.621782176611305,-7.263560149818659
893,-3.1428842544555664,-1.2913217544555664,-5.088196754455566,-7.892884254455566,-7.017977948569751,-6.021592229604721,-6.439805029775016,-6.71320819848188,-5.807041878942982,-7.373933542519808
894,-3.5555901527404785,-1.805590033531189,-5.4852776527404785,-8.28996467590332,-7.1807055406752625,-6.076436430215836,-6.750964639650192,-6.188414692805964,-6.508859862340614,-7.511419324204326
895,-2.7558016777038574,-1.2479890584945679,-4.552676677703857,-7.068301677703857,-6.287311281834263,-5.331578880548477,-5.7090324107557535,-6.263643383554154,-5.638792498895782,-6.93876015022397
896,-3.7653648853302,-1.7888023853302002,-5.632552623748779,-8.366927146911621,-7.195169084443478,-6.325874015688896,-6.81230234906252,-6.421629905591544,-6.76549207358039,-7.600765060633421
897,-4.024532318115234,-1.7589075565338135,-5.852657318115234,-8.938594818115234,-7.274588821721409,-6.657933034002781,-7.001122831905377,-6.547977924314182,-6.9464762187126325,-7.827517883852124
898,-3.9824724197387695,-1.83403480052948,-5.4824724197387695,-8.72465991973877,-7.045057173949317,-6.136615969240665,-6.802832483113889,-6.646547317428485,-6.412266725557856,-7.521656692028046
899,-4.091621398925781,-2.0213088989257812,-5.786933898925781,-8.435371398925781,-6.9902040853048675,-6.199670106172562,-6.630764719557192,-6.357261657598428,-6.654288158810232,-7.777226150035858
900,-2.7636818885803223,-1.3261817693710327,-4.935556888580322,-6.591806888580322,-6.31879809248494,-5.236167296767235,-5.834156142504071,-6.240280269932555,-5.795191492710728,-7.205726621672511
901,-4.088469505310059,-1.854094386100769,-5.729094505310059,-8.299407005310059,-6.877678383607417,-6.2025256305933,-6.440114017939777,-6.393172502397647,-6.619905335319345,-7.654248433187604
902,-3.630988359451294,-1.466925859451294,-5.021613597869873,-7.927863597869873,-6.834240428506746,-5.964186288416386,-6.6310369956700015,-6.498190879712638,-6.006080504012061,-7.081029248423874
903,-3.8083534240722656,-1.7692909240722656,-5.738040924072266,-8.019290924072266,-6.652261840674328,-6.091731429100037,-6.464690919863642,-6.269307970855152,-6.777250755898422,-7.7606032732874155
904,-3.6677050590515137,-1.7614551782608032,-5.558330059051514,-7.550517559051514,-6.6287877454306,-6.02347781509161,-6.386523959648912,-6.10522019851669,-6.480370388671872,-7.376933496445417
905,-3.233372688293457,-1.834935188293457,-5.592747688293457,-7.452122688293457,-6.616238235019409,-5.936203271150589,-5.952152490172011,-5.538068771325925,-6.217813966461108,-7.382149849087
906,-3.2747244834899902,-1.9778493642807007,-5.00128698348999,-7.15753698348999,-6.040508972801035,-5.280701939016581,-5.657615539326798,-5.782561421096034,-5.806138263636967,-7.045904880389571
907,-3.9909000396728516,-1.9362125396728516,-5.717462539672852,-7.983087539672852,-6.639470210808213,-6.333766654133797,-6.444079278429854,-6.07684659953793,-6.451943272724748,-7.372239823453128
908,-3.233208179473877,-1.2644582986831665,-4.959770679473877,-7.834770679473877,-6.92862486296508,-5.939897455275059,-6.467622279356874,-6.647285938146524,-5.85829054970236,-7.340320557355881
909,-4.173686981201172,-1.8846244812011719,-5.861186981201172,-8.626811981201172,-7.541064363569603,-6.425436839461327,-7.290964360967337,-6.759639263043937,-7.017603621905437,-7.99233416095376
910,-3.7759647369384766,-1.986902117729187,-5.869714736938477,-8.275964736938477,-7.01826059231098,-6.368748359382153,-6.7525777804003155,-6.533790469082305,-6.838560338219395,-7.788607245311141
911,-3.8370213508605957,-1.9073338508605957,-6.188583850860596,-7.868271350860596,-7.14185320289107,-6.454242303967476,-6.985506056626036,-6.438593983599276,-7.227724906697404,-7.689357036724687
912,-3.692656993865967,-1.9192196130752563,-5.708281993865967,-8.052032470703125,-7.247421261701675,-6.2240405678749084,-6.848957298920141,-6.169227242439774,-6.466150759068114,-7.151358807459474
913,-3.5149173736572266,-1.8664799928665161,-5.358667373657227,-7.452417373657227,-6.616710159491049,-5.993458524346352,-6.390019649996248,-5.9993101356831176,-6.444765912441653,-7.281738612800837
914,-2.7503862380981445,-1.391011118888855,-4.6566362380981445,-6.5394487380981445,-6.235035977762891,-5.028090126812458,-5.578651537594851,-5.851990341274359,-5.609941823859117,-6.854112893342972
915,-3.9181549549102783,-1.9650299549102783,-5.816592693328857,-8.2931547164917,-7.246387714330922,-6.672307878732681,-6.926018236790696,-6.636914253193936,-6.808883184850856,-7.831678818911314
916,-3.5819854736328125,-1.4726104736328125,-5.2772979736328125,-8.144485473632812,-7.230626085627591,-6.268000081181526,-6.66800045666605,-6.699196457586368,-6.33213697715837,-7.413103234022856
917,-3.8094751834869385,-1.6766626834869385,-5.621975421905518,-8.34853744506836,-6.778337353163806,-6.202127024531364,-6.543899296520976,-6.426674961971003,-6.661161176714813,-7.63108528777957
918,-3.5849125385284424,-1.8271000385284424,-5.5146002769470215,-7.9286627769470215,-7.014789086635574,-6.2355712428689,-6.694375391933136,-6.397429227694374,-6.6241483538615284,-7.569793369621038
919,-3.9901750087738037,-1.9667375087738037,-5.396425247192383,-9.115175247192383,-7.130843280818226,-6.060401178896427,-6.740204572248331,-6.7401808500130755,-6.255835294108692,-7.254725594073534
920,-3.0437097549438477,-1.2390222549438477,-4.934334754943848,-7.473397254943848,-6.668839207850397,-5.842673413455486,-6.075012205656094,-6.49685430507634,-5.661004299159686,-7.230704345740378
921,-3.3169736862182617,-1.5904111862182617,-5.473223686218262,-7.606036186218262,-6.653032533911755,-6.214990831911564,-6.285774229680101,-6.051362633607823,-6.457730403810274,-7.4222674779593945
922,-2.8608784675598145,-1.3296284675598145,-5.0015034675598145,-6.5327534675598145,-6.52504240952112,-5.816356476396322,-5.931270119392138,-6.767157077380034,-5.962507364929479,-7.375312558375299
923,-2.8580126762390137,-1.2955127954483032,-4.623637676239014,-7.295512676239014,-6.48315023430041,-5.410491585731506,-6.139328239201859,-5.975217461436841,-5.694063895432919,-7.060929179191589
924,-3.735295295715332,-2.032170295715332,-5.219670295715332,-7.352482795715332,-6.454290121619124,-5.592461325228214,-6.39168642956065,-6.20406258091316,-6.313661784573924,-7.321616871282458
925,-3.942512273788452,-1.8800122737884521,-5.895637512207031,-8.637825012207031,-7.184776422443974,-6.707586862146854,-7.059733986276115,-6.684709548904721,-6.809773800036055,-7.776800625957549
926,-3.214139223098755,-1.2453892230987549,-4.784451961517334,-7.682889461517334,-6.979912150927703,-5.770861849188805,-6.479811309669458,-6.393846869270419,-6.081432932958705,-7.118849513120949
927,-3.556135416030884,-1.4858229160308838,-5.728010177612305,-7.853010177612305,-6.899983043651446,-5.875687751919031,-6.603062151512859,-6.743648886586925,-6.8921180953184376,-7.689905313774943
928,-2.9987525939941406,-1.1393777132034302,-4.600315093994141,-7.311252593994141,-6.639505258994177,-5.57381284981966,-6.3112951508046535,-6.389393925534023,-5.57696842734731,-7.161853049881756
929,-2.885697364807129,-1.4091347455978394,-4.573197364807129,-7.151322364807129,-5.948454942903481,-5.337914440780878,-5.64359902938304,-6.17478775939162,-5.604613409566809,-7.137441035360098
930,-3.929924964904785,-1.7346124649047852,-5.758049964904785,-8.492424964904785,-7.37535201846913,-6.692617259919643,-6.984666584456136,-6.554935336059316,-6.719081397415721,-7.6349510084837675
931,-2.858344078063965,-1.4520941972732544,-5.077094078063965,-6.428656578063965,-6.311560626607388,-5.592557974159718,-5.405269263916125,-6.24116861812945,-6.007125437725335,-7.212581168860197
932,-3.904127597808838,-1.896315097808838,-5.607252597808838,-8.38850212097168,-6.747989767456602,-6.15192049741745,-6.552616237288021,-6.286951541835151,-6.497993581724586,-7.56871815957129
933,-3.9227499961853027,-1.4930623769760132,-6.016499996185303,-8.383687019348145,-7.625971670247964,-6.635585129261017,-7.336851715273951,-7.180573344171535,-7.227469086148631,-7.839439310133457
934,-3.8672971725463867,-1.7813597917556763,-5.921984672546387,-8.984484672546387,-7.375169513819856,-6.654453180730343,-7.1251435274098185,-6.500116705869914,-7.023606060200109,-7.818281756713986
935,-3.9077234268188477,-1.798348307609558,-5.603035926818848,-8.681160926818848,-7.064076775932335,-6.474676035344601,-6.821833967009297,-6.493670940349148,-6.720326060749358,-7.751722512766719
936,-4.059871196746826,-2.098933696746826,-5.934871196746826,-8.052059173583984,-7.169431192451157,-6.556300774216652,-6.8880832157447,-6.638011336212003,-6.958452333623427,-7.970210328698158
937,-3.1887214183807373,-1.3918464183807373,-5.032471656799316,-7.962159156799316,-7.11857186423731,-5.996160164475441,-6.688797351831454,-6.368429422172994,-6.227936852243147,-7.332346087321639
938,-3.831216335296631,-1.7843413352966309,-5.424966335296631,-8.167154312133789,-6.917281023517717,-5.811509117484093,-6.768782494262268,-6.393731117139396,-6.542284480150556,-7.6003436632454395
939,-3.9775772094726562,-1.8213273286819458,-5.719764709472656,-8.594764709472656,-7.187666292687936,-6.557866238057613,-7.000117420204333,-6.4610222577457534,-6.914246910666407,-7.741348351351917
940,-3.6041741371154785,-1.7447991371154785,-5.4791741371154785,-8.07292366027832,-7.018394100188743,-6.113293312489986,-6.830809232938918,-6.2526254652975695,-6.463685384049313,-7.544283967465162
941,-3.636124849319458,-1.776749849319458,-5.526750087738037,-8.276749610900879,-7.050300949347729,-6.049367494881153,-6.4408755282638595,-6.1908262967126575,-6.823743097971601,-7.649893572553992
942,-3.679804563522339,-1.7735545635223389,-5.671992301940918,-8.093867301940918,-7.2581431638100185,-6.340644884854555,-6.890849584546231,-6.601696371895741,-6.765921695827274,-7.88242637552321
943,-2.8656601905822754,-1.2719100713729858,-4.717222690582275,-7.428160190582275,-6.70956646175182,-5.471587225794792,-6.029784319885948,-6.389117836748483,-5.803297748643672,-7.39812046661973
944,-3.8444299697875977,-1.7897424697875977,-5.719429969787598,-8.531929969787598,-7.102310059170122,-6.39528863132,-6.8679083577371784,-6.469439983317898,-6.727327223998145,-7.671938944607973
945,-4.030227184295654,-1.7958524227142334,-5.600539684295654,-8.186477661132812,-7.022533648087119,-6.307074822485447,-6.756838320503448,-6.475550651490266,-6.553777688313858,-7.7338858768343925
946,-3.855170726776123,-1.7379833459854126,-5.566108226776123,-8.566108703613281,-7.050579662442033,-6.089119136333466,-6.7927205550186045,-6.433307170802436,-6.644359580634045,-7.660644665360451
947,-2.8350677490234375,-1.2335052490234375,-4.7491302490234375,-7.3585052490234375,-6.569596278801328,-5.335138987749815,-5.835125325451372,-6.194461107084862,-5.842996709718136,-7.258633390069008
948,-3.8643860816955566,-1.7550112009048462,-5.630011081695557,-8.145636558532715,-6.75517462346761,-6.099238619208336,-6.169151422334835,-6.372215986100855,-6.356723058968782,-7.536124233156443
949,-2.6898906230926514,-1.0727031230926514,-4.6195783615112305,-7.6273908615112305,-6.986874932059436,-5.748982455581427,-6.221185325586703,-6.744593262561466,-5.791545386848156,-7.46125721745193
950,-3.0109269618988037,-1.1437394618988037,-4.768739700317383,-7.690614700317383,-6.948647236451507,-5.674641337245703,-6.237580414468539,-6.940646767103317,-5.800203538921778,-7.432419816032052
951,-3.664212226867676,-1.6876497268676758,-5.562649726867676,-8.132962226867676,-6.891094871767564,-5.935606591403484,-6.648725738472422,-6.023613810186362,-6.867597307718825,-7.566022057086229
952,-3.806720495223999,-1.603595495223999,-5.96297025680542,-8.353595733642578,-7.3536711902415846,-6.810547232627869,-7.213007330206892,-6.619226574877757,-7.072395681065245,-8.037586429156363
953,-3.4508867263793945,-1.7008867263793945,-5.4586992263793945,-8.279011726379395,-7.177584281380405,-6.402817778289318,-6.5447041965599055,-6.497776865844571,-6.716657508717617,-7.782349141314626
954,-3.733530282974243,-1.8038427829742432,-5.819467544555664,-7.514780044555664,-6.960368714353535,-6.243495039641857,-6.413379775243811,-6.5304226873740845,-6.702417006643373,-7.489929955452681
955,-3.4635329246520996,-1.9166579246520996,-5.6275954246521,-8.166658401489258,-7.010517352791794,-6.126367770135403,-6.6198297728042235,-6.377606868678413,-6.698009485808143,-7.518066158518195
956,-3.9208455085754395,-1.944283127784729,-5.6005330085754395,-8.616158485412598,-6.866950984665891,-6.166820928454399,-6.788775800843723,-6.655932187990402,-6.50757765344315,-7.811263472773135
957,-3.0257201194763184,-1.580407738685608,-5.283532619476318,-7.197595119476318,-6.580487844112213,-5.653693318367004,-5.963269232495804,-6.7444881199171505,-6.361701368328795,-7.438012967817485
958,-2.705270290374756,-1.4318327903747559,-4.275582790374756,-6.525582790374756,-6.260158399483771,-5.0117011815309525,-5.74444948945893,-5.98654842337055,-5.463296867339523,-7.038946835324168
959,-4.001476287841797,-1.8452262878417969,-5.712413787841797,-8.634288787841797,-6.9780908809443645,-6.305222123861313,-6.868694662571215,-6.149920344331349,-6.571847079485451,-7.504217881709337
960,-3.949711799621582,-1.8403366804122925,-5.770024299621582,-8.535649299621582,-7.145130271062953,-6.6796205416321754,-6.887251853142516,-6.613784909191963,-6.9341870496064075,-7.870483424514532
961,-3.1691200733184814,-1.5988075733184814,-5.426932334899902,-6.973807334899902,-6.92707430307928,-5.867635328322649,-6.18483125790226,-6.700394034092824,-6.817626712298079,-7.701507432386279
962,-3.9592397212982178,-1.8576772212982178,-5.826427459716797,-8.474864959716797,-7.193712706553924,-6.790953725576401,-6.896782754934975,-6.545186996414486,-6.795283192768693,-7.661899237893522
963,-3.901563882827759,-1.6671888828277588,-5.90937614440918,-8.22187614440918,-7.581355327900383,-6.857192948460579,-7.21410703564834,-6.745323061898489,-7.08133434902993,-7.963303048163652
964,-3.26955509185791,-1.2851802110671997,-5.01174259185791,-7.83205509185791,-7.152671171847032,-6.025310438126326,-6.808720940971398,-6.5898896453327325,-5.8791539418452885,-7.470007060095668
965,-4.20754861831665,-1.8169233798980713,-5.84817361831665,-9.059110641479492,-7.363919250841718,-6.464010529220104,-7.270103810693399,-6.730998396797986,-7.035804739934974,-7.928947309032083
966,-2.8031506538391113,-1.3422132730484009,-4.701588153839111,-7.201588153839111,-6.459585887918365,-5.363999914377928,-5.97510933526064,-6.303172588108282,-5.490827425586758,-7.266440663486719
967,-3.3486249446868896,-1.2079999446868896,-4.817375183105469,-8.075187683105469,-7.161277282590163,-5.844877615571022,-6.676805017876177,-6.590830802753771,-6.0362445044884225,-7.333317084237933
968,-3.1337947845458984,-1.2275447845458984,-4.696294784545898,-7.540044784545898,-6.837152215652168,-5.600862808525562,-6.48543834357406,-6.469760417541693,-5.751184681430459,-7.288212301209569
969,-3.9561405181884766,-1.917077898979187,-5.901453018188477,-8.393640518188477,-7.432924365333747,-6.5849986001849174,-7.128091451624641,-6.823342084785509,-7.042249188074493,-8.0388671644032
970,-4.025140285491943,-1.8767026662826538,-5.923577785491943,-8.478264808654785,-7.087728138882085,-6.452726073563099,-6.89237201115975,-6.540774822189633,-6.829926485916076,-7.760373020544648
971,-3.961655616760254,-1.727280616760254,-5.774155616760254,-8.547593116760254,-7.399287334352266,-6.382870554924011,-7.133603450980445,-6.344481825734874,-6.797720185786602,-7.613009350374341
972,-4.222986698150635,-2.1917366981506348,-6.027674198150635,-8.597986221313477,-7.25434910619515,-6.5970922857522964,-7.004292128935049,-6.613623142176948,-6.910637963301269,-7.9121302384883165
973,-3.9164552688598633,-1.8617678880691528,-5.807080268859863,-8.369580268859863,-7.041588059189962,-6.394062675535679,-6.729024288659275,-6.19772040832504,-6.822827689305996,-7.6234671752899885
974,-4.084931373596191,-1.8349311351776123,-5.913056373596191,-8.905243873596191,-7.702224249056599,-6.66072653234005,-7.374036788020021,-6.803690910293881,-6.8897236530756345,-7.858646234497428
975,-3.7685322761535645,-1.8075947761535645,-5.6669697761535645,-8.049781799316406,-6.971824393607676,-6.27619406580925,-6.823290226362587,-6.448235034826212,-6.7218019857537,-7.782596576958895
976,-3.998596668243408,-1.8735966682434082,-5.756409168243408,-8.37359619140625,-7.045591943184263,-6.284079186618328,-6.639273999753641,-6.0611091851405945,-6.4596387093261,-7.351041175425053
977,-3.730966806411743,-1.7153418064117432,-5.824716567993164,-8.129404067993164,-7.0123752229701495,-6.324284516274929,-6.691968081329833,-6.160669445873282,-6.848270051908912,-7.610451735556126
978,-4.148800849914551,-1.9534883499145508,-5.711300849914551,-8.71130084991455,-7.320766444870969,-6.346037492156029,-6.9847849596590095,-6.547247528988009,-6.773889418494946,-7.8126086024567485
979,-3.9806365966796875,-1.8400115966796875,-5.9650115966796875,-8.574386596679688,-7.215133421152132,-6.62973827123642,-6.965063093768549,-6.386896967834218,-7.066681617681752,-7.8186070285737514
980,-3.891976833343506,-1.7357269525527954,-5.696664333343506,-8.673227310180664,-7.254367704437755,-6.495505068451166,-7.1058723918795295,-6.637092709494937,-6.887185210733151,-7.825367029756308
981,-3.816833734512329,-1.715271234512329,-5.80902099609375,-8.46527099609375,-7.012219307121995,-6.491205647587776,-6.801241397315607,-6.277778506250797,-6.785644171781314,-7.486662283539772
982,-3.97310733795166,-1.8324823379516602,-5.97310733795166,-8.68404483795166,-7.223163483951794,-6.751110106706619,-7.035633563651572,-6.527802467317088,-7.02785956650041,-7.6883151745423675
983,-4.366654872894287,-1.9760299921035767,-6.069779872894287,-8.976030349731445,-7.304241772690148,-6.498625263571739,-7.077635883339099,-6.601038217509995,-7.054243322272669,-7.786857328377664
984,-4.075260639190674,-1.8721356391906738,-5.926823139190674,-8.356510162353516,-7.411417698604055,-6.264958791434765,-6.817557328940893,-6.700278162803443,-6.880066387813713,-7.826132323592901
985,-3.0560545921325684,-1.3451170921325684,-4.774804592132568,-7.157617092132568,-6.524942269388703,-5.587003596127033,-5.899848937006027,-6.352946281293043,-5.610842699708883,-7.287917333655059
986,-4.374702453613281,-2.093452215194702,-6.187202453613281,-9.101264953613281,-7.374793644565216,-6.73490222543478,-7.11692738462807,-6.679400563183663,-7.187303299586347,-7.9044846734032035
987,-3.406580924987793,-1.4534558057785034,-5.312830924987793,-7.734705924987793,-6.750528077711351,-6.105673611164093,-6.0394657824072056,-6.312853097670086,-6.125489222395117,-7.29340903647244
988,-4.239847660064697,-1.9820349216461182,-5.935160160064697,-8.825784683227539,-7.497791639267234,-6.57173977792263,-7.146149753167265,-6.528921127259309,-6.950904839031864,-7.67072843760252
989,-4.1319355964660645,-1.9288103580474854,-5.8663105964660645,-8.881935119628906,-7.296079751497018,-6.524689555168152,-6.9913502923700435,-6.546007633163754,-6.842953797895461,-7.755791921168566
990,-3.059966564178467,-1.3255914449691772,-4.770904064178467,-7.817779064178467,-7.013902177583077,-5.783711958676577,-6.33413755697984,-6.623157858641207,-5.717029203864513,-7.505505622364581
991,-3.1504287719726562,-1.2363662719726562,-5.001991271972656,-7.955116271972656,-7.119258281411021,-6.043428387492895,-6.603596328783169,-6.5801296233239555,-6.033334370091325,-7.414213459007442
992,-3.111342430114746,-1.3535298109054565,-4.806654930114746,-7.853529930114746,-6.830288152617868,-5.537787493318319,-6.111444944850518,-6.509803652481423,-5.674049117660616,-7.191415561363101
993,-4.055033206939697,-1.7269082069396973,-6.094095706939697,-8.437845230102539,-7.469241966042318,-6.931030511856079,-7.398848889104556,-6.836296796705938,-7.367650144413346,-8.041739983484149
994,-3.710756778717041,-1.921694278717041,-5.835756778717041,-8.367006301879883,-7.140550488555164,-6.40482010692358,-6.859237312342884,-6.390455603534974,-6.6483642997191055,-7.688007088378072
995,-3.6536130905151367,-1.5442382097244263,-5.833300590515137,-7.997363090515137,-7.013209199300036,-6.4798386469483376,-6.731814143153315,-6.223941564432607,-6.864692916278727,-7.638235382735729
996,-3.2873921394348145,-1.232704758644104,-4.7717671394348145,-7.6077046394348145,-6.889270613348344,-5.739720940589905,-6.607830397333601,-5.928052901581395,-6.084508389933035,-7.037326447665691
997,-3.6194911003112793,-1.4398036003112793,-5.299178600311279,-7.619491100311279,-6.604175162239699,-5.990682780742645,-6.158658737374935,-5.939834355835046,-6.338425619265763,-7.165740100666881
998,-3.032052755355835,-1.235177755355835,-4.711740493774414,-7.852365493774414,-6.719670050442801,-5.646979231387377,-6.219601510776556,-6.641445994215246,-5.664985530325794,-7.320351256988943
999,-3.9583263397216797,-1.8333264589309692,-5.93488883972168,-8.50520133972168,-7.427215447285562,-6.714344874024391,-7.067757008910121,-6.653651356618866,-7.13032638245204,-7.910314615815878
