,elephant,dolphin,panda,lion,kangaroo,penguin,giraffe,chimpanzee,koala,orangutan
000,-4.41513204574585,-1.8291945457458496,-6.14950704574585,-8.360445022583008,-7.634006134918309,-6.977730378508568,-7.196471210321761,-6.6651506422222155,-7.446480746169982,-8.142737256363034
001,-3.9289231300354004,-1.65548574924469,-6.0070481300354,-7.8664231300354,-7.50717019289732,-6.511439576745033,-6.897739408203051,-6.17112410059417,-7.311825509801565,-7.814268551766872
002,-4.089816570281982,-1.6445043087005615,-6.019504070281982,-8.36325454711914,-7.668001411555451,-7.145151697099209,-7.29297780925117,-6.59763765331445,-7.207047699928808,-7.7585617788136005
003,-3.5595216751098633,-1.2548341751098633,-5.465771675109863,-7.856396675109863,-7.61442420554522,-6.541346587240696,-6.731474634943879,-6.739232301444645,-6.653460603978601,-7.60796651430428
004,-4.408749580383301,-1.8774998188018799,-6.033749580383301,-8.2368745803833,-7.541691414095112,-6.4178953766822815,-7.190096969628939,-6.5337649582634185,-7.033846135243948,-7.800118509680033
005,-3.4659996032714844,-1.1534994840621948,-5.348812103271484,-7.090999603271484,-7.036587319656974,-6.0907419472932816,-6.348904605401913,-6.395717858795251,-6.356790290461504,-7.424822377040982
006,-4.162802696228027,-1.7487399578094482,-6.061240196228027,-8.186240196228027,-7.545750728007988,-6.724704712629318,-7.155073043250013,-6.475321173496923,-7.209782594902208,-7.951549559831619
007,-6.128462791442871,-3.722212791442871,-8.690962791442871,-4.651900291442871,-11.211134347890038,-6.848866581916809,-10.695339449855965,-6.620681762200547,-10.800622541893972,-9.352265119552612
008,-4.732703685760498,-2.459266424179077,-6.271766185760498,-8.779579162597656,-7.826554293336812,-6.825496174395084,-7.50620078862994,-6.928030967603263,-7.467165108762856,-8.15369200706482
009,-4.431159973144531,-1.9155347347259521,-6.173347473144531,-8.540534973144531,-7.626587980274053,-6.84650494158268,-7.306220648832095,-6.681173443703301,-7.228120323350595,-8.091445805504918
010,-4.475068092346191,-1.9047554731369019,-6.334443092346191,-8.475068092346191,-7.740797037440643,-6.9354894161224365,-7.389182447041094,-6.686019778150694,-7.50638210568286,-8.118811398744583
011,-4.410333633422852,-1.9572088718414307,-6.441583633422852,-8.777521133422852,-7.98078583694587,-6.855192378163338,-7.636969563645835,-6.769724011302969,-7.45730721464497,-8.206064915284514
012,-3.2825655937194824,-1.2356904745101929,-5.399753093719482,-6.985690593719482,-6.626631925144466,-5.835371915251017,-6.063966739675379,-6.290412306199869,-6.329726416734047,-7.248786311596632
013,-4.312826156616211,-1.883138656616211,-5.961263656616211,-8.140951156616211,-7.102063998114318,-6.172190926969051,-6.601969715644373,-6.172225475014784,-6.859822861893917,-7.725508717820048
014,-4.182774543762207,-1.760899543762207,-6.151524543762207,-8.315587043762207,-7.659465543125407,-6.990462511777878,-7.198463080298097,-6.66716396798256,-7.346911308392009,-8.033752990886569
015,-4.286294937133789,-1.864419937133789,-6.137857437133789,-8.153482437133789,-7.388005364919081,-6.683486856520176,-6.903555748162034,-6.575372934221377,-7.231707210332388,-8.027502968907356
016,-4.365375518798828,-1.9747503995895386,-6.123188018798828,-7.693500518798828,-7.521841025969479,-6.518745720386505,-6.732667440686782,-6.310711621959854,-7.092089760713861,-7.772217724472284
017,-4.1443915367126465,-1.730329155921936,-6.0740790367126465,-8.050642013549805,-7.347616905899486,-6.7734896540641785,-6.956949351548246,-6.503780364894737,-7.144460675706796,-7.921099776402116
018,-4.276767730712891,-1.9720802307128906,-6.245517730712891,-8.17520523071289,-7.198775401848252,-6.756494946777821,-6.823708532072487,-6.558032035725773,-7.245608087272558,-8.081444388255477
019,-3.2673425674438477,-1.2751550674438477,-5.103280067443848,-7.157967567443848,-6.666028468753211,-5.753064155578613,-5.868995424003515,-6.376746296469719,-5.939391001913464,-7.373280871659517
020,-4.254900932312012,-1.6767756938934326,-5.981463432312012,-8.676775932312012,-7.692525736652897,-6.810770094394684,-7.30184125687083,-6.551791667814541,-7.122175928103388,-7.907994048669934
021,-4.180387020111084,-1.821012020111084,-6.063199520111084,-8.360074043273926,-7.664849754299212,-6.867173902690411,-7.258560060301534,-6.50852429859242,-7.071083543123677,-7.7997010294348
022,-4.322398662567139,-1.7520862817764282,-6.002086162567139,-8.814586639404297,-7.986580364755355,-6.922770880162716,-7.43184113274765,-6.744289994107021,-7.330294128791138,-8.068348096683621
023,-3.4833474159240723,-1.7177225351333618,-5.936472415924072,-7.639597415924072,-6.670918462135887,-6.334725514054298,-6.2490177144281915,-6.069297075197937,-6.788099406068795,-7.226177453994751
024,-4.458070755004883,-2.129945755004883,-5.942445755004883,-8.926820755004883,-7.669071076328692,-6.6366613283753395,-7.215923904546798,-6.7783935069510335,-7.083141205213906,-8.08977494481951
025,-4.450367450714111,-1.9191175699234009,-5.919117450714111,-8.05974292755127,-7.356751909755985,-6.311151295900345,-6.856704588906723,-6.262885212740002,-6.8957894980485435,-7.558684648945928
026,-3.2720916271209717,-1.1080291271209717,-5.115841865539551,-7.623654365539551,-7.537899715869571,-6.218483876436949,-6.576833485090901,-6.951801776634966,-6.27223335695453,-7.642413817346096
027,-4.022065162658691,-1.748627781867981,-5.717377662658691,-7.850190162658691,-7.100342858102522,-6.34822166711092,-6.52994990087609,-6.022079706086515,-6.73310505819245,-7.322814209386706
028,-3.7327070236206055,-1.404581904411316,-5.5373945236206055,-6.8889570236206055,-7.060932035215956,-6.161296367645264,-6.693701742442499,-6.888972639915664,-6.279633282301802,-7.683640445582569
029,-4.346468448638916,-2.041780948638916,-6.393343448638916,-8.518343925476074,-7.760634893733368,-6.810657560825348,-7.057469008366752,-6.4714803694969305,-7.4949867692703265,-7.874458761885762
030,-4.246849060058594,-1.9265365600585938,-5.832786560058594,-8.207786560058594,-7.371959918549692,-6.672602564096451,-6.856288550203317,-6.457799196163251,-6.95006477420975,-7.822990955784917
031,-4.009658336639404,-1.8221582174301147,-5.923720836639404,-8.306532859802246,-7.517662506812485,-6.551289439201355,-6.978495474832016,-6.158115267564426,-6.845718495475012,-7.580679973587394
032,-4.291164875030518,-1.8771023750305176,-5.853664875030518,-8.24428939819336,-7.728835329791764,-6.596147030591965,-7.0100080923512,-6.220871090714354,-6.892891035997309,-7.739177167415619
033,-4.214226245880127,-1.870476245880127,-6.128288745880127,-8.534538269042969,-7.847126599270268,-6.733633436262608,-7.386155484637129,-6.612675905153992,-7.268993851314008,-8.108064537867904
034,-4.119856357574463,-1.799544095993042,-6.229231357574463,-8.408919334411621,-7.518413059762679,-6.909978225827217,-7.20586120855296,-6.2761205433789655,-7.182436105409579,-7.802233047783375
035,-4.258853435516357,-1.8369783163070679,-6.172915935516357,-7.743228435516357,-7.298067796626128,-6.906766921281815,-6.797994014552387,-6.313558816749719,-7.5011388015554985,-7.902764147147536
036,-4.516623497009277,-2.0400609970092773,-6.336935997009277,-8.446310997009277,-7.173005572185502,-6.708051830530167,-6.727622745514964,-6.383823275490613,-7.383898731197405,-7.8555530570447445
037,-4.215018272399902,-1.8243931531906128,-5.933768272399902,-8.527518272399902,-7.512001031791442,-6.5220998376607895,-6.88695406728948,-6.511909842354726,-7.0979261352840695,-7.932119281962514
038,-4.112520217895508,-1.7062703371047974,-6.260957717895508,-8.018770217895508,-7.604818337997131,-6.729398176074028,-7.167285200928745,-6.659422039625497,-7.362561582664057,-7.831024819985032
039,-3.9054033756256104,-1.5772783756256104,-5.7257161140441895,-8.147590637207031,-7.483640545302478,-6.6107771173119545,-7.046094415403786,-6.350732326376601,-6.928927894638036,-7.764336701482534
040,-4.50584077835083,-2.16990327835083,-5.70115327835083,-8.138652801513672,-7.240424968767911,-6.076878577470779,-7.107524268460111,-6.451181292140973,-6.912268026848324,-7.867250934243202
041,-3.2720656394958496,-1.36581552028656,-5.83456563949585,-7.31112813949585,-7.623686431139504,-6.661922033876181,-6.553357242672064,-7.068949460944168,-7.201782345346146,-7.710386098362505
042,-4.218593120574951,-1.7420306205749512,-5.765468120574951,-8.10140609741211,-7.35159347676381,-6.378245934844017,-6.859305616366328,-6.101425885948629,-6.757804501889041,-7.656862765550613
043,-4.340436935424805,-2.027937173843384,-6.199811935424805,-8.535749435424805,-7.293668502854416,-6.7330020517110825,-6.910804031787848,-6.379512786776104,-7.1061447824467905,-7.852272177115083
044,-3.778562307357788,-1.653562307357788,-5.669187068939209,-7.942624568939209,-7.5599032598911435,-6.728385180234909,-6.911421297889319,-6.723890185234268,-7.059885618364206,-7.996481206268072
045,-4.077754974365234,-1.7652549743652344,-5.819942474365234,-8.484004974365234,-7.4918996061896905,-6.7449058294296265,-6.929360627196729,-6.437141179975697,-7.132511613359384,-7.972076306119561
046,-4.932620048522949,-2.370120048522949,-6.823245048522949,-9.14355754852295,-7.909244535432663,-7.090935990214348,-7.010791896675073,-6.495128869971268,-7.268616436176671,-7.946939803659916
047,-4.406095504760742,-1.585782766342163,-6.038908004760742,-8.171720504760742,-7.843874177255202,-6.456094205379486,-6.9531129497190705,-6.8826853033151565,-7.359326118610625,-7.9040187038481236
048,-4.710668563842773,-2.0153560638427734,-6.171606063842773,-9.132543563842773,-7.929482457977429,-6.8721462190151215,-7.484151004733576,-6.726302623707852,-7.429471133757033,-8.186502765864134
049,-3.784388780593872,-1.721888780593872,-5.995326042175293,-8.010951042175293,-7.143890253617428,-6.311850979924202,-6.354754088901245,-6.112527012734063,-6.721975561173167,-7.467503285035491
050,-4.189852237701416,-1.900789737701416,-6.135164737701416,-7.767977237701416,-7.018163782835472,-6.211432918906212,-6.603982327083941,-6.392993807656239,-6.939968221617164,-7.888051487505436
051,-4.163356304168701,-1.6477313041687012,-6.147731304168701,-8.32741928100586,-7.811942685482791,-6.247815877199173,-6.796265239834611,-5.725874423817004,-7.124424925787025,-7.765123834833503
052,-4.378193378448486,-2.2453808784484863,-5.932880878448486,-8.643817901611328,-7.901747339143185,-6.179469600319862,-6.45637905413605,-5.940706968214727,-7.120487445878098,-7.290462359786034
053,-3.7880773544311523,-1.7177648544311523,-5.811514854431152,-8.194327354431152,-7.428836336694076,-6.390038184821606,-6.764710066236148,-6.358408570114989,-6.905357594958332,-7.848165713250637
054,-3.139580249786377,-1.2098928689956665,-5.202080249786377,-7.311455249786377,-6.788192376145162,-5.819767899811268,-6.202161428016552,-5.983354806598072,-5.874105561408214,-7.229388054460287
055,-3.4840633869171143,-1.4840633869171143,-5.484063148498535,-7.913750648498535,-7.562393644198892,-6.372896417975426,-6.702895399525005,-6.679400920547778,-6.49203597214364,-7.619166569784284
056,-4.012786865234375,-1.903411865234375,-6.333099365234375,-8.325286865234375,-7.606646531763545,-6.4976571053266525,-7.005051729072875,-6.598735332428987,-6.848813529810286,-7.701578134670854
057,-3.8316218852996826,-1.8550593852996826,-5.769122123718262,-7.987872123718262,-6.8395837434218265,-5.990889675915241,-6.323890444349672,-6.480076193673085,-6.4333101432275726,-7.683859432116151
058,-2.9474081993103027,-1.3458456993103027,-4.994283199310303,-6.291158199310303,-6.51794156973483,-5.642578724771738,-5.68185889434244,-6.267756103843567,-5.470969788482762,-6.905564310029149
059,-2.9225642681121826,-1.3210017681121826,-5.125689506530762,-6.500689506530762,-6.664965725940419,-5.5712824538350105,-5.633585926349042,-6.086666464027076,-5.914907085796585,-7.09038413874805
060,-4.409601211547852,-1.9877262115478516,-5.948663711547852,-8.761163711547852,-7.83938121367828,-7.002135246992111,-7.386214731821383,-6.776799678742464,-7.26904511214525,-8.004118183627725
061,-3.0084853172302246,-1.2428603172302246,-4.922547817230225,-7.469422817230225,-6.914971442951355,-5.8372082859277725,-6.055430052234442,-6.406945466738762,-5.875834094389575,-7.323801143094897
062,-4.224002838134766,-1.9505650997161865,-5.942752838134766,-8.138065338134766,-7.232051583036082,-6.386738121509552,-6.708519448744482,-6.239658832069836,-6.9273228455131175,-7.674631683155894
063,-4.389678478240967,-2.163115978240967,-6.233428478240967,-8.311553001403809,-7.397608154104091,-6.68194717168808,-6.897566554071091,-6.014691114345624,-6.952306500825216,-7.615577692165971
064,-4.071816921234131,-1.7983794212341309,-5.985879421234131,-8.157753944396973,-7.079803094093222,-6.459107577800751,-6.8140977577495505,-6.243710517710497,-6.962575307537918,-7.524670548737049
065,-4.166060447692871,-1.892622709274292,-5.994185447692871,-8.150435447692871,-7.056872231201851,-6.40028840303421,-6.666179649881087,-6.3301477429176884,-6.9240150350669865,-7.6842988319695
066,-3.9478402137756348,-1.5259652137756348,-6.275965213775635,-8.252527236938477,-8.16662311498294,-7.351769506931305,-7.3853732342031435,-6.799411177599723,-7.697858095008996,-7.962791649159044
067,-4.203372001647949,-1.9846220016479492,-6.008059501647949,-8.78149700164795,-7.758168572196155,-6.576887592673302,-7.078454967871949,-6.398700952395302,-7.211303107855201,-7.733890196308494
068,-4.737742900848389,-2.3627431392669678,-6.409617900848389,-8.542430877685547,-7.230016466251982,-6.899149149656296,-7.144045589964662,-6.823692321706403,-7.362816569475399,-7.9521881099790335
069,-4.207565784454346,-2.1606905460357666,-5.981003284454346,-8.441940307617188,-7.543691617393051,-6.271986618638039,-6.926391837092524,-6.316957712029762,-7.285813443289953,-7.768030757084489
070,-4.240489959716797,-1.7639274597167969,-6.052989959716797,-8.795177459716797,-8.11557733630616,-6.971511200070381,-7.490541695209686,-6.83425438393715,-7.404622552319779,-8.146060476079583
071,-3.230177402496338,-1.253614902496338,-5.206739902496338,-7.527052402496338,-7.2148538373585325,-6.042758621275425,-6.355286234655068,-6.519265651371825,-6.019437531969743,-7.260422173887491
072,-4.083767890930176,-1.8493930101394653,-6.130642890930176,-7.794705390930176,-7.396556335792411,-6.390489563345909,-6.669841995448223,-6.794731020598192,-6.708884351624874,-7.848719816654921
073,-3.520629405975342,-1.3565670251846313,-5.387816905975342,-7.856566905975342,-7.450505358108785,-6.272927537560463,-6.622245548718638,-6.4972127673827345,-6.333262673084391,-7.497256997972727
074,-3.2487306594848633,-1.3190430402755737,-5.186230659484863,-7.537793159484863,-7.084930504701333,-5.9944150149822235,-6.209748980116274,-6.615948795802979,-5.998921256978065,-7.435919450595975
075,-5.234694480895996,-2.664381980895996,-6.883131980895996,-9.176100730895996,-7.070703742312617,-6.721248731017113,-6.515985130437912,-6.8753291368020655,-7.289436696464691,-8.084486909210682
076,-3.434213638305664,-1.3873387575149536,-5.301401138305664,-7.606088638305664,-7.207896798470756,-5.929259791970253,-6.418674226915755,-6.535807132240734,-6.176586134009995,-7.197289364412427
077,-3.0289664268493652,-1.2555288076400757,-5.286778926849365,-6.943028926849365,-6.896345954577555,-5.929095879197121,-5.708731409882603,-6.286813854560023,-5.911906591849402,-7.22991625033319
078,-3.227599620819092,-1.3604121208190918,-5.141662120819092,-7.196349620819092,-6.813747622261872,-5.885666102170944,-5.696441169362515,-6.422945498863555,-5.81368862434465,-7.147411588579416
079,-3.4000236988067627,-1.4468986988067627,-5.009398460388184,-7.525023460388184,-6.845503912176355,-5.599480532109737,-5.884479042622843,-6.321926951002752,-5.900181400225847,-7.054893871769309
080,-4.028480529785156,-2.2941055297851562,-5.840980529785156,-7.356605529785156,-8.052048555444344,-6.925969064235687,-6.692611572776514,-6.512882351515145,-7.591122736354009,-7.135978430509567
081,-4.180715560913086,-1.805715799331665,-6.032278060913086,-8.836965560913086,-7.993272183721274,-7.00151239335537,-7.399500011804776,-6.727597832653373,-7.1807576409082685,-7.935422756709158
082,-4.300070762634277,-1.8469460010528564,-6.159445762634277,-8.581320762634277,-7.550241813340108,-6.778348788619041,-7.081403967255028,-6.56571531276677,-7.175173515759525,-8.037880528718233
083,-4.115322589874268,-1.9668850898742676,-5.880947589874268,-8.623135566711426,-7.279460665704391,-6.457026243209839,-6.834119438026391,-6.5372092723164315,-6.904461738507962,-7.686481215059757
084,-3.4638149738311768,-1.4794399738311768,-5.479440212249756,-7.284127712249756,-7.089022853266215,-6.104198016226292,-6.354530568809423,-6.01071655715532,-6.229599224796402,-6.978575933724642
085,-4.2545061111450195,-1.97325599193573,-6.0670061111450195,-8.23106861114502,-7.285967446878203,-6.624936953186989,-6.8874118284657015,-6.238915085214103,-6.989012471152819,-7.961584942415357
086,-4.476722717285156,-2.2345352172851562,-5.937660217285156,-9.023597717285156,-7.8908600779177505,-6.526011198759079,-7.28145527738161,-6.765793323484104,-6.968974707429879,-7.669859164394438
087,-4.257625579833984,-2.1170005798339844,-5.859188079833984,-8.343563079833984,-7.304665432689944,-6.335166044533253,-6.749909873091383,-6.398268699482287,-6.69529138620419,-7.381957981735468
088,-4.111597537994385,-1.6975350379943848,-6.041285037994385,-8.283472061157227,-7.533564324934559,-6.761007249355316,-7.205400942330016,-6.4944224356841005,-6.822601196960022,-7.721759796142578
089,-4.234376907348633,-2.046876907348633,-6.007814407348633,-8.500001907348633,-7.46104978906078,-6.590240195393562,-6.992244599725382,-6.42970216266167,-7.046966548718046,-7.8874756321311
090,-3.271118402481079,-1.239868402481079,-5.1617431640625,-7.7633056640625,-7.333829499795684,-6.164073288440704,-6.458696719899308,-6.896143078492969,-6.193162784489687,-7.848533965647221
091,-4.130137920379639,-1.9817004203796387,-5.973887920379639,-8.387950897216797,-7.71617447839526,-6.869097128510475,-7.122370718883758,-6.591086864405952,-7.1614640922125545,-7.9843772035092115
092,-4.476590156555176,-2.117215156555176,-6.375027656555176,-8.312527656555176,-7.757967106386786,-6.8151876628398895,-7.062608953987365,-6.515668630472646,-7.304836623443407,-8.013340931385756
093,-4.496523380279541,-2.121523380279541,-6.074648380279541,-8.957460403442383,-7.660675760045706,-6.64794747531414,-7.168454645481688,-6.4262237548000485,-7.082546349687618,-8.003973596729338
094,-3.3841633796691895,-1.2982257604599,-5.3841633796691895,-7.7747883796691895,-7.243703947664471,-6.1724177822470665,-6.524852154601831,-6.423245787422275,-6.142100445620599,-7.423135231249034
095,-3.8874001502990723,-1.8327127695083618,-5.817087650299072,-8.63740062713623,-7.426567191381764,-6.285714745521545,-6.887461779602745,-6.403037071157087,-6.762485142913647,-7.755868723616004
096,-3.958616018295288,-1.630491018295288,-5.403928279876709,-8.146116256713867,-7.513452280385536,-5.827336363494396,-6.857125279697357,-6.5836344955605455,-6.505633701599436,-7.776167908683419
097,-4.188786506652832,-1.7981616258621216,-6.071599006652832,-8.165349006652832,-7.337397083567339,-6.390519082546234,-6.712296602476272,-6.235679030265601,-6.946706766044372,-7.750394804403186
098,-4.763478755950928,-2.4119162559509277,-6.286916255950928,-8.396291732788086,-7.5761146453005495,-6.551444098353386,-6.826061960571678,-6.693185210047886,-7.193297496763989,-7.717731369659305
099,-3.373940944671631,-1.4130033254623413,-5.928628444671631,-6.788003444671631,-6.952175372811325,-6.239364475011826,-6.061507103637268,-6.483333587490051,-6.991172193524108,-7.45050660148263
100,-4.022889137268066,-1.7572641372680664,-6.108826637268066,-7.601014137268066,-7.1948708238924155,-6.905109785497189,-6.6010736209354945,-6.585404038318302,-7.108902928302996,-7.847292874008417
101,-4.227392673492432,-1.8758302927017212,-6.203955173492432,-8.64145565032959,-7.66498946674983,-6.893813535571098,-7.18837809447723,-6.70396816722041,-7.375897286066902,-8.034235032275319
102,-3.4644699096679688,-1.9566574096679688,-5.878532409667969,-8.409782409667969,-7.058359374816064,-6.021087154746056,-6.527031658173655,-6.7301132677293936,-6.902062530993135,-8.038868110626936
103,-4.269198417663574,-1.9254486560821533,-6.105135917663574,-8.511385917663574,-7.573986644441902,-7.000496923923492,-7.128632901331002,-6.527024865053136,-7.15208637429896,-7.840872863307595
104,-3.2706987857818604,-1.2628862857818604,-4.856636047363281,-7.630073547363281,-6.817717899393756,-5.465075183659792,-6.200466867994692,-6.536352037977849,-5.645842065045144,-7.275016508996487
105,-4.01535701751709,-1.874732255935669,-6.11691951751709,-7.99191951751709,-6.937350266140129,-6.65777100622654,-6.663866994138516,-6.304435849056972,-6.968561765352206,-7.722343320026994
106,-3.7088756561279297,-1.8651256561279297,-5.78700065612793,-7.49012565612793,-6.677775848555029,-5.886220097541809,-6.279275175125804,-6.232329487667812,-6.287091251084348,-7.737963084131479
107,-4.422630786895752,-2.110130786895752,-6.235130786895752,-8.633567810058594,-7.297716613902594,-6.63892836868763,-7.055492876730568,-6.555453181217672,-6.891453621115943,-7.985583188012242
108,-4.536452293395996,-2.036452054977417,-6.091139793395996,-8.848952293395996,-7.8568868562579155,-6.920988485217094,-7.177144882778521,-6.770842552068643,-7.388105626749166,-8.104470457881689
109,-3.0852608680725098,-1.3743232488632202,-5.15557336807251,-6.97588586807251,-6.288569075972191,-5.509135775268078,-5.554101939822431,-6.0149772163040325,-5.772912014028407,-7.14941718056798
110,-3.949242115020752,-1.957054615020752,-5.933617115020752,-7.886742115020752,-7.1915850518562365,-6.597782731056213,-6.668072578053398,-6.339884877046643,-6.980596417706693,-7.8469779919832945
111,-4.048183917999268,-1.821621298789978,-6.157558917999268,-7.993496417999268,-7.1108935851516435,-6.630702987313271,-6.759222979155311,-6.345080613855316,-7.040492527303286,-7.62039584480226
112,-3.13975191116333,-1.2022520303726196,-4.74912691116333,-7.63193941116333,-6.866465795508702,-5.602675098925829,-6.225769874195976,-6.608525275911234,-5.639882436822518,-7.36923673003912
113,-3.7543084621429443,-1.8168084621429443,-5.691808223724365,-7.574620723724365,-6.762355538448901,-5.865597888827324,-6.191950191903743,-6.277766942752351,-6.293529974660487,-7.565540689975023
114,-2.6986746788024902,-1.2221122980117798,-4.97211217880249,-6.40179967880249,-6.1910804271901725,-5.48566173389554,-5.3784631439702935,-6.175273656179343,-5.394143092402373,-7.235201213508844
115,-4.1275529861450195,-1.9244282245635986,-5.9869279861450195,-8.43224048614502,-7.237033838391653,-6.632511682808399,-6.846369025908643,-6.440069198477431,-6.869826551548613,-7.683544414117932
116,-3.003890037536621,-1.2773276567459106,-4.957015037536621,-7.246077537536621,-7.058881951728836,-5.765494000166655,-6.2071146915404825,-6.855482101003872,-5.847838978050277,-7.579314334318042
117,-3.868373394012451,-2.094935894012451,-5.805873394012451,-8.079310417175293,-7.1419720519916154,-6.062794752418995,-6.696594472086872,-6.423083066694744,-6.774769176350674,-7.860284863039851
118,-4.151284217834473,-2.0184717178344727,-5.924721717834473,-8.299721717834473,-7.409218661501654,-6.346633031964302,-6.909187670389656,-6.354429125587558,-6.784205192401714,-7.754442453384399
119,-3.1199235916137695,-1.237111210823059,-5.0339860916137695,-7.4480485916137695,-6.885803666955326,-5.673823744058609,-6.252831454497937,-6.612139343817034,-5.885724767416832,-7.507980404421687
120,-3.752955913543701,-1.7920182943344116,-5.799830913543701,-7.659205913543701,-6.753087750330451,-6.331586316227913,-6.471775052537851,-6.260786652399474,-6.6124343818519264,-7.665977397933602
121,-3.836716413497925,-1.8054664134979248,-5.899216175079346,-7.946091175079346,-7.243159275487415,-6.386869132518768,-6.797759527325979,-6.2976791855417105,-6.860306728092837,-7.7454505153000355
122,-4.051210880279541,-1.762148380279541,-5.871523380279541,-8.168397903442383,-7.504412886512,-6.7749471217393875,-6.988757609229651,-6.449662089254161,-6.934067725153,-7.721064834855497
123,-2.987926721572876,-1.097301721572876,-4.901988983154297,-7.003551483154297,-6.644403789439821,-5.481553755700588,-6.0036411245237105,-6.417641400914363,-5.808395969463163,-7.237627038732171
124,-3.8295469284057617,-1.9232969284057617,-5.751421928405762,-7.954546928405762,-7.001550070184749,-6.0278740376234055,-6.735873815443483,-6.25925338250272,-6.478085035982076,-7.5945888087153435
125,-3.126021385192871,-1.454146385192871,-5.407271385192871,-7.321333885192871,-6.852774482686073,-6.062030635774136,-6.188587782562536,-6.751043796288286,-6.454255336546339,-7.761966230347753
126,-4.090479373931885,-2.0279793739318848,-5.934229373931885,-8.246729850769043,-7.332825648103608,-6.376295007765293,-6.879635568046069,-6.473310470408251,-6.856233707643696,-7.879684383049607
127,-4.435003757476807,-2.2631287574768066,-6.114691257476807,-8.020940780639648,-6.763277400415973,-6.212653040885925,-6.442913527527708,-6.052211046022421,-6.763236874459835,-7.684978824108839
128,-4.191575050354004,-1.855637550354004,-5.793137550354004,-8.965012550354004,-7.480697034021432,-6.556875295937061,-7.230672478064662,-6.683771967843313,-7.043188093815843,-7.868332407437265
129,-2.9301514625549316,-1.3207764625549316,-4.984838962554932,-6.828588962554932,-6.500643475636025,-5.654431216418743,-5.852089164676727,-6.477046608721139,-5.758390658535063,-7.308449808508158
130,-3.180630922317505,-1.1962559223175049,-5.305630683898926,-6.649380683898926,-6.7434648908965755,-5.822385869920254,-6.180789696445572,-7.016688578034518,-6.563606725670979,-7.487261071801186
131,-2.926253318786621,-1.215315818786621,-4.980940818786621,-7.262190818786621,-6.309265355230309,-5.567694406956434,-5.746642348225578,-6.43409168686776,-5.613886585895671,-7.280857138335705
132,-3.0620946884155273,-1.2886571884155273,-4.976157188415527,-7.343344688415527,-7.023290481592994,-5.752839948982,-6.171565289696446,-6.710565804871294,-6.023214204440592,-7.717511028051376
133,-2.850274085998535,-1.5768364667892456,-5.154961585998535,-6.420586585998535,-6.170802569904481,-5.4317468628287315,-5.405078046693234,-5.9284313911957724,-5.655145270648063,-7.144509447738528
134,-3.00712251663208,-1.17118501663208,-4.99931001663208,-7.08524751663208,-6.4917022972222185,-5.65435266494751,-5.757209893221443,-6.2493487589017604,-5.616646993905306,-7.175552640110254
135,-3.525691032409668,-1.8147534132003784,-5.619441032409668,-7.713191032409668,-7.478898402638151,-6.455758728086948,-6.830422281262145,-6.314766168514325,-6.853872893625521,-7.685496807098389
136,-3.164320945739746,-1.258070945739746,-4.976820945739746,-7.515883445739746,-6.547268858324969,-5.509250935167074,-6.09407329349051,-6.273718833661405,-5.797251813557523,-7.5190458577126265
137,-4.177557945251465,-1.958808183670044,-6.286932945251465,-8.575995445251465,-7.513592238508863,-6.709377713501453,-7.130736230385082,-6.560383558186913,-7.052638646680862,-7.943054501898587
138,-3.8162665367126465,-1.5897040367126465,-5.3709540367126465,-8.058454513549805,-7.082017652181094,-6.012886270880699,-6.527262924366369,-6.488157272215176,-6.371052379538014,-7.581826591864228
139,-3.127776622772217,-1.2059017419815063,-4.885589122772217,-7.135589122772217,-6.714036412740825,-5.728457659482956,-5.870093814068241,-6.5340681067427795,-5.760800577700138,-7.392372498288751
140,-4.045974254608154,-1.8819119930267334,-5.788161754608154,-8.147537231445312,-7.022632951877313,-6.413918934762478,-6.8194731455078,-6.475674509921191,-6.7882368536375,-7.77413940243423
141,-2.7766928672790527,-1.3157553672790527,-5.003255367279053,-6.628255367279053,-6.058196393307298,-5.478835478425026,-5.433062307856744,-6.097043036705145,-5.448743089582422,-7.157178584486246
142,-2.7601795196533203,-1.2758045196533203,-4.78361701965332,-6.88517951965332,-6.229130367137259,-5.432625189423561,-5.518093580809364,-6.04927647054501,-5.486919268150814,-7.017160573974252
143,-2.8046038150787354,-1.3124163150787354,-5.078041076660156,-6.890541076660156,-6.242358532821527,-5.640756659209728,-5.6172051378162,-6.312447309006529,-5.648507106438046,-7.301986820995808
144,-3.865466356277466,-1.8732788562774658,-5.873278617858887,-8.138903617858887,-7.498411765773199,-6.584449507296085,-6.904605147297843,-6.568610906404501,-7.006196493319294,-8.012042319402099
145,-3.8823962211608887,-2.0152087211608887,-5.648021221160889,-8.10895824432373,-6.9684297992353095,-6.320206269621849,-6.546506046128343,-6.4527204036030525,-6.632468578580301,-7.710908278822899
146,-3.4567365646362305,-1.167673945426941,-5.4098615646362305,-6.7614240646362305,-7.050654397229664,-5.864168100059032,-6.409958953881869,-6.558334945988463,-6.191186306066811,-7.509287633001804
147,-3.787656545639038,-1.928281545639038,-5.537656307220459,-7.881406307220459,-6.787925207230728,-5.64707001298666,-6.100322590355063,-6.162688850825361,-6.381641360305366,-7.720790641382337
148,-2.675541877746582,-1.3005419969558716,-5.198979377746582,-6.394291877746582,-6.2538612891949015,-5.403865437954664,-5.480321760674997,-6.199016212740389,-5.5584876448556315,-7.3525216691195965
149,-3.8071136474609375,-2.0180511474609375,-5.8618011474609375,-7.9868011474609375,-6.940057984247687,-6.144367717206478,-6.596248862486391,-6.189943194243824,-6.541585083126847,-7.607964048162103
150,-4.057502746582031,-1.8778152465820312,-5.870002746582031,-8.112190246582031,-7.276375405417639,-6.601925253868103,-6.682559726999898,-6.48720586287709,-7.034137007998652,-7.670934384688735
151,-4.066529750823975,-1.8868422508239746,-6.004029750823975,-8.605591773986816,-7.574439640069613,-6.494093582034111,-7.144718287359865,-6.246231555836857,-6.8869229522533715,-7.693352660164237
152,-2.836085319519043,-1.203272819519043,-4.804835319519043,-7.515772819519043,-7.023770434418111,-5.708820845931768,-6.1173952799945255,-6.773614167750566,-5.836224546277663,-7.588527161628008
153,-2.7581682205200195,-1.24254310131073,-4.9534807205200195,-7.1019182205200195,-6.516188957466511,-5.48095403984189,-5.820771808030258,-6.031635522398574,-5.719282253892743,-7.2557537779212
154,-2.9986283779144287,-1.3814408779144287,-4.998628616333008,-7.381441116333008,-6.514482829530607,-5.455759637057781,-5.819046849384904,-6.318972348679381,-5.592564207967371,-7.449325166642666
155,-4.149383544921875,-2.016571283340454,-5.891571044921875,-8.360321044921875,-7.469788666247041,-6.713198773562908,-6.961939452514343,-6.469707250532338,-7.040083524756483,-7.845712069422007
156,-4.200963973999023,-2.0447142124176025,-6.115026473999023,-8.247838973999023,-7.240163197711809,-6.7874927669763565,-6.896349665825255,-6.497854828709023,-7.1073062377327005,-7.978399200364947
157,-3.9563488960266113,-1.9797865152359009,-5.932911396026611,-7.917286396026611,-6.9096294520568335,-6.422944158315659,-6.659541008601082,-6.300115227566494,-6.870512599591166,-7.706383468583226
158,-3.744203805923462,-1.837953805923462,-5.705141544342041,-7.947329044342041,-6.916187757306034,-6.092950284481049,-6.533331749698846,-6.220781087769865,-6.5646065433029435,-7.591364212334156
159,-4.149050235748291,-2.117800235748291,-5.875612735748291,-8.93030071258545,-7.203796027391945,-6.224133737385273,-6.774092673353152,-6.430310726111202,-6.633496758760884,-7.710519936867058
160,-3.9929685592651367,-1.9929685592651367,-5.867968559265137,-7.946093559265137,-6.883710019959835,-6.293380573391914,-6.7039688805889455,-6.446106791408965,-6.641495223841048,-7.8852256163954735
161,-3.0215368270874023,-1.3418493270874023,-5.130911827087402,-7.248099327087402,-6.279527767474065,-5.641860015690327,-5.638807174109388,-6.11531162231222,-5.779493202353478,-7.202670771628618
162,-4.026081085205078,-2.041706085205078,-5.822956085205078,-8.080768585205078,-7.0027794745547,-6.298669330775738,-6.651167746604187,-6.17453491674496,-6.74495553196175,-7.56397888250649
163,-3.7717137336730957,-1.9357761144638062,-5.935776233673096,-7.474838733673096,-6.584370600787224,-6.019699186086655,-6.25616466710926,-6.552976727401074,-6.529602763112052,-7.65264755114913
164,-3.7113196849823,-1.8597571849822998,-5.805069923400879,-7.805069923400879,-6.984902609779965,-6.309461891651154,-6.547344799990242,-6.10196566560262,-6.531754009483848,-7.478487469255924
165,-3.928150177001953,-2.006275177001953,-5.912525177001953,-8.201587677001953,-7.498585455032298,-6.402518853545189,-6.936040517641231,-6.389104604577369,-6.748575204241206,-7.830213148146868
166,-3.5504114627838135,-1.7769739627838135,-5.495724201202393,-7.042599201202393,-6.5583749895886285,-6.246866345405579,-6.402058001818659,-5.909805536091881,-6.5583302918457775,-6.986401034519076
167,-4.301093101501465,-2.121405839920044,-6.027655601501465,-8.496405601501465,-7.215285292797489,-6.461411580443382,-6.8402458388591185,-6.363608360174112,-6.8715146720496705,-7.6620695777237415
168,-4.072636604309082,-1.955449104309082,-5.916386604309082,-8.166386604309082,-7.041513554140693,-6.468283884227276,-6.822707650520897,-6.432027578226553,-7.041488403861877,-7.867983210831881
169,-2.911180019378662,-1.3721174001693726,-5.629930019378662,-6.098680019378662,-6.434822419148986,-5.844122484326363,-6.012860768001701,-6.4112292516038,-6.630027289429563,-7.439822372049093
170,-3.847240924835205,-1.5816160440444946,-5.894115924835205,-7.933178424835205,-7.464507576667529,-6.662816345691681,-6.8004157530776865,-6.8238180874704994,-6.847273945262714,-7.936823166906834
171,-3.8893661499023438,-1.9049911499023438,-5.694053649902344,-8.061241149902344,-6.975450624158839,-6.160363852977753,-6.530081029668509,-6.295634984791832,-6.623841876680672,-7.6460674572736025
172,-3.676744222640991,-1.8095567226409912,-5.76268196105957,-7.38768196105957,-6.598758807012928,-6.150482684373856,-6.051797984597215,-6.364259004487394,-6.473717446293449,-7.520443952642381
173,-2.7584433555603027,-1.1490682363510132,-4.656880855560303,-7.094380855560303,-6.407011857983889,-5.457440726459026,-5.758496163882228,-6.485024094416076,-5.5007313439418795,-7.205536121502519
174,-3.9084973335266113,-1.9631848335266113,-5.838184833526611,-7.705372333526611,-6.596165881259367,-6.113292679190636,-6.2757669653510675,-6.127265572382385,-6.463310591425397,-7.618772713467479
175,-3.7994165420532227,-1.9087915420532227,-5.572854042053223,-8.096291542053223,-6.877636428143887,-5.920278839766979,-6.486983058624901,-6.221305370235314,-6.268255825823871,-7.489716451615095
176,-3.6801490783691406,-1.7738990783691406,-5.836399078369141,-8.04733657836914,-7.094293352594832,-6.503067769110203,-6.711442827221617,-6.461408019025839,-6.820829509153555,-7.840836762450635
177,-3.9461112022399902,-2.0711112022399902,-5.74298620223999,-8.203924179077148,-7.430584545065358,-6.3523446545004845,-6.782107351489685,-6.461749434383819,-6.868085379450349,-7.901556394994259
178,-2.553800344467163,-1.678800344467163,-4.952238082885742,-6.077238082885742,-5.757131316961022,-5.168367102742195,-4.858599656559818,-6.092896341724554,-5.335218296284438,-6.912428628653288
179,-4.054044246673584,-2.061856508255005,-6.022794246673584,-7.929044246673584,-6.726041786314454,-6.4378940761089325,-6.468173144043249,-6.171246290101408,-6.733812805701746,-7.62112626619637
180,-3.8701398372650146,-1.7060773372650146,-5.854515075683594,-7.643577575683594,-7.503187509588315,-6.505831271409988,-6.495291340834228,-6.432665228527185,-6.971780058716831,-7.8685887064784765
181,-4.079016208648682,-1.9852664470672607,-6.032141208648682,-8.17276668548584,-7.313510053245409,-6.615001156926155,-6.9228316524095135,-6.35246682158413,-6.836915012449026,-7.793205263093114
182,-4.171940326690674,-1.9922528266906738,-5.750065326690674,-7.937565326690674,-7.03921234250447,-6.5310171246528625,-6.7735598071085406,-6.250074982596743,-6.695439694398374,-7.586966559290886
183,-4.289292812347412,-1.914292812347412,-5.984605312347412,-8.66429328918457,-7.914417616688297,-6.753367826342583,-7.234669444886094,-6.750241875581196,-7.164354084045044,-7.985543016344309
184,-2.908459186553955,-1.3147090673446655,-5.033459186553955,-6.853771686553955,-6.111809109192109,-5.491988070309162,-5.439824574488739,-6.291305422215373,-5.260200603690464,-7.272301945835352
185,-3.6760096549987793,-1.9181970357894897,-5.855697154998779,-7.769759654998779,-6.894903053485905,-6.237382784485817,-6.590160842773912,-6.199465513060204,-6.574554676000844,-7.565540133044124
186,-3.2408649921417236,-1.3658649921417236,-5.233052730560303,-7.764302730560303,-6.944124927991652,-5.999692242592573,-6.092482565331011,-6.904946327036669,-6.076904172521608,-7.826700696721673
187,-3.5959672927856445,-1.814717173576355,-5.8225297927856445,-7.8615922927856445,-7.049242723587668,-6.198967069387436,-6.619485851813806,-6.025675177366793,-6.682017558414373,-7.53352084569633
188,-3.7696096897125244,-1.8867971897125244,-5.6680474281311035,-7.7383599281311035,-6.762020563022816,-6.01447531580925,-6.363487354741665,-6.136823653831016,-6.402568091274588,-7.5379571337252855
189,-4.117908000946045,-2.008533000946045,-5.860095500946045,-8.375720977783203,-7.368077502193046,-6.291014656424522,-6.938332551399071,-6.430431842520193,-6.883678902479005,-7.821445943787694
190,-4.045327663421631,-1.8500151634216309,-6.139077663421631,-8.256264686584473,-7.232961407295079,-6.625268861651421,-6.771960256024613,-6.443779945264396,-7.053228016811772,-7.87669918872416
191,-3.103525161743164,-1.4629000425338745,-5.298837661743164,-7.314462661743164,-6.627137049727025,-5.813892852514982,-6.103603955976723,-6.166045665529964,-5.861456267950416,-7.177031075581908
192,-3.0174920558929443,-1.2362420558929443,-4.915929794311523,-7.454992294311523,-7.080239980539773,-5.772838523611426,-6.267577286926098,-6.845646261748698,-5.89265416743001,-7.685831155627966
193,-4.272177696228027,-2.0846779346466064,-6.201865196228027,-8.248740196228027,-7.030124655269901,-6.622162491083145,-6.623818156062043,-6.264379858863322,-6.97540747570747,-7.7823123801499605
194,-2.670940399169922,-1.6943777799606323,-5.045940399169922,-6.342815399169922,-5.796219548356021,-4.920313328504562,-4.921097623868263,-5.811604856666236,-5.413359257639968,-7.133397424593568
195,-2.837071418762207,-1.3058212995529175,-4.923008918762207,-7.376133918762207,-6.844994181272341,-5.826284095644951,-6.001174568304123,-6.852712035057266,-5.852783080161316,-7.679280060343444
196,-3.2204275131225586,-1.3298025131225586,-4.970427513122559,-7.626677513122559,-6.876914234744618,-5.837424047291279,-6.07988011535781,-6.681394695795461,-5.915909752744483,-7.6227971613407135
197,-4.004056930541992,-1.8712444305419922,-5.957181930541992,-8.410306930541992,-7.293210263895162,-6.677291244268417,-6.808794854801818,-6.371255874568305,-7.004138943171711,-7.9434905387461185
198,-4.326916694641113,-2.2644169330596924,-6.053479194641113,-8.553479194641113,-7.366086834837915,-6.449778504669666,-6.866043684785836,-6.670680165199883,-6.889513487898512,-8.024846164509654
199,-2.965379238128662,-1.1841293573379517,-4.809129238128662,-7.559129238128662,-6.551525570990634,-5.614672262221575,-5.856077072348853,-6.645094513507502,-5.723370059320587,-7.40047506801784
200,-4.0412068367004395,-1.9318318367004395,-5.7521443367004395,-8.041206359863281,-6.760068171977764,-6.115047261118889,-6.37721907813102,-6.29122447951886,-6.752263419686642,-7.66452600248158
201,-2.7944388389587402,-1.2241264581680298,-5.10693883895874,-6.75537633895874,-6.0289767847862095,-5.506200160831213,-5.560135600375361,-6.0054036375131545,-5.450797551922733,-6.9681741166859865
202,-4.333724498748779,-1.9352871179580688,-6.099349498748779,-8.575912475585938,-7.490099779868615,-6.828632965683937,-6.950977561711625,-6.466551303761662,-7.107252474503184,-7.734592719003558
203,-2.9814062118530273,-1.2860937118530273,-5.020468711853027,-6.981406211853027,-6.278498506784672,-5.452643170952797,-5.5986850219996995,-6.184566854793957,-5.458121645671781,-7.268329478800297
204,-4.177647590637207,-1.9901478290557861,-5.982335090637207,-7.888585090637207,-6.9669022375455825,-6.506799221038818,-6.482439989311388,-6.138609170624477,-6.802794207309489,-7.771990470588207
205,-3.8145880699157715,-1.9083380699157715,-5.7911505699157715,-8.18177604675293,-7.29904508254549,-6.486580602824688,-6.775569557175913,-6.353662013942085,-6.6974710201247944,-7.743419951759279
206,-3.1954243183135986,-1.2813618183135986,-4.8985490798950195,-7.3282365798950195,-6.750424097815994,-5.645048215985298,-6.031456465985684,-6.586086868526763,-5.812830305017997,-7.288305571302772
207,-3.857757568359375,-1.514007568359375,-5.967132568359375,-8.146820068359375,-7.451578376167163,-6.975214704871178,-6.920298098695639,-6.107767224265444,-7.2718704926192,-7.558723805472255
208,-2.998936653137207,-1.287999153137207,-4.420811653137207,-7.631749153137207,-6.702220784878591,-5.2821318712085485,-5.999022003343271,-6.592716455015761,-5.342850433284184,-7.310633992776275
209,-3.9764599800109863,-1.9061473608016968,-5.765522480010986,-8.507709503173828,-6.89927529549459,-6.1359328627586365,-6.6335978484057705,-6.14917278271605,-6.711766117456136,-7.576268702745438
210,-4.388461589813232,-2.3572115898132324,-6.044711589813232,-8.50564956665039,-7.341785768701811,-6.376711830496788,-6.990136259460996,-6.85723924598642,-6.990159383203718,-8.09343771636486
211,-3.325564384460449,-1.9349392652511597,-5.833376884460449,-7.216189384460449,-6.2945096302137244,-5.67483626306057,-6.020956751497579,-6.145897865075312,-6.38823388570745,-7.562206368893385
212,-3.9886245727539062,-1.7542495727539062,-6.207374572753906,-8.285499572753906,-7.363739126318251,-6.605590991675854,-6.902754542934417,-6.25427067257624,-7.0824911526433425,-7.678937122225761
213,-3.1956136226654053,-1.4612386226654053,-5.375301361083984,-6.992488861083984,-6.750452745429357,-6.014289356768131,-6.070703860044887,-6.81283044772681,-6.390981672666385,-7.566017352044582
214,-3.974404811859131,-1.9587798118591309,-5.841592311859131,-8.075967788696289,-7.263614286115626,-6.531410820782185,-6.810419198896852,-6.4353612659560895,-6.943252320306783,-7.880453674122691
215,-3.9690887928009033,-1.8440887928009033,-5.805026054382324,-8.523776054382324,-7.383224723009334,-6.468243256211281,-6.992572664126783,-6.445662856031959,-6.820716855741921,-7.665100358426571
216,-3.0467801094055176,-1.3202176094055176,-5.023342609405518,-7.023342609405518,-6.304889158142032,-5.633426394313574,-5.710954302274331,-6.4686908715520985,-5.726689433286083,-7.52247573249042
217,-3.2240195274353027,-1.3255821466445923,-5.552144527435303,-6.809957027435303,-6.935434108396294,-5.886725760996342,-6.216445775135071,-6.560037371265935,-6.560111987506389,-7.577733084559441
218,-2.8180618286132812,-1.0602494478225708,-4.677436828613281,-7.271186828613281,-6.646283145077177,-5.494546011090279,-5.880610822430754,-6.521204948261584,-5.474404449938447,-7.340777020901442
219,-2.935100555419922,-1.2476004362106323,-4.958538055419922,-7.036663055419922,-6.7009492862271145,-5.684322960674763,-5.880491968855495,-6.489815592387458,-5.708679070070502,-7.327447829768062
220,-3.716447591781616,-1.8805100917816162,-5.950822353363037,-7.091447353363037,-6.490104531956604,-6.105632767081261,-6.177504770719679,-6.005542277765926,-6.55254922946915,-7.572845503687859
221,-3.1957521438598633,-1.4066896438598633,-5.102002143859863,-7.344189643859863,-6.594399311012239,-5.884924732148647,-5.961453554096806,-6.344218134474431,-5.906861290510278,-7.310167595744133
222,-4.154609203338623,-1.8264843225479126,-5.873359203338623,-8.967109680175781,-7.912469981936738,-6.773863956332207,-7.474954842971783,-6.59992790220258,-7.13901781979439,-7.711447271518409
223,-3.77020263671875,-1.82489013671875,-5.95770263671875,-7.90301513671875,-6.785961499786936,-6.281434461474419,-6.434347268543206,-5.957721471608238,-6.6374938434237265,-7.50512664206326
224,-4.237259864807129,-2.104447603225708,-6.198197364807129,-7.573197364807129,-6.424895277392352,-6.4834975972771645,-6.127968188629893,-6.127900123479776,-6.659266224814928,-7.7412683460861444
225,-3.839203119277954,-1.893890619277954,-5.839202880859375,-7.768890380859375,-6.925270072155399,-6.344658181071281,-6.61272227428708,-6.386095404472144,-6.636190884877578,-7.765327479690313
226,-3.6750290393829346,-1.8234665393829346,-5.7219038009643555,-7.7531538009643555,-6.784621095896,-6.0310403034091,-6.339198583569669,-6.120364069678544,-6.495481838835985,-7.440527202561498
227,-3.8216629028320312,-1.8451004028320312,-5.852912902832031,-8.118537902832031,-7.228048315417254,-6.57939837872982,-6.70454108499689,-6.376368045650452,-6.946745869056031,-7.701398184522986
228,-4.008555889129639,-1.9694933891296387,-6.188243389129639,-7.406993389129639,-7.133654589553771,-6.7876118421554565,-6.524241445615189,-5.547630906026825,-7.235204692929983,-7.416524766013026
229,-3.7544915676116943,-2.0513665676116943,-5.863866329193115,-7.871678829193115,-6.809300415276084,-6.176860004663467,-6.434245703370834,-6.145132422318056,-6.504593963123625,-7.476862005889416
230,-2.977787733078003,-1.157475233078003,-4.766850471496582,-7.680912971496582,-7.07948707601463,-5.763146288692951,-6.220029471845919,-6.923124074657608,-5.766976586965029,-7.683024372905493
231,-3.85282564163208,-2.07938814163208,-5.94657564163208,-7.85282564163208,-6.657655348200933,-6.343339577317238,-6.251345154261799,-6.001281976521568,-6.665461173412041,-7.296291425824165
232,-4.284551620483398,-2.0501766204833984,-6.057989120483398,-8.675176620483398,-7.456518407423573,-6.669332809746265,-7.136165259962581,-6.589251995003906,-6.8783678986510495,-7.852870710194111
233,-3.6306467056274414,-1.911896824836731,-6.115021705627441,-7.154084205627441,-6.599544514217996,-6.513609319925308,-6.271325348370738,-6.013471007277076,-6.802596447058022,-7.431248787790537
234,-2.732905864715576,-1.2329059839248657,-4.787593364715576,-7.115718364715576,-6.826841456349939,-5.605979086831212,-5.928289768533432,-6.732928514224113,-5.654921998560894,-7.538341807201505
235,-4.022209167480469,-1.8503340482711792,-5.975334167480469,-8.201896667480469,-7.100420828879578,-6.292842656373978,-6.858201859857218,-6.147221207545954,-6.7332283225114224,-7.641573650762439
236,-3.9348816871643066,-1.9739441871643066,-5.872381687164307,-7.981756687164307,-6.755355464323657,-6.182656943798065,-6.5443379845964955,-6.333338022053795,-6.614680284052156,-7.66798553802073
237,-3.267014980316162,-1.3607648611068726,-5.220139980316162,-7.767014980316162,-6.892113799935032,-6.043077494949102,-6.134231209342033,-6.735779046913194,-6.181140301639971,-7.522224740125239
238,-4.339975357055664,-1.9962254762649536,-6.464975357055664,-8.175912857055664,-7.6839301376458025,-6.82489512860775,-6.965125549482764,-6.730629086081535,-7.261948580686294,-8.145316485315561
239,-3.4760947227478027,-1.6245321035385132,-5.241719722747803,-7.069844722747803,-6.163792590596131,-5.398130401968956,-5.421535245332052,-6.015192984894384,-5.562214477147791,-7.05545829795301
240,-4.1531500816345215,-2.0281500816345215,-5.8797125816345215,-8.067212104797363,-7.1455099434097065,-6.334121890366077,-6.7782473516854225,-6.481296539075629,-6.825157276005484,-7.886678718030453
241,-4.466836452484131,-2.099648952484131,-6.013711452484131,-8.927774429321289,-7.521568654967268,-6.419647365808487,-6.8340654364546936,-6.271532535516599,-6.662194966211246,-7.4796435944736
242,-3.9529643058776855,-1.906089186668396,-5.8982768058776855,-7.9139018058776855,-6.835930812419974,-6.382648095488548,-6.35929762970045,-5.9764231441131415,-6.585889094720187,-7.447145488113165
243,-3.9505786895751953,-1.9974536895751953,-5.919328689575195,-8.059953689575195,-6.942872876199544,-6.364222452044487,-6.3334624741910375,-5.997470617150611,-6.825693600731029,-7.587253896519542
244,-3.940711259841919,-1.940711259841919,-5.81571102142334,-8.37039852142334,-7.409564132140076,-6.3953360095620155,-6.901711104343121,-6.307910680697205,-6.682989831570012,-7.675952434539795
245,-2.8331117630004883,-1.3018616437911987,-5.075299263000488,-6.692486763000488,-6.3098649796738755,-5.466605868190527,-5.4347677187179215,-6.13783919731577,-5.48951815336477,-7.204151213169098
246,-3.8411786556243896,-2.0364911556243896,-5.989616394042969,-7.278678894042969,-6.607041211580508,-6.08648008108139,-6.17723321232188,-6.052142500537229,-6.497606500110123,-7.6070411875844
247,-3.1770119667053223,-1.9348245859146118,-5.661386966705322,-6.536386966705322,-6.497658435371704,-6.145702734589577,-5.934972275295877,-5.692668675874302,-6.497502668717061,-7.365983005613089
248,-4.006372928619385,-1.9282479286193848,-5.873560428619385,-8.021997451782227,-7.15496705735859,-6.531138814985752,-6.725207444433181,-6.451707482094207,-6.811158652250015,-7.873141000047326
249,-4.061379432678223,-1.9754416942596436,-5.858254432678223,-8.498879432678223,-7.194305890268879,-6.397646561264992,-6.655191181183909,-6.24889469135087,-6.7567841964119,-7.687573062255979
250,-3.968489170074463,-1.8591142892837524,-5.851301670074463,-8.148177146911621,-6.952996960404562,-6.169293656945229,-6.632641430638614,-6.366947412276204,-6.734235160183744,-7.780854651704431
251,-4.158193111419678,-1.9238181114196777,-5.994130611419678,-8.634756088256836,-7.369263640139252,-6.337424352765083,-6.931704518450715,-6.150398492653039,-6.986419672575721,-7.436456998810172
252,-4.052863121032715,-1.8028628826141357,-5.935675621032715,-8.295050621032715,-7.256094450065575,-6.43830169737339,-6.865426657568605,-6.326315283668009,-6.935758229657949,-7.798601249232888
253,-2.882327079772949,-1.1245146989822388,-5.476077079772949,-6.569827079772949,-6.694911237987981,-6.200362212955952,-6.022996543848421,-7.08546590795504,-6.444859980994806,-7.644934359937906
254,-3.9474599361419678,-1.8693349361419678,-5.939647674560547,-8.181835174560547,-7.291356076093507,-6.400595620274544,-6.736609931955172,-6.189667224693039,-6.846015565599373,-7.6870283503085375
255,-4.297574043273926,-2.0944488048553467,-6.156949043273926,-8.696011543273926,-7.571089741511969,-6.761822402477264,-7.06324410337038,-6.7350864409636415,-7.219512818206567,-8.15006005950272
256,-4.599658012390137,-1.9277830123901367,-6.279345512390137,-8.771533012390137,-7.427875633715303,-6.775976702570915,-7.170022128681012,-6.380920648494794,-7.47473072741559,-7.867169531062245
257,-4.081341743469238,-1.8938419818878174,-5.948529243469238,-8.050091743469238,-6.933049072264112,-6.481134161353111,-6.5892243360722205,-6.229795813424062,-6.847053166471596,-7.657112764194608
258,-4.032660961151123,-1.9232861995697021,-6.009223461151123,-7.962348461151123,-7.181259380740812,-6.543794050812721,-6.704612371388066,-6.407678484763892,-7.048397296428448,-7.811748739331961
259,-4.082545757293701,-2.043483257293701,-6.090358257293701,-7.934108257293701,-7.0597692631563405,-6.203234061598778,-6.6456434698120574,-6.3955845831424085,-6.950359339076385,-7.799711102619767
260,-2.9998598098754883,-1.5311099290847778,-5.093609809875488,-6.617047309875488,-6.3595754519919865,-5.369115699082613,-5.601610523634008,-6.117097734135314,-5.8126458712504245,-7.269638933241367
261,-3.977431535720825,-1.9461815357208252,-5.883681774139404,-8.383681297302246,-7.329135288789985,-6.36501969397068,-6.899390813159698,-6.266512274580236,-6.821285957630607,-7.6553038246929646
262,-3.133631706237793,-1.196131706237793,-4.930506706237793,-7.641444206237793,-7.08699438131589,-5.760932091623545,-6.3055973011942115,-6.555534720027936,-5.774416314743576,-7.331641120836139
263,-4.067023277282715,-1.9029607772827148,-6.043585777282715,-7.910773277282715,-6.856219401961425,-6.563196167349815,-6.668662664320436,-6.160791516138488,-6.910859938681824,-7.572455186396837
264,-3.007286548614502,-1.3666614294052124,-4.905724048614502,-7.093224048614502,-6.382492521050153,-5.61651099473238,-5.7183060612442205,-6.3979443306307076,-5.632448064163327,-7.45765701495111
265,-2.9729418754577637,-1.3870042562484741,-4.926066875457764,-6.902629375457764,-6.293488475101185,-5.455730706453323,-5.480864995559386,-6.308920501818648,-5.512179836136056,-7.235019400715828
266,-3.7777132987976074,-1.9964632987976074,-5.629275798797607,-7.637088298797607,-6.918455474660732,-6.070389583706856,-6.441879028716357,-6.019919395273973,-6.332506651044241,-7.484507853165269
267,-3.8256795406341553,-1.9819295406341553,-5.763179779052734,-7.622554779052734,-6.708874986827141,-5.703824207186699,-6.568074681708822,-6.4819610113991075,-6.403994899796089,-7.805623659864068
268,-4.149649143218994,-2.016836643218994,-5.844961643218994,-8.384023666381836,-7.407589069829555,-6.381359130144119,-7.016917344648391,-6.423103928416822,-6.727879995465628,-7.795799544081092
269,-3.3201680183410645,-1.429543137550354,-4.9607930183410645,-8.023293495178223,-6.92962824935239,-5.739664893597364,-6.359274624806858,-6.2654954193913,-5.835879679740174,-7.124703248031437
270,-4.4977707862854,-2.1462082862854004,-6.2243332862854,-8.443082809448242,-7.23240813150187,-6.565789341926575,-6.93543206344475,-6.716552137837425,-7.115118729110691,-8.231063948944211
271,-4.140992641448975,-1.8128676414489746,-5.867555141448975,-8.617554664611816,-7.195745346805779,-6.560938253998756,-6.953538535974076,-6.031627654979275,-6.687926409900683,-7.4668183187022805
272,-3.1487817764282227,-1.2581567764282227,-4.969094276428223,-7.703469276428223,-7.141081088491774,-5.947394743561745,-6.3519470683568215,-6.930052399422493,-5.953567380864115,-7.749267454259098
273,-3.8580546379089355,-1.983054518699646,-5.7955546379089355,-7.7408671379089355,-6.647249093890423,-6.123684421181679,-6.272183892884641,-5.951823830420835,-6.54565584147349,-7.472850456833839
274,-2.8605685234069824,-1.290256142616272,-4.813693523406982,-7.102756023406982,-6.251342404721072,-5.377788286656141,-5.6496973015746335,-6.298090934502397,-5.430992477879045,-7.284763248637319
275,-3.767746686935425,-1.7521216869354248,-5.798996925354004,-7.955246925354004,-6.87724112754222,-6.381078280508518,-6.463124511508795,-6.213075160856533,-6.736594910587883,-7.577203931286931
276,-4.074182987213135,-1.9257454872131348,-5.863245487213135,-8.410120010375977,-7.527420633647125,-6.564748823642731,-6.894566056624171,-6.433572173017637,-6.910211678165069,-7.748336730524898
277,-3.5507731437683105,-1.589835524559021,-5.4882731437683105,-7.8710856437683105,-7.004003519228718,-6.326668135821819,-6.714888452090236,-6.230476617685781,-6.628982421185356,-7.5785763990134
278,-4.392047882080078,-2.079547643661499,-6.298297882080078,-8.501422882080078,-7.587533101424924,-6.792326375842094,-6.8296465825042105,-6.532696246827982,-7.1890307606663555,-7.986623724922538
279,-4.8192138671875,-1.819213628768921,-6.3660888671875,-9.1707763671875,-8.108355519019824,-7.191956534981728,-7.436450122597307,-6.787974476757881,-7.475504993548384,-8.04982596449554
280,-3.9154000282287598,-2.0091500282287598,-5.79040002822876,-7.86071252822876,-6.837502215319546,-6.100694335997105,-6.493635409940907,-6.3763602969429485,-6.649937616486568,-7.719934143126011
281,-4.282022953033447,-2.0554604530334473,-6.266397953033447,-8.227335929870605,-7.149316305280081,-6.710379600524902,-6.813326476571092,-6.375784754683082,-7.071161982472404,-7.909967973828316
282,-3.852886199951172,-1.9310113191604614,-5.813823699951172,-8.048198699951172,-7.095262509639724,-6.442029193043709,-6.6029851387647795,-6.259158015012872,-6.74364685092587,-7.5478314608335495
283,-3.977663516998291,-1.930788516998291,-5.852663516998291,-8.672975540161133,-7.048062797592138,-6.271092675626278,-6.657404063724243,-6.196426510726269,-6.673053857637569,-7.4438460767269135
284,-4.0722527503967285,-1.869127869606018,-6.0566277503967285,-8.205065727233887,-7.158287162856141,-6.375064238905907,-6.720758197385294,-6.111330509069376,-6.75985931782634,-7.582943802699447
285,-4.0152106285095215,-1.952710747718811,-5.9605231285095215,-8.35114860534668,-7.38248252512858,-6.511081360280514,-6.765266893711669,-6.491784810951685,-6.960589049071132,-7.875402791425586
286,-3.0903611183166504,-1.3637986183166504,-5.10598611831665,-7.30129861831665,-6.395201671330142,-5.651238780468702,-5.840433356534049,-6.2622587678251875,-5.715491882350761,-7.335224933922291
287,-3.645608901977539,-1.801858901977539,-5.848733901977539,-7.637796401977539,-6.708225481866975,-6.292136408388615,-6.215979693621193,-6.012808561251404,-6.551938769014669,-7.413895234465599
288,-4.298339366912842,-1.876464605331421,-6.048339366912842,-8.45458984375,-7.259392612431839,-6.8171656280756,-7.024967787474452,-6.3608555792452535,-7.048439378508192,-7.745797699317336
289,-4.180855751037598,-2.0011680126190186,-6.188668251037598,-8.235543251037598,-7.266883845994016,-6.7401402592659,-6.891845940153871,-6.243368506350635,-7.087174055624928,-7.660839647054672
290,-2.773257255554199,-1.2420073747634888,-4.960757255554199,-6.742007255554199,-6.390639047822333,-5.583675883710384,-5.687412496081379,-6.281101703134482,-5.531208386353683,-7.346446435898542
291,-3.0349607467651367,-1.3552731275558472,-4.816210746765137,-7.081835746765137,-6.269629554502899,-5.241280607879162,-5.738234747273964,-6.011559843347641,-5.511777726205764,-7.160099413245916
292,-3.1943488121032715,-1.264661431312561,-4.9443488121032715,-7.5224738121032715,-6.968138156022178,-5.6368834637105465,-6.225756990315858,-6.569390892098454,-5.928989851847291,-7.578128745779395
293,-3.8679451942443848,-1.8523203134536743,-6.032007694244385,-7.516382694244385,-6.938539941998897,-6.186848536133766,-6.500938875949942,-6.164854764341726,-6.610275496772374,-7.668701762333512
294,-3.040310859680176,-1.1965608596801758,-5.063748359680176,-7.079373359680176,-6.681185095250839,-5.589344136416912,-5.962286705653241,-6.446588635059015,-5.813925846567145,-7.513471717014909
295,-2.819856643676758,-1.2182941436767578,-4.905794143676758,-7.030794143676758,-6.38257083982171,-5.520118355751038,-5.585571523442923,-6.5230096574669005,-5.577818263380323,-7.439544286578894
296,-3.902836322784424,-1.9184613227844238,-5.879398822784424,-8.004399299621582,-7.168619500997011,-6.3193189650774,-6.559186691971263,-6.254421949119205,-6.887333862425294,-7.716006243601441
297,-4.3393378257751465,-2.0659005641937256,-6.2846503257751465,-8.315900802612305,-7.245696419544402,-6.697708159685135,-6.409729835213511,-6.425296664010602,-7.433166262409941,-8.02144785784185
298,-3.7574644088745117,-1.9371520280838013,-5.890276908874512,-7.132464408874512,-6.7578098177327774,-5.979389488697052,-6.242045738865272,-6.257499455790821,-6.570154648798052,-7.5693661868572235
299,-3.2231228351593018,-1.3090603351593018,-4.809060096740723,-7.269997596740723,-6.528087339102058,-5.454142682254314,-5.637331355843344,-6.285665034345584,-5.731212815822801,-7.215720245614648
300,-3.780360698699951,-1.7100483179092407,-5.928798198699951,-7.530360698699951,-7.241467938321875,-6.596838138997555,-6.624204392814136,-6.405383229001018,-6.882062306263833,-7.864130724221468
301,-3.9936063289642334,-1.8217313289642334,-6.1732940673828125,-7.7279815673828125,-7.017191637598444,-6.4511977434158325,-6.634306904816185,-6.165497541300283,-6.868722193707072,-7.700366977602243
302,-3.9218878746032715,-1.7812628746032715,-5.8672003746032715,-8.10938835144043,-7.218891254771734,-6.429010838270187,-6.85164189117495,-6.265654682971217,-6.796994442032883,-7.634833944961429
303,-3.0333099365234375,-1.2520599365234375,-4.6504974365234375,-7.4864349365234375,-6.4865710642625345,-5.396370958536863,-6.158396478720533,-6.220838069519232,-5.580332387544331,-7.210023120045662
304,-2.6867103576660156,-1.1242104768753052,-4.585147857666016,-6.889835357666016,-6.35094104782911,-5.333812512457371,-5.624266980474204,-6.678923844952806,-5.389958731670049,-7.30074062384665
305,-3.8342061042785645,-1.826393485069275,-5.6310811042785645,-8.224830627441406,-7.42801582635002,-6.637835718691349,-6.826427697553299,-6.506089925726883,-6.732693790130725,-7.682593250647187
306,-3.0656352043151855,-1.206260323524475,-4.7843852043151855,-7.3859477043151855,-6.651878429402132,-5.5048476457595825,-5.940772166402894,-6.307859658511006,-5.558082665986149,-7.393150635063648
307,-3.924797773361206,-1.940422773361206,-5.971673011779785,-8.299798011779785,-7.042073603566678,-6.57762311398983,-6.635780095060909,-6.323246478974397,-6.909235475497553,-7.706643987447023
308,-3.2671117782592773,-1.3061742782592773,-5.095236778259277,-7.681174278259277,-7.079838846169878,-5.872086454182863,-6.321894283551956,-6.603077411255072,-6.0172797300474485,-7.546746028587222
309,-2.814640760421753,-1.072453260421753,-4.541203498840332,-7.283390998840332,-6.5101065518538235,-5.357617080211639,-5.900650379458966,-6.369354128508348,-5.6194587861100445,-7.230710780248046
310,-4.047071933746338,-1.914259433746338,-5.883009433746338,-8.05488395690918,-6.945711234715418,-6.485398292541504,-6.562801713225781,-6.258030652774323,-6.898779143346474,-7.7362608499825
311,-4.203208923339844,-1.9297716617584229,-6.671958923339844,-8.859458923339844,-7.90640210872516,-6.811707004904747,-7.539192198659293,-6.078219652118605,-7.507954118969792,-7.896210102364421
312,-3.823657989501953,-1.8783454895019531,-5.823657989501953,-8.050220489501953,-7.229981062126171,-6.745649501681328,-6.761197327792615,-6.581480264615493,-6.839332579336769,-7.753712838515639
313,-3.2426562309265137,-1.2739062309265137,-5.031718730926514,-7.055156230926514,-6.524169291224098,-5.460055585950613,-6.016224375780439,-6.109874605655932,-5.844409924349748,-7.2828846126794815
314,-4.329806804656982,-1.7516818046569824,-6.353244304656982,-8.57980728149414,-7.454904909092875,-7.030720382928848,-7.10328555021988,-6.5485689639308475,-7.501735328194627,-8.074008036404848
315,-4.356486797332764,-2.0439867973327637,-6.153361797332764,-8.497112274169922,-7.598787301350967,-6.729142248630524,-6.950294016154658,-6.668999195022479,-7.262822147538827,-8.116325093433261
316,-4.072986125946045,-1.8776733875274658,-5.947986125946045,-8.408923149108887,-7.674685826423229,-6.804482698440552,-7.1042987088658265,-6.557374954128136,-7.21370100571221,-7.851511251181364
317,-3.185155153274536,-1.3882801532745361,-5.153904914855957,-7.560154914855957,-6.888425220429781,-5.529345292598009,-6.122719643404707,-6.435173749745445,-6.099349847601843,-7.591242793947458
318,-3.1564669609069824,-1.3439668416976929,-4.929904460906982,-7.093966960906982,-6.36757443890383,-5.437025330960751,-5.773746009450406,-6.320553660099904,-5.672240365456673,-7.170411359518766
319,-3.9106388092041016,-1.8793888092041016,-5.863763809204102,-8.426263809204102,-7.473214623438253,-6.584382250905037,-6.902872203729203,-6.410648703526022,-6.988822458453797,-7.793107222765684
320,-3.9741134643554688,-1.8178634643554688,-5.935050964355469,-8.005363464355469,-6.982090578836505,-6.526396095752716,-6.646066662593512,-6.255381464796301,-6.91172444204858,-7.667052377015352
321,-4.220808506011963,-1.720808506011963,-5.861433506011963,-8.611433982849121,-7.205266233839211,-6.4956381022930145,-6.884920595846779,-6.236446022909149,-6.947442052223778,-7.707639278843999
322,-3.1945648193359375,-1.186752438545227,-5.1867523193359375,-6.9992523193359375,-6.897838223885628,-6.070495203137398,-6.014922021819075,-6.569581866118824,-6.01497113264486,-7.349051751196384
323,-4.035604000091553,-1.7074790000915527,-6.207479000091553,-8.387166023254395,-7.160688158306584,-6.72002999484539,-6.715339421076351,-6.277804732235381,-7.043479559819389,-7.6212977869436145
324,-3.1274948120117188,-1.3462449312210083,-5.236869812011719,-7.291557312011719,-7.1043191805365495,-6.018109247088432,-6.268207784596598,-6.822833299298509,-6.190159068923094,-7.717199498787522
325,-3.9385504722595215,-1.805738091468811,-5.7198004722595215,-8.39948844909668,-7.243327852025686,-6.340548023581505,-6.821419356663682,-6.587000250740857,-6.805810687284975,-7.824540125206113
326,-4.013710021972656,-1.8730847835540771,-5.935585021972656,-8.232460021972656,-7.490407815363142,-6.791926592588425,-6.912215349759208,-6.49028909192748,-7.2169294312698185,-7.776253832504153
327,-3.6848318576812744,-1.7942068576812744,-5.927019119262695,-7.450456619262695,-6.403732050064718,-6.25968611240387,-6.395839688673732,-5.981723546838111,-6.583363766956609,-7.407531185075641
328,-4.125159740447998,-1.922034740447998,-6.062659740447998,-8.054847717285156,-7.04728457191959,-6.396779790520668,-6.601856580295134,-6.203311085353562,-6.9534339793463005,-7.569067655131221
329,-3.907390594482422,-1.9073905944824219,-5.743328094482422,-8.204265594482422,-7.024668451042089,-6.2375786900520325,-6.477756856427732,-6.173028349795459,-6.813722130311362,-7.590348599478602
330,-4.142248630523682,-1.8688108921051025,-6.032873630523682,-8.275060653686523,-7.517385235041729,-6.782009951770306,-7.0329467031479,-6.618829011757043,-7.150159473349049,-8.061262471601367
331,-4.093206882476807,-1.8510195016860962,-6.038519382476807,-8.186957359313965,-7.077675099797489,-6.604340299963951,-6.710453031726502,-6.218219995412255,-7.077656623907387,-7.769070258364081
332,-3.830963611602783,-1.7606511116027832,-5.901276111602783,-8.229400634765625,-7.565450423666334,-6.610583499073982,-6.87789559202065,-6.46379137027543,-7.002910849820182,-7.708483070135117
333,-3.461587429046631,-1.4850248098373413,-5.000649929046631,-8.594399452209473,-7.289790388880647,-5.89639775082469,-6.492881177899108,-6.414730191072522,-6.422630542896513,-7.390951035544276
334,-4.2493577003479,-1.9446704387664795,-6.1321702003479,-8.225920677185059,-7.554243664126261,-6.601460754871368,-6.851040117704542,-6.52281928033517,-7.280750026111491,-7.929385041818023
335,-3.0537188053131104,-1.0068438053131104,-4.897468566894531,-7.327156066894531,-7.139794220915064,-5.844606667757034,-6.178768871948705,-6.686554312434964,-6.046004171330424,-7.35019430052489
336,-3.7289342880249023,-2.1117467880249023,-6.049246788024902,-7.424246788024902,-6.948162560525816,-5.880242004990578,-6.362054062366951,-6.244613049970212,-6.90896838856861,-7.691304747015238
337,-3.217686653137207,-1.287999153137207,-5.264561653137207,-7.030186653137207,-6.686629753545276,-5.968234375119209,-6.0693242521665525,-6.069273590743251,-6.061555616928672,-7.136161997914314
338,-4.176555633544922,-1.9421806335449219,-6.137493133544922,-7.965618133544922,-7.1923967366310535,-6.6280065923929214,-6.778231852738827,-6.270333051304988,-7.05949329547002,-7.852601107209921
339,-2.645268201828003,-1.403080701828003,-4.965580940246582,-6.879643440246582,-6.31728183265659,-5.8678281754255295,-5.793741583187511,-6.535909294956582,-5.934403297665995,-7.419281858950853
340,-4.2863616943359375,-2.1613614559173584,-5.9816741943359375,-8.489486694335938,-7.341161483178439,-6.462921850383282,-6.911425230871828,-6.481688856971232,-6.802088851480221,-7.913210492581129
341,-3.9073476791381836,-1.8526601791381836,-5.766722679138184,-8.165160179138184,-7.048087590294017,-6.421847000718117,-6.6652173979600775,-6.415173530489483,-6.790231821352791,-7.760938074439764
342,-3.9873576164245605,-1.8467326164245605,-6.0264201164245605,-7.6514201164245605,-6.628126610885374,-6.548373848199844,-6.299933430658712,-6.167059063814122,-6.76868986745103,-7.484720546752214
343,-3.834697723388672,-1.9284477233886719,-5.733135223388672,-6.405010223388672,-6.256782152180676,-6.285429492592812,-5.811393609692459,-5.631600021943086,-6.483308896247763,-7.334091870114207
344,-3.0261969566345215,-1.1277594566345215,-4.8230719566345215,-7.4793219566345215,-6.870100248037488,-5.725315043702722,-6.268447397160344,-6.807469606143059,-5.737259618559619,-7.59003253094852
345,-3.8035614490509033,-1.7332489490509033,-5.850436687469482,-7.741061687469482,-6.889606470074796,-6.49245698004961,-6.366116164630512,-6.131701111689836,-6.647391792903363,-7.508519671857357
346,-3.583211660385132,-1.5675866603851318,-5.817586421966553,-7.770711421966553,-6.817664381800569,-6.78242327272892,-6.301996707294165,-6.216033220247482,-6.794198750209034,-7.42670925706625
347,-3.965364456176758,-1.8403645753860474,-5.887239456176758,-8.332551956176758,-7.20761739993759,-6.618923120200634,-6.7700985659212165,-6.254435896833456,-6.832601307603909,-7.5171753680333495
348,-4.153427600860596,-2.0128026008605957,-6.004990100860596,-8.223740577697754,-7.098881473080837,-6.465833634138107,-6.5831871006812435,-6.458130001910831,-6.981654162016639,-7.900381920859218
349,-3.961151123046875,-1.7658385038375854,-5.937713623046875,-8.679901123046875,-7.601825832083705,-6.702423349022865,-6.9611870043991075,-6.2892849444951935,-7.117446659958659,-7.597928515635431
350,-3.650958776473999,-1.533771276473999,-5.572834014892578,-7.338459014892578,-6.643272987945238,-6.174613915383816,-6.236970898724394,-6.041601538505347,-6.518278709263541,-7.705368269234896
351,-4.2843194007873535,-2.2218196392059326,-6.2218194007873535,-7.8858819007873535,-7.112667893234175,-6.467604607343674,-6.550074688057066,-6.370285629813225,-7.112587203315343,-7.9320602882653475
352,-3.1359949111938477,-1.4094324111938477,-4.815682411193848,-7.432869911193848,-6.683073857493582,-5.400054883211851,-5.925178401303128,-6.386025547511963,-5.636173947525094,-7.430743047967553
353,-3.9150240421295166,-1.8837740421295166,-5.8212738037109375,-8.024398803710938,-7.4698060706068645,-6.864340394735336,-6.938509224695736,-6.3447221516971695,-7.290080545721139,-7.650639554485679
354,-2.8538639545440674,-1.1507389545440674,-4.721051216125488,-7.174176216125488,-6.533738476384315,-5.64445710927248,-5.674248811948928,-6.682021021322726,-5.6977777346619405,-7.459145348519087
355,-3.961285352706909,-1.8206603527069092,-5.961285591125488,-8.211285591125488,-6.945772522383777,-6.491584233939648,-6.734783170802984,-6.359737276929991,-6.906672474957304,-7.620830662548542
356,-3.2687628269195557,-1.1750128269195557,-5.760950565338135,-7.073450565338135,-7.042295928222302,-6.414172910153866,-6.260992168514349,-6.800029992913551,-7.120369433396263,-7.65924870595336
357,-4.2382354736328125,-1.831985592842102,-5.9726104736328125,-8.277297973632812,-7.4258476432805764,-6.7499919682741165,-7.066417692454706,-6.378875970720401,-7.136743900642614,-7.833815997466445
358,-3.7692437171936035,-1.4567437171936035,-5.5817437171936035,-8.198930740356445,-7.433449377305806,-6.340773083269596,-6.738050578409457,-6.956760287148427,-6.652131912225741,-7.8564677983522415
359,-3.8353657722473145,-2.2728657722473145,-5.8431782722473145,-7.9447407722473145,-6.804201480052143,-6.146935403347015,-6.3900974979151215,-5.811939358649397,-6.92918252722302,-7.165411612018943
360,-4.104159832000732,-1.8307223320007324,-6.096347332000732,-7.682284832000732,-7.026189434502157,-6.753309786319733,-6.627674219038454,-6.393240094026623,-7.073024504759815,-7.815675083547831
361,-3.8200745582580566,-1.726324439048767,-5.890387058258057,-7.429449558258057,-6.921767226333031,-6.2100681364536285,-6.507640478819667,-6.2653998135710935,-6.679519531666301,-7.469714010134339
362,-4.168699264526367,-1.7624492645263672,-5.739011764526367,-8.684324264526367,-7.371943466714583,-6.35651183873415,-6.910967346761026,-6.262465357651308,-6.817249172570882,-7.46883693151176
363,-4.1105828285217285,-1.8058955669403076,-5.9933953285217285,-8.594958305358887,-7.766944521390542,-6.8237845450639725,-7.188761352059373,-6.524658560665557,-7.180975314753596,-7.886511106044054
364,-3.3587350845336914,-1.350922703742981,-5.116547584533691,-7.499360084533691,-6.8512565532000735,-5.874154821038246,-6.2182309554482345,-6.5775210850915755,-6.062126839329721,-7.38939019665122
365,-3.8732690811157227,-1.5842065811157227,-5.974831581115723,-7.771706581115723,-6.849937194965605,-6.520194485783577,-6.537385462263046,-6.295157909297814,-6.959282633753901,-7.436259372159839
366,-3.553936004638672,-1.7570610046386719,-4.546123504638672,-6.538311004638672,-5.366814065026119,-4.840108312666416,-4.749430520663736,-5.2883582104041125,-5.733919576683547,-6.430169926956296
367,-4.30418586730957,-1.9760609865188599,-6.06981086730957,-8.69481086730957,-7.319919937857776,-6.755632475018501,-6.944867013309704,-6.4838846921275035,-7.101140376747935,-7.723529078066349
368,-3.9440841674804688,-1.9128341674804688,-5.983146667480469,-7.951896667480469,-7.412974586157361,-6.745154865086079,-6.77228605451819,-6.483163714263355,-6.967621917465294,-7.849018827080727
369,-3.0377397537231445,-1.178364872932434,-4.7252397537231445,-7.6705522537231445,-7.030029887653654,-6.04225817322731,-6.389351128338603,-6.7643181084331445,-5.959713573342015,-7.476217556744814
370,-4.161108016967773,-1.7470452785491943,-5.825170516967773,-8.489233016967773,-6.942474358467734,-6.439380221068859,-6.723662136519124,-6.200184345149864,-6.786189195197949,-7.512131173163652
371,-3.4635250568389893,-1.5416500568389893,-5.76821231842041,-7.60414981842041,-7.026181327964878,-6.471753045916557,-6.4479639509590925,-5.947917461238831,-6.916742082154087,-7.272198626771569
372,-4.117542266845703,-1.992542028427124,-5.836292266845703,-8.383167266845703,-7.375463718199171,-6.355076506733894,-6.758254285843577,-6.258185386494006,-6.906703348067822,-7.780612010508776
373,-4.181185722351074,-1.8374354839324951,-5.938998222351074,-8.446810722351074,-7.275032515608473,-6.507920905947685,-6.931240437919769,-6.34526324260878,-7.00937747732678,-7.61484394595027
374,-3.156893730163574,-1.1334563493728638,-4.953768730163574,-7.375643730163574,-6.797777142521227,-5.621657434850931,-5.953870052922866,-6.37567591615516,-5.7898976619617315,-7.192327182739973
375,-3.1443252563476562,-1.2927628755569458,-4.909950256347656,-7.245887756347656,-6.574295004102169,-5.541200801730156,-5.83978258514253,-6.4568645946383185,-5.761754960287362,-7.4726228043437
376,-3.6626243591308594,-1.6313743591308594,-5.568874359130859,-7.787624359130859,-6.8736876170296455,-6.007634095847607,-6.248635646959883,-6.318888306520421,-6.397096748376498,-7.580486433580518
377,-4.012900352478027,-1.8566505908966064,-5.966025352478027,-8.044150352478027,-7.122446760738967,-6.453822985291481,-6.700486537083634,-6.216044783403049,-6.989569181510888,-7.731002796441317
378,-3.8564369678497314,-1.7626869678497314,-5.645499229431152,-8.082999229431152,-7.083114617365936,-6.369361340999603,-6.606496570704621,-6.364261984744189,-6.809631941236148,-7.59273374080658
379,-4.126838684082031,-1.9315259456634521,-5.783088684082031,-8.431526184082031,-7.119118328620971,-6.456515237689018,-6.665957568486192,-6.376850247315815,-6.634721395887027,-7.509890412911773
380,-4.27836799621582,-2.0596179962158203,-6.20805549621582,-8.27055549621582,-7.3722756976640085,-6.62575988471508,-6.895646448771004,-6.442448377449182,-7.231619826852693,-7.908444879576564
381,-3.4278531074523926,-1.4981656074523926,-5.662228107452393,-7.951290607452393,-6.685772890057706,-6.046433500945568,-6.2325778000595164,-6.545056104539981,-6.177907942223101,-7.57822585478425
382,-4.289676666259766,-1.8599891662597656,-5.930301666259766,-8.734989166259766,-7.242896075556928,-6.503114148974419,-6.906914471313939,-6.297503352064268,-7.024112461149343,-7.751524433493614
383,-3.6873350143432617,-1.7342100143432617,-5.788897514343262,-7.367022514343262,-6.703186486352934,-6.03522601723671,-6.015565985784633,-6.249858617504287,-6.507803427943145,-7.3722810707986355
384,-3.569924831390381,-1.6636748313903809,-5.648049831390381,-7.452737331390381,-6.765372386391391,-6.209333203732967,-6.366879340828746,-5.937131523902281,-6.5544079483734095,-7.425286086276174
385,-3.9843547344207764,-1.8359172344207764,-5.8906049728393555,-8.078104972839355,-7.195435752146295,-6.569698050618172,-6.679741856671171,-6.445309042794179,-7.007876631054387,-7.677081540226936
386,-3.9735519886016846,-1.8329269886016846,-5.840739727020264,-7.926677227020264,-6.879910224801279,-6.103905834257603,-6.8095557667838875,-6.1063803433153225,-6.583015318807156,-7.56226634606719
387,-4.118285179138184,-1.8995354175567627,-6.055785179138184,-8.282347679138184,-7.1340156737933285,-6.747808463871479,-6.72772025881568,-6.329234957619519,-6.977739688576548,-7.557912742719054
388,-3.176018238067627,-1.332268238067627,-5.027580738067627,-7.285393238067627,-6.76219913380919,-5.8184400498867035,-6.051102634686686,-6.535424232002697,-5.894950492467615,-7.305866817012429
389,-3.858140707015991,-1.8112657070159912,-5.74095344543457,-7.49095344543457,-6.373914230789524,-5.767473340034485,-5.98322760683368,-5.7878510949431075,-6.412942045433738,-7.323631025850773
390,-4.119912147521973,-2.1199121475219727,-5.987099647521973,-7.994912147521973,-7.401305665203836,-6.64925879240036,-6.807494756147207,-6.533993243998339,-7.13563310639438,-8.017040370032191
391,-4.204298496246338,-1.9308608770370483,-6.079298496246338,-8.09492301940918,-7.118525968297035,-6.635543331503868,-6.665326352806005,-6.243379354307763,-6.954402679737541,-7.717135334387422
392,-2.892104387283325,-1.2514793872833252,-5.001479148864746,-6.790541648864746,-6.243841871168115,-5.540293108671904,-5.31404399661551,-6.1186983580337255,-5.650034063124622,-7.1532852947711945
393,-4.310422897338867,-2.208860397338867,-6.146360397338867,-8.318235397338867,-7.333981149058673,-6.478079698979855,-6.865183469963085,-6.638563156011514,-7.021452303481055,-8.072252294048667
394,-4.093297004699707,-1.7807971239089966,-5.772984504699707,-8.249547004699707,-7.0152635532431304,-6.293573155999184,-6.655854461925628,-6.140185475258477,-6.69493186211912,-7.540096145123243
395,-4.269239902496338,-2.128614902496338,-6.206739902496338,-8.47236442565918,-6.95684241723211,-6.411267966032028,-6.613045333280752,-6.370815396224316,-6.972447987922351,-7.7955470606684685
396,-3.864250898361206,-1.903313398361206,-5.715813159942627,-8.059563636779785,-7.3955990027679945,-6.590877898037434,-6.801799534558086,-6.489263534463134,-6.973696586952428,-7.889320217072964
397,-3.9677958488464355,-1.7959208488464355,-6.2490458488464355,-7.2256083488464355,-6.7804269704647595,-6.180772379040718,-6.397564765473362,-6.186557888911921,-6.936611411809281,-7.584113988094032
398,-3.961435556411743,-1.8208105564117432,-5.609872817993164,-7.781747817993164,-6.789688340577413,-5.919611938297749,-6.258374450531846,-6.133324980628458,-6.391233438094787,-7.347441466525197
399,-3.9542176723480225,-1.9307801723480225,-5.969842910766602,-7.907342910766602,-7.149664393029525,-6.53529142588377,-6.6808428744843695,-6.50110614291043,-6.907441015202494,-7.97289183549583
400,-4.848751544952393,-2.2706265449523926,-6.715939044952393,-9.34093952178955,-7.731634256757388,-7.029252916574478,-7.130064366276201,-6.825332403013817,-7.692577955189336,-8.261249857023358
401,-3.823033094406128,-1.635533094406128,-5.846470832824707,-8.432408332824707,-7.354336379550659,-6.5044961497187614,-7.065257787020528,-6.330854892689786,-6.877769826642179,-7.641502580605447
402,-4.112878799438477,-1.8785037994384766,-5.847253799438477,-8.120691299438477,-6.87862919975305,-6.351737841963768,-6.542638299259124,-6.198832630978359,-6.745789642263844,-7.639848800376058
403,-4.1916937828063965,-1.879193902015686,-5.9885687828063965,-8.480756759643555,-7.660547727900848,-6.6971146911382675,-6.92613208093826,-6.480773329589283,-7.066775080238585,-7.944333462044597
404,-4.592207908630371,-1.8187705278396606,-6.373457908630371,-8.014082908630371,-7.342398982858867,-6.228125616908073,-7.084485288396536,-6.3578513858992665,-6.897034396999516,-7.849737621843815
405,-3.9259848594665527,-1.6525472402572632,-6.082234859466553,-8.050984382629395,-7.5043117796158185,-6.399407595396042,-6.644889938732376,-6.472887634845392,-7.355774874202325,-7.613932140171528
406,-4.065306663513184,-1.9012444019317627,-6.159056663513184,-7.909056663513184,-6.9951579436601605,-6.591921880841255,-6.70599746487278,-6.284072518223184,-6.901338692012359,-7.713418276980519
407,-3.9593610763549805,-1.9437360763549805,-5.7640485763549805,-8.17811107635498,-6.936106665059924,-6.031655065715313,-6.537563559388218,-6.389065384722926,-6.545413010724587,-7.627061324194074
408,-3.0379433631896973,-1.3113808631896973,-4.858255863189697,-7.405130863189697,-6.850682349249837,-5.702564112842083,-6.1239647830079775,-6.803593873652062,-5.71781001870113,-7.558868596330285
409,-4.286034107208252,-1.989159107208252,-6.059471607208252,-8.286033630371094,-7.0752332117262995,-6.492914780974388,-6.700179454230238,-6.317303061305211,-6.981456392939435,-7.87692436017096
410,-3.811095714569092,-1.7876582145690918,-5.779845714569092,-8.15484619140625,-7.092508064437425,-6.18340852111578,-6.71744191183825,-6.3501809832832805,-6.6940314693783876,-7.640188381075859
411,-3.812500238418579,-1.804687738418579,-5.796875,-8.4140625,-7.328227395533759,-6.317026175558567,-6.85944330458733,-6.406264543427824,-6.695393439833424,-7.613390376791358
412,-4.1549072265625,-1.865844488143921,-5.9439697265625,-8.3658447265625,-7.287842981371796,-6.357803925871849,-6.764351246361912,-6.287735819687441,-6.975320691730303,-7.735344223678112
413,-3.9389634132385254,-1.8842759132385254,-6.173338413238525,-7.931150913238525,-6.540623064087413,-6.3580204248428345,-6.2905807480092335,-5.9624159334962314,-6.853094813835924,-7.497473169118166
414,-3.697086811065674,-1.1267741918563843,-6.048649311065674,-7.454899311065674,-7.892501825801446,-6.86067733168602,-7.111233946081484,-6.798662185586181,-7.587750910948671,-7.872627740725875
415,-3.0175929069519043,-1.2910304069519043,-4.853530406951904,-6.798842906951904,-6.384991742685088,-5.481940690428019,-5.455198163217574,-6.28325462274006,-5.572442518445314,-7.20164499245584
416,-3.8103983402252197,-1.8025858402252197,-5.716648101806641,-7.794773101806641,-6.927806233856245,-6.175130113959312,-6.435518734331708,-6.1541755195667065,-6.693350305329659,-7.536316541954875
417,-3.8589987754821777,-1.7652488946914673,-5.718373775482178,-8.280874252319336,-7.226279731199611,-6.3570848777890205,-6.687181828721805,-6.359011769210156,-6.741885182513215,-7.657452872022986
418,-2.9607717990875244,-1.2185842990875244,-4.726396560668945,-7.117021560668945,-6.84404553254717,-5.520179718732834,-5.9531438179983525,-6.648329613908572,-5.726736011100002,-7.390891786664724
419,-3.862452507019043,-2.182765007019043,-5.714015007019043,-5.487452507019043,-6.409624294115929,-5.590821824967861,-4.971970309547032,-5.510927676445135,-6.417374940923764,-7.131054852157831
420,-4.3444647789001465,-1.821027159690857,-5.8835272789001465,-8.524151802062988,-7.5320574002253124,-6.479605436325073,-7.18045043829261,-6.52416396134231,-6.7664066530778655,-7.83850260078907
421,-4.041719913482666,-1.9323451519012451,-5.908907413482666,-8.237032890319824,-7.221581324716681,-6.42550465464592,-6.807436223629338,-6.377676725200217,-6.963701957698504,-7.806604251265526
422,-3.0812525749206543,-1.1671900749206543,-4.971877574920654,-7.534377574920654,-7.097016563289799,-5.978207319974899,-6.167237876703439,-6.784402846969897,-5.917304509290261,-7.5113242007792
423,-4.110556125640869,-1.9699311256408691,-5.844931125640869,-8.391806602478027,-7.34507953019056,-6.383857853710651,-6.985647554989555,-6.4699496029097645,-6.845040792170039,-7.7971180360764265
424,-3.8869900703430176,-1.7698026895523071,-5.597927570343018,-7.980740070343018,-6.996498337452067,-6.099591508507729,-6.613625285368471,-6.17607057078385,-6.379281038651243,-7.517362680286169
425,-3.825608730316162,-1.7943588495254517,-5.708421230316162,-7.989671230316162,-6.880471571814269,-6.185170695185661,-6.458517308390583,-6.208443522204107,-6.497607581099146,-7.52056272700429
426,-3.932630777359009,-1.8701307773590088,-5.713881015777588,-8.06544303894043,-6.94059275467589,-6.5032269805669785,-6.612399336408998,-6.284212589082017,-6.721795792116609,-7.681935219094157
427,-3.7066235542297363,-1.9722485542297363,-5.495686054229736,-7.386311054229736,-6.488071422078065,-5.633308261632919,-6.1520575211179676,-5.9644622799296485,-6.370855197907076,-7.398138394579291
428,-4.06109619140625,-1.88140869140625,-6.03765869140625,-7.71734619140625,-7.194190819980577,-6.3732766434550285,-6.639381038286956,-6.686122536311814,-6.983071322196338,-7.648486126214266
429,-4.140644073486328,-1.9062690734863281,-5.843769073486328,-8.570331573486328,-7.1720057663551415,-6.553780049085617,-6.679754971286457,-6.2969077824609485,-7.164162036518974,-7.73640369810164
430,-3.8684816360473633,-1.8216067552566528,-5.837231636047363,-7.876294136047363,-6.985853297446738,-6.42886745929718,-6.571696635008266,-6.306008934601778,-6.884233824268449,-7.8177622351795435
431,-3.6193251609802246,-1.9162002801895142,-5.728700160980225,-7.478700160980225,-6.377310737894732,-6.0003963857889175,-6.056904789613327,-5.75997257207564,-6.517869585994049,-7.308199685066938
432,-3.204258918762207,-1.477696418762207,-4.993321418762207,-7.235508918762207,-6.681039667149889,-6.015558738261461,-6.040278550586663,-6.3371006246125035,-5.962251051023486,-7.1455671433359385
433,-3.112250804901123,-1.2294381856918335,-5.166938304901123,-7.526313304901123,-7.221710559111671,-6.214459203183651,-6.502913593532867,-6.440391659611123,-5.97169553990534,-7.467367532663047
434,-3.8035261631011963,-1.8738386631011963,-5.873838424682617,-7.428525924682617,-6.850951639120467,-5.864628717303276,-6.155424776719883,-6.311406729269947,-6.600660647993209,-7.638194773346186
435,-3.967294692993164,-1.756357192993164,-5.834482192993164,-8.146982192993164,-7.029919735723524,-6.486591391265392,-6.654849527763872,-6.217310190080752,-6.928327794274082,-7.680927937850356
436,-3.740800619125366,-1.8892381191253662,-5.639237880706787,-8.006425857543945,-7.006535643216921,-6.278165012598038,-6.436173556394351,-6.397066235416787,-6.592450376498164,-7.664589894935489
437,-3.950882911682129,-1.958695411682129,-5.654007911682129,-7.716507911682129,-6.685375921915693,-5.7631468921899796,-6.2322022890803055,-5.864963650537902,-6.583795661666954,-7.519398042932153
438,-3.1956799030303955,-1.5159924030303955,-5.195679664611816,-6.414429664611816,-6.078844237112207,-5.46894283592701,-5.359877692419104,-6.008192061613954,-5.9693445836310275,-7.2670251447707415
439,-3.9105019569396973,-2.0276894569396973,-5.715189456939697,-7.371439456939697,-6.5044127573492005,-5.734721273183823,-6.0121604158121045,-5.840215444226487,-6.512198558397358,-7.648914644494653
440,-2.888777494430542,-1.427839994430542,-5.193465232849121,-6.334090232849121,-6.349999387428397,-5.79468946158886,-5.63889204802399,-6.068505286370055,-5.8577176152175525,-7.247056694701314
441,-3.936612606048584,-2.131925106048584,-5.788175106048584,-7.788175106048584,-6.647706496412866,-5.9753560572862625,-6.350756761079538,-6.116318464110009,-6.546106331450574,-7.616244662553072
442,-3.8759820461273193,-1.8603570461273193,-5.743169784545898,-7.993169784545898,-6.922968858219974,-6.237269476056099,-6.665103910607286,-6.258809685596134,-6.602627512373147,-7.597833625972271
443,-3.9734013080596924,-1.9499638080596924,-6.035901069641113,-7.957776069641113,-6.989171136825462,-6.57865996658802,-6.676600811071694,-6.168730497216529,-7.012563223644975,-7.644344041123986
444,-3.032280683517456,-1.376030683517456,-4.844780921936035,-7.305718421936035,-6.860699491313426,-5.807544283568859,-6.055868614363135,-6.196379660905222,-5.985665883606998,-7.086993096396327
445,-2.638936996459961,-1.2014368772506714,-4.881124496459961,-6.420186996459961,-6.342238529832684,-5.472623635083437,-5.420268770685652,-6.170222758606542,-5.467196813071496,-7.165071997791529
446,-3.8021981716156006,-1.9271981716156006,-5.76313591003418,-7.58344841003418,-6.864902594694286,-6.074527025222778,-6.208560341292468,-6.106911539702196,-6.513298259902513,-7.54676547087729
447,-3.6488468647003174,-1.5316593647003174,-5.820721626281738,-7.500409126281738,-6.914998273423407,-6.147936217486858,-6.32883699121885,-5.852010726164735,-6.766285983787384,-7.495714645832777
448,-2.8559072017669678,-1.0980947017669678,-4.512157440185547,-7.293407440185547,-6.785771592753008,-5.443238325417042,-5.902852532788529,-6.551247477153083,-5.6216746467544,-7.234831638634205
449,-4.124124526977539,-1.881937026977539,-5.944437026977539,-8.530374526977539,-7.2258211284352,-6.483028098940849,-6.780448076402536,-6.389765143272598,-6.9132866809814,-7.705093439668417
450,-3.949950695037842,-1.9733881950378418,-5.707763195037842,-7.637450695037842,-6.8797883874649415,-6.109212465584278,-6.309422369100503,-6.231222033273298,-6.715707412629854,-7.831424301490188
451,-4.275020599365234,-2.2047078609466553,-6.962520599365234,-8.189083099365234,-7.314238417005981,-7.229356110095978,-7.017295952755376,-5.556304454228666,-7.642322056955891,-7.595258207991719
452,-3.8602123260498047,-1.7664623260498047,-5.563337326049805,-8.618024826049805,-7.1884075378548005,-6.206355884671211,-6.633698819867277,-6.2508499621544615,-6.7899664618234965,-7.594433646649122
453,-3.8780226707458496,-1.8077102899551392,-5.74521017074585,-8.268648147583008,-7.190606471362116,-6.232868358492851,-6.698387383050431,-6.206160902889678,-6.870282170566497,-7.709110476076603
454,-3.7705228328704834,-1.8095853328704834,-5.9423980712890625,-7.7470855712890625,-7.106612670773757,-6.422232434153557,-6.723739262240997,-6.083040118071949,-7.020618672569981,-7.579477349296212
455,-4.173120975494385,-1.8449960947036743,-6.032495975494385,-7.969995975494385,-7.118576039647451,-6.609090104699135,-6.7357045377139,-6.337201595142687,-6.891955014514679,-7.677150145173073
456,-3.4691884517669678,-1.6332509517669678,-5.539501190185547,-7.523876190185547,-6.727123253047466,-6.018124267458916,-6.359891530824825,-6.0551426409329,-6.352096672264452,-7.356338666751981
457,-3.727410078048706,-1.899285078048706,-5.852410316467285,-7.844597816467285,-6.602497812258662,-6.15849182009697,-6.422773598336789,-5.938359379701069,-6.711850641026103,-7.305798714980483
458,-3.794269561767578,-1.9427070617675781,-5.731769561767578,-7.052082061767578,-6.388194784070947,-5.96111424267292,-5.9115542126164655,-5.872416019208686,-6.49753366933146,-7.390589043498039
459,-2.968252658843994,-1.1713776588439941,-4.679190158843994,-6.694815158843994,-6.3200572436035145,-5.210813254117966,-5.593385568368831,-6.00735247065677,-5.48407254704216,-7.2103457022458315
460,-3.9045116901397705,-1.8107616901397705,-5.709198951721191,-7.951386451721191,-7.06090520779253,-6.315972171723843,-6.568659897922771,-6.138906001853684,-6.787429207986861,-7.568654866889119
461,-3.597757339477539,-1.777444839477539,-5.832132339477539,-7.675882339477539,-6.707314593877527,-6.0600554049015045,-6.324415798349946,-5.9649652240586875,-6.472870224301005,-7.408949695527554
462,-4.046076774597168,-1.8585766553878784,-6.038264274597168,-7.944514274597168,-7.25721988947771,-6.632376253604889,-6.671179766119167,-6.311725616171316,-7.02277516394679,-7.805264728143811
463,-3.989961862564087,-1.794649362564087,-6.036836624145508,-8.271211624145508,-7.326005572373106,-6.648340702056885,-6.888465998323227,-6.239977598062978,-6.9744274574986775,-7.627271443605423
464,-4.082544803619385,-1.8481700420379639,-6.027857303619385,-8.082545280456543,-7.231164796394296,-6.648280546069145,-6.8326402856982895,-6.348189949785592,-6.981086129519099,-7.732512990012765
465,-3.8886923789978027,-1.7480673789978027,-5.630879878997803,-8.115255355834961,-7.177820799559413,-6.646965816617012,-6.662175773522904,-6.248078107776564,-6.873128293089394,-7.624410454183817
466,-4.001436233520508,-1.8608111143112183,-5.915498733520508,-8.071748733520508,-6.845293158534332,-6.475466400384903,-6.298369525164162,-6.126451253778214,-6.704651947671664,-7.415492589585483
467,-3.771182060241699,-1.6461820602416992,-5.880557060241699,-8.3493070602417,-6.966561434419418,-6.695349082350731,-6.529026746233285,-6.349316000898398,-6.818107842111203,-7.644503402523696
468,-3.8152015209198,-1.8620765209197998,-5.971451759338379,-7.580826759338379,-6.799714436594513,-6.392612442374229,-6.323100324741972,-6.119909882332649,-6.721561187478073,-7.675239231437445
469,-2.5540432929992676,-1.7024807929992676,-5.054043292999268,-5.749355792999268,-5.710542886110488,-5.063241146504879,-4.616677871235879,-5.616577505479654,-5.437064029945759,-6.912637310102582
470,-3.723515748977661,-1.8953907489776611,-5.786015510559082,-7.543828010559082,-6.536195977139869,-6.0804736241698265,-6.293897268755245,-6.192284941484104,-6.489249819504039,-7.629780286923051
471,-3.650326728820801,-1.8143892288208008,-5.572201728820801,-7.611264228820801,-6.744229424264631,-5.802189826965332,-6.236356134962989,-5.830034971022542,-6.494210830278462,-7.446625949814916
472,-3.898512840270996,-1.8516379594802856,-5.781325340270996,-8.078200340270996,-7.078362094194745,-6.234716966748238,-6.664230819194927,-6.171970128816611,-6.601753347400518,-7.5373332388699055
473,-3.135222911834717,-1.4008479118347168,-5.478972911834717,-6.768035411834717,-6.5572338011843385,-5.885160475969315,-6.057170507658157,-6.455552577825074,-6.268103597220033,-7.353635282255709
474,-2.8795158863067627,-1.1529533863067627,-4.785765647888184,-7.238890647888184,-6.645364736235933,-5.614829588681459,-5.918681020215445,-6.238925217985525,-5.582807050217525,-7.289566742256284
475,-2.5797717571258545,-1.4313342571258545,-4.970396995544434,-6.571959495544434,-6.111226776134572,-5.09361183270812,-5.228303428055369,-5.986052274245594,-5.5408797119162045,-7.148642402142286
476,-4.2958292961120605,-2.0458292961120605,-6.0848917961120605,-8.803642272949219,-7.553709147090558,-6.661503657698631,-7.124000309839175,-6.600527048058211,-7.084961531116278,-7.959828729741275
477,-3.7782607078552246,-1.692323088645935,-5.754823207855225,-7.622010707855225,-6.715888372855261,-6.40407606959343,-6.262701628416835,-5.9814032314679935,-6.6221089314858546,-7.5413559302687645
478,-3.837824821472168,-1.861262321472168,-5.908137321472168,-8.251887321472168,-6.876958248481969,-6.561586230993271,-6.626919984282722,-6.322209238961477,-7.009746431216627,-7.682462457567453
479,-3.1257548332214355,-1.2741923332214355,-4.8835673332214355,-7.5398173332214355,-6.829132048267638,-5.6593286991119385,-6.05553662332386,-6.6257830854247,-5.805641750484938,-7.553944263607264
480,-3.996123790740967,-1.8867487907409668,-5.792998790740967,-8.207060813903809,-7.254088986184797,-6.361665450036526,-6.957146164153528,-6.472704648802392,-6.832171195666888,-7.833947582170367
481,-4.1129655838012695,-1.9879653453826904,-5.8942155838012695,-8.15984058380127,-7.058382624883961,-6.558670625090599,-6.589587686670711,-6.308291315945098,-6.878669974037621,-7.749138658866286
482,-3.805894374847412,-1.774644374847412,-5.727769374847412,-8.227768898010254,-7.220040198670176,-6.418511502444744,-6.751252888574527,-6.415280699665345,-6.751269696171221,-7.6803766367957
483,-3.8315393924713135,-1.8627893924713135,-5.745602130889893,-7.925289630889893,-6.9567073442885885,-6.080430418252945,-6.323818321841827,-6.222185253884163,-6.605100862478139,-7.40776296518743
484,-3.961864709854126,-1.649364709854126,-5.985302448272705,-8.071239471435547,-7.4776399023103295,-6.948572218418121,-6.836935517683742,-6.415012001747527,-7.274476402744767,-7.853368613868952
485,-3.9076316356658936,-1.7904441356658936,-5.821694374084473,-8.063881874084473,-6.939002387414803,-6.335112936794758,-6.407701251482649,-6.14983463275712,-6.6108504489966435,-7.561329448595643
486,-3.715653419494629,-1.934403419494629,-5.653153419494629,-7.754715919494629,-6.879914502453175,-6.0320009887218475,-6.293901555109187,-6.05942857233822,-6.55175958640757,-7.556730724871159
487,-3.018204689025879,-1.1900795698165894,-5.182267189025879,-7.143204689025879,-6.7292414854309754,-5.899485178291798,-5.924492835270939,-6.283844947698526,-5.88546311603568,-7.357803312130272
488,-3.684997797012329,-1.856872797012329,-5.66937255859375,-7.68499755859375,-6.6852353528520325,-5.828029073774815,-6.2710509233074845,-6.091273188261766,-6.3335996730747866,-7.468233801424503
489,-3.826676368713379,-1.6391764879226685,-5.771988868713379,-7.975113868713379,-6.647078986876295,-6.107218198478222,-6.193921802750992,-5.826690792933732,-6.600198146130424,-7.502242321148515
490,-3.134777545928955,-1.283215045928955,-5.025402545928955,-7.587902545928955,-6.916293466492789,-5.493325501680374,-6.002081983402604,-6.3926273577417305,-5.822478631787817,-7.499470407143235
491,-3.9477505683898926,-1.7993131875991821,-5.846188068389893,-8.63525104522705,-7.338466759341827,-6.4138288870453835,-7.049363015834388,-6.424324989247907,-6.830624220885511,-7.652919627726078
492,-4.040441513061523,-1.8451292514801025,-5.876379013061523,-8.415441513061523,-7.56399475858052,-6.653062462806702,-7.063941715183319,-6.431081056489347,-7.110827800890547,-7.856046948581934
493,-3.9200687408447266,-1.779443621635437,-5.982568740844727,-7.904443740844727,-6.849890819081338,-6.222807161509991,-6.529523727076594,-6.224771857139785,-6.896757356313174,-7.9272148087620735
494,-4.084361553192139,-1.7874866724014282,-6.006236553192139,-7.904674053192139,-7.19390450498031,-6.829199254512787,-6.82662844342849,-6.404692649668505,-6.959445830609184,-7.869246846064925
495,-2.795231819152832,-1.248356819152832,-4.912419319152832,-6.928044319152832,-6.26420507322473,-5.533747851848602,-5.592194672542973,-6.373384832942975,-5.482891904408461,-7.346508095040917
496,-4.41091251373291,-1.9734126329421997,-6.29372501373291,-8.45778751373291,-7.270400875342602,-6.65022437274456,-6.918801781568618,-6.012491106857851,-7.0125721645817976,-7.7657196670770645
497,-3.6564393043518066,-1.8673768043518066,-5.726751804351807,-7.742376804351807,-6.77382812857104,-6.027968168258667,-6.390910263224214,-6.203337430686588,-6.492502085471642,-7.759312832728028
498,-3.83899188041687,-1.9952418804168701,-5.745242118835449,-7.128054618835449,-6.417356819991255,-5.838383808732033,-5.846933356588124,-5.854640602789004,-6.237576593091944,-7.192074608057737
499,-4.159580707550049,-1.9877055883407593,-6.034580707550049,-8.43301773071289,-7.331533071388549,-6.358095973730087,-6.644000767646503,-6.21427881712043,-7.058083055300813,-7.721392223611474
500,-3.7860381603240967,-1.5047881603240967,-5.825100898742676,-7.840725898742676,-7.036169758750475,-6.266197718679905,-6.582983968153712,-6.0516806839405035,-6.84864591974474,-7.620744042098522
501,-2.2905092239379883,-1.5092591047286987,-5.110821723937988,-5.751446723937988,-5.587683632853441,-4.93287818133831,-4.892207374912687,-5.860866545626777,-5.3063272051513195,-7.150422040373087
502,-3.4534707069396973,-1.6409707069396973,-5.594095706939697,-7.586283206939697,-6.648882980138296,-5.986251875758171,-6.008218882627261,-5.7112976311600505,-6.484821791309514,-7.3553705383092165
503,-3.8599343299865723,-1.7505593299865723,-5.813059329986572,-8.328683853149414,-6.83659517281194,-6.323454327881336,-6.399046181413723,-6.195886492621867,-6.555323717024294,-7.5183977317065
504,-3.803466796875,-2.045654296875,-5.811279296875,-7.537841796875,-6.358373379553086,-5.797176785767078,-6.186368461450911,-6.475356101887883,-6.20205234385503,-7.755812561139464
505,-3.704930305480957,-1.603367805480957,-5.829930305480957,-7.837742805480957,-6.923837649359484,-6.098200857639313,-6.533134934114059,-6.197140693402616,-6.60349999985192,-7.766672279685736
506,-3.8269402980804443,-1.7644402980804443,-5.811315536499023,-7.584753036499023,-6.545884471212048,-6.21796727180481,-6.147343512253428,-6.053527712518189,-6.59269510860031,-7.524649325758219
507,-3.773897886276245,-1.7817103862762451,-5.797335147857666,-8.109835624694824,-6.930259221531742,-6.174304515123367,-6.54739713476738,-6.109852075433082,-6.695857759666978,-7.628874525427818
508,-4.046339511871338,-1.952589511871338,-5.874464511871338,-8.054152488708496,-7.04648743965663,-6.439986631274223,-6.601102706903475,-6.366668820239283,-6.851131433759292,-7.646935364231467
509,-3.7468645572662354,-1.9031145572662354,-5.699989318847656,-8.035926818847656,-6.85632335786795,-6.071518689393997,-6.481290458326839,-6.059376239705671,-6.410999653067847,-7.513832980766892
510,-3.6756668090820312,-1.8397293090820312,-5.745979309082031,-7.745979309082031,-6.644563544949051,-6.162006199359894,-6.246061083307723,-6.011626362556854,-6.47264682695095,-7.417822156101465
511,-4.061516761779785,-1.7333916425704956,-6.069329261779785,-8.241204261779785,-7.225648639177962,-6.875632897019386,-6.639680384843814,-6.1943398713501665,-7.108443735680339,-7.629688845947385
512,-3.8458032608032227,-1.7911157608032227,-6.119240760803223,-7.767678260803223,-6.939682594515034,-6.506657317280769,-6.705237744470651,-6.197380542645988,-6.806826349413313,-7.646221170201898
513,-2.9244158267974854,-1.2603533267974854,-4.885353088378906,-7.174415588378906,-6.729271159347263,-5.798818252980709,-5.877594946337922,-6.549443602169049,-5.760492434332264,-7.380055598914623
514,-2.7409071922302246,-1.2174696922302246,-5.022157192230225,-6.483094692230225,-6.334830388324917,-5.428866673260927,-5.389420029663597,-5.904999851725734,-5.436338179242739,-7.072072574868798
515,-3.7227554321289062,-1.9336929321289062,-5.707130432128906,-7.824317932128906,-6.926010838593356,-6.038395062088966,-6.441586133558303,-6.121210932569738,-6.605680816952372,-7.574023613706231
516,-3.681427478790283,-1.9079900979995728,-5.767364978790283,-7.462677478790283,-6.587860567495227,-5.870903000235558,-6.251842135934567,-6.056450485917594,-6.400317659092252,-7.465521266683936
517,-3.1237735748291016,-1.8815860748291016,-5.639398574829102,-6.490961074829102,-6.358343701402191,-5.933074474334717,-6.06134962746728,-5.928477406368984,-6.7098241980493185,-7.317961009219289
518,-2.982159376144409,-1.1384093761444092,-4.763409614562988,-7.286847114562988,-6.763718080619583,-5.563549779355526,-6.052589528822864,-6.638441442937619,-5.701134537201142,-7.5044710002839565
519,-2.611802816390991,-1.1899278163909912,-4.38524055480957,-6.60399055480957,-6.080665582048823,-5.023293759673834,-5.307187912228983,-5.854016422890709,-5.3306677275686525,-6.950781991705298
520,-3.9028563499450684,-1.848168969154358,-5.793481349945068,-8.059106826782227,-7.402996887816698,-6.497604243457317,-6.840427515358897,-6.496621489410245,-6.902945037720201,-7.9132011868059635
521,-2.7598700523376465,-1.275494933128357,-4.6973700523376465,-6.7989325523376465,-6.267932145448867,-5.149948202073574,-5.486566415405832,-5.9396032084550825,-5.502272940328112,-6.987342979758978
522,-3.3518779277801514,-1.8831279277801514,-5.5706281661987305,-7.9143781661987305,-6.726971145122661,-5.695231094956398,-5.992559431400878,-6.109705090419084,-6.609787340261391,-7.385965056717396
523,-3.275984287261963,-1.658796787261963,-5.830671787261963,-7.049421787261963,-6.44796037163178,-6.00137834250927,-6.080719708246761,-5.5728725194057915,-6.651063319899549,-7.349907290190458
524,-2.6382904052734375,-1.177352786064148,-4.8257904052734375,-6.5367279052734375,-6.169791190157412,-5.347847081720829,-5.255592458837782,-6.122707127655303,-5.255656107285176,-6.978734921664
525,-2.8015904426574707,-1.0750278234481812,-4.692215442657471,-6.910965442657471,-6.2783961000386626,-5.2252631559967995,-5.543873663133127,-6.262563943215355,-5.473626600636635,-7.03424109891057
526,-2.8751862049102783,-1.2501862049102783,-4.914248466491699,-6.851748466491699,-6.508162008263753,-5.695681516081095,-5.828359960309172,-6.359581470278499,-5.640906567772618,-7.141809990629554
527,-3.228520393371582,-1.2519580125808716,-5.408207893371582,-7.837895393371582,-7.322329281025304,-6.081517785787582,-6.548879264708376,-6.705096006307031,-6.892609476690268,-7.79737051948905
528,-3.711768627166748,-1.743018627166748,-5.711768627166748,-7.969581127166748,-6.946291316577117,-6.194064453244209,-6.657160398201086,-6.078972816327223,-6.485312813791097,-7.434775706380606
529,-3.810645580291748,-1.7559581995010376,-5.326270580291748,-7.607520580291748,-6.451385133856093,-5.86484207957983,-6.076344964123564,-5.552849173416689,-6.123261206616007,-7.0870892982929945
530,-4.1171979904174805,-2.0781354904174805,-5.8203229904174805,-7.8671979904174805,-6.976790642889682,-6.2368431985378265,-6.429832449459354,-6.218791245941247,-6.672049270564457,-7.7541585844010115
531,-3.894118547439575,-1.2534935474395752,-5.675368785858154,-7.433181285858154,-7.683535751450108,-6.835201226174831,-7.003622404416092,-6.12069821343357,-7.28484951891005,-7.5943326614797115
532,-3.1199512481689453,-1.3387013673782349,-4.737138748168945,-7.268388748168945,-6.589066319575068,-5.300312697887421,-5.885765772982268,-6.174692152504576,-5.760907595104072,-7.049175087362528
533,-4.150620937347412,-2.142808437347412,-6.103745937347412,-8.05687141418457,-6.799203027767362,-6.0719930827617645,-6.502256867570395,-6.119387745715358,-6.892899747494084,-7.547584157437086
534,-2.9523158073425293,-1.1476284265518188,-5.053878307342529,-7.014815807342529,-6.702516297271359,-5.885358512401581,-5.936753867070365,-6.303902983361695,-5.733679288146959,-7.2278410512954
535,-3.815803050994873,-1.792365550994873,-6.003303050994873,-7.745490550994873,-6.659479373185604,-6.291889697313309,-6.2687983496216475,-5.823442459004582,-6.721943852229742,-7.326337952166796
536,-4.089295387268066,-1.9330452680587769,-5.862732887268066,-8.370545387268066,-7.15968703910039,-6.3589411824941635,-6.886220811527892,-6.253368854462678,-6.792487023041758,-7.596076179295778
537,-2.878370523452759,-1.2455580234527588,-4.87055778503418,-7.26118278503418,-6.519184809847502,-5.762117408216,-5.815934179168835,-6.425272464382942,-5.745712983480189,-7.256773551926017
538,-3.716538429260254,-1.927475929260254,-5.841538429260254,-7.708725929260254,-6.919797053938964,-6.015702575445175,-6.466627713030903,-5.693121909875117,-6.615112295388826,-7.121047288179398
539,-3.541548013687134,-1.8149855136871338,-5.791547775268555,-7.205610275268555,-6.3463812959817005,-5.903705507516861,-5.9556897847069195,-5.674381136675947,-6.3307123132108245,-7.376136237755418
540,-3.8537845611572266,-2.0569095611572266,-5.830347061157227,-7.236597061157227,-6.502462358213961,-6.092736802995205,-6.142970315966522,-5.9319388862131746,-6.5414802836603485,-7.516593573614955
541,-3.9784910678863525,-1.7597410678863525,-6.072240829467773,-8.220678329467773,-7.009852760726062,-6.597959011793137,-6.791051743559365,-6.212881207347891,-7.009820934901654,-7.6463706735521555
542,-3.8225460052490234,-1.5725458860397339,-5.916296005249023,-8.041296005249023,-7.510097502337885,-7.004679158329964,-6.830389499184093,-6.080365300155336,-7.07257437665794,-7.425860887393355
543,-3.8819580078125,-1.8350831270217896,-5.8975830078125,-8.3663330078125,-7.194562548895192,-6.556755132973194,-6.835137604175543,-6.217908024709686,-6.811711905182165,-7.538355948403478
544,-3.2924723625183105,-1.8159098625183105,-5.5112223625183105,-7.1127848625183105,-6.253559935750673,-5.76475266367197,-5.980061407892208,-5.722182988853092,-5.995721690080245,-7.198813175782561
545,-2.7816390991210938,-1.0785140991210938,-4.609764099121094,-7.297264099121094,-6.844354844666668,-5.636568699032068,-6.070770499718492,-6.66448068576392,-5.680238353044842,-7.24671271815896
546,-4.392000198364258,-2.001375436782837,-6.548250198364258,-8.313875198364258,-7.384339797848952,-6.948423579335213,-6.931144114991184,-6.407641172281728,-7.438967104506446,-7.892351564019918
547,-3.568913459777832,-1.709538459777832,-5.576725959777832,-8.115788459777832,-6.904948825816973,-6.027519106864929,-6.412732717973995,-6.014243841011194,-6.31900596190826,-7.463531510904431
548,-3.9621410369873047,-1.3996410369873047,-5.852766036987305,-8.298078536987305,-7.743513457433437,-6.643932692706585,-7.1731481527895085,-6.59496831883007,-6.8762645702809095,-7.695437451824546
549,-3.449453353881836,-1.668203353881836,-5.597890853881836,-7.090078353881836,-6.332529510080349,-5.826772324740887,-5.910498851662851,-5.9182267186297395,-6.113663185707992,-7.373113406822085
550,-2.5865375995635986,-1.1802875995635986,-4.7974748611450195,-6.7740373611450195,-6.407077763331472,-5.504325944930315,-5.696004505683959,-6.485006451108347,-5.555442559591029,-7.393676770851016
551,-4.161166667938232,-1.6455414295196533,-5.950229167938232,-8.278353691101074,-7.278519378363853,-6.5673887729644775,-6.747214072864153,-6.333065271099258,-7.239377733341826,-7.839784009382129
552,-3.5336122512817383,-1.7992372512817383,-5.658612251281738,-7.596112251281738,-6.705625166912796,-6.104844309389591,-6.244629260720103,-6.025819301414231,-6.439970249062753,-7.48630815371871
553,-3.2688417434692383,-1.8391543626785278,-5.651654243469238,-6.940716743469238,-6.362802960022236,-5.710747465491295,-5.862708084969199,-5.464187621513702,-6.354985692640184,-7.152771830558777
554,-3.746258497238159,-1.9884459972381592,-5.855633735656738,-7.582196235656738,-6.644901392886823,-6.340110510587692,-6.39487743303107,-5.9573475122069794,-6.519883035634848,-7.213728896342218
555,-4.241071701049805,-1.7566965818405151,-6.459821701049805,-7.873884201049805,-7.459984646877274,-6.961789429187775,-6.842715736878745,-6.06140410880289,-7.428688161744503,-7.741049446165562
556,-3.5335569381713867,-1.6194945573806763,-5.627306938171387,-7.885119438171387,-7.0806094250583556,-6.1065575033426285,-6.596167796662485,-5.994519471809326,-6.510258426540531,-7.380048885941505
557,-4.2300615310668945,-1.9331865310668945,-6.1909990310668945,-8.644124031066895,-7.37859105640382,-7.056560441851616,-6.870732425591996,-6.5347589253888145,-7.151991365837603,-7.64182129688561
558,-3.9860920906066895,-1.9235920906066895,-6.0017170906066895,-8.282966613769531,-7.025257701323426,-6.614616319537163,-6.837709425377398,-6.493916988296405,-6.8845958687743405,-7.722826976329088
559,-4.196586608886719,-1.9153368473052979,-5.884086608886719,-8.509086608886719,-7.415455811074935,-6.594924308359623,-6.884156343890936,-6.485664009936954,-6.977928157430142,-7.842955943197012
560,-2.9801530838012695,-1.2848405838012695,-4.7848405838012695,-6.7848405838012695,-6.245973091179621,-5.40543607622385,-5.683379644957313,-6.230188249923231,-5.425619471148821,-7.000471664592624
561,-3.2247045040130615,-1.5137670040130615,-5.748142242431641,-6.490329742431641,-6.717015020461986,-5.92027135938406,-5.6701077181860455,-6.201294779399177,-6.5528808819108235,-7.264691110700369
562,-3.039362907409668,-1.0940505266189575,-4.859675407409668,-7.383112907409668,-6.90675602229021,-5.792682006955147,-6.203489063147572,-6.586264729139657,-5.742610804634751,-7.134618764743209
563,-2.9385814666748047,-1.2042064666748047,-4.860456466674805,-7.337018966674805,-6.618567898898618,-5.58064291998744,-5.946491117523692,-6.65736555994954,-5.641915776286623,-7.5088215209543705
564,-2.8090591430664062,-1.1684342622756958,-5.027809143066406,-6.738746643066406,-6.317077973057167,-5.77964898571372,-5.777885672505363,-6.145025848916703,-5.559190860658418,-6.959091322496533
565,-4.226934432983398,-1.820684552192688,-6.000371932983398,-8.578496932983398,-6.984841223085823,-6.537101477384567,-6.71918284707499,-6.117574214826163,-6.680147763167042,-7.485901644453406
566,-3.3618876934051514,-1.5415751934051514,-5.3072004318237305,-8.26032543182373,-7.385381577823864,-6.373744182288647,-6.690049886019551,-6.369708180397538,-6.54162073032785,-7.52236186247319
567,-3.048884868621826,-1.2754473686218262,-5.041072368621826,-7.392634868621826,-6.783486817352241,-6.011967416852713,-6.127081034035655,-6.728597759878539,-5.986523976185708,-7.458377182483673
568,-2.919163703918457,-1.1769763231277466,-4.919163703918457,-7.278538703918457,-6.708348147585639,-5.944133009761572,-6.114519595157617,-6.559804916250869,-5.700492974952795,-7.198942397721112
569,-3.649390697479248,-1.5868905782699585,-5.774390697479248,-7.860328197479248,-6.837021223138436,-6.303081423044205,-6.438521502066578,-5.993157625054664,-6.602605458043399,-7.359344998374581
570,-3.9193778038024902,-1.7162528038024902,-5.91937780380249,-8.122503280639648,-7.2788339820326655,-6.683321863412857,-6.770986913546949,-6.395951867036274,-7.013183234586904,-7.78661760315299
571,-3.811971426010132,-1.6791589260101318,-5.780721187591553,-8.226034164428711,-7.429273717942124,-6.533801928162575,-6.983905432854954,-6.241672038942852,-6.780794737016549,-7.65911603346467
572,-3.691850423812866,-1.7543504238128662,-5.754350185394287,-7.590287685394287,-6.520139323110925,-6.213217996060848,-6.2388081516182865,-6.0434358117290685,-6.47322057952988,-7.454069232568145
573,-3.4655466079711914,-1.848359227180481,-5.465546607971191,-6.684296607971191,-6.051689246116439,-6.063384614884853,-5.7859709200347424,-5.043695687958461,-6.411021696229,-7.115618037059903
574,-2.9147610664367676,-1.1022610664367676,-4.946011066436768,-8.02413558959961,-7.250740884839615,-6.015327960252762,-6.117907285464753,-6.203833818382918,-6.289800881546398,-7.3068852648139
575,-4.210411548614502,-1.999474048614502,-5.999474048614502,-8.54634952545166,-7.523009295451629,-6.582082666456699,-7.038593648234382,-6.5541746615499505,-6.991727826782153,-7.822653282433748
576,-4.1789045333862305,-1.8820297718048096,-5.9835920333862305,-8.15546703338623,-7.108762488147477,-6.45270149409771,-6.7571268034371315,-6.303926229242279,-6.952457898099965,-7.770812721922994
577,-3.8477728366851807,-1.8243353366851807,-5.80089807510376,-8.183710098266602,-7.621374116875813,-6.692067004740238,-7.035352346138097,-6.464979886821311,-6.902546759709367,-7.8479394521564245
578,-3.7432544231414795,-1.6885669231414795,-5.766692161560059,-7.712004661560059,-6.915345883826376,-6.296149171888828,-6.563660855674243,-6.25890481440365,-6.509009233661345,-7.487644312903285
579,-3.789713144302368,-1.7037756443023682,-5.703775405883789,-8.274087905883789,-7.235133761256293,-6.4157214015722275,-6.781961200773367,-6.235038876442559,-6.680419322510716,-7.620314050465822
580,-3.616672992706299,-1.8197979927062988,-5.882297992706299,-7.632297992706299,-7.015241495129885,-6.3434780687093735,-6.585484622009972,-6.397937655341593,-6.8589603850996355,-7.798921978101134
581,-3.8575234413146973,-2.0215859413146973,-5.818460941314697,-7.701273441314697,-6.6228533690737095,-5.890839502215385,-6.3962050554546295,-6.091396211977553,-6.466555695747957,-7.613182444125414
582,-2.9227566719055176,-1.3211942911148071,-4.875881671905518,-7.282131671905518,-6.594868751082686,-5.7285875380039215,-5.758775230933679,-6.539973496961466,-5.657312734416337,-7.263139382004738
583,-3.856614828109741,-2.051927328109741,-5.59880256652832,-8.08317756652832,-6.723912590648979,-5.834244832396507,-6.247324582342117,-6.059756159653261,-6.29424547299277,-7.235774792730808
584,-3.7190051078796387,-1.7580677270889282,-5.687755107879639,-7.773692607879639,-6.859776009412599,-6.003086596727371,-6.351913805148797,-5.922152518975054,-6.281629912220524,-7.303941341117024
585,-3.672051429748535,-1.6564263105392456,-5.703301429748535,-7.836113929748535,-7.172294110408984,-6.137148410081863,-6.453410619498754,-6.406450628941457,-6.515949834298226,-7.609065363183618
586,-3.9781553745269775,-1.8375303745269775,-5.860968112945557,-8.400030136108398,-7.447018020990072,-6.46565455198288,-6.939152119801292,-6.29066705697187,-6.806360241578659,-7.6271512024104595
587,-3.3762147426605225,-1.2902772426605225,-5.618402004241943,-7.805902004241943,-7.391981353241135,-6.447301998734474,-6.3450363848605775,-6.165299176924236,-6.6106765232398175,-7.329503050073981
588,-4.048819541931152,-1.8144444227218628,-6.041007041931152,-8.134757041931152,-7.205325809074566,-6.461389496922493,-6.830186241015326,-6.525404453026567,-6.955206742408336,-7.842465376481414
589,-2.729893922805786,-1.1439564228057861,-4.737706184387207,-7.058018684387207,-6.245700104467687,-5.457832787185907,-5.487774727378564,-6.5111695524683455,-5.34719609554304,-7.137949138879776
590,-3.780393600463867,-1.7178934812545776,-5.944456100463867,-7.131956100463867,-6.350865947344573,-6.539202056825161,-5.608618850448693,-6.241361975193286,-6.577378266993037,-7.570580216124654
591,-3.83847713470459,-1.8853521347045898,-5.86972713470459,-8.35410213470459,-7.354202265494678,-6.568273156881332,-6.9400933966499,-6.400989770809247,-6.854173776919197,-7.683637483045459
592,-3.9299237728118896,-1.9221112728118896,-5.7111735343933105,-8.078361511230469,-7.242535584846337,-6.687628477811813,-6.797161339447484,-6.281496167131991,-6.8674827796567115,-7.540298378095031
593,-3.906618595123291,-2.117556095123291,-5.726931095123291,-7.719118595123291,-6.59427868037892,-5.806485906243324,-6.242657894676086,-5.914451002876376,-6.320812812715303,-7.4212989769876
594,-2.947331428527832,-1.150456428527832,-5.478581428527832,-6.416081428527832,-6.681811803988239,-6.119858171790838,-6.009885905688861,-6.744222998482655,-6.603617786699033,-7.397974397987127
595,-3.1355855464935303,-1.1980855464935303,-5.065273284912109,-7.627773284912109,-6.760738837925601,-5.704659983515739,-6.1668990830439725,-6.440292715837131,-5.870080583074014,-7.314549567177892
596,-3.1386680603027344,-1.2714805603027344,-5.021480560302734,-7.365230560302734,-6.795134878499084,-6.075268879532814,-6.021541355192312,-6.638691425050638,-5.912243237558869,-7.296192921698093
597,-2.740823745727539,-1.084573745727539,-4.358011245727539,-7.764261245727539,-6.623729582242959,-5.519332464784384,-6.037742136966699,-6.678343415067502,-5.381549114914378,-7.265230489894748
598,-3.651843786239624,-1.737781286239624,-5.667469024658203,-7.440906524658203,-6.597412195900688,-5.97585329413414,-6.300403468325385,-6.120620965593844,-6.362945185624994,-7.463064970448613
599,-3.9116432666778564,-1.7475807666778564,-5.708518028259277,-8.302268028259277,-7.396193131367909,-6.341816917061806,-6.966421480814461,-6.388224839976829,-7.036756985849934,-7.715889547020197
600,-3.700380802154541,-1.5753806829452515,-5.872255802154541,-7.395693302154541,-6.669313890859485,-6.3730466067790985,-6.302036757871974,-6.051965474836834,-6.708330383436987,-7.5360266622155905
601,-2.762057304382324,-1.0979949235916138,-4.840182304382324,-6.949557304382324,-6.230997782680788,-5.365645986050367,-5.762150998496509,-6.277711510232621,-5.49658929069119,-7.292002808302641
602,-3.747812509536743,-1.7321875095367432,-5.599374771118164,-8.193124771118164,-6.951053612618125,-5.941441558301449,-6.443187115633918,-6.333766460278639,-6.529175751922594,-7.469761768355966
603,-3.8663241863250732,-1.8506991863250732,-5.788199424743652,-8.092886924743652,-7.186765662496327,-6.305950812995434,-6.632018444543064,-6.280405163599426,-6.960183256902383,-7.708642477169633
604,-3.7167346477508545,-1.8261096477508545,-6.372984886169434,-6.997984886169434,-6.974698293735855,-6.7452835738658905,-6.185572262758797,-5.857381105197419,-7.216810938807612,-7.535626633092761
605,-3.9631168842315674,-2.1818668842315674,-5.7365546226501465,-7.5178046226501465,-6.549298256752081,-5.808958902955055,-6.072668179273023,-5.978781103327492,-6.439922899211524,-7.601357506588101
606,-3.5929601192474365,-1.7960851192474365,-5.757022857666016,-7.069522857666016,-6.288486696270411,-5.902144119143486,-6.05400728580571,-5.944554328423692,-6.421247230784502,-7.509415777400136
607,-3.712857246398926,-1.7597323656082153,-5.884732246398926,-7.830044746398926,-6.877108794462401,-6.162388473749161,-6.658287279853539,-5.939446210510141,-6.603611818500212,-7.41127859428525
608,-3.5014595985412598,-1.7123970985412598,-5.56395959854126,-8.040521621704102,-6.689025757506897,-5.9634862169623375,-6.501499056037574,-6.118656158406338,-6.251518366992968,-7.241382711566985
609,-4.043484687805176,-1.7544224262237549,-5.707547187805176,-8.348172187805176,-6.856096976647677,-6.1674186661839485,-6.637301681184908,-6.379436254402208,-6.809221976647677,-7.704603238031268
610,-3.76578950881958,-1.80485200881958,-5.87516450881958,-7.48453950881958,-6.9535383868496865,-6.038104422390461,-6.4690434849471785,-6.492377638487596,-6.609650963291642,-7.652912672609091
611,-3.876232147216797,-1.9387321472167969,-5.907482147216797,-8.235607147216797,-7.2904417406680295,-6.31902851164341,-6.75913869892247,-6.282500147657629,-6.891972415956843,-7.600164815783501
612,-3.6699161529541016,-1.865228533744812,-5.708978652954102,-7.482416152954102,-6.56855080567766,-5.995724946260452,-6.279406660083623,-6.005880355478439,-6.451306571630994,-7.42318669706583
613,-3.5410571098327637,-2.2519946098327637,-5.775432109832764,-6.697307109832764,-5.93187628290616,-5.852777346968651,-5.783363573624229,-5.556710123622906,-6.267787799995858,-7.3246975895017385
614,-4.032596588134766,-1.8372843265533447,-5.821659088134766,-8.118534088134766,-7.173440551632666,-6.365343160927296,-6.649913421846577,-6.368557214469547,-6.829621661367128,-7.724418267607689
615,-3.1447274684906006,-1.2931649684906006,-4.80879020690918,-7.48847770690918,-6.613612285145791,-5.5213562324643135,-5.94950472907658,-6.402567863082368,-5.551119198324159,-7.114764170721173
616,-3.9427907466888428,-1.8724782466888428,-6.278728485107422,-7.716228485107422,-7.130471451688209,-6.783082202076912,-6.927246924940846,-5.974065780332239,-7.146065700770123,-7.433291934430599
617,-4.069083213806152,-1.9362705945968628,-6.186270713806152,-8.459708213806152,-7.241042729619949,-6.53522615134716,-6.811321734079684,-6.334718227336452,-7.139457939119893,-7.77222964912653
618,-4.340766906738281,-2.2235796451568604,-6.270454406738281,-7.981391906738281,-7.497230149412644,-6.637530326843262,-6.8330944678455126,-6.465793013232542,-7.325294721376849,-7.940262081101537
619,-3.544675588607788,-1.560300588607788,-5.802488327026367,-7.482175827026367,-7.271366588000092,-6.228682667016983,-6.4744451012520585,-6.372816800943838,-6.825976132080541,-7.4378628972917795
620,-4.16015625,-1.910156488418579,-6.13671875,-8.09765625,-7.0899895323382225,-6.4642515033483505,-6.824290869022661,-6.371109366295059,-7.01962828165415,-7.899019923061132
621,-3.9155330657958984,-1.7749080657958984,-5.743658065795898,-8.446783065795898,-7.024990078425617,-6.275335572659969,-6.860894559613371,-6.290544271406361,-6.767166373603686,-7.619423512369394
622,-2.686701774597168,-1.288264274597168,-4.803889274597168,-7.108576774597168,-6.194683418274508,-5.3866189159452915,-5.514938586660719,-6.3507993215134775,-5.5462424617871875,-7.044178958982229
623,-2.7754507064819336,-1.1738883256912231,-4.923888206481934,-6.931700706481934,-6.322516065600212,-5.498772133141756,-5.509910579894495,-6.220795869292488,-5.564656009009923,-7.176353111863136
624,-4.020079135894775,-1.9263288974761963,-6.004454135894775,-7.910704135894775,-7.106225230396376,-6.597570329904556,-6.582675690755423,-6.3872892854033125,-7.113956324115861,-7.880874359980226
625,-4.019095420837402,-1.9409701824188232,-5.862845420837402,-8.167532920837402,-6.925429579052434,-6.302550941705704,-6.58164060013587,-6.230042815159322,-6.784784434174071,-7.472463756799698
626,-2.8285999298095703,-1.2426623106002808,-4.71141242980957,-6.89109992980957,-6.289797033939976,-5.323989845812321,-5.859954232495511,-6.047386407186423,-5.563143358347588,-7.094351604580879
627,-3.926431655883789,-1.7623692750930786,-5.863931655883789,-8.317056655883789,-7.285891290899599,-6.427079603075981,-6.871797798627085,-6.379569411196826,-6.8327561589176184,-7.726444149389863
628,-3.1053411960601807,-1.3084661960601807,-5.613153457641602,-6.456903457641602,-6.6523537540924735,-5.957462027668953,-6.058531639806461,-6.222557901903201,-6.496029136571451,-7.21518231742084
629,-3.533595323562622,-1.728907823562622,-5.775782585144043,-7.728907585144043,-6.830627667412045,-6.130875431001186,-6.353984472181764,-6.002366900205743,-6.6118323739865446,-7.447988696396351
630,-3.758497714996338,-1.820997714996338,-6.000685214996338,-7.508497714996338,-6.555565577029483,-6.284475803375244,-6.196108215903223,-5.985085844664354,-6.74302409934171,-7.557274233549833
631,-3.7535414695739746,-1.8551039695739746,-6.042603969573975,-7.675416469573975,-6.652160389654455,-6.138724207878113,-6.339573259676399,-6.01918768860196,-6.659939635748742,-7.582921326160431
632,-3.875324249267578,-1.7034491300582886,-6.250324249267578,-7.875324249267578,-7.375485407246742,-6.553473919630051,-6.828546042524977,-6.242535829254848,-7.078530785096518,-7.620949167758226
633,-3.703665256500244,-1.8989778757095337,-5.898977756500244,-8.203665733337402,-7.2428604276356054,-6.233592674136162,-6.781874414715276,-6.164620756941076,-6.735030048454064,-7.6214608028531075
634,-3.1238980293273926,-1.1863981485366821,-5.030148029327393,-7.936398029327393,-7.2724989519047085,-5.932924814522266,-6.46772193635843,-6.68642067883593,-6.100597253040178,-7.4841917380690575
635,-3.1166458129882812,-1.2807081937789917,-4.921333312988281,-7.765083312988281,-7.155852903408231,-5.831646978855133,-6.272966859200096,-6.882294416149307,-5.937095990244416,-7.667057525366545
636,-2.811185121536255,-1.0455601215362549,-4.545559883117676,-7.701809883117676,-6.764485582170892,-5.817173050716519,-6.178433654815308,-6.7799576518318645,-5.655090558328084,-7.456605086103082
637,-3.00480055809021,-1.12198805809021,-5.418863296508789,-6.707925796508789,-6.723653311244561,-6.08225404471159,-6.036108492138737,-6.559509634744245,-6.403283475807257,-7.412035517394543
638,-3.962048053741455,-1.891735553741455,-5.962048053741455,-8.337047576904297,-7.524677745037479,-6.678614586591721,-6.9621160007300205,-6.469874620338487,-7.02463924469339,-7.636352134868503
639,-3.7284064292907715,-1.759656310081482,-5.9237189292907715,-8.119030952453613,-7.2285425570298685,-6.25847502052784,-6.673797842726344,-6.189358830341007,-6.908200854304596,-7.615052992478013
640,-4.138271808624268,-1.6695218086242676,-5.911709308624268,-8.67733383178711,-7.708743559560389,-6.85203742980957,-7.247722622858419,-6.6695398090651,-7.31024121792143,-7.963981315493584
641,-2.752504348754883,-1.2212543487548828,-4.979066848754883,-7.033754348754883,-6.151123268835363,-5.565072908997536,-5.510391947784228,-6.1353448625450255,-5.526055091169837,-7.067207211628556
642,-3.577483654022217,-1.6556086540222168,-5.554046154022217,-7.350921154022217,-6.538630821174593,-5.897018074989319,-6.085404628589458,-6.421261787018011,-6.101020688824065,-7.6663204450160265
643,-4.217212677001953,-1.5687752962112427,-6.193775177001953,-8.310962677001953,-7.13912391597114,-6.770341202616692,-6.842236995400526,-6.795343041405431,-6.959414005184044,-7.8891192972660065
644,-2.864527940750122,-1.200465440750122,-4.794215202331543,-7.512965202331543,-6.770976404470275,-5.577613931149244,-6.067742462895694,-6.833302259143238,-5.638120162402629,-7.549237320199609
645,-3.7989044189453125,-1.8145294189453125,-5.9004669189453125,-7.9239044189453125,-7.017836077400716,-6.418041810393333,-6.689625258622982,-6.283300757180768,-6.970893376535969,-7.81765753775835
646,-3.807912588119507,-1.7376000881195068,-5.682912826538086,-7.815725326538086,-6.878436543091084,-6.231611520051956,-6.464260334985738,-6.096996664773542,-6.581467621603224,-7.428450025618076
647,-2.89113187789917,-1.1801944971084595,-5.09425687789917,-6.88331937789917,-6.406928166979924,-5.634434908628464,-5.641262403558358,-6.281782745980308,-5.6412390413097455,-7.1580868270248175
648,-2.9196224212646484,-1.2399348020553589,-4.599309921264648,-7.513372421264648,-6.661986812207033,-5.553263541311026,-5.911890026698529,-6.716524600613411,-5.521337378319004,-7.330265050753951
649,-3.8552000522613525,-1.9489500522613525,-5.917700290679932,-7.777075290679932,-6.714688890679099,-5.977236717939377,-6.26934551850718,-6.097402691730167,-6.683424825481779,-7.474552946165204
650,-3.9423415660858154,-1.6689040660858154,-5.5829668045043945,-8.481404304504395,-7.465912571613444,-6.232366479933262,-6.965858575538732,-6.3642326592143945,-6.692457430828654,-7.517689969390631
651,-3.8442277908325195,-1.87547767162323,-5.9145402908325195,-8.45360279083252,-7.4459001957584405,-6.414036966860294,-6.781794545808225,-6.3676800726752845,-6.85995911986538,-7.642696650698781
652,-3.8443002700805664,-1.7818002700805664,-5.773987770080566,-8.094300270080566,-7.242869130088366,-6.414934985339642,-6.735004898713669,-6.25057125069543,-6.805338020065392,-7.630953347310424
653,-2.497022867202759,-1.3954603672027588,-4.94233512878418,-6.48139762878418,-6.0674593371513765,-5.359188064932823,-5.208023307714029,-5.934552073045779,-5.473676915724354,-6.974320435896516
654,-3.6894893646240234,-1.6894893646240234,-5.814489364624023,-8.033239364624023,-6.9942632876263815,-6.562361866235733,-6.502032755863183,-6.306687474194405,-6.861421941051958,-7.479782419279218
655,-3.5347821712493896,-1.9019696712493896,-5.737907409667969,-7.300407409667969,-6.40991508080333,-5.938413634896278,-6.003600714255299,-5.714486837243385,-6.659900300706795,-7.213218580931425
656,-3.9728281497955322,-1.7384531497955322,-5.965015411376953,-8.449390411376953,-7.160428161361779,-6.510941848158836,-6.777576444670558,-6.261904954804777,-6.855709311974351,-7.535625219345093
657,-4.141281604766846,-1.8678439855575562,-6.164719104766846,-8.047531127929688,-6.891395085571276,-6.659991636872292,-6.469476697369828,-6.2116067408715026,-7.0866667005902855,-7.581216188147664
658,-4.07037878036499,-1.8828787803649902,-5.85162878036499,-8.632879257202148,-7.539210673792695,-6.638469099998474,-7.101677058963105,-6.617266654885498,-7.086067793701659,-7.805183423683047
659,-3.693286418914795,-1.6620362997055054,-5.763598918914795,-8.083910942077637,-7.130892747947655,-6.301196098327637,-6.6933484058245085,-6.09955120075756,-6.732435699508642,-7.516077755019069
660,-3.9395549297332764,-1.8770549297332764,-5.8848676681518555,-8.064555168151855,-6.986597285605967,-6.491084918379784,-6.634934661531588,-6.502071261276797,-6.877148981460778,-7.841267151758075
661,-4.026473045349121,-1.987410306930542,-5.862410545349121,-8.307723045349121,-7.0578464193531545,-6.270552024245262,-6.64374112758378,-6.276489734509596,-6.776580327954434,-7.5382137186825275
662,-3.696403980255127,-1.6885915994644165,-5.954216480255127,-7.985466480255127,-6.84502707188949,-6.3043829798698425,-6.485558624794066,-5.9933032986537,-6.829359044408193,-7.40930413082242
663,-3.915623664855957,-1.8999985456466675,-5.907811164855957,-8.290623664855957,-7.353247515638941,-6.455593794584274,-6.884439585417567,-6.345325946698722,-6.970400687023357,-7.748029816895723
664,-3.0076756477355957,-1.2186130285263062,-4.812363147735596,-7.468613147735596,-6.4297796225582715,-5.315501287579536,-5.843715781666106,-6.421766399938861,-5.648498277209001,-7.333107300102711
665,-4.025187015533447,-1.9704997539520264,-5.970499515533447,-8.142374992370605,-7.23629699650337,-6.444257989525795,-6.767456528163166,-6.4627060888378765,-7.0174910954228835,-7.878117876127362
666,-4.290975570678711,-2.040975332260132,-6.095663070678711,-9.212850570678711,-7.65041494162142,-6.6726681888103485,-7.103515028175025,-6.5331726073764,-6.892584799628821,-7.686469744890928
667,-2.7604920864105225,-1.2995545864105225,-4.994867324829102,-6.635492324829102,-6.159071673828294,-5.5041633695364,-5.448067066259682,-5.862084030679398,-5.5809118690449395,-7.073310634121299
668,-3.781450033187866,-1.6877000331878662,-5.843950271606445,-8.148637771606445,-7.328426117579511,-6.565357208251953,-6.95337998717514,-6.351775407711102,-6.7737102482278715,-7.666259277611971
669,-3.718289375305176,-1.9370393753051758,-5.937039375305176,-7.522976875305176,-6.710650667344453,-6.044577315449715,-6.312135214982845,-5.960499882432487,-6.655941832359531,-7.603144250810146
670,-3.948699951171875,-1.901824951171875,-6.167449951171875,-7.737762451171875,-7.128534902192769,-6.465217620134354,-6.644107575659291,-6.17528235892496,-6.980071298865369,-7.737973537296057
671,-2.8810667991638184,-1.2482542991638184,-5.013879299163818,-7.045129299163818,-6.420345283069764,-5.843287765979767,-5.787381885318609,-6.349838018191804,-5.889009824823006,-7.274694740772247
672,-4.159679889678955,-2.034679651260376,-6.190929889678955,-8.628429412841797,-7.151953812681313,-6.807809829711914,-6.815981029158138,-6.628440856873567,-6.980044125171844,-7.523761614225805
673,-3.6628589630126953,-1.9519215822219849,-5.733171463012695,-7.748796463012695,-6.9520351822066,-6.288310870528221,-6.178558585241262,-5.8191261290030525,-6.803584451394272,-7.481400225311518
674,-3.7793140411376953,-1.7871266603469849,-5.740251541137695,-8.255876541137695,-7.060648437756754,-6.221879981458187,-6.599678157428571,-6.21682608120318,-6.6700079417350935,-7.531054826453328
675,-3.877547264099121,-1.744734764099121,-5.877547264099121,-7.869734764099121,-7.026109210855793,-6.554168611764908,-6.588540433287562,-6.400998353865361,-6.877632137511682,-7.789761997759342
676,-4.40676212310791,-2.047386884689331,-6.18019962310791,-8.76613712310791,-7.485005967704637,-6.70284067094326,-7.094338294940826,-6.422406077204869,-7.188111419513007,-7.628501841798425
677,-4.011765003204346,-1.6445775032043457,-6.050827503204346,-9.058640480041504,-7.66804397064152,-6.879173077642918,-7.40241730175876,-6.628959178902278,-6.9414823050829,-7.825141361914575
678,-3.6822125911712646,-1.7447125911712646,-5.619712829589844,-7.775962829589844,-6.877692923808354,-6.039163321256638,-6.369798894993437,-6.252546190997236,-6.455768339823408,-7.651607031002641
679,-3.50357723236084,-1.8082647323608398,-5.65982723236084,-7.48795223236084,-6.808432684149011,-6.098673075437546,-6.277093526594399,-5.9489105937682325,-6.464631073860801,-7.524861028417945
680,-3.2044565677642822,-1.3685190677642822,-5.118519306182861,-7.352894306182861,-6.829679345159093,-6.039595440030098,-6.063900229972205,-6.595107316645226,-6.04054282992729,-7.434041202068329
681,-3.085364818572998,-1.0697399377822876,-5.280677318572998,-6.796302318572998,-6.9916956392044085,-6.014250874519348,-6.2807352526106115,-6.46819674949802,-6.390098451502126,-7.353742094710469
682,-2.963838577270508,-1.2450884580612183,-4.698213577270508,-7.120088577270508,-6.182775599154411,-5.339544549584389,-5.401416060303745,-6.354494690411229,-5.292145831670496,-7.116722805425525
683,-3.0294570922851562,-1.3107072114944458,-5.631019592285156,-6.357582092285156,-6.529644352543983,-6.105908989906311,-5.756122941398644,-6.552934526600438,-6.373282429718529,-7.391050973907113
684,-3.820213794708252,-1.843651294708252,-5.515526294708252,-8.007713317871094,-6.960968486004276,-6.010525017976761,-6.539045688135957,-6.171792864663075,-6.320330970571376,-7.441774994134903
685,-4.072457313537598,-1.9318323135375977,-5.783394813537598,-8.181832313537598,-6.9788033916120185,-6.297051317989826,-6.642825125119998,-6.291220426473046,-6.635038253371022,-7.660140637308359
686,-3.9804773330688477,-1.7382899522781372,-6.042977333068848,-7.941414833068848,-6.785352570077521,-6.485750660300255,-6.457118984901172,-6.097684979235055,-6.832179298216943,-7.598658442497253
687,-2.787621021270752,-1.1938711404800415,-4.826683521270752,-6.771996021270752,-6.248741848350619,-5.453356381505728,-5.420534128847066,-6.186095356264559,-5.428396452072775,-7.072508653625846
688,-3.942314863204956,-1.661064863204956,-5.801690101623535,-8.442315101623535,-7.465839501419396,-6.561882086098194,-7.075177310660365,-6.473577976144043,-6.840811489277257,-7.71604791469872
689,-3.9084925651550293,-1.7834926843643188,-5.908492565155029,-7.408492565155029,-6.549269783834461,-6.079216256737709,-6.228873488944373,-5.931946635109853,-6.5179748477603425,-7.545444689691067
690,-4.096224784851074,-1.9634122848510742,-6.049349784851074,-8.189974784851074,-7.0729048183056875,-6.702514693140984,-6.502531765268941,-6.4009277819386625,-7.010364171888796,-7.852614900097251
691,-3.946808099746704,-1.985870599746704,-5.845245361328125,-8.071807861328125,-7.056330073959543,-6.256760135293007,-6.415637489961227,-6.095264911460617,-6.743800871561689,-7.61258926987648
692,-3.2439544200897217,-1.2439544200897217,-4.923642158508301,-7.923642158508301,-7.017577273407369,-5.744936786592007,-6.24403345274186,-6.57991707293877,-5.89254819128837,-7.40298455581069
693,-3.9409875869750977,-1.847237467765808,-6.011300086975098,-7.644112586975098,-6.581717008863052,-6.39329531788826,-6.222293971379258,-6.003501295949718,-6.659820076398319,-7.624213669449091
694,-3.2365522384643555,-1.338114857673645,-5.6584272384643555,-7.2209272384643555,-7.13512276718393,-6.1356852650642395,-6.283491371003038,-6.627200245591666,-6.697539805110864,-7.567994065582752
695,-2.7697560787200928,-1.0588185787200928,-4.574443817138672,-7.418193817138672,-6.6761186059811735,-5.694286748766899,-5.9104211322483025,-6.81665170171982,-5.676104421574564,-7.480980448424816
696,-4.265246391296387,-1.8902466297149658,-6.155871391296387,-8.265246391296387,-7.249797328724526,-6.585766404867172,-6.921578284724092,-6.359015703013938,-7.093490235893114,-7.975298250094056
697,-3.9130406379699707,-1.7646031379699707,-5.944290637969971,-7.741165637969971,-6.655415159853874,-6.227722376585007,-6.217835539770022,-5.85056745969996,-6.811614623293281,-7.49149907566607
698,-2.865474224090576,-1.2092243432998657,-4.857661724090576,-6.881099224090576,-6.389145585373626,-5.553636774420738,-5.420266861154232,-6.342075823973573,-5.576575146667892,-7.219963371753693
699,-4.20163631439209,-1.9281988143920898,-5.93601131439209,-8.24069881439209,-7.1158486492495285,-6.456503443419933,-6.545478816522518,-6.217286467235681,-6.904882781280321,-7.717886896803975
700,-3.6868762969970703,-1.7025012969970703,-5.78062629699707,-7.63218879699707,-6.53075086294848,-6.28814072906971,-6.194746254222991,-5.960326671517578,-6.71821093201288,-7.32497058622539
701,-3.7427945137023926,-1.797481894493103,-6.086544513702393,-7.625607013702393,-6.77422605297761,-6.449755787849426,-6.547555563127389,-6.172502755904134,-6.774149531571311,-7.729401061311364
702,-4.30603551864624,-1.8216606378555298,-6.11072301864624,-8.704473495483398,-7.618689286813606,-6.768834099173546,-7.071746107256331,-6.7123018501861225,-7.251435991231119,-8.051291374489665
703,-2.916734218597412,-1.3073593378067017,-5.127671718597412,-6.643296718597412,-5.932537182234228,-5.710149556398392,-5.369923351136094,-6.026137828417632,-5.518418543069856,-7.313762394711375
704,-3.875554323196411,-1.4693043231964111,-5.758366584777832,-8.344304084777832,-7.414694306215097,-6.77424755692482,-7.133406876706431,-6.6646283864274665,-6.8912217607939965,-7.898748106323183
705,-3.9775002002716064,-1.7587502002716064,-6.016562461853027,-7.930624961853027,-6.7510951633012155,-6.535461291670799,-6.555708404877805,-6.165018558329393,-6.876030440776958,-7.617201907560229
706,-3.967747688293457,-1.983372688293457,-5.834935188293457,-8.366185188293457,-7.22567772174807,-6.189892150461674,-6.686562297640194,-6.233386397268077,-6.717854136521055,-7.720424236729741
707,-3.8085408210754395,-1.613228440284729,-6.1132283210754395,-7.5351033210754395,-6.519673566828715,-6.375738143920898,-6.269568677635107,-5.550758242159645,-7.0899212275398895,-7.546746259555221
708,-3.9190452098846436,-1.7940452098846436,-5.739357948303223,-8.528420448303223,-7.49724125611101,-6.625997371971607,-6.965964197155699,-6.504992365792532,-6.801910995029175,-7.676576904952526
709,-3.9960296154022217,-1.8944671154022217,-6.050717353820801,-8.0975923538208,-7.003960244859627,-6.465559542179108,-6.6835932711546775,-6.175732135663566,-6.871110674452211,-7.639716297388077
710,-3.883423328399658,-1.7896733283996582,-5.945923328399658,-8.1881103515625,-7.133523459189746,-6.549445562064648,-6.6881685240296065,-6.383436202920166,-6.789742944201862,-7.697131846100092
711,-3.200468063354492,-1.6301555633544922,-5.645780563354492,-7.598905563354492,-7.302108642390522,-6.2117645889520645,-6.85676896442601,-6.13016855708247,-6.927107092793449,-7.738689040765166
712,-2.8510780334472656,-1.2026405334472656,-4.640140533447266,-7.390140533447266,-6.718474366309238,-5.5072005819529295,-5.8199185092016705,-6.671428202873358,-5.616890174525906,-7.454009475186467
713,-3.946086883544922,-1.7351492643356323,-5.805461883544922,-8.360149383544922,-6.961824410784175,-6.459625378251076,-6.524276850497699,-6.16485226142504,-6.664924379336298,-7.604588694870472
714,-3.696608543395996,-1.821608543395996,-5.602858543395996,-7.751296043395996,-6.743646012459067,-5.956607520580292,-6.165448303960147,-5.923192620044574,-6.392057171135093,-7.519134813919663
715,-2.8642704486846924,-1.0830204486846924,-4.879895210266113,-6.668957710266113,-6.239462476369226,-5.391731902956963,-5.6690416300843935,-6.286174058497636,-5.55972157944052,-7.339195616543293
716,-4.203001499176025,-1.8592513799667358,-5.913938999176025,-8.351438522338867,-7.0781389380426845,-6.3933387994766235,-6.593695757372188,-6.17957866181132,-6.765601153179887,-7.495359538123012
717,-3.6341328620910645,-1.657570481300354,-5.8138203620910645,-7.2747578620910645,-6.4155916949530365,-6.033165141940117,-5.915493005406461,-5.759160637469904,-6.626484142238041,-7.394735619425774
718,-4.078251838684082,-1.711064100265503,-5.937626838684082,-8.234501838684082,-7.625352118862793,-6.634236171841621,-7.039299124415265,-6.554834127229697,-7.07837497429864,-7.951914461329579
719,-3.928142786026001,-1.701580286026001,-5.98283052444458,-8.092205047607422,-7.334533800705685,-6.773685812950134,-6.615699289646727,-6.185970067872404,-7.217298026575008,-7.641542619094253
720,-4.145656585693359,-2.0128438472747803,-5.911281585693359,-7.989406585693359,-6.997369516495382,-6.438007235527039,-6.520748968621774,-6.255052566308223,-6.966082208913576,-7.786410938948393
721,-3.879657745361328,-1.7780952453613281,-5.973407745361328,-8.168720245361328,-7.379768603852426,-6.677692167460918,-7.02033948737153,-6.43435919275089,-6.950040695570351,-7.978246629238129
722,-3.987412214279175,-1.9483497142791748,-5.792099952697754,-8.378037452697754,-7.206286184286,-6.1901790499687195,-6.73748266450275,-6.2999284266152245,-6.604700321884593,-7.639593755826354
723,-2.970254421234131,-1.1577544212341309,-5.126504421234131,-7.212441921234131,-6.6657376143703,-5.838104445487261,-5.985941765749885,-6.353092312490844,-5.751622550662432,-7.321821691468358
724,-3.7420997619628906,-1.687412142753601,-5.820224761962891,-7.828037261962891,-6.914127338211983,-6.27982522547245,-6.515622135375452,-6.070246815437713,-6.6640905074818875,-7.444107623770833
725,-4.076552867889404,-1.9593653678894043,-5.685927867889404,-7.967177867889404,-6.74076269971556,-5.976063430309296,-6.271960969170323,-6.123450278984819,-6.498569716888596,-7.591025406494737
726,-3.0796823501586914,-1.282807469367981,-4.892182350158691,-7.181244850158691,-6.634651859581936,-5.55906792730093,-5.90014122845605,-6.3531581156094035,-5.658037874352885,-7.354712972417474
727,-3.7592992782592773,-1.860861897468567,-5.767111778259277,-7.978049278259277,-6.634387131649419,-6.104195296764374,-6.2359180434614245,-5.931186914363934,-6.673443075691466,-7.316506236791611
728,-4.083778381347656,-2.154090642929077,-5.810340881347656,-8.419715881347656,-7.419873225226183,-6.294183723628521,-6.763563032196544,-6.4197360275138635,-6.794856895998237,-7.760345326736569
729,-3.857896566390991,-2.428209066390991,-5.96727180480957,-6.60008430480957,-6.194053029932547,-6.422516077756882,-5.92835210733756,-5.693871855030011,-7.037756309015094,-7.388477016240358
730,-4.137721061706543,-1.911158561706543,-5.973658561706543,-8.348658561706543,-7.583171477337601,-6.708452016115189,-7.036231634330761,-6.53617560848943,-7.184678789533791,-7.892916923388839
731,-2.679677963256836,-1.2734280824661255,-4.851552963256836,-7.039052963256836,-6.140799863031134,-5.5582015812397,-5.62507879344048,-5.898460149248422,-5.773592458543135,-6.803992070257664
732,-3.9302759170532227,-1.8443384170532227,-5.891213417053223,-7.844338417053223,-6.828795429682941,-6.4166224747896194,-6.336570500334346,-6.031849861079536,-6.78971707601886,-7.509037943556905
733,-3.779451847076416,-2.224764347076416,-5.365389347076416,-7.904451847076416,-6.709288943544379,-5.932091943919659,-6.045160051697167,-5.849788427063686,-6.560845364758279,-7.109118113294244
734,-4.065814971923828,-1.7298775911331177,-5.940814971923828,-8.495502471923828,-7.347150918125408,-6.737102448940277,-6.878372190745722,-6.276764988821014,-7.159629581270565,-7.646474298089743
735,-3.9939022064208984,-1.822027325630188,-6.009527206420898,-7.962652206420898,-6.845616209946456,-6.414022549986839,-6.564288971050701,-6.204857110826197,-6.923680062980566,-7.654011053964496
736,-2.7879369258880615,-1.1551244258880615,-4.756687164306641,-7.045749664306641,-6.241270282072946,-5.57802701741457,-5.553630468893971,-6.49109077412686,-5.569316021239501,-7.251203404739499
737,-3.997668743133545,-1.8023563623428345,-6.052356243133545,-8.052356719970703,-7.239972465438768,-6.637429788708687,-6.818039296373172,-6.333621859428604,-6.9665040933396085,-7.822177199646831
738,-3.9641685485839844,-1.8313560485839844,-5.854793548583984,-8.221981048583984,-7.409660204095417,-6.615480422973633,-6.737701530662889,-6.378252863645685,-7.042418710509082,-7.771294621750712
739,-4.19529914855957,-1.9921743869781494,-5.90623664855957,-8.14061164855957,-6.796968573573395,-6.281523406505585,-6.328167198545998,-6.109377026439688,-6.765695568377851,-7.55101377889514
740,-3.0093181133270264,-1.2124431133270264,-4.9624433517456055,-7.7827558517456055,-7.103193871254916,-5.970282308757305,-6.157801031044073,-6.806214213152998,-5.837552899080038,-7.617951430380344
741,-3.6468653678894043,-1.6624903678894043,-5.748427867889404,-7.810927867889404,-6.553283438857761,-6.143205896019936,-6.2250736917121685,-5.873450159777349,-6.4126136226987,-7.364496247842908
742,-3.220635175704956,-1.369072675704956,-4.806572914123535,-7.150322914123535,-6.267706255806843,-5.48883518204093,-5.244173044913623,-6.150358199451148,-5.345818741203402,-6.959942379966378
743,-4.241455554962158,-2.178955554962158,-6.014893054962158,-7.796143054962158,-6.5853924576658756,-6.2651525139808655,-5.929066175063781,-5.913361906514183,-6.577566847001435,-7.5960190538316965
744,-4.4082536697387695,-2.2129411697387695,-6.1582536697387695,-8.22075366973877,-6.978686444679624,-6.485174536705017,-6.4708334175738855,-6.236397027800194,-6.8849502711964305,-7.687376135960221
745,-4.123725891113281,-1.6706007719039917,-5.865913391113281,-8.779975891113281,-7.451940294085944,-6.79623755812645,-7.03002428891341,-6.4596759080104675,-6.959724424406886,-7.662006888538599
746,-3.8502120971679688,-1.6002120971679688,-5.662712097167969,-8.139274597167969,-7.061259025307663,-6.4942449033260345,-6.631520388811623,-6.240851759803263,-6.79560470260185,-7.606276107951999
747,-3.4814817905426025,-1.5596067905426025,-6.122106552124023,-7.270544052124023,-6.473814715267508,-6.45538455247879,-5.911244627954147,-5.3330609796994395,-6.997195001502405,-7.406725313514471
748,-4.090566635131836,-1.653066635131836,-5.989004135131836,-8.403066635131836,-7.051560757940024,-6.756006866693497,-6.707785486683861,-6.1921370029140235,-6.981232642287068,-7.463797924108803
749,-3.9450979232788086,-1.7185355424880981,-5.906035423278809,-8.390410423278809,-7.437393301865086,-6.629654809832573,-6.952969430134544,-6.429485201760144,-6.804545399900235,-7.6243172362446785
750,-3.901628017425537,-1.768815517425537,-6.050065517425537,-7.573503017425537,-6.75339744334633,-6.563384689390659,-6.253278013216914,-6.245404600744223,-6.862699261298985,-7.723952328786254
751,-3.9173543453216553,-1.8861043453216553,-5.870479106903076,-8.175167083740234,-7.167515384062426,-6.327536895871162,-6.53465186941321,-6.159567474984215,-6.737801185139688,-7.5769168976694345
752,-2.7707700729370117,-1.1145201921463013,-4.583270072937012,-7.239520072937012,-6.7475947990024,-5.415383070707321,-5.927119130952633,-6.325496315206692,-5.544419742960599,-7.045427771285176
753,-3.483184814453125,-1.6628721952438354,-5.795684814453125,-7.631622314453125,-6.647364728713001,-6.419252470135689,-6.233239649223833,-5.780076026785537,-6.592657084504026,-7.502745468169451
754,-2.802830696105957,-1.216893196105957,-4.904393196105957,-7.248143196105957,-6.279543984492193,-5.635919850319624,-5.560698865294398,-6.474726915133942,-5.5217063348100055,-7.4055522456765175
755,-4.117116451263428,-1.8593040704727173,-5.999928951263428,-8.218679428100586,-7.335983031152864,-6.605915769934654,-6.757800934930856,-6.359320163595839,-7.062510367890354,-7.699897302314639
756,-4.033541202545166,-1.8694789409637451,-5.908541202545166,-7.978853702545166,-7.057174186673365,-6.469395011663437,-6.658632512691838,-6.314813375227459,-6.893047204968752,-7.7908858098089695
757,-3.797161340713501,-1.633098840713501,-5.883098602294922,-7.945598602294922,-6.898843758041039,-6.563323110342026,-6.328467367497069,-6.0940512417600985,-6.7269419388103415,-7.454766718670726
758,-3.9416120052337646,-1.8634870052337646,-5.6603617668151855,-7.7697367668151855,-6.769890177398338,-5.955593034625053,-6.410446878624498,-6.261945128222578,-6.480808845051797,-7.5045243594795465
759,-3.9294180870056152,-1.8434807062149048,-5.788793087005615,-8.249731063842773,-7.265437361231307,-6.525963053107262,-6.921655057638418,-6.374742984695331,-6.718542573915329,-7.640747571364045
760,-3.9923717975616455,-1.7892467975616455,-5.945497035980225,-8.039246559143066,-7.2112704405299155,-6.656237855553627,-6.836201307014562,-6.445515155628527,-6.984645362987067,-7.834886798635125
761,-3.783550500869751,-1.806988000869751,-5.86167573928833,-7.72886323928833,-6.8462613599258475,-6.106783226132393,-6.416458125378995,-6.142950892131921,-6.760252108462737,-7.536098036915064
762,-3.0327224731445312,-1.3686598539352417,-5.103034973144531,-6.821784973144531,-6.212713791464921,-5.702644698321819,-5.384450183570152,-5.915582417317637,-5.9158130497380625,-6.959642855450511
763,-2.788015365600586,-1.1630152463912964,-4.819265365600586,-6.991140365600586,-6.1710463523631915,-5.460843525826931,-5.483412739013147,-6.530232548273489,-5.4288039073726395,-7.277062335982919
764,-3.4331464767456055,-1.5815839767456055,-5.9018964767456055,-7.5268964767456055,-6.7613518205762375,-6.395872995257378,-6.409752248782752,-5.878471732058642,-6.597282883776643,-7.41846645064652
765,-3.5623724460601807,-1.7498724460601807,-5.585809707641602,-7.015497207641602,-6.336109950760147,-5.712052658200264,-6.0703531361796195,-6.085834145247645,-6.195379238284659,-7.4753403924405575
766,-2.75502872467041,-1.2315911054611206,-4.96596622467041,-6.64565372467041,-6.208368516745395,-5.481944277882576,-5.348860856494866,-6.2003813973933575,-5.450484146393137,-7.103541338816285
767,-2.9826653003692627,-1.0451653003692627,-4.810790061950684,-7.865477561950684,-6.974938031358761,-5.975310578942299,-6.193635582378192,-6.795180439830801,-5.857738492173667,-7.3781115636229515
768,-2.9243078231811523,-1.2602453231811523,-4.799307823181152,-7.502432823181152,-6.6822669398534345,-5.554611518979073,-6.119685528537957,-6.307147144911141,-5.776005735766375,-7.13218854740262
769,-3.550837993621826,-2.043025493621826,-5.699275493621826,-6.699275493621826,-6.433954907814041,-5.7680013328790665,-5.738540509701124,-6.18368995111814,-6.3400720210775035,-7.5050655752420425
770,-3.2994866371154785,-1.799486756324768,-5.5104241371154785,-7.2213616371154785,-6.784114209702238,-5.705873731523752,-6.0027589689416345,-6.369826316464241,-6.166895365080563,-7.6042838133871555
771,-2.8419604301452637,-1.1544605493545532,-4.709147930145264,-7.459147930145264,-6.959324225143064,-5.690068509429693,-5.935772297852964,-6.77948963599556,-5.576476444795844,-7.524276722222567
772,-3.796382427215576,-1.5385699272155762,-5.937007427215576,-8.585444450378418,-7.796448824585241,-6.676151104271412,-6.921429036960035,-6.296391487080655,-6.780802606514044,-7.613102588802576
773,-4.020902156829834,-1.950589656829834,-6.044339656829834,-8.138090133666992,-7.0054588152852375,-6.370322734117508,-6.497552987013478,-5.677174448717778,-6.888194555504015,-7.162974772974849
774,-4.0290069580078125,-1.9352569580078125,-5.8883819580078125,-8.263381958007812,-7.193169350401149,-6.385074019432068,-6.630622385531751,-6.255581855697528,-6.654095407386194,-7.599359670653939
775,-3.8391642570495605,-1.6829142570495605,-6.0344767570495605,-8.128227233886719,-7.6048953476929455,-6.833874776959419,-6.956402658121078,-6.401676297115046,-7.323607204038126,-7.7932767905294895
776,-3.4015536308288574,-1.4718661308288574,-5.487491130828857,-7.729678630828857,-7.182946433356847,-6.325558729469776,-6.409405707530823,-6.643757343161269,-6.385993478579621,-7.402671650052071
777,-4.004465103149414,-1.520090103149414,-6.020090103149414,-8.215402603149414,-7.442060108442092,-7.2432646676898,-6.840452312186244,-6.520104050538976,-7.0748532981815515,-7.746286210604012
778,-2.9316372871398926,-1.173824667930603,-4.822262287139893,-7.337887287139893,-6.8381763279030565,-5.7696315832436085,-5.9864237259535,-6.541049718154682,-5.7443345590581885,-7.275948278605938
779,-2.7876477241516113,-1.0767102241516113,-4.857960224151611,-6.998585224151611,-6.740927445833222,-5.82527757063508,-5.811133741153753,-6.506418466353352,-5.506497616544948,-7.153892681002617
780,-4.105903625488281,-2.1137163639068604,-5.949653625488281,-7.785591125488281,-6.871753905666992,-6.278395906090736,-6.356032244046219,-6.301247953862912,-6.887335164763499,-7.8298002649098635
781,-3.781067371368408,-1.6404422521591187,-5.788879871368408,-7.906067371368408,-6.898425326129654,-6.083736576139927,-6.499898191999819,-6.218584179736354,-6.43745647893229,-7.4755266308784485
782,-3.948434352874756,-1.7765593528747559,-5.878121852874756,-7.995309352874756,-6.823555104594561,-6.239676386117935,-6.4016340943053365,-6.081264257280054,-6.487589950993424,-7.445130271837115
783,-3.7289838790893555,-1.6664838790893555,-5.6899213790893555,-8.174296379089355,-7.174371358923963,-6.2944332510232925,-6.564967273614457,-6.27587079994737,-6.572803733295586,-7.5577636156231165
784,-4.050975322723389,-1.7697253227233887,-5.996287822723389,-8.074413299560547,-7.105802645441145,-6.586980178952217,-6.691673872148385,-6.3088040350558,-6.832315440886305,-7.719517381861806
785,-3.4873056411743164,-1.4873056411743164,-5.495118141174316,-7.737305641174316,-6.651444909010024,-6.002805516123772,-5.995149731137644,-6.3076303004481815,-6.06549668093794,-7.20525053050369
786,-3.8961431980133057,-1.7086431980133057,-5.880517959594727,-8.239892959594727,-7.45875787075056,-6.547200918197632,-6.841512201604928,-6.325843930153496,-6.739986653708911,-7.6494683269411325
787,-4.119741439819336,-1.783804178237915,-5.947866439819336,-8.025991439819336,-6.955840455368161,-6.4440677762031555,-6.354209061144502,-6.119763612501629,-6.799545996487723,-7.524912189692259
788,-3.665343761444092,-1.7278436422348022,-5.665343761444092,-7.845031261444092,-6.7436013133847155,-6.124334290623665,-6.345100281243504,-6.180985689019508,-6.345120187623252,-7.380936762318015
789,-3.765007972717285,-1.4915705919265747,-5.554070472717285,-8.265007972717285,-7.351021644550201,-6.388125419616699,-6.73381149625493,-6.194707751198621,-6.632256029202836,-7.500496303662658
790,-3.7215914726257324,-1.8153414726257324,-5.643466472625732,-7.901278972625732,-7.104582651387318,-6.385837644338608,-6.510756129770016,-6.28410875782356,-6.674833052515169,-7.62478843331337
791,-3.7880234718322754,-1.8192734718322754,-5.889585971832275,-8.163022994995117,-7.077217451034812,-6.2255754470825195,-6.36622869646817,-6.186477184164687,-6.709993596319691,-7.558592349290848
792,-4.036800861358643,-1.9274258613586426,-6.138363361358643,-7.919613361358643,-7.138556938502006,-6.721462354063988,-6.583762999551254,-6.4665077922836645,-7.154107682741596,-7.905445447191596
793,-4.644036769866943,-2.4409115314483643,-6.487786769866943,-8.612786293029785,-7.245707744434185,-7.033300280570984,-6.769100306402834,-6.378425359633184,-7.456605789666355,-7.780270665884018
794,-4.043837070465088,-1.918837070465088,-5.887587070465088,-8.42664909362793,-7.465845575963613,-6.457529246807098,-6.778295513489866,-6.309480428526513,-6.9579964829245,-7.751481471583247
795,-3.0950045585632324,-1.2746919393539429,-5.009067058563232,-7.188754558563232,-6.806145647307858,-6.079345591366291,-5.860700604775047,-6.524718284263145,-5.688899864137056,-7.25097128469497
796,-3.7631990909576416,-1.7631990909576416,-5.9663238525390625,-7.4741363525390625,-6.704326112288982,-6.4277889132499695,-6.172907584128552,-6.086887120651227,-6.74329064534686,-7.602367015555501
797,-3.2236533164978027,-1.1924033164978027,-5.184590816497803,-7.793965816497803,-7.348778478422901,-6.260906293988228,-6.426822661371261,-6.692418813585391,-6.231552477896912,-7.432623512111604
798,-3.9026541709899902,-1.7151540517807007,-5.70734167098999,-8.246403694152832,-7.144997822964797,-6.305063650012016,-6.621485110823414,-6.254235386673827,-6.707460753976193,-7.642690418288112
799,-3.94789457321167,-1.94008207321167,-5.78383207321167,-8.111956596374512,-7.205879434986855,-6.2796783819794655,-6.580810422325158,-6.229170083674035,-6.799596061580814,-7.675730422139168
800,-3.9812984466552734,-1.6453609466552734,-5.989110946655273,-7.809423446655273,-7.231573067139834,-6.689216300845146,-6.70799385618011,-6.325080394235556,-6.965850814347505,-7.639983767643571
801,-3.829948902130127,-1.845573902130127,-5.744011402130127,-8.134635925292969,-6.837890259062988,-6.078645743429661,-6.415957686745969,-6.267466902570959,-6.525360817737237,-7.554044779390097
802,-3.7906503677368164,-1.775025486946106,-5.681275367736816,-8.243775367736816,-7.111105074305669,-6.069560319185257,-6.618863817115198,-6.290672182798517,-6.540766828431515,-7.486907498911023
803,-4.117805480957031,-1.8443682193756104,-5.859992980957031,-8.570930480957031,-7.485091204587661,-6.4121187180280685,-7.031928179836541,-6.4381334780446196,-6.891326781573298,-7.763417100533843
804,-3.7734715938568115,-1.8437840938568115,-5.578158855438232,-8.25784683227539,-7.226692195115902,-6.214702352881432,-6.671968696711701,-6.210986137280997,-6.437613364876597,-7.519580481573939
805,-3.7842159271240234,-1.9014034271240234,-5.877965927124023,-7.479528427124023,-6.620414461387554,-6.012408539652824,-6.2609091911581345,-6.049872040264745,-6.456257806203212,-7.508518423885107
806,-2.9509947299957275,-1.1463072299957275,-4.825994491577148,-7.474431991577148,-6.6543414346378995,-5.64751698076725,-5.982315299384936,-6.779144882833862,-5.568332184004248,-7.432559374719858
807,-4.166872501373291,-1.8153098821640015,-6.073122501373291,-8.659059524536133,-7.463834997164668,-6.709431454539299,-7.018491862589144,-6.362196326191224,-6.94818818353815,-7.65178013779223
808,-4.482796669006348,-2.0374839305877686,-6.279671669006348,-7.349984169006348,-7.785702568551642,-6.3971531465649605,-7.074698083262774,-6.6214828486554325,-7.074769120896235,-7.791979901492596
809,-4.017580032348633,-2.033205032348633,-5.845705032348633,-7.900392532348633,-6.877096166193951,-6.075743183493614,-6.291117543943983,-6.189474701688596,-6.580208531711833,-7.5479013826698065
810,-3.8265273571014404,-1.8499648571014404,-5.8968400955200195,-7.6312150955200195,-7.006477917457232,-5.99751990288496,-6.350107063699397,-6.3499900099504885,-6.545427787947119,-7.6540925446897745
811,-3.6093130111694336,-1.7265005111694336,-5.812438011169434,-7.867125511169434,-7.109417433057388,-6.408548042178154,-6.476549266579241,-6.085888981728203,-7.070327994202671,-7.683096848428249
812,-3.878911256790161,-1.8164112567901611,-5.957036018371582,-8.191411018371582,-7.347757334835478,-6.688409119844437,-6.847711561833421,-6.363300800214347,-7.113369699793111,-7.739496644586325
813,-4.007136821746826,-1.9915118217468262,-5.788386821746826,-8.046199798583984,-6.952565424857312,-6.13178076595068,-6.56970870236546,-6.257152199626944,-6.593172545377456,-7.681987967342138
814,-3.013030529022217,-1.1849055290222168,-4.598968029022217,-7.927093029022217,-7.075699315129896,-5.894705571234226,-6.2083945261110784,-6.747425913603365,-5.763172378021409,-7.291619056835771
815,-3.598684310913086,-1.973684310913086,-5.551809310913086,-6.973684310913086,-6.637922271591378,-6.142029337584972,-5.715977424762968,-6.2705862518487265,-6.380091773986351,-7.30510213971138
816,-3.7492902278900146,-1.8899152278900146,-5.632102966308594,-8.038352966308594,-7.3431520399826695,-6.270912319421768,-6.5696749661292415,-6.155557155469069,-6.686907284587505,-7.5032465774565935
817,-3.119292974472046,-1.228667974472046,-4.861480712890625,-7.517730712890625,-6.767968745509279,-5.514776270836592,-6.010038368636742,-6.502139448552043,-5.705463859078009,-7.533712899312377
818,-4.029229164123535,-1.7167291641235352,-5.974541664123535,-8.240166664123535,-7.209013338186196,-6.387870512902737,-6.88866686624533,-6.2558063267588295,-6.763675925540156,-7.592729946598411
819,-3.5944790840148926,-1.8132290840148926,-5.649166584014893,-8.235103607177734,-7.133593438709795,-6.443664662539959,-6.555447339538659,-6.203860640504445,-6.719523428888351,-7.434110469184816
820,-4.065464496612549,-1.8545268774032593,-5.870151996612549,-8.26858901977539,-7.003084533163928,-6.348201155662537,-6.565530536376173,-6.22173237784591,-6.698379988134548,-7.725056940689683
821,-4.203458786010742,-2.133146286010742,-5.867521286010742,-8.265958786010742,-7.023892872093711,-6.209439262747765,-6.250422235389124,-6.305038213586158,-6.781720867293188,-7.315981339663267
822,-4.035083770751953,-1.4803962707519531,-5.972583770751953,-8.449146270751953,-7.6679758993850555,-6.857425406575203,-6.902310489840602,-6.371031641906484,-6.886695622179104,-7.732980024069548
823,-4.054589748382568,-1.9295897483825684,-6.234277248382568,-7.976464748382568,-7.171928036768804,-6.547443270683289,-6.765607949811965,-6.273356318337392,-7.015625472013198,-7.816481562331319
824,-3.9824464321136475,-1.8730714321136475,-5.888696670532227,-7.990259170532227,-7.162345744640334,-6.473576292395592,-6.662244671439112,-6.209037065116718,-6.912265530540026,-7.750399300828576
825,-3.8645057678222656,-1.7707557678222656,-5.645755767822266,-8.231693267822266,-7.18497453899181,-6.228581681847572,-6.692706820460444,-6.442650079539817,-6.661488646408543,-7.633116977289319
826,-4.249898910522461,-1.9530240297317505,-5.937398910522461,-8.421773910522461,-7.296915044367779,-6.389194086194038,-6.648430104636645,-6.328044771929854,-6.890646926942281,-7.669548084959388
827,-2.7297542095184326,-1.3469417095184326,-4.909441947937012,-6.823504447937012,-6.34711681267072,-5.480103950947523,-5.378275033363025,-6.354781984904548,-5.526779878739035,-7.060123646631837
828,-3.029404878616333,-1.216904878616333,-4.927842140197754,-7.162217140197754,-6.639041985414224,-5.73750477284193,-5.763908854714828,-6.560696243373968,-5.615551449809573,-7.245066208764911
829,-3.8557212352752686,-1.7619712352752686,-5.605721473693848,-8.418221473693848,-7.301084755563352,-6.399488411843777,-6.902630805379886,-6.426041841476035,-6.605764030504361,-7.6183196902275085
830,-4.2504143714904785,-2.1722893714904785,-6.3676018714904785,-7.7660393714904785,-7.047592951479601,-6.450139403343201,-6.6490633264184,-6.297333597158286,-6.9615411579288775,-7.897935785353184
831,-3.935925006866455,-1.8890498876571655,-5.865612506866455,-8.318737030029297,-7.303224438124744,-6.393715098500252,-6.709435698692687,-6.295317411271753,-6.912584180929116,-7.5868983548134565
832,-3.8773622512817383,-1.6820498704910278,-5.971112251281738,-8.150799751281738,-7.533754577045329,-6.743953190743923,-6.939945336707751,-6.4633188245861675,-7.041523094107106,-7.820643341168761
833,-3.8555126190185547,-1.9570751190185547,-5.675825119018555,-8.136762619018555,-7.402552114304854,-6.329661160707474,-6.550941937297466,-6.29303908312977,-6.738476622544113,-7.63765175640583
834,-2.8868248462677,-1.0430748462677002,-4.832137107849121,-7.691512107849121,-6.76197229725949,-5.656630624085665,-6.043124793701281,-6.668095946084577,-5.70726119702158,-7.233079668134451
835,-2.830326557159424,-1.1037640571594238,-4.900639057159424,-7.189701557159424,-6.525757186587725,-5.71486272290349,-5.822567819104734,-6.572533964912509,-5.736675019186805,-7.283698882907629
836,-3.915245771408081,-1.891808271408081,-5.73555850982666,-8.11837100982666,-7.149771083059022,-6.208367675542831,-6.61065125035384,-6.352765798372275,-6.720051400865486,-7.649191794916987
837,-3.070484161376953,-1.2501716613769531,-4.968921661376953,-7.500171661376953,-6.76591240689595,-5.72681836783886,-5.937737224339799,-6.437697171839318,-5.750300279934891,-7.314686439931393
838,-4.219287872314453,-2.0161631107330322,-5.969287872314453,-8.430225372314453,-7.008455866969598,-6.3796630799770355,-6.688104746492172,-6.273989915742277,-6.899073715139821,-7.691515758633614
839,-3.7545106410980225,-1.4341981410980225,-5.707635402679443,-8.106073379516602,-7.778029080909619,-6.550493985414505,-6.84050190302878,-6.567023873238213,-7.160792111848423,-7.745558574795723
840,-3.1516363620758057,-1.3469488620758057,-5.276636123657227,-7.050073623657227,-6.808220330654876,-6.017576947808266,-6.011131160208606,-6.479792713620554,-6.112779834467801,-7.4637137819081545
841,-3.165881633758545,-1.384631633758545,-5.165881633758545,-7.173694133758545,-6.884885874838801,-5.842086590826511,-5.915979618992424,-6.611223339608841,-5.798897007392952,-7.5906169302761555
842,-4.030858039855957,-1.937107801437378,-5.858983039855957,-8.226170539855957,-7.343499292881461,-6.373140171170235,-6.765325303589634,-6.413692593330779,-6.866905563976616,-7.828319286927581
843,-3.76576566696167,-1.96889066696167,-5.79701566696167,-8.179828643798828,-7.078385107539361,-6.137506552040577,-6.539281365199713,-6.320470094537086,-6.5627539093766245,-7.527571335434914
844,-3.049910545349121,-1.245223045349121,-5.034285545349121,-7.049910545349121,-6.393838389791199,-5.5221101231873035,-5.6984502024934045,-6.323383569088037,-5.331330165776308,-7.06143750064075
845,-3.8785266876220703,-1.7769643068313599,-5.89415168762207,-8.33165168762207,-6.893972511315951,-6.345071271061897,-6.542368052854727,-6.362642526475611,-6.6908265323072555,-7.599700665101409
846,-2.7764248847961426,-1.1436123847961426,-4.854549884796143,-7.127987384796143,-6.464097842515912,-5.573812071233988,-5.698379036628467,-6.378013610496055,-5.495307436736766,-7.14201926253736
847,-3.843068838119507,-1.6477563381195068,-5.983693599700928,-8.491506576538086,-7.42124783845793,-6.84507742524147,-6.975910901579482,-6.475888848274735,-7.124359130037192,-7.926392769441009
848,-4.012875556945801,-1.8878757953643799,-5.942563056945801,-8.5753755569458,-7.536390301582287,-6.578596502542496,-6.848871110185428,-6.551951169881249,-6.70826685117936,-7.60665344633162
849,-4.10356330871582,-1.9473135471343994,-5.78325080871582,-9.14262580871582,-7.5723822093132185,-6.406794480979443,-6.908300398550637,-6.58013570303774,-6.783315060456516,-7.67117834277451
850,-3.093637228012085,-1.288949728012085,-5.015512466430664,-7.046762466430664,-6.4610942239523865,-5.538576375693083,-5.632852542679757,-6.484305976875476,-5.734517303411849,-7.31989935785532
851,-3.6063196659088135,-1.7313196659088135,-5.809444904327393,-8.325069427490234,-7.176736111032369,-6.209190174937248,-6.66107356329303,-6.24696218952522,-6.684527870551392,-7.561138590797782
852,-2.748415231704712,-1.178102731704712,-4.920289993286133,-7.076539993286133,-6.756546923163114,-5.831251140683889,-5.740708464727504,-6.6390823116889806,-5.756436564523028,-7.180997835472226
853,-3.930116653442383,-1.8519916534423828,-6.094179153442383,-8.281679153442383,-7.235034677636577,-6.13774947822094,-6.469280476201675,-6.508260011503808,-6.8755068748796475,-7.526329919695854
854,-3.7170541286468506,-1.7326791286468506,-5.9904913902282715,-7.9279913902282715,-7.16246318348567,-6.437736004590988,-6.451482652173581,-6.09987950316372,-6.638998029222421,-7.421313086524606
855,-2.729633331298828,-1.1671334505081177,-4.940570831298828,-6.714008331298828,-6.471983300361899,-5.656949203461409,-5.667208907128952,-6.370281219220487,-5.714128487044945,-7.26948825083673
856,-3.8753647804260254,-1.7191146612167358,-5.711302280426025,-8.219114303588867,-7.258327472853125,-6.334598064422607,-6.773896689723188,-6.312886357074603,-6.71140670231398,-7.560747019946575
857,-3.6901614665985107,-1.6823489665985107,-5.47922420501709,-7.61203670501709,-6.729381072131218,-5.986177891492844,-6.06526946440863,-6.151124715479455,-6.518434394427459,-7.4658665377646685
858,-4.232731342315674,-1.7639814615249634,-5.881168842315674,-8.678044319152832,-7.56877195303241,-6.814155891537666,-7.014039157151274,-6.490557789705235,-7.178120490949368,-7.847018454223871
859,-2.7521939277648926,-1.1271939277648926,-5.314693927764893,-6.728756427764893,-6.525744193393621,-5.930230788886547,-5.955375788980746,-6.885032057432909,-6.2991241201416415,-7.400547469034791
860,-2.9245693683624268,-1.1433193683624268,-4.838631629943848,-7.260506629943848,-6.471665119548561,-5.627141639590263,-5.768410559292533,-6.721474289439357,-5.604411709209671,-7.48149755038321
861,-2.7443490028381348,-1.2443490028381348,-4.916224002838135,-7.033411502838135,-6.408593161293538,-5.507487677037716,-5.588191028175061,-6.385001062981246,-5.517956004085136,-7.287595188245177
862,-3.9306411743164062,-2.0243911743164062,-5.633766174316406,-8.282203674316406,-7.227628701555659,-6.1918109357357025,-6.586955664461129,-6.2978441714039946,-6.758864159550285,-7.698861489072442
863,-3.8886423110961914,-1.8105173110961914,-5.708954811096191,-8.154267311096191,-7.248139850737061,-6.317324250936508,-6.685600515716942,-6.123035788365087,-6.6309384048654465,-7.602298261597753
864,-4.156430721282959,-2.023618221282959,-5.992368221282959,-8.195493698120117,-6.9768526494226535,-6.3496120274066925,-6.711185929867497,-6.203320860748136,-6.9221594279879355,-7.6764855068176985
865,-3.007305145263672,-1.1479300260543823,-4.710430145263672,-7.507305145263672,-6.773102507038857,-5.650860905647278,-6.101135846693069,-6.499525308074226,-5.632466064853361,-7.159224858507514
866,-3.7639122009277344,-1.7014122009277344,-5.709224700927734,-8.232662200927734,-7.224961751380761,-6.316944368183613,-6.943665740691358,-6.279553890088209,-6.748367306361615,-7.54928370937705
867,-3.749648094177246,-1.827773094177246,-5.788710594177246,-7.843398094177246,-6.671617145882919,-6.318189039826393,-6.445036050812632,-6.007476925717128,-6.734120602624898,-7.299718964844942
868,-3.8856399059295654,-1.7606399059295654,-5.8075151443481445,-8.080952644348145,-7.112291928118793,-6.431312449276447,-6.6981927142624045,-6.346589565206159,-6.752894280121836,-7.596964467316866
869,-3.853485345840454,-1.923797845840454,-5.736297607421875,-8.080047607421875,-6.939576256394503,-6.026073150336742,-6.533262963981542,-6.283196210582901,-6.525483243036433,-7.633229807019234
870,-3.992253541946411,-1.9063160419464111,-5.93756628036499,-7.89850378036499,-6.859551542875124,-6.3296151757240295,-6.453255532105686,-6.226644754282461,-6.6564044913466205,-7.745867673307657
871,-3.8210785388946533,-1.8367035388946533,-5.735140800476074,-8.071078300476074,-7.032150378712686,-6.1635604202747345,-6.672721501905471,-6.21172022805149,-6.500870579955517,-7.5388666652143
872,-3.487246036529541,-1.549746036529541,-5.471621036529541,-7.299746036529541,-6.425060580368154,-5.926263101398945,-6.143614881126268,-6.245080470798712,-6.120171898139233,-7.302715687081218
873,-3.460031270980835,-1.881906270980835,-5.616281509399414,-7.053781509399414,-6.522905041550985,-5.58254037052393,-5.983702036406612,-6.116319536438823,-6.311767920633429,-7.379848560318351
874,-3.0774972438812256,-1.2649972438812256,-4.952497482299805,-7.811872482299805,-7.093223447467608,-5.8934617675840855,-6.272859691336635,-6.655640482740637,-5.858844394759217,-7.500275127589703
875,-3.334848642349243,-1.2020361423492432,-5.608285903930664,-7.428598403930664,-7.209950680269685,-6.274131916463375,-6.600551602168707,-6.709872960742359,-6.827093957170291,-7.63213756121695
876,-4.2041544914245605,-1.6025917530059814,-5.8525919914245605,-8.274466514587402,-7.743451448608539,-6.446615003049374,-7.094925154568045,-6.883880972101906,-6.837074631621363,-7.843268942087889
877,-3.935744285583496,-1.9826194047927856,-5.826369285583496,-8.216994285583496,-6.982739202940138,-6.178831934928894,-6.61549377249321,-6.170135140293496,-6.756155605202366,-7.715756133198738
878,-4.083215236663818,-1.9425904750823975,-5.747277736663818,-8.520715713500977,-7.083313221897697,-6.266933582723141,-6.6848299489683995,-6.489479541676701,-6.716108914893994,-7.695149848237634
879,-3.9213449954986572,-1.8041574954986572,-5.624470233917236,-7.515095233917236,-7.101201996789314,-6.1357467994093895,-6.437070364707324,-6.319804429773285,-6.64798938894819,-7.50401708856225
880,-3.867220640182495,-1.7812831401824951,-5.726595878601074,-8.093783378601074,-7.109553922549821,-6.286085046827793,-6.7110772076339344,-6.179746746682213,-6.601730814407347,-7.507074568420649
881,-3.9448888301849365,-1.6948888301849365,-5.913638591766357,-8.819889068603516,-7.655919428281777,-6.492644935846329,-7.273066042478604,-6.491777539155919,-6.898084995584213,-7.625478619709611
882,-3.9160826206207275,-1.9082701206207275,-5.837957382202148,-8.267644882202148,-7.166201345993613,-6.373932048678398,-6.697391508263536,-6.28328382959171,-6.806793566807755,-7.646013410761952
883,-4.031917572021484,-1.8678548336029053,-6.258480072021484,-8.281917572021484,-6.985139007687394,-6.521607488393784,-6.821038125261111,-6.203805446541992,-6.985098837223632,-7.612298363819718
884,-3.6671059131622314,-1.7452309131622314,-5.7764811515808105,-7.7921061515808105,-6.870360842876835,-6.247235581278801,-6.503116009000223,-6.04993784409271,-6.425007935351459,-7.295466609299183
885,-3.0554983615875244,-1.1726858615875244,-4.813310623168945,-7.313310623168945,-6.649445156712318,-5.485848601907492,-5.946219797231606,-6.4227160210757575,-5.555663929539151,-7.270566949620843
886,-3.7269625663757324,-1.914462685585022,-5.789462566375732,-7.906650066375732,-7.1255599132564384,-6.130123160779476,-6.469241257327667,-6.133241295401604,-6.688040246677701,-7.470257557928562
887,-3.807769298553467,-1.7218317985534668,-5.893706798553467,-8.104644775390625,-6.8781969480987755,-6.404215380549431,-6.495339510358463,-5.979661702958765,-6.737546201526129,-7.430527133867145
888,-3.159677028656006,-1.2378019094467163,-5.104989528656006,-7.534677028656006,-7.409901832099422,-6.187695987522602,-6.651951309249853,-6.706579804034845,-6.1441882755898405,-7.324997510761023
889,-2.9046566486358643,-1.2562191486358643,-5.006218910217285,-7.021843910217285,-6.553251730860211,-5.792691446840763,-5.54535436363949,-6.24062216242055,-5.529785624734359,-7.20942871645093
890,-4.156306743621826,-1.9531819820404053,-5.929744243621826,-8.453182220458984,-7.562677018562681,-6.629779778420925,-7.070442435448058,-6.500069618142334,-6.961067673844809,-7.884826745837927
891,-4.260878562927246,-1.987440824508667,-5.995253562927246,-8.417128562927246,-7.464165674420656,-6.450089409947395,-6.846919054449245,-6.393715262120168,-6.940682046842994,-7.886342953890562
892,-2.7687692642211914,-1.1515817642211914,-4.831269264221191,-7.050019264221191,-6.4173918791202595,-5.606236137449741,-5.526654240842618,-6.417237042922352,-5.4173358595435275,-7.224476819857955
893,-2.7533960342407227,-1.073708415031433,-4.714333534240723,-7.206521034240723,-6.4722889559634496,-5.517000529915094,-5.909712312408374,-6.151859044703087,-5.511332861802657,-6.990217324346304
894,-3.9269700050354004,-1.88009512424469,-5.9269700050354,-8.176970481872559,-7.03645848583983,-6.3591397404670715,-6.684852478443645,-6.216046452424962,-6.692673918470973,-7.477513274177909
895,-3.8044304847717285,-1.765368103981018,-5.9450554847717285,-7.8669304847717285,-7.21082316810498,-6.4342130571603775,-6.687313673384779,-6.12475907789667,-6.7810788117785705,-7.649971060454845
896,-3.7666807174682617,-1.7510557174682617,-5.649493217468262,-7.954180717468262,-6.899700500944164,-6.140701770782471,-6.485536450520158,-6.219832419992599,-6.56371258458239,-7.504775805398822
897,-4.00802755355835,-1.7658402919769287,-5.88302755355835,-8.461153030395508,-7.117522590109729,-6.502393916249275,-6.554966566895018,-6.172104954608585,-6.703425284569676,-7.541084764525294
898,-4.408063888549805,-2.0877511501312256,-5.759626388549805,-8.954938888549805,-7.540968771478219,-6.260066792368889,-6.9862446769402595,-6.509639501485253,-6.681585904363601,-7.511621607467532
899,-4.229797840118408,-2.198547840118408,-5.878235340118408,-8.89385986328125,-7.433007475134218,-6.205214321613312,-6.557971476326202,-6.276682496024478,-6.62048661505105,-7.338614355772734
900,-2.8431856632232666,-1.1869356632232666,-5.0931854248046875,-7.0853729248046875,-7.390221940353513,-5.981599751859903,-6.186990140373382,-6.593202471587574,-6.022985928822891,-7.600277143530548
901,-4.211284637451172,-1.8519095182418823,-5.898784637451172,-8.039409637451172,-6.8286548686010065,-6.246600821614265,-6.3285773937168415,-6.273807048546587,-6.602043619714095,-7.6714481469243765
902,-4.165549278259277,-1.8921116590499878,-6.040549278259277,-8.220236778259277,-7.118780011311173,-6.652028292417526,-6.712481258677144,-6.165562748818047,-6.759385343662871,-7.761339707300067
903,-4.285523414611816,-2.0745861530303955,-6.410523414611816,-7.863648414611816,-7.1998209676967235,-6.594192564487457,-6.551272622979013,-6.480862497930502,-7.238817081524758,-8.026273004710674
904,-4.062957763671875,-1.961395025253296,-5.891082763671875,-7.500457763671875,-6.899102427953039,-6.041674703359604,-6.422439807887713,-6.203604101907331,-6.539687738695648,-7.7498599626123905
905,-3.3909380435943604,-1.3596880435943604,-5.578437805175781,-7.164375305175781,-7.22702168347314,-6.015095375478268,-6.328530188104196,-6.484714150081345,-6.680065868138627,-7.536666894331574
906,-4.004234790802002,-1.8870470523834229,-5.730797290802002,-8.277671813964844,-7.207471960449766,-6.246025823056698,-6.683987972966861,-6.316749572644767,-6.519949908964918,-7.654109476134181
907,-3.7638533115386963,-1.9747908115386963,-5.849790573120117,-7.295103073120117,-6.318695890760864,-6.075254559516907,-5.834232685694587,-6.06856012325261,-6.474924793772516,-7.563526228070259
908,-3.875593423843384,-1.7896559238433838,-5.938093662261963,-7.539656162261963,-7.016420939966338,-6.3565323278307915,-6.375699156917108,-6.094371795257757,-6.5866820698283846,-7.592977715656161
909,-4.076718330383301,-1.8970309495925903,-5.920468330383301,-8.4595308303833,-7.436214558882057,-6.567686513066292,-6.881467221282946,-6.537670731433536,-7.0299283229978755,-7.964312717318535
910,-3.8142833709716797,-1.9470958709716797,-5.63459587097168,-8.32990837097168,-7.111228940382716,-6.265133790671825,-6.650273560087953,-6.329919218957912,-6.572156308255217,-7.596405293792486
911,-3.0507307052612305,-1.7069807052612305,-6.1601057052612305,-7.4647932052612305,-7.144586080721638,-5.891738519072533,-6.660165188928659,-6.183558344726407,-6.667985437037714,-7.428943773731589
912,-3.696092128753662,-1.774217128753662,-5.750779628753662,-7.078904628753662,-6.63371478758927,-6.496770471334457,-6.196156618898385,-5.555480718519902,-6.7352342573867645,-7.018319025635719
913,-3.761230707168579,-1.636230707168579,-5.784668445587158,-7.769043445587158,-6.933262693521101,-6.497462227940559,-6.245691534197249,-6.269063949373958,-6.675422064145096,-7.641856249421835
914,-3.9187450408935547,-1.9656200408935547,-5.864057540893555,-8.192182540893555,-7.090694305523357,-6.397849947214127,-6.567232130728371,-6.246882557790741,-6.723503229506605,-7.6474936585873365
915,-4.021690368652344,-1.8420031070709229,-6.052940368652344,-7.920127868652344,-7.24055563739239,-6.87087881565094,-6.654564497956017,-6.006080031287638,-6.787382481226814,-7.480507917702198
916,-3.207880973815918,-1.293818473815918,-5.215693473815918,-7.450068473815918,-7.098679408285534,-6.073077153414488,-6.137641069639358,-6.512592792214491,-5.856461276343907,-7.434313856996596
917,-3.8782057762145996,-1.88601815700531,-5.9328932762146,-7.8703932762146,-6.823654999927385,-6.233054682612419,-6.440785047248937,-6.081349134276024,-6.620496625328087,-7.5869691502302885
918,-2.740159273147583,-1.240159273147583,-4.951096534729004,-6.763596534729004,-6.466932989656925,-5.577690985053778,-5.537130708791665,-6.482374786932269,-5.4981235150189605,-7.454372420907021
919,-4.029495716094971,-1.8576207160949707,-6.029495716094971,-7.998245716094971,-6.943686000289745,-6.543424919247627,-6.740496275822807,-6.373261690012441,-6.810832973489596,-7.760905392467976
920,-4.051700115203857,-2.0282628536224365,-5.918887615203857,-8.036075592041016,-7.137806162936613,-6.4780183136463165,-6.715879671872244,-6.317346215026191,-6.762780656121322,-7.72231737524271
921,-4.207219123840332,-2.136906385421753,-6.058781623840332,-8.285344123840332,-7.207353225297993,-6.3906660079956055,-6.5901067228696775,-6.308804273348869,-6.8948564435122535,-7.8464785274118185
922,-3.9077234268188477,-1.9936609268188477,-5.626473426818848,-8.118660926818848,-6.931295505055459,-5.8933311849832535,-6.587483165036247,-6.313991308052209,-6.415661684717634,-7.7020872104913
923,-4.112343788146973,-1.9717185497283936,-6.010781288146973,-8.479531288146973,-7.503066058197874,-6.55818098783493,-6.901466248622455,-6.354546785234561,-7.128052946362004,-7.861117411404848
924,-3.024179220199585,-1.219491720199585,-4.992929458618164,-7.375741958618164,-6.899365407822188,-5.608899384737015,-6.110183475189842,-6.71169948557872,-5.789954531850526,-7.699844093993306
925,-3.807283639907837,-1.526033639907837,-5.713533401489258,-7.307283401489258,-7.135472653229954,-6.307975210249424,-6.369835017780133,-6.807298421746964,-6.877631067611219,-7.679271096363664
926,-4.543442249298096,-2.1840672492980957,-6.480942249298096,-8.629379272460938,-7.184166664905206,-6.77837310731411,-7.012238978248206,-6.363765478076857,-7.21538483868062,-7.8787946086376905
927,-4.124275207519531,-1.9445877075195312,-5.960212707519531,-8.624275207519531,-7.710296865734563,-6.725780829787254,-6.889946698061976,-6.507098197882442,-7.139963744055422,-7.841574822552502
928,-3.8232243061065674,-1.9794743061065674,-5.713849067687988,-7.760724067687988,-6.628028266772162,-6.048624210059643,-6.299845812951389,-6.2373009919083415,-6.253012175264303,-7.316788515076041
929,-4.035467147827148,-1.9026545286178589,-5.832342147827148,-8.183904647827148,-7.10587810985453,-6.214655667543411,-6.480843184363039,-6.082358956195094,-6.730880374605476,-7.553758397698402
930,-3.5791168212890625,-1.516616702079773,-5.8447418212890625,-7.4228668212890625,-7.079218263250368,-6.3571115881204605,-6.266676900966559,-6.4853864906290255,-6.7901048647509015,-7.528079347684979
931,-3.0492043495178223,-1.3382667303085327,-5.260141849517822,-7.182016849517822,-6.502489553968189,-5.766173772513866,-6.135226126934867,-5.9320397374394815,-5.705591192425345,-7.180886907503009
932,-3.8133156299591064,-1.7820656299591064,-5.8367533683776855,-8.016440391540527,-7.391636948435917,-6.308817088603973,-6.719664687996556,-6.828958511196106,-6.508701679405931,-7.8300570119172335
933,-3.961533546447754,-1.938096046447754,-5.758408546447754,-8.547471046447754,-7.149119969450112,-6.136097550392151,-6.6881481395503215,-6.180296182552411,-6.727242466266034,-7.579114321619272
934,-3.8608524799346924,-1.6342899799346924,-6.0092902183532715,-8.032727241516113,-7.524986502969114,-6.851442910730839,-6.985902188986074,-6.6030532120812495,-7.196842669065518,-7.770334895700216
935,-4.017461776733398,-1.9002741575241089,-5.954961776733398,-8.267461776733398,-7.353577597925323,-6.056310422718525,-6.783201568687218,-6.712789773820987,-6.744120235605806,-8.036117916926742
936,-2.8734211921691895,-1.287483811378479,-5.0531086921691895,-6.7952961921691895,-6.592444859241368,-5.7842123955488205,-5.701652044415823,-6.334406255544309,-5.8658085861679865,-7.503486633300781
937,-4.193113803863525,-1.7165515422821045,-6.083738803863525,-8.404051780700684,-7.201030606549466,-6.377677753567696,-6.615058181261702,-6.044692158573525,-6.982272858724173,-7.490111045539379
938,-3.918980121612549,-1.8174176216125488,-5.809605121612549,-8.23929214477539,-7.348804345325334,-6.453187510371208,-6.739358184575394,-6.379934549187965,-6.895629521408409,-7.711442613974214
939,-2.901306629180908,-1.0575566291809082,-4.526306629180908,-7.487244129180908,-6.729602918261662,-5.621746961027384,-5.870123860957392,-6.752895950910897,-5.573345409327885,-7.545167624950409
940,-4.016452789306641,-1.8836402893066406,-5.953952789306641,-7.946140289306641,-7.016581527059316,-6.622948125004768,-6.571203825842531,-6.23521852480917,-6.8759045571423485,-7.700979875400662
941,-4.087860107421875,-1.806610107421875,-5.915985107421875,-8.658172607421875,-7.486399526169407,-6.668547615408897,-7.064476369367185,-6.392560958773174,-7.103554127221287,-7.8325559459626675
942,-4.146479606628418,-2.013667345046997,-6.138667106628418,-8.216792106628418,-7.2169287111464655,-6.594383008778095,-6.701249953650404,-6.365246772618775,-6.818442698415311,-7.82884587906301
943,-4.070892333984375,-2.055267572402954,-6.109954833984375,-7.945892333984375,-7.063277701832703,-6.494543358683586,-6.750663277009153,-6.234974026496275,-6.8209979478342575,-7.793042559176683
944,-3.6269922256469727,-1.7129297256469727,-5.673867225646973,-8.087929725646973,-7.166128036675218,-6.305083647370338,-6.705159782457486,-6.447315335217354,-6.509860752445093,-7.6592046692967415
945,-4.0304155349731445,-1.8351030349731445,-5.8116655349731445,-8.499165534973145,-7.3308535766846035,-6.517891928553581,-6.74487149576089,-6.276084184526553,-6.90895628646831,-7.729178975336254
946,-3.707099437713623,-1.769599437713623,-5.621161937713623,-8.136787414550781,-7.074364301552123,-6.184693805873394,-6.589954017708806,-6.464921712827163,-6.53528487499716,-7.707937121391296
947,-3.6674139499664307,-1.6127264499664307,-5.823663711547852,-7.683038711547852,-6.89417169567605,-6.164768368005753,-6.190937396153458,-5.862746000093466,-6.448785536020296,-7.445680635049939
948,-3.900918483734131,-1.8462311029434204,-5.643105983734131,-8.104043960571289,-7.197997191658942,-6.1422287449240685,-6.588526004736195,-6.338440298795831,-6.526041738543427,-7.697207801043987
949,-3.65793514251709,-1.7516850233078003,-5.71262264251709,-7.86106014251709,-7.134634842994274,-6.285400331020355,-6.587700125550327,-6.157953023750451,-6.509582515929651,-7.527584737166762
950,-3.7342748641967773,-1.5311498641967773,-5.851462364196777,-7.999899864196777,-7.257809038259438,-6.676166824996471,-6.7421401725187025,-6.507727742076895,-7.156194447477901,-7.753523463383317
951,-2.616442918777466,-1.2180054187774658,-4.827380180358887,-7.077380180358887,-6.397841680867714,-5.207298491150141,-5.5071477857927675,-6.116464495420587,-5.632195106969448,-7.329835603013635
952,-3.6210203170776367,-1.7850828170776367,-5.581957817077637,-8.074145317077637,-7.339903464991949,-6.219398215413094,-6.683592555295036,-6.1835376022754645,-6.660176511191821,-7.641487939283252
953,-2.618276596069336,-1.2979639768600464,-5.047964096069336,-6.766714096069336,-6.376275402828469,-5.433642208576202,-5.4855455126962624,-6.016744017153542,-5.532477250089869,-7.213263127952814
954,-3.8352582454681396,-1.8196332454681396,-5.882133483886719,-8.030570983886719,-7.171354400488781,-6.188313916325569,-6.5306594332651,-6.1009018419481436,-6.61660575393762,-7.544293852522969
955,-3.7200489044189453,-1.7747364044189453,-5.649736404418945,-8.149736404418945,-6.931117526037269,-6.086887717247009,-6.571686503448291,-6.220066785652307,-6.40764009537088,-7.413407236337662
956,-3.074883460998535,-1.2623833417892456,-5.106133460998535,-7.262383460998535,-6.9032258751103655,-6.002756390720606,-5.973382351898181,-6.504592656854584,-5.887525905956863,-7.356990257278085
957,-2.8312110900878906,-1.182773470878601,-4.854648590087891,-7.089023590087891,-6.659520966612035,-5.599535718560219,-5.698486085879267,-6.339054107200354,-5.495414604738471,-7.222760425880551
958,-4.0513081550598145,-1.770058274269104,-5.9653706550598145,-8.254433631896973,-7.285819521188387,-6.626065790653229,-6.949821230889938,-6.363823890562344,-6.981078025288298,-7.710097748786211
959,-3.8936574459075928,-1.9249074459075928,-5.635845184326172,-8.112407684326172,-7.096937882772181,-6.158344134688377,-6.651557084122032,-6.1827383039744745,-6.487512821389828,-7.514782125130296
960,-2.905863046646118,-1.2027380466461182,-4.710550308227539,-7.390237808227539,-6.74976037844317,-5.579833153635263,-5.968415139737772,-6.882447004083588,-5.663776869383582,-7.679226444102824
961,-4.243199825286865,-2.0556998252868652,-5.969762325286865,-8.071325302124023,-6.946459284328739,-6.234773427248001,-6.610452411441656,-6.297906040970702,-7.21205162483966,-7.840007174760103
962,-4.108900547027588,-1.858900547027588,-5.921400547027588,-8.71046257019043,-7.343384855972545,-6.6182887852191925,-6.882395146647468,-6.319849848677222,-6.874601957264531,-7.614984073676169
963,-3.95526385307312,-1.7912013530731201,-5.869326591491699,-8.2990140914917,-7.51789104132331,-6.657734110951424,-6.994402167321823,-6.517779111749405,-7.166292186448118,-7.866956738755107
964,-4.267265319824219,-1.8532030582427979,-6.204765319824219,-8.681327819824219,-7.6657942491729045,-7.054318755865097,-7.212625144791673,-6.423524498897677,-7.197008012200968,-7.726631487719715
965,-3.113511562347412,-1.2463241815567017,-5.105699062347412,-7.254136562347412,-6.816813930039643,-5.847817845642567,-6.043263075684081,-6.418217658823778,-5.777680868166499,-7.2381752245128155
966,-3.987957000732422,-1.8160818815231323,-5.980144500732422,-8.081707000732422,-6.988079778762767,-6.45780149102211,-6.667710421294032,-6.105161070687245,-6.870853658947453,-7.54670125618577
967,-3.1538524627685547,-1.1069775819778442,-5.552289962768555,-7.052289962768555,-7.1227691034728196,-6.3438179939985275,-6.591447944847459,-6.732001900374598,-6.614883537680726,-7.340428825467825
968,-3.014927864074707,-1.178990364074707,-4.968052864074707,-7.069615364074707,-6.468209254438989,-5.377139773219824,-5.929050086146162,-6.444636940723285,-5.561917417639052,-7.369545606896281
969,-2.9880759716033936,-1.1912009716033936,-4.824013710021973,-7.527138710021973,-6.621088723200955,-5.654962357133627,-5.941273329044634,-6.644348263496795,-5.4803908982430585,-7.3163059670478106
970,-3.857438564300537,-1.779313564300537,-5.638688564300537,-7.365251064300537,-6.521725867743953,-5.946296393871307,-6.138809554409818,-6.029341816503802,-6.381020297136274,-7.549852550029755
971,-3.005408763885498,-1.396033763885498,-5.106971263885498,-7.458533763885498,-6.708705410535913,-5.736934922635555,-5.935165045280883,-6.278869151807157,-5.747727266309084,-7.254535761661828
972,-4.18159818649292,-1.99409818649292,-5.83003568649292,-8.173785209655762,-7.212974778740318,-6.555959448218346,-6.533243533514906,-5.915989994860865,-6.75985967181623,-7.5984497126191854
973,-4.045288562774658,-1.7796636819839478,-5.982788562774658,-8.318726539611816,-7.365755426886608,-6.503279536962509,-6.896926877008809,-6.41249227510707,-6.982893699838314,-7.863133389502764
974,-3.888925552368164,-1.709238052368164,-5.826425552368164,-8.287363052368164,-7.053124299301999,-6.236047863960266,-6.670247313784785,-6.02956914884453,-6.45934318943182,-7.321031244471669
975,-4.016523838043213,-1.914961338043213,-5.829023838043213,-8.125898361206055,-6.868180389748886,-6.43939009308815,-6.649385331860685,-6.336848139692847,-6.735339877806837,-7.706021048128605
976,-3.478215217590332,-1.853215217590332,-5.525090217590332,-6.720402717590332,-6.408253369823797,-5.710095278918743,-5.650247323093936,-5.876682996291493,-6.244044044695329,-7.2191876489669085
977,-4.099517822265625,-1.708893060684204,-6.037017822265625,-8.701080322265625,-7.365237469959538,-6.401086769998074,-6.9589397896234,-6.419840455004305,-6.904269574006321,-7.715493027120829
978,-3.3646504878997803,-1.2787129878997803,-4.911525726318359,-7.403713226318359,-6.5055092300463,-5.381526593118906,-5.935101261144155,-6.060001491769071,-5.903915504022734,-7.184085978195071
979,-3.2000300884246826,-1.1609675884246826,-4.840655326843262,-7.746905326843262,-6.997095924336463,-5.937846750020981,-6.192275403271196,-6.762556314130052,-5.793928016253631,-7.42746533639729
980,-3.180429458618164,-1.2273045778274536,-5.047616958618164,-7.610116958618164,-7.1103338959947,-5.908325832337141,-6.383638497638458,-6.750766157811086,-6.016526567123947,-7.714101865887642
981,-3.7848215103149414,-1.7613840103149414,-5.917634010314941,-7.636384010314941,-6.97244857934129,-6.428752422332764,-6.402074454075773,-5.9645259378903575,-6.636481161163829,-7.343562142923474
982,-3.1932079792022705,-1.3728954792022705,-5.380707740783691,-7.388520240783691,-6.779359317748458,-5.850714147090912,-5.818286535017251,-6.349480986324124,-5.857421744309249,-7.046440025791526
983,-3.6707797050476074,-1.498904824256897,-5.889529705047607,-7.717654705047607,-7.07708966552309,-6.572192028164864,-6.5302026260324055,-6.5536062716446395,-6.709876298322342,-7.60293179564178
984,-3.700308322906494,-1.7784333229064941,-5.731558322906494,-8.059682846069336,-7.200471864678548,-6.35268322378397,-6.676966900980915,-6.309702277003453,-6.7863607340623275,-7.526504006236792
985,-4.126036643981934,-2.1885364055633545,-6.047911643981934,-8.704161643981934,-7.1964917081349995,-6.375864759087563,-6.602686401376559,-6.8291802404582995,-6.602712982370576,-8.10576038621366
986,-3.8398218154907227,-1.8241968154907227,-5.816384315490723,-8.457009315490723,-7.511772748926887,-6.382498517632484,-6.91799199478919,-6.3788959979328865,-6.668010352026613,-7.645449599251151
987,-3.3360066413879395,-1.18756902217865,-5.3438191413879395,-7.4141316413879395,-7.086241217752104,-6.279115669429302,-6.132939217815874,-6.601656555818408,-6.281442515391973,-7.314963448792696
988,-4.105093002319336,-1.917593240737915,-6.050405502319336,-7.714468002319336,-6.925771527050529,-6.260558128356934,-6.534943448146805,-6.191064357182768,-6.683470694086282,-7.510285930708051
989,-4.004158020019531,-1.8010332584381104,-5.886970520019531,-8.715095520019531,-7.660459278700728,-6.767055310308933,-6.996378063624434,-6.480728864635239,-6.996388434443361,-7.742911705747247
990,-4.005417346954346,-2.0757298469543457,-5.692917346954346,-7.622604846954346,-6.841567851268337,-6.062389045953751,-6.310235134224058,-6.216383575980217,-6.622796993862721,-7.57089988514781
991,-3.1624367237091064,-1.2327492237091064,-5.232748985290527,-7.607748985290527,-6.920411811923259,-5.755758747458458,-6.092203852327657,-6.29527616463929,-5.975074758505798,-7.329016102477908
992,-3.7494149208068848,-1.7494149208068848,-5.788477420806885,-8.272851943969727,-7.233895892248256,-6.404551789164543,-6.686968205940502,-6.155680179479532,-6.507307407038752,-7.306037198752165
993,-2.9753968715667725,-1.0457093715667725,-4.881647109985352,-7.561334609985352,-6.913078172496171,-5.659356750547886,-5.998896596895065,-6.6941764350412996,-5.780220499334973,-7.523197736591101
994,-2.8388919830322266,-1.213891863822937,-5.026391983032227,-6.971704483032227,-6.487532356666634,-5.744434677064419,-5.737396834010724,-6.33891737428894,-5.549951665088884,-7.271137455478311
995,-4.117066860198975,-1.7889420986175537,-5.913941860198975,-8.632692337036133,-7.453086372828693,-6.483925953507423,-6.999925493128103,-6.343641877096161,-6.726511595203192,-7.688632419332862
996,-3.227004051208496,-1.1957539319992065,-4.805129051208496,-7.477004051208496,-6.836691449949285,-5.650512084364891,-6.219296211485926,-6.250470637851322,-5.774099564077915,-7.1558729242533445
997,-3.8267178535461426,-1.7876553535461426,-6.225155353546143,-8.209529876708984,-7.186192745939479,-6.837212860584259,-6.795513152050262,-6.17829322806665,-7.25646745965787,-7.500269317999482
998,-3.7814908027648926,-1.7658658027648926,-5.875240802764893,-7.883053302764893,-7.12544200780394,-6.286219537258148,-6.484717959909176,-6.148701548305326,-6.633170359433279,-7.470164244994521
999,-3.1108715534210205,-1.3452465534210205,-5.056183815002441,-6.688996315002441,-6.783032376377378,-5.813358046114445,-5.6812829922128,-6.04059910693104,-6.079777824546909,-7.0867573618888855
