,elephant,dolphin,panda,lion,kangaroo,penguin,giraffe,chimpanzee,koala,orangutan
000,-0.7482824325561523,-1.2951574325561523,-4.467032432556152,-6.248282432556152,-5.123282432556152,-4.664136353880167,-2.7641166229732335,-5.80297052860243,-3.9674521995475516,-8.349865913171016
001,-0.6602756977081299,-1.4727756977081299,-4.449337959289551,-6.144650459289551,-4.855587959289551,-4.7859641325776465,-2.285487629371346,-5.894650936126595,-4.512379737920128,-8.254054188315422
002,-0.5565706491470337,-1.5878206491470337,-4.392508029937744,-7.369070529937744,-3.517508268356295,-3.6605586174409837,-3.1739131092035677,-6.455008387565556,-3.401593708782457,-9.58784246421601
003,-0.6756910681724548,-1.4725661277770996,-4.5428786277771,-5.8788161277771,-5.4178786277771,-5.786234054132365,-2.253973710045102,-5.5194418430326095,-4.371541355503723,-7.5507185455371655
004,-0.6648717522621155,-1.4461216926574707,-4.641434192657471,-6.407059192657471,-5.344559192657471,-6.048633363272529,-2.196287856597337,-5.735185146331332,-4.360588468844071,-7.93052351438746
005,-0.6398249268531799,-1.3273248672485352,-4.710137367248535,-6.100762367248535,-5.397637367248535,-5.304724104702473,-2.7649931766063673,-5.639825463294812,-4.921532645326806,-8.26484942406023
006,-0.23156461119651794,-3.231564521789551,-4.262814521789551,-7.817502021789551,-5.0909397602081015,-3.8834809276741,-3.231730328159756,-6.434689998626595,-4.819495477946475,-9.200336456058722
007,-0.6912323236465454,-1.1443573236465454,-4.417794704437256,-5.042794704437256,-5.316232204437256,-4.918435010884423,-2.8007711037789704,-5.886545538901942,-5.2777304269257,-8.206882714912354
008,-0.8109365701675415,-0.9359365701675415,-6.131248950958252,-6.834373950958252,-6.240623950958252,-6.243473519105464,-3.029878359491704,-6.123437166213762,-5.280213813006412,-8.068772077303947
009,-0.871654748916626,-1.121654748916626,-4.441967010498047,-5.723217010498047,-5.707592010498047,-5.536572924407665,-3.1530675755493576,-5.277905344962733,-5.223655127862003,-8.074802517625358
010,-1.0698802471160889,-1.3511302471160889,-3.843317747116089,-5.937067985534668,-4.999567985534668,-4.039500692219008,-2.4059456505056005,-5.335506200790178,-4.265801363857463,-7.8980305191726075
011,-0.9023714661598206,-1.1523714065551758,-4.464871406555176,-5.667996406555176,-5.050808906555176,-5.832926016533747,-2.5431685299554374,-5.011747241019862,-4.653032322821673,-7.722719430294092
012,-0.6593297719955444,-1.4718297719955444,-4.878079891204834,-6.354642391204834,-5.409329891204834,-5.519498867390212,-2.846982109884266,-5.487455606460344,-4.70662406241172,-8.21403920625562
013,-0.7447723746299744,-1.1822724342346191,-4.510397434234619,-6.151022434234619,-5.299459934234619,-5.870543421071488,-2.799628720342298,-5.369773387908481,-4.573406447540037,-7.69792532881911
014,-1.0527715682983398,-1.2090215682983398,-4.09183406829834,-5.69339656829834,-4.76370906829834,-5.123695425048936,-2.498242842470063,-4.97464728355385,-4.490659161790973,-7.685618161573075
015,-1.0230506658554077,-1.2574256658554077,-4.140238285064697,-5.858988285064697,-5.398050785064697,-5.05502233695006,-2.6794456138595706,-5.2574263811109745,-4.73454138240777,-7.921520113439328
016,-1.1423511505126953,-1.1423511505126953,-4.657976150512695,-5.650163650512695,-5.548601150512695,-5.463366857205983,-3.4159887828864157,-5.298601984977381,-5.174103491473943,-8.353316187480232
017,-0.5964516401290894,-1.5027016401290894,-4.760514259338379,-6.112076759338379,-5.369889259338379,-5.995799365628045,-2.502884728863137,-5.346452474593889,-4.534451836429071,-7.869915008213866
018,-0.24066606163978577,-2.834416151046753,-5.053165912628174,-7.389103412628174,-6.006290912628174,-4.022489264141768,-2.8501921778079122,-6.951603889465218,-5.804475284297951,-9.709437727700788
019,-0.9842177033424377,-1.156092643737793,-4.484217643737793,-5.992030143737793,-5.062342643737793,-5.711499432276469,-2.343785386576201,-5.609218478202479,-4.664394378196448,-7.578004240320297
020,-0.5978764295578003,-3.56662654876709,-4.16037654876709,-7.93381404876709,-3.9572526216501274,-2.368122138082981,-3.316856596225989,-6.832251906394902,-4.584687125636265,-10.660421251250227
021,-0.9598089456558228,-1.0535589456558228,-4.787933826446533,-5.944183826446533,-5.069183826446533,-4.843445676437113,-3.0380782976717455,-5.38168442249281,-5.139852102875011,-7.577027677998558
022,-0.9094357490539551,-1.206310749053955,-4.651623249053955,-5.854748249053955,-5.096935749053955,-5.269463921780698,-2.237756113987416,-5.385999083518641,-4.667657291662181,-7.862596749611839
023,-0.9598870873451233,-1.2567620277404785,-4.3739495277404785,-5.3426995277404785,-5.0458245277404785,-5.88274823653046,-2.780394654313568,-4.913012862205164,-4.140018245467218,-7.82710158788359
024,-0.6470004320144653,-1.1470004320144653,-5.568875312805176,-6.006375312805176,-6.209500312805176,-6.788688571075909,-3.194063764938619,-5.193876147269862,-5.584955826954683,-8.193902849772712
025,-0.6163113117218018,-1.4756863117218018,-4.678811073303223,-5.928811073303223,-5.350686073303223,-5.749959119653795,-2.4445931788359303,-5.3897494077679085,-4.405827895883704,-8.014775514238863
026,-0.778433084487915,-1.684683084487915,-4.223745346069336,-5.598745346069336,-4.661245346069336,-5.17772971407976,-1.6067198384116637,-5.551871061324846,-4.005360655806726,-8.044087171125284
027,-0.7217175364494324,-1.1904675960540771,-4.737342357635498,-6.143592357635498,-5.377967357635498,-5.097313107398804,-3.081251727795461,-5.799842953681775,-5.401766115741339,-8.385801672708112
028,-0.6765834093093872,-1.3484584093093872,-4.879708290100098,-5.864083290100098,-5.590645790100098,-5.911628379370086,-2.8799005562032107,-5.262521505355608,-5.02862525411183,-8.035986423095892
029,-0.4012373685836792,-3.0731124877929688,-4.135612487792969,-7.737174987792969,-4.596550226211519,-3.691975500434637,-1.932663067636895,-7.002800345420781,-4.378998871892691,-9.416882395546054
030,-0.899743378162384,-1.1966183185577393,-4.610681056976318,-5.579431056976318,-5.313806056976318,-5.705224675824866,-3.1499634738866007,-5.14193201065018,-4.6815258039860055,-8.056023597251624
031,-0.4123256206512451,-3.037325620651245,-4.412325859069824,-7.756075859069824,-4.904513835906869,-3.1189948301762342,-3.170388667174848,-6.537326216697636,-4.773004040005617,-8.857666015243012
032,-1.0064727067947388,-1.0064727067947388,-4.592410087585449,-5.850222587585449,-4.936160087585449,-5.452439689892344,-2.569169501948636,-5.248660683631726,-4.670959501789184,-7.717446803373605
033,-0.7991411685943604,-0.9553911685943604,-5.510078430175781,-6.064765930175781,-5.885078430175781,-6.159168864658568,-3.3227835683646845,-5.744454145431291,-5.393279953626916,-8.181974410790644
034,-0.6877713203430176,-1.1877713203430176,-4.531521320343018,-6.000271320343018,-5.265896320343018,-5.946208639419638,-2.6410543793754186,-5.539334654807703,-4.922681546013337,-8.390923380473396
035,-0.7013464570045471,-1.1857213973999023,-4.732596397399902,-5.896658897399902,-5.388846397399902,-5.920726577518508,-2.8577551715716254,-5.43572199344618,-5.264260087249568,-8.474812268808819
036,-0.6707435846328735,-1.2019935846328735,-4.928555965423584,-5.717618465423584,-5.530118465423584,-5.874661607842427,-3.124016512403614,-5.116056680679094,-4.905581843777327,-8.084829210974931
037,-0.8206595182418823,-1.0862845182418823,-5.055034637451172,-5.898784637451172,-6.117534637451172,-6.470017129031476,-3.1333163853851147,-5.312847852706682,-5.516513201233465,-8.039435743945432
038,-0.8698431849479675,-1.0417182445526123,-4.697968006134033,-6.283905506134033,-5.416718006134033,-5.409493154438678,-2.963767155786627,-5.471406221389543,-5.12804595954367,-8.260498523261049
039,-0.6845588684082031,-1.2470588684082031,-5.067371368408203,-6.840808868408203,-5.590808868408203,-5.482398640480824,-3.2706811257376103,-5.989247083663713,-5.192853811226087,-8.137704252989352
040,-0.9599984884262085,-1.0068734884262085,-4.749061107635498,-5.717811107635498,-5.069373607635498,-5.976363742549438,-2.6320509753277292,-5.381874322891008,-4.819803622289328,-8.022527098235514
041,-0.9092710614204407,-1.065521001815796,-4.854583740234375,-5.620208740234375,-5.253021240234375,-6.082016446918715,-2.5813494713656837,-5.135834693908237,-4.487855924788164,-7.471802830197703
042,-0.5663333535194397,-1.503833293914795,-5.003833293914795,-6.535083293914795,-5.597583293914795,-5.684355387405958,-2.4414907569880597,-5.699146389961072,-5.129297268023947,-8.386671185182422
043,-0.44897621870040894,-1.6208512783050537,-5.284913539886475,-6.386476039886475,-5.816163539886475,-6.027960407896899,-3.027281506510917,-5.5739767551419845,-5.3322547779243905,-8.238061308611577
044,-0.7227010726928711,-1.160201072692871,-4.238326072692871,-5.558638572692871,-5.144576072692871,-6.293655666173436,-2.582329598721117,-5.128951787948381,-4.668609203305095,-8.27741634807171
045,-0.8014041781425476,-1.1920292377471924,-4.246716499328613,-5.606091499328613,-5.238903999328613,-6.146074586431496,-2.5359588700084714,-5.442029714584123,-4.30210351315327,-8.293619274707453
046,-0.7449190020561218,-1.0886690616607666,-4.9714813232421875,-5.6511688232421875,-5.5496063232421875,-6.3001716922735795,-2.7763554876146372,-5.307419657706873,-5.104799857828766,-8.260569691323326
047,-0.9019753932952881,-1.011350393295288,-4.597288131713867,-6.401975631713867,-5.058225631713867,-5.472902705136221,-2.620904310431797,-5.706663966178553,-5.011730360391084,-7.9098212713470275
048,-1.1541359424591064,-0.8728859424591064,-4.279135704040527,-5.615073204040527,-4.888510704040527,-5.396903584827669,-2.732442958484171,-5.279136538505213,-4.756058389641112,-8.044798492672271
049,-1.0292097330093384,-0.9667097330093384,-4.693272113800049,-5.982334613800049,-5.115147113800049,-5.522119618661236,-2.5450430891214637,-5.341710329055559,-4.514013556035934,-7.740179657404951
050,-0.8474068641662598,-1.0505318641662598,-4.86303186416626,-5.83959436416626,-5.26928186416626,-5.965430744283367,-2.62883971449628,-5.300532698630946,-4.918190010881517,-7.753686070016556
051,-0.9241873025894165,-1.0179373025894165,-4.721062183380127,-5.291374683380127,-4.931999683380127,-5.588864971592557,-2.65873311489122,-5.025750517844813,-4.987163668585708,-7.7914007898743876
052,-0.553145170211792,-1.553145170211792,-4.803145408630371,-5.998457908630371,-5.334395408630371,-6.085329215682577,-2.2251703626388917,-5.545333743095057,-4.451976936892606,-8.076611756861894
053,-0.7935284376144409,-1.168528437614441,-4.1450910568237305,-5.8247785568237305,-5.0513410568237305,-5.9817823905614205,-2.6999466277920874,-5.32477927207924,-4.770521667262074,-8.13730716664395
054,-0.7824370861053467,-1.4386870861053467,-4.251187324523926,-5.454312324523926,-5.157437324523926,-5.681776951008942,-1.8919646623544395,-5.376188158988612,-4.12660172933829,-8.134032368128828
055,-0.8985335826873779,-0.8985335826873779,-4.687596321105957,-5.890721321105957,-5.257908821105957,-5.883496707712766,-2.9299421184696257,-5.429784536361467,-5.422410034254426,-8.171998023630294
056,-0.7996494770050049,-1.0808994770050049,-4.823086738586426,-6.026211738586426,-5.088711738586426,-5.753448973875493,-2.549864507440361,-5.323087573051112,-4.495349212898873,-8.166864633170917
057,-0.8406203389167786,-1.3562452793121338,-4.504683017730713,-6.028120517730713,-4.770308017730713,-5.5055199934286065,-1.8876713359350106,-5.520308732986223,-4.333109095081454,-7.981267451999884
058,-0.8255682587623596,-1.0130681991577148,-5.122443199157715,-6.075568199157715,-5.809943199157715,-6.177685464499518,-2.9819984273635782,-5.450568914413225,-5.435377026849892,-8.278717040731863
059,-0.4722862243652344,-3.1832237243652344,-4.464473724365234,-6.558223724365234,-5.261349081993046,-4.123285823268816,-1.6287513739807764,-6.519161701202279,-4.934275788720697,-8.651997804352504
060,-0.8698486089706421,-1.276098608970642,-4.510473728179932,-5.549536228179932,-5.354223728179932,-5.495471641072072,-3.010656220954843,-5.268286943435442,-5.089037083846051,-8.377687453867111
061,-0.7775112986564636,-1.1525113582611084,-4.535323619842529,-5.808761119842529,-5.136886119842529,-6.114078204263933,-2.5745551443687873,-5.222824454307215,-4.699783007992664,-7.855666160132387
062,-0.7345831394195557,-1.1408331394195557,-4.929895401000977,-5.820520401000977,-5.508020401000977,-5.72743775031995,-2.8909764187264955,-5.2736461162564865,-5.149103417381411,-8.148670196225794
063,-0.8793544769287109,-1.238729476928711,-4.230916976928711,-5.762166976928711,-4.809041976928711,-5.645821693411563,-2.051372994610574,-5.262167692184221,-4.020378271670779,-7.676263212590129
064,-0.6010668277740479,-2.460441827774048,-4.468254089355469,-7.577629089355469,-5.241691827774019,-3.9252467376645654,-1.7731294455879834,-6.952629566192513,-4.1646321101579815,-8.92921352362464
065,-0.700811505317688,-1.310186505317688,-4.661748886108398,-5.513311386108398,-5.317998886108398,-6.107829633227084,-2.2947118169104215,-5.31018733978226,-4.8184777543647215,-7.966464995928618
066,-0.804395318031311,-1.163770318031311,-4.0856451988220215,-6.1559576988220215,-4.7965826988220215,-5.640965976403095,-2.5545360942778643,-5.296583414077531,-4.703227322897874,-7.773169040396169
067,-0.20531755685806274,-2.564692497253418,-5.283442497253418,-6.924067497253418,-6.790818691253662,-6.948663273942657,-2.986237281897047,-6.634569287299939,-6.291686754033435,-9.150208592296622
068,-1.0883615016937256,-0.9477365016937256,-4.564924240112305,-5.314924240112305,-4.924299240112305,-6.065794923226349,-2.572906598885311,-5.182112693786166,-4.409057424549246,-7.36182570422352
069,-0.5193474292755127,-3.0584099292755127,-4.152159690856934,-7.152159690856934,-4.800597310066216,-3.826534244697541,-1.7382868348940974,-6.519347548484745,-4.379780328483321,-9.347494721158
070,-0.675710141658783,-1.1913352012634277,-4.863210201263428,-6.183522701263428,-5.160085201263428,-6.004618814447895,-2.5821373305807356,-5.6366485357281135,-4.91055453728768,-8.027301072657792
071,-0.6155490279197693,-1.365549087524414,-4.967111587524414,-6.420236587524414,-5.592111587524414,-5.632019639073405,-2.60009180092311,-5.748362302779924,-5.061255734966835,-7.787449478781127
072,-0.8965331315994263,-0.9902831315994263,-4.638720512390137,-6.123095512390137,-5.451220512390137,-5.764497335941996,-2.5060568937042262,-5.474658608436414,-5.318774871295318,-7.9981226917388994
073,-0.534476101398468,-1.5188510417938232,-5.456351280212402,-6.136038780212402,-5.651663780212402,-5.48888946021907,-2.7689914604707155,-5.34697687625868,-5.089543628069805,-8.190748452894695
074,-0.7717874050140381,-1.224912405014038,-4.928037643432617,-5.873350143432617,-5.373350143432617,-5.663160282943863,-2.631334051664453,-5.326475858688127,-5.20974959191517,-8.099936604212417
075,-0.5742056369781494,-1.4960806369781494,-4.68358039855957,-5.73045539855957,-5.62889289855957,-6.08281413797522,-2.246238815190736,-5.527331352233432,-4.488701964583015,-8.050797938849428
076,-0.5883083939552307,-1.588308334350586,-4.564870834350586,-5.814870834350586,-5.221120834350586,-5.5894018390681595,-1.9946714575708029,-5.807059049606096,-4.5964761341165286,-8.56489908655385
077,-0.5622953176498413,-1.9216703176498413,-4.351357936859131,-6.046670436859131,-5.695107936859131,-6.063543017953634,-1.9218221787596121,-6.140421032905408,-4.500208054290852,-8.984195351278686
078,-0.964331865310669,-1.214331865310669,-4.44870662689209,-5.33933162689209,-5.21433162689209,-5.613490917021409,-3.0660831749992212,-4.917457461356776,-4.535070566780632,-8.05029773671231
079,-0.7694162726402283,-1.097541332244873,-4.917853832244873,-6.074103832244873,-5.558478832244873,-5.590287767583504,-2.9883377405058127,-5.597542047500383,-5.457264958648011,-8.355379461901975
080,-1.2333667278289795,-0.7802417278289795,-4.498991966247559,-5.678679466247559,-5.241179466247559,-5.632427379139699,-3.1397826533939224,-5.561492800712244,-5.069825870916247,-8.194334625743068
081,-0.704713761806488,-1.5953388214111328,-4.540651321411133,-5.751588821411133,-5.181276321411133,-5.862329860916361,-1.845591274817707,-5.282839536666643,-3.9785546443017665,-7.907870292168809
082,-0.4435931444168091,-1.459218144416809,-4.9201555252075195,-6.7639055252075195,-6.0139055252075195,-6.826964460546151,-3.131220332623343,-5.881093621253797,-6.123651674046414,-9.170174121683885
083,-0.9546998739242554,-1.0328248739242554,-4.329699993133545,-5.618762493133545,-4.860949993133545,-5.17393696369254,-2.3455209539970383,-5.400013327598231,-4.5645454015466385,-7.892235993691429
084,-0.5440104007720947,-1.4190104007720947,-4.825260162353516,-6.473697662353516,-5.856510162353516,-5.607290678541176,-2.606686695769895,-6.114323496818201,-5.146020550542744,-8.247159957578333
085,-0.850358247756958,-1.162858247756958,-4.740983009338379,-5.631608009338379,-5.170670509338379,-6.007407583936583,-2.4130960420152405,-5.303483963012241,-4.225794101017527,-7.56914377148496
086,-0.8503201007843018,-1.1315701007843018,-4.561257362365723,-5.256569862365723,-5.287819862365723,-5.968332427029964,-2.8817561691685114,-5.084695577621233,-4.546054512553383,-8.147220968859983
087,-1.2273293733596802,-0.8835793733596802,-4.625766754150391,-5.610141754150391,-4.914829254150391,-5.556170564552303,-2.39935313546448,-5.383580207824252,-4.454287808184745,-7.430486082525022
088,-0.891902506351471,-1.0950274467468262,-4.446589946746826,-6.095027446746826,-4.985652446746826,-5.595850248297211,-2.4858261196059175,-5.266903400420688,-3.8767521446570754,-7.751304149271164
089,-0.7634090185165405,-1.1384090185165405,-5.63840913772583,-6.58372163772583,-6.09153413772583,-6.569282186334021,-2.7167800362512935,-6.0055978298180435,-5.006049172981875,-7.615003704511764
090,-1.2371948957443237,-0.6746948957443237,-4.682507514953613,-5.799695014953613,-5.205945014953613,-5.6986122172675095,-3.0733091675210744,-5.463758230209123,-5.58132736524567,-7.64347863140938
091,-0.8215218782424927,-1.3527718782424927,-4.305896759033203,-5.790271759033203,-4.930896759033203,-5.392634429212194,-1.9310501696454594,-5.36839735507948,-4.157946706196526,-7.821546792671143
092,-1.0901882648468018,-0.9026883244514465,-4.519876003265381,-5.683938503265381,-4.957376003265381,-6.176794782106299,-2.4809651259565726,-5.1917519569392425,-4.707824248936959,-7.832402467376596
093,-0.8287966251373291,-1.156921625137329,-4.54754638671875,-6.00067138671875,-4.88348388671875,-6.040612549870275,-2.3289644577307627,-5.16473460197426,-4.219868440821301,-7.696009397181115
094,-0.8547695279121399,-1.1360194683074951,-4.198519706726074,-6.128207206726074,-4.714144706726074,-4.855317800014745,-2.6361908765684348,-5.807895421981584,-4.5973265680950135,-8.456360697340642
095,-0.8366619348526001,-1.1179119348526,-4.7741618156433105,-5.5554118156433105,-5.3522868156433105,-6.150123729428742,-2.305592758973944,-5.453850150107996,-4.446453365351772,-7.742937206900024
096,-0.5462431311607361,-2.577493190765381,-4.624368190765381,-7.702493190765381,-4.4681184291839315,-3.236010958440602,-1.87453542741423,-6.796243667602425,-3.8832624066853896,-9.007198095161584
097,-0.9127854108810425,-1.0534104108810425,-4.436223030090332,-5.983098030090332,-4.959660530090332,-5.343162537261378,-2.4129441850673174,-5.287786245345842,-4.4912471204588655,-7.865937709439095
098,-0.9609487056732178,-1.1171987056732178,-4.117198944091797,-5.875011444091797,-4.703136444091797,-4.860063085448928,-2.336148599672015,-5.406262278556483,-4.586298285488738,-8.10160279232332
099,-0.8463330864906311,-1.2057080268859863,-4.752583026885986,-5.533833026885986,-5.221333026885986,-6.245913210092112,-2.1433566698251525,-5.065083861350672,-4.221811895142309,-7.8385509247927985
100,-0.7822251319885254,-1.6259751319885254,-4.375975131988525,-5.790037631988525,-5.891600131988525,-6.846601274912246,-1.6730632554827025,-5.969726085662387,-3.8763717818364967,-8.094750761645628
101,-0.9977368116378784,-1.4039868116378784,-4.544611930847168,-6.083674430847168,-5.271174430847168,-5.08486771886237,-1.9041561936901417,-5.841487526893445,-3.974629705247935,-7.771203636697464
102,-0.9869494438171387,-1.0181994438171387,-4.721324443817139,-5.666636943817139,-5.408824443817139,-6.323740475578234,-2.791824561631074,-4.768200159072649,-4.792111403425224,-7.861980437752209
103,-0.7987320423126221,-1.220607042312622,-4.923731803894043,-5.673731803894043,-5.220606803894043,-5.870271406369284,-2.1895495467906585,-5.470607757567905,-4.4475903816346545,-7.931569218324512
104,-0.9585995674133301,-1.16172456741333,-4.38828706741333,-5.98984956741333,-5.33359956741333,-5.6390074280207045,-2.240016208117595,-5.63047528266884,-4.248057048971532,-8.067999124214111
105,-0.6353046894073486,-1.2759296894073486,-5.2681169509887695,-6.3540544509887695,-5.9243669509887695,-6.332105362787843,-2.7136136124318,-5.525930285453455,-4.90912334798486,-7.885328054149795
106,-0.6336098909378052,-1.4773598909378052,-5.149234771728516,-6.024234771728516,-5.696109771728516,-6.111248986213468,-2.22752092970768,-5.649235486984026,-4.634021674195537,-8.399260401396532
107,-0.7248512506484985,-1.3498512506484985,-4.467038631439209,-5.685788631439209,-5.467038631439209,-5.436870585428551,-2.303119410746149,-5.427976965903895,-4.3267303203756455,-8.068625688263637
108,-0.349492609500885,-2.0369925498962402,-5.39636754989624,-6.73230504989624,-6.91980504989624,-7.486238363198936,-2.193400370539166,-7.255743026733285,-6.138864707667381,-9.607323169551819
109,-0.7543380260467529,-1.332463026046753,-4.699650764465332,-6.152775764465332,-5.738713264465332,-6.294673586147837,-2.098260268641752,-5.449651718139194,-4.637596031214343,-7.738745450456918
110,-1.0000481605529785,-0.9375481605529785,-4.7969231605529785,-6.3359856605529785,-5.2344231605529785,-5.828873508260585,-2.312747816176852,-5.664111495017664,-4.8206844997475855,-8.000073551796959
111,-1.0120913982391357,-1.2152163982391357,-4.777716636657715,-6.066779136657715,-4.980841636657715,-5.599190395092592,-1.9341370913753053,-5.793342351913225,-4.4264754732721485,-7.660552501405618
112,-0.25840213894844055,-2.258402109146118,-5.219339847564697,-6.375589847564697,-6.891214847564697,-6.946878671704326,-2.4929041781724663,-6.938090324401742,-6.149495492049027,-10.149052381189904
113,-0.7920005917549133,-1.3388755321502686,-4.917000770568848,-6.135750770568848,-5.448250770568848,-5.433546595857479,-2.370315772073809,-5.5185641050335335,-4.870463552651927,-7.745150923412439
114,-1.0467865467071533,-1.1874115467071533,-4.328036308288574,-5.531161308288574,-5.132723808288574,-6.08686050248798,-1.9688216319627827,-5.50772464275326,-3.836267741280608,-7.437435865100269
115,-0.7529946565628052,-1.2061196565628052,-5.198307037353516,-6.073307037353516,-6.081119537353516,-6.2694069622666575,-2.61253427102929,-5.588932871818201,-4.956534776283661,-8.049895643847776
116,-0.9087597131729126,-1.2368847131729126,-4.721259593963623,-6.166572093963623,-5.377509593963623,-6.253263308608439,-2.2683707196847536,-5.807198166846661,-4.213962183857802,-7.9556671375685255
117,-0.9682047367095947,-1.1400797367095947,-4.186954498291016,-5.726016998291016,-4.811954498291016,-5.5391365754185244,-2.249620185510139,-5.319767713546526,-4.280974351713667,-7.952613710771402
118,-0.8826907873153687,-1.2576907873153687,-4.476440906524658,-5.726440906524658,-5.156128406524658,-5.742870602989569,-2.367238268299843,-5.078004240989344,-4.3596196695871186,-7.804594993167484
119,-0.9490086436271667,-1.1521337032318115,-4.855258464813232,-6.152133464813232,-5.472445964813232,-5.988848264853004,-2.308595158159733,-5.37869703769627,-4.550883244373836,-7.644349693839104
120,-0.3073407709598541,-2.7448408603668213,-6.807340621948242,-7.432340621948242,-6.924528360366793,-6.835088843014091,-1.7451929425878916,-7.908903717994519,-6.5034237513900734,-9.893299221770576
121,-0.4639278054237366,-2.073302745819092,-4.776427745819092,-6.893615245819092,-4.956115245819092,-4.499769856687635,-1.807821263500955,-7.690490722656136,-4.456427167868242,-9.823326587404154
122,-0.7079602479934692,-1.0985852479934692,-5.15327262878418,-6.66108512878418,-5.42671012878418,-5.958810325537343,-2.70814226398943,-6.161086082458041,-5.317654201149708,-8.41111016242212
123,-0.4991787075996399,-2.296053647994995,-4.686678886413574,-6.452303886413574,-5.538241386413574,-5.306576985633001,-1.5617980885726865,-6.491366863250619,-4.936963636864675,-9.311698436546067
124,-0.9912056922912598,-0.9599556922912598,-4.49901819229126,-5.94433069229126,-5.020212650299072,-5.583398702787235,-2.4344473928940715,-5.520213484763758,-4.520548883185256,-7.621809362779459
125,-0.15786154568195343,-2.8922364711761475,-6.126611709594727,-7.509424209594727,-7.853174209594727,-6.730942467227578,-2.7205049888580106,-8.181299686431771,-6.705294453480747,-10.212569713381527
126,-0.5421561002731323,-2.573406219482422,-4.698406219482422,-6.690593719482422,-5.503093719482422,-5.178721054922789,-1.2767009590897942,-7.159344196319466,-5.425422684609657,-9.19061648819661
127,-1.2648937702178955,-0.9836437106132507,-3.9914562702178955,-5.835206031799316,-5.085206031799316,-4.492301821534056,-2.3900234615139198,-5.311769127845594,-4.80431931570638,-7.639921545589459
128,-0.329049676656723,-2.344674587249756,-6.680612087249756,-7.079049587249756,-7.038180828094482,-6.267053080257028,-2.530509700314724,-7.74911892414076,-6.569871805229923,-9.530388474271604
129,-0.656516969203949,-1.6252670288085938,-4.273704528808594,-6.015892028808594,-5.523704528808594,-5.993362133973278,-2.1098091462627053,-5.453392744064104,-4.360118275712011,-8.484667181652185
130,-0.5916864275932312,-1.372936487197876,-5.576061248779297,-6.904186248779297,-5.661998748779297,-6.279996424447745,-2.4043912677880144,-6.2244997024531585,-5.404563951684395,-8.013588904952485
131,-0.3571510910987854,-2.5759010314941406,-4.435276031494141,-5.864963531494141,-5.779026031494141,-5.975728618097492,-1.8728802149853436,-6.443089008331185,-5.154333544167457,-9.607175469100184
132,-0.5087722539901733,-1.2587722539901733,-5.704084873199463,-6.797834873199463,-5.954084873199463,-6.5722978815902025,-3.055827005460742,-6.102523207664149,-5.915356222685659,-8.493168949837127
133,-0.9061957597732544,-0.9686957597732544,-4.749945640563965,-5.734320640563965,-5.539008140563965,-6.211558590643108,-2.843870386117487,-5.124946475028651,-5.094013997906586,-8.132784962293954
134,-0.6949117183685303,-1.1949117183685303,-4.952724456787109,-6.319911956787109,-5.179286956787109,-5.789370166778099,-2.6481846461538225,-5.616787552833387,-4.929634629836073,-8.25743603677438
135,-0.7005065083503723,-1.2161314487457275,-5.059881687164307,-6.731756687164307,-6.028631687164307,-6.3498878793325275,-2.5132181420340203,-5.848945140838168,-5.208771960751619,-7.645852922825725
136,-0.7976537942886353,-1.1414037942886353,-5.164841175079346,-6.500778675079346,-5.602341175079346,-5.845404717954807,-2.500972371417447,-5.9773420095440315,-5.008933604724007,-7.703933834574855
137,-0.773068904876709,-1.382443904876709,-5.187131404876709,-6.101193904876709,-5.624631404876709,-6.141274053486995,-2.1482527087064227,-5.741819620132219,-5.406314279302023,-7.585598229932657
138,-0.7048566937446594,-1.0798566341400146,-4.962669372558594,-6.118919372558594,-5.720481872558594,-6.361764453176875,-2.908145652676467,-5.4392327070232795,-5.463000004470814,-8.29081797571962
139,-1.200132131576538,-1.418882131576538,-4.543882369995117,-5.786069869995117,-5.114194869995117,-6.068481604685076,-1.66910860358621,-5.528258323668979,-3.6771076064906083,-7.2861005063132325
140,-0.2720909118652344,-3.4127159118652344,-5.733028411865234,-7.029903411865234,-6.381466031074517,-5.658935275860131,-1.7097673260577722,-8.350216507911512,-6.850705861230381,-10.24867331961832
141,-0.24190863966941833,-2.710658550262451,-5.187221050262451,-6.374721050262451,-6.523158550262451,-6.258609073935077,-2.1951615728467004,-6.882534027099496,-6.281376518047182,-9.530996322324427
142,-1.0039207935333252,-1.4414207935333252,-4.214858055114746,-5.160170555114746,-5.191420555114746,-5.825605761143379,-1.7540807596087689,-5.324234008788608,-3.887075365666533,-7.628959058973123
143,-0.44985997676849365,-2.106110095977783,-4.567047595977783,-5.910797595977783,-5.863922595977783,-6.084168863948435,-1.8249745303328382,-6.42642319202406,-4.856629594287369,-9.442076444196573
144,-0.8214395046234131,-1.055814504623413,-5.110502243041992,-6.516752243041992,-5.563627243041992,-5.798698421334848,-2.852877718381933,-6.258940577506678,-5.21249642589828,-8.290218591273515
145,-0.9282112717628479,-0.9438362717628479,-4.482898712158203,-5.693836212158203,-5.717273712158203,-6.18668641539989,-3.1314986812212737,-5.279774546622889,-5.037939128582366,-8.162613033888192
146,-1.0295666456222534,-1.0920666456222534,-4.490504264831543,-5.787379264831543,-4.920191764831543,-5.0849163723760284,-2.4672348357999,-5.560817599296229,-4.490801647800254,-8.060851692542201
147,-0.9017017483711243,-3.4954516887664795,-5.276701927185059,-5.628264427185059,-4.847014665603609,-4.654128406196833,-0.7301536859886255,-7.175139904022103,-5.68379378633108,-9.128288864791102
148,-1.037615180015564,-0.943865180015564,-4.5141777992248535,-5.6313652992248535,-5.4204277992248535,-5.460334421484731,-2.444028483427246,-5.4516785144803634,-4.561435983661795,-7.98295700507515
149,-1.1766793727874756,-3.1766793727874756,-4.0282416343688965,-6.0438666343688965,-4.309491872787447,-3.6269501466304064,-0.739463467762107,-7.184492111205941,-4.349520335556008,-8.504834889907215
150,-0.9143177270889282,-1.1486927270889282,-4.523692607879639,-6.008067607879639,-5.234630107879639,-6.001192606985569,-2.1801790911413264,-5.734630823135149,-4.547619223187212,-8.17215502232284
151,-0.4459986686706543,-2.6647486686706543,-5.086623668670654,-6.406936168670654,-5.414748668670654,-5.7293330151587725,-1.602360599928943,-6.461624145507699,-5.282315659045707,-8.524145841363861
152,-0.9659409523010254,-1.0284409523010254,-4.551878452301025,-5.856565952301025,-5.067503452301025,-5.646319031657185,-2.6848732067010133,-5.161254286765711,-4.380351006198907,-7.72378480385305
153,-1.0286855697631836,-0.8880605101585388,-4.895873069763184,-6.278685569763184,-5.466185569763184,-5.810774332087021,-2.8725819480605423,-5.4114987850186935,-5.029094850702677,-7.880280374960421
154,-1.0267539024353027,-1.0736289024353027,-5.331441402435303,-6.425191402435303,-5.800191402435303,-6.238611274922732,-2.5426213447353803,-5.54237997531834,-4.980294737179065,-7.245550631385413
155,-0.8332048058509827,-1.301954746246338,-4.676954746246338,-5.989454746246338,-5.458204746246338,-5.701295325532556,-2.0833743666735245,-5.403518080711024,-4.357105386268813,-7.7160466905079375
156,-1.1920734643936157,-1.1764484643936157,-4.238948345184326,-5.653010845184326,-4.957698345184326,-5.4115971908322535,-2.3719637188187335,-5.020199060439836,-3.9502594964869786,-7.668668388789229
157,-1.193986415863037,-0.9439864158630371,-4.639298915863037,-6.459611415863037,-5.092423915863037,-5.124415956728626,-2.3191538908868097,-5.826799631118547,-4.8193722219148185,-7.459637641562949
158,-0.39936912059783936,-2.993119239807129,-5.204056739807129,-6.258744239807129,-5.586869239807129,-5.682330454699695,-1.5713896645465866,-6.914994716644173,-5.516920977039263,-9.250952005180807
159,-0.8228179216384888,-3.197817802429199,-5.025942802429199,-6.643130302429199,-5.080630302429199,-5.037016313988715,-0.8698806586471619,-6.713443398475476,-4.862361196253914,-8.525964855904022
160,-0.6852807998657227,-1.3415307998657227,-4.950905799865723,-5.911843299865723,-5.357155799865723,-5.779768075910397,-2.185479859559564,-6.130594015121233,-4.873116317729,-8.411870598420137
161,-0.8893086910247803,-1.3424336910247803,-4.811183929443359,-5.951808929443359,-5.147121429443359,-5.4291727907257155,-1.9207831369276391,-5.725247263908045,-4.374007887818152,-7.67058920814452
162,-1.287095546722412,-0.9589705467224121,-4.693345546722412,-5.982408046722412,-5.451158046722412,-5.54570702573983,-2.2560062279371778,-5.701158881187098,-4.904667184484424,-7.591812729395315
163,-0.9448549151420593,-0.9604799151420593,-4.804229736328125,-5.866729736328125,-5.741729736328125,-5.578548162477091,-2.8981293328251923,-5.312042951583635,-5.234314839472063,-8.101127981868558
164,-0.4298176169395447,-3.0235676765441895,-4.8985676765441895,-6.5157551765441895,-5.9454426765441895,-5.884134416701272,-1.4455826184566831,-6.929818272590467,-5.109866553801112,-9.59390366048683
165,-0.41745463013648987,-2.558079719543457,-5.175267219543457,-6.620579719543457,-6.073704719543457,-6.1532775406958535,-1.589494929954526,-6.792455315589734,-5.636717903020326,-8.987787604124605
166,-0.8869272470474243,-1.1213022470474243,-4.386927127838135,-5.465052127838135,-5.058802127838135,-5.387571603932884,-2.277691235402017,-5.379115223884412,-5.332548451406183,-8.191639303868214
167,-0.33182477951049805,-2.394324779510498,-4.941199779510498,-6.230262279510498,-6.378699779510498,-6.700199614162557,-2.0663254182145465,-6.511512875556775,-5.7464565801783465,-8.824031114409081
168,-0.9610977172851562,-0.9142227172851562,-5.000160217285156,-6.101722717285156,-5.625160217285156,-5.852595067874063,-2.5081724921037676,-5.664223551749842,-4.922422214964172,-7.953316092014575
169,-1.1719799041748047,-0.7344799637794495,-4.718854904174805,-5.882917404174805,-5.320417404174805,-5.625702083576471,-2.8284172836283688,-5.773543119430315,-5.047328411397757,-7.97670411996296
170,-0.7788763046264648,-1.2163763046264648,-4.841376304626465,-5.802313804626465,-5.536688804626465,-6.584490108478349,-2.2321926172298845,-5.677314639091151,-5.029215397546068,-8.177336334927531
171,-0.3744979798793793,-3.358872890472412,-4.819810390472412,-6.155747890472412,-5.108872890472412,-4.876388906501234,-1.4996839588857256,-7.468248367309457,-5.719012325804215,-9.390148996977587
172,-0.5071386694908142,-3.054013729095459,-5.054013729095459,-6.514951229095459,-5.460263848304741,-5.563381415675394,-1.2416639215225587,-7.085264325141736,-5.202938676258782,-9.31184852097249
173,-0.6313655376434326,-1.3501155376434326,-4.850115776062012,-5.943865776062012,-5.607928276062012,-5.975796825194266,-2.5533945441857213,-5.615741491317522,-5.10056509412243,-8.279825091123712
174,-0.9783610105514526,-1.0408610105514526,-4.251798629760742,-5.283048629760742,-5.525236129760742,-5.783775303920265,-2.8847768169507617,-5.033049464225428,-4.986586008861195,-8.009640574022342
175,-0.3479709327220917,-2.613595962524414,-5.222970962524414,-6.051095962524414,-6.696776390075684,-6.487194810528308,-1.7359710844175424,-7.103026866912728,-6.291039811854716,-9.485857963380113
176,-0.9784187078475952,-0.9627937078475952,-4.775293827056885,-5.744043827056885,-5.236231327056885,-6.276001203164924,-2.431734901285381,-5.345607161521571,-4.931900914321886,-7.884695648786874
177,-0.5575920939445496,-2.8700921535491943,-4.893529415130615,-5.838841915130615,-5.807591915130615,-5.996516642859206,-1.1827139780216385,-7.0185300111768925,-5.550307372875977,-9.081053137508206
178,-0.9179189205169678,-1.0897939205169678,-4.316356658935547,-5.777294158935547,-5.191356658935547,-5.059174458205234,-2.3868508173472947,-5.511669874191057,-4.457316700107185,-8.277321815108735
179,-0.8084065914154053,-1.0115315914154053,-4.292781829833984,-5.511531829833984,-5.339656829833984,-5.371652325207833,-3.011671533327899,-5.136532545089494,-5.496277144527994,-8.581863999173947
180,-0.9981690645217896,-1.1544190645217896,-4.9512939453125,-6.4747314453125,-5.3419189453125,-5.045721658854745,-2.2483678858261555,-5.966919779777186,-4.514198459801264,-7.818516373023158
181,-0.8991287350654602,-0.9303787350654602,-5.0319414138793945,-6.2038164138793945,-5.6647539138793945,-6.056079738074914,-2.6336806855833856,-5.5788171291349045,-5.212116956798127,-8.063221096552297
182,-0.3214935064315796,-2.993368625640869,-5.407431125640869,-6.188681125640869,-5.641763210296631,-5.658579831360839,-1.7747409207222518,-7.008951306342908,-5.540740106021985,-9.29022312140296
183,-0.8895823955535889,-0.9677073955535889,-4.483332633972168,-6.014582633972168,-5.139582633972168,-5.726141974679194,-2.67099605652038,-5.428645849227678,-5.38996927413973,-7.920860290145356
184,-0.8233930468559265,-1.1515181064605713,-4.635892868041992,-5.721830368041992,-5.354642868041992,-5.784944107523188,-2.432911147378036,-5.557768583297502,-4.620568707032362,-8.057797431509243
185,-1.0123604536056519,-1.0436104536056519,-5.004548072814941,-6.192048072814941,-5.363923072814941,-5.5601005388307385,-2.2782095419825055,-5.715486407279627,-4.528424166812329,-7.4499019375834905
186,-0.32297614216804504,-2.8229761123657227,-5.026101112365723,-6.479226112365723,-5.947976112365723,-5.87883046711795,-1.8387315188301727,-6.776101589202767,-5.479680434946204,-9.541746735359993
187,-0.8533608317375183,-0.9783608317375183,-4.931485652923584,-5.767423152923584,-5.087735652923584,-5.853944607893936,-2.5878902554541128,-5.681486248969861,-5.408399043488316,-8.126821398474931
188,-0.2642152011394501,-2.5454652309417725,-4.967339992523193,-6.506402492523193,-6.326714992523193,-6.233862950466573,-2.2487354173208587,-6.787652969360238,-5.889858396432828,-9.77986729109034
189,-0.7365757822990417,-1.4397008419036865,-4.791263103485107,-5.806888103485107,-5.275638103485107,-6.386559601291083,-1.9711228461092105,-5.291263937949793,-4.463476243050536,-7.814727306009445
190,-0.3605779707431793,-3.0012030601501465,-5.2824530601501465,-6.0949530601501465,-6.3527655601501465,-6.658518580952659,-1.5482228889304679,-7.376203656196424,-6.087672330613714,-9.509037017582159
191,-0.5598214864730835,-3.028571605682373,-5.169196605682373,-6.020759105682373,-4.958259344100924,-5.354835290461779,-1.2162500460399315,-7.020759582519418,-4.872959767759312,-8.270779609460078
192,-0.8232114315032959,-1.010711431503296,-4.979461669921875,-6.471649169921875,-5.471649169921875,-5.956711532839108,-2.7140427614940563,-5.643524885177385,-5.159561787353596,-7.9951217168381845
193,-1.0047489404678345,-2.473498821258545,-4.731311321258545,-5.473498821258545,-5.067215919494629,-5.093522363109514,-0.8798279103284585,-6.364091515540906,-4.583456922555342,-7.856302976306324
194,-0.9640407562255859,-1.292165756225586,-4.159353256225586,-5.807790756225586,-5.128103256225586,-5.793108019221108,-2.1361382952018175,-5.549978971481096,-4.120784875820391,-8.214067816368697
195,-0.9873824715614319,-1.143632411956787,-4.518632411956787,-5.510819911956787,-5.323319911956787,-5.74625221604947,-2.3156884744676063,-5.104570627212297,-4.542457624600502,-7.831161975424038
196,-0.7642909288406372,-1.2799159288406372,-4.006478309631348,-5.842415809631348,-5.326790809631348,-5.6556328348233365,-2.795708999794442,-5.068978905677625,-4.889657549356343,-8.41275453533126
197,-0.9849722981452942,-1.1568472385406494,-4.6959099769592285,-5.8365349769592285,-5.0240349769592285,-5.540340192208532,-2.016392931676819,-5.375598311423914,-4.665098332625348,-7.680315494071692
198,-0.9651162624359131,-0.9338662624359131,-3.847928762435913,-6.136991500854492,-4.980741500854492,-5.668927672493737,-2.8246326346561546,-5.433867335319178,-4.450052819040138,-8.191714882206725
199,-1.2015525102615356,-1.4046775102615356,-4.889052391052246,-5.935927391052246,-5.084364891052246,-6.085504359216429,-1.5142819618195063,-5.701553225516932,-3.920717272500042,-7.357830047225434
200,-0.8986642360687256,-1.0705392360687256,-5.047101974487305,-6.218976974487305,-5.726789474487305,-6.071251139044762,-2.7426573934499174,-5.554915428161166,-5.09432726923842,-7.859627246536547
201,-0.6629415154457092,-2.7723164558410645,-3.5145039558410645,-6.8426289558410645,-2.881691694259615,-2.6037792230490595,-1.6162924511154415,-6.928566813468876,-4.163614642457105,-9.045775532500556
202,-1.0198520421981812,-1.1604770421981812,-4.168289661407471,-6.121414661407471,-4.972977161407471,-5.864495474321302,-2.395055869332282,-5.1370404958721565,-4.285882629192201,-7.902694224874722
203,-0.9453363418579102,-1.3203363418579102,-4.52346134185791,-5.50783634185791,-4.87502384185791,-6.157148812781088,-1.961109746407601,-5.148462176322596,-4.219091007485986,-7.13286137549585
204,-0.7028184533119202,-2.8903183937072754,-4.452818393707275,-6.515318393707275,-3.765318632125826,-3.814757870743051,-1.1405310404661577,-7.09344387054432,-4.195465101656737,-9.210651993538704
205,-0.9776473045349121,-3.352647304534912,-4.868272304534912,-5.915147304534912,-4.157335042953463,-3.8824274432845414,-0.790542166942032,-6.977647662162724,-5.001976807310712,-8.743297934215661
206,-0.9210707545280457,-1.3273208141326904,-4.772633075714111,-5.842945575714111,-5.171070575714111,-5.578150762128644,-2.171245202116552,-5.475758910178797,-4.405808382958639,-7.967970370938929
207,-1.1376988887786865,-0.7626988291740417,-4.559573650360107,-5.731448650360107,-5.379886150360107,-5.919541779032443,-3.0128651719132904,-5.270512104033969,-4.9975781359826215,-7.801790475416055
208,-0.9094188213348389,-1.1437938213348389,-4.229731559753418,-5.948481559753418,-4.768794059753418,-5.566415746347047,-2.0346277733915485,-5.948482394218104,-4.511339957854943,-8.315697311956683
209,-0.7769325971603394,-1.2769325971603394,-4.847245216369629,-6.112870216369629,-5.073807716369629,-5.723234045202844,-2.324008325478644,-5.628495931625139,-4.597574537416222,-7.980083346037645
210,-0.8633381128311157,-1.2695881128311157,-4.714900493621826,-5.972712993621826,-5.050837993621826,-5.661039725819137,-1.9260663725726772,-5.918026447295688,-4.355852550419513,-8.074302315364548
211,-1.004140019416809,-1.035390019416809,-4.6682024002075195,-5.7307024002075195,-5.1994524002075195,-5.372206301603001,-2.301168668374885,-5.269765496253797,-4.7388771116384305,-7.668229460350631
212,-0.8649817705154419,-1.364981770515442,-4.904044151306152,-5.919669151306152,-5.286856651306152,-5.389104608155321,-1.9901746325485874,-5.700919866561662,-4.3028474377060775,-7.810322999537675
213,-0.44459813833236694,-2.9289731979370117,-5.022723197937012,-6.093035697937012,-5.061785697937012,-4.830303414957598,-1.4916001477686223,-6.913348674774056,-5.570056333497632,-9.061807632206182
214,-0.8188673257827759,-0.9907423257827759,-4.709492206573486,-5.943867206573486,-5.240742206573486,-5.55391980096465,-2.7721495504520135,-5.459492921828996,-5.241016469546594,-8.459519862759407
215,-0.8098695874214172,-1.0598695278167725,-4.895807266235352,-6.411432266235352,-5.356744766235352,-5.865314316237345,-2.4194593198917573,-6.020808100700037,-5.12274353671819,-7.934897660819843
216,-0.4951774477958679,-2.9014275074005127,-5.690489768981934,-7.018614768981934,-5.870177268981934,-5.10682538873516,-1.4328232897387352,-7.549865245818978,-5.206705157470424,-9.401452302619873
217,-1.4181188344955444,-3.043118953704834,-5.160306453704834,-6.535306453704834,-4.472806453704834,-3.6316120103001595,-0.6057560349727282,-7.464994549751111,-5.098626515711658,-8.511892437647475
218,-0.8739009499549866,-1.0457758903503418,-4.467650890350342,-6.162963390350342,-4.842650890350342,-5.507366920472123,-2.4053277812927263,-5.623901724815028,-4.600797239836538,-8.147372245231963
219,-0.9106615781784058,-0.8950365781784058,-4.715349197387695,-5.887224197387695,-5.348161697387695,-5.262817802664358,-2.8483319137594663,-6.020037531852381,-5.903287672234001,-8.395066022443643
220,-0.8523488640785217,-1.086723804473877,-4.742973804473877,-6.313286304473877,-5.024223804473877,-6.361007213359699,-2.3994140443974175,-5.578912138938563,-4.915285372786457,-7.743006228876766
221,-0.8436533212661743,-2.4217782020568848,-4.140528202056885,-5.874903202056885,-3.919683575630181,-4.274159045889974,-1.099499574964284,-7.029058933257943,-4.115398802678101,-8.583768248308843
222,-1.773747205734253,-1.492497205734253,-3.554997205734253,-6.976872444152832,-1.5549974441528036,-3.3279140321537852,-2.273887028452009,-7.015935301780644,-2.8836432530079037,-9.484705924767695
223,-0.5565866827964783,-2.197211742401123,-4.165961742401123,-5.955024242401123,-4.751899242401123,-5.058278916287236,-1.6035655683008372,-6.431587219238168,-4.705610103614163,-8.947231769350765
224,-0.7628374099731445,-2.4347124099731445,-5.3800249099731445,-6.2550249099731445,-4.778462648391695,-3.877733340021223,-1.247530171443941,-6.989400386810189,-4.990221639513038,-8.426922678687333
225,-0.6695228815078735,-1.2476478815078735,-4.817960262298584,-6.247647762298584,-5.607022762298584,-6.295400710834656,-2.3259814759803703,-6.028898477554094,-4.873087547864998,-8.427365421808645
226,-0.8847424387931824,-1.2597424983978271,-4.290992259979248,-5.767554759979248,-4.978492259979248,-6.2531073309946805,-2.025550467922585,-5.533180832862286,-3.7991849654063117,-7.830087899612408
227,-0.8333559036254883,-1.0521059036254883,-4.919293403625488,-5.677105903625488,-5.544293403625488,-6.115219285653438,-2.9429118469561217,-5.098981738090174,-5.114953576674452,-8.138068675674731
228,-1.0602240562438965,-0.9508491158485413,-4.2399115562438965,-6.1070990562438965,-5.0211615562438965,-5.6936753139598295,-2.5447648626141017,-5.458662509917758,-4.951219609269174,-7.849321841571509
229,-1.05788254737854,-0.7766326069831848,-4.136007785797119,-6.206320285797119,-5.175070285797119,-5.855359492416028,-2.7767732044449076,-5.901633501052629,-5.331707402627217,-8.354782104184778
230,-0.34344393014907837,-2.8121938705444336,-4.898131370544434,-6.187193870544434,-5.726256370544434,-5.860131295165047,-1.750020689010853,-6.843444466590711,-5.555012027209159,-9.421588420676926
231,-1.0108304023742676,-0.8702054023742676,-4.612392902374268,-5.963955402374268,-5.190517902374268,-5.941256488731597,-2.8703741884819465,-5.3389561176297775,-5.159657044976484,-7.932732224104257
232,-0.7102775573730469,-1.1477775573730469,-4.866527557373047,-5.718090057373047,-5.350902557373047,-5.757775232021231,-2.4760514386871364,-5.694653391837733,-5.304500348836882,-8.124374865878053
233,-0.8321502208709717,-1.5196502208709717,-4.824337959289551,-6.136837959289551,-5.058712959289551,-5.270558540825732,-2.0667310741264373,-5.582151174545061,-4.270034477871377,-7.902493714813318
234,-0.6915855407714844,-1.0665855407714844,-5.168148040771484,-6.558773040771484,-5.613460540771484,-5.864112760464195,-2.83240709756501,-5.855648994445346,-5.551356118143303,-8.355678200266993
235,-0.7835284471511841,-1.314778447151184,-4.6897783279418945,-6.3147783279418945,-5.2991533279418945,-5.761067509418353,-2.096217852755217,-5.71321666240658,-4.643320354283787,-7.799180268877535
236,-0.8283156156539917,-1.0314406156539917,-4.687690734863281,-6.101753234863281,-5.664253234863281,-5.297711878840346,-3.3362606676091673,-5.4220663309095585,-5.570922525221249,-8.414282798330532
237,-0.8740585446357727,-0.9834335446357727,-4.866246223449707,-5.936558723449707,-5.499058723449707,-6.117075218760874,-2.624218331911834,-5.233434438705217,-4.6479629380919505,-7.960022449149619
238,-0.8278247117996216,-1.1559497117996216,-5.062199592590332,-5.851262092590332,-5.726262092590332,-5.664605142839719,-2.452967752702534,-5.468450307845842,-5.1720540566020645,-7.937226056701547
239,-0.9594772458076477,-1.631352186203003,-5.209477424621582,-6.045414924621582,-5.311039924621582,-6.062763754045591,-1.7565772280213423,-5.764165759086268,-4.772436990024289,-6.8970108026660455
240,-0.490967333316803,-3.131592273712158,-5.584717273712158,-6.756592273712158,-5.819092392921441,-5.282753569306806,-1.241170743262046,-7.584717750549203,-5.491582800226752,-9.600363492751057
241,-0.9610500931739807,-1.179800033569336,-4.984487533569336,-6.195425033569336,-5.273550033569336,-5.329258278361522,-2.117531034484273,-5.875113368034022,-4.695720390562201,-7.562643169887451
242,-0.7564284801483154,-1.0845534801483154,-5.0142412185668945,-5.9829912185668945,-5.7095537185668945,-6.444584154814947,-2.756588446223759,-5.39705455303158,-5.256840263551567,-8.108016013791712
243,-0.9521689414978027,-1.0459189414978027,-4.413106441497803,-5.420918941497803,-5.295918941497803,-6.515847226954065,-2.2961008383281296,-5.24904501438084,-4.468289133452345,-7.397509812906719
244,-0.7197538018226624,-2.9697537422180176,-4.782253742218018,-6.743191242218018,-4.7353788614273,-4.433231819188222,-1.0011811099102488,-7.696316719055062,-4.649999343557283,-9.532274484428854
245,-1.0760868787765503,-0.9042118787765503,-4.78702449798584,-5.74796199798584,-5.55264949798584,-5.95972587284632,-2.9590977233892772,-5.224525332450526,-4.7874660709057935,-8.076114892570331
246,-0.8242048025131226,-1.3554548025131226,-4.667954921722412,-5.902329921722412,-4.964829921722412,-5.715826253290288,-1.9650382778345374,-5.503893256187098,-4.402726929052733,-7.871108769953935
247,-1.1029932498931885,-3.0092432498931885,-4.313930511474609,-5.923305511474609,-4.165493130683892,-3.798101022839546,-0.7593973756302148,-7.212368488311654,-4.455143755476456,-8.876453995428164
248,-1.0402051210403442,-1.0558301210403442,-4.633955001831055,-5.704267501831055,-5.251142501831055,-5.439527953916695,-2.1966734885936603,-5.438643455504916,-4.368724864238175,-7.649615167953016
249,-0.8297390341758728,-1.1422390937805176,-4.712551593780518,-6.095364093780518,-5.009426593780518,-5.713369750010315,-2.408058505228837,-5.5641148090360275,-4.462923457613215,-7.712580799630814
250,-0.43336012959480286,-1.6208600997924805,-5.2380475997924805,-6.9802350997924805,-5.8317975997924805,-5.559104523097631,-2.5585527234507026,-6.51148581504799,-5.566536598693347,-8.409947275811646
251,-0.748580813407898,-2.9204559326171875,-4.1157684326171875,-6.2642059326171875,-4.522018671035738,-3.9186283899471164,-1.0925158091122285,-7.037643909454232,-4.3819117394741625,-8.584545850377253
252,-0.8284451961517334,-1.1878201961517334,-4.4143829345703125,-6.0315704345703125,-5.102947235107422,-5.353682486049365,-2.509409881866304,-5.407635450362932,-4.712732469313778,-8.25141560983684
253,-0.8485727310180664,-2.0048227310180664,-3.6923227310180664,-6.145447731018066,-5.395447731018066,-5.412726702634245,-1.4268252768233651,-5.715760946273576,-3.7395382539834827,-7.840787648778132
254,-0.8236252665519714,-1.3705003261566162,-4.862687587738037,-6.167375087738037,-5.409562587738037,-5.65263911295915,-2.230078080596286,-5.550188541411899,-4.7068075449205935,-7.8705292935883335
255,-0.7577683329582214,-1.2733933925628662,-4.890580654144287,-6.320268154144287,-5.445268154144287,-6.0867308445158415,-2.2267057720164303,-5.804643988608973,-4.734715864353348,-7.843728661271598
256,-0.8386545181274414,-1.8855295181274414,-5.088654518127441,-6.268342018127441,-5.096467018127441,-4.655233635101467,-1.5888267607224407,-7.729279994964486,-4.659630078764167,-8.862112760329182
257,-0.768191933631897,-1.221316933631897,-4.682254314422607,-5.526004314422607,-5.197879314422607,-5.807968123233877,-2.2839808329590596,-5.330692410468885,-5.1669488634797744,-8.119780540135253
258,-1.1599531173706055,-1.0193281173706055,-4.6208906173706055,-5.6755781173706055,-5.0505781173706055,-5.285837973933667,-2.050731408773572,-5.550578832626115,-5.058677989669377,-7.753729223864866
259,-1.4142978191375732,-3.4221103191375732,-4.000235557556152,-6.492423057556152,-3.718985557556124,-2.994687513448298,-0.6957956245460082,-7.250236034393197,-4.133797722111922,-8.48463821372934
260,-0.5797308087348938,-4.126605987548828,-6.196918487548828,-6.626605987548828,-6.118793487548828,-6.0821155465673655,-0.939275190787157,-7.962544083595105,-6.181792730640154,-9.704753637057365
261,-1.2165703773498535,-0.8571953773498535,-4.7634453773498535,-6.0368828773498535,-5.2321953773498535,-5.55314734991407,-2.497972000070149,-5.3884460926053634,-4.966953800118063,-7.458790897777362
262,-0.9844610691070557,-1.3125860691070557,-4.414148330688477,-5.250085830688477,-4.640710830688477,-5.203954420110676,-1.8596559573052218,-5.265711665153162,-4.008278297696961,-7.906363963684271
263,-0.6388847231864929,-1.3732597827911377,-5.052947044372559,-5.631072044372559,-5.287322044372559,-5.827441491186619,-2.2953231157298433,-5.5373227596280685,-5.295520112093072,-8.279531836260503
264,-0.6791338324546814,-1.2416338920593262,-4.827571392059326,-5.968196392059326,-5.460383892059326,-6.414222700870596,-2.4293521404470084,-5.710384607314836,-5.116968099056976,-8.26509809457093
265,-0.7975501418113708,-1.2038002014160156,-4.875675201416016,-5.930362701416016,-5.164737701416016,-5.813957504346035,-2.063510123436572,-5.820988535880701,-4.969811603281414,-7.719458221843524
266,-0.8515172004699707,-1.6015172004699707,-4.679642200469971,-5.921829700469971,-5.015579700469971,-5.672935589333065,-1.8048260042996844,-5.4765180349346565,-4.1956265518965665,-7.664043426169883
267,-0.7894120216369629,-1.289412021636963,-4.476912021636963,-5.672224521636963,-4.953474521636963,-5.45433984498959,-2.2270794966607355,-5.562850236892473,-4.141341380542144,-7.9847522970158025
268,-0.6371488571166992,-1.2465238571166992,-4.934023857116699,-5.848086357116699,-5.402773857116699,-5.997281264455523,-2.4810600150958635,-5.637149929999737,-5.3405917377676815,-8.215311526542791
269,-0.9354873895645142,-1.2323623895645142,-4.568299770355225,-5.427674770355225,-5.287049770355225,-5.678647878987249,-2.1700203293876257,-5.07611310481991,-4.412357521388913,-7.748014330498336
270,-0.7869765758514404,-1.3338515758514404,-4.7322893142700195,-6.2791643142700195,-5.5682268142700195,-5.475205394381192,-2.22464798411238,-5.982290148734705,-4.7405084736819845,-8.029189705526733
271,-0.8459435701370239,-1.127193570137024,-4.908443450927734,-6.228755950927734,-5.220943450927734,-5.721892383357044,-2.330524661738309,-5.642819166183244,-4.768166958150687,-7.713161229628895
272,-0.7314267158508301,-1.13767671585083,-5.08298921585083,-6.06736421585083,-5.66111421585083,-6.255452340701595,-2.8878773249598453,-5.497052550315516,-5.380296732822899,-8.411140083919236
273,-1.0013543367385864,-1.0013543367385864,-4.774791717529297,-5.579479217529297,-5.298229217529297,-5.666097885754425,-2.8218284714530455,-5.157604932784807,-5.009523328131763,-8.063878059103445
274,-0.837270200252533,-1.2435202598571777,-4.532582759857178,-5.931020259857178,-5.282582759857178,-5.861688609584235,-2.0561675916833337,-5.4935210943218635,-4.376775524346158,-7.891988396175293
275,-0.6426900625228882,-2.6895651817321777,-4.423940181732178,-6.423940181732178,-5.517690181732178,-4.879715860355645,-1.1428213033359498,-7.017690658569222,-4.752661408041604,-9.173962115990435
276,-0.7722723484039307,-1.1316473484039307,-4.983209609985352,-6.334772109985352,-5.373834609985352,-6.1795078424038365,-2.459926474140957,-5.873835206031629,-5.413282796856947,-8.373855948220807
277,-1.2719430923461914,-1.2719430923461914,-4.982880592346191,-6.467255592346191,-5.326630592346191,-5.554519845638424,-1.8815073787845904,-6.053194046020053,-3.998867446265649,-7.068854331315379
278,-0.39188244938850403,-2.3450074195861816,-4.798132419586182,-6.743444919586182,-6.055944919586182,-5.697489077516366,-1.7982691432989668,-6.641883015632459,-5.486082452582195,-9.298151850520298
279,-1.1594879627227783,-0.8782379627227783,-5.143862724304199,-6.401675224304199,-5.667300224304199,-5.925919207453262,-2.565928083466133,-5.667300939559709,-5.073954619641881,-7.604828714918767
280,-1.0666954517364502,-0.7854454517364502,-4.269820213317871,-5.863570213317871,-5.285445213317871,-5.840808759036008,-2.8480912340746727,-5.465133428573381,-5.465554267721018,-8.32453632313809
281,-0.7760024070739746,-1.2135024070739746,-4.713502407073975,-5.901002407073975,-5.276002407073975,-5.652172714821063,-2.3230727720074356,-5.39319074153866,-4.542083040374564,-7.838533401009045
282,-0.44823139905929565,-2.3857314586639404,-4.643543720245361,-5.940418720245361,-5.870106220245361,-5.9728497442556545,-1.5889754224554054,-6.5185443162916386,-5.0972066862741485,-9.221692800243545
283,-0.9044431447982788,-1.2794431447982788,-4.693505764007568,-6.052880764007568,-4.834130764007568,-5.655347057909239,-1.9202480154344812,-5.615381598472254,-4.256428271677578,-7.599785565886123
284,-0.7988573312759399,-1.14260733127594,-5.18166971206665,-6.40823221206665,-5.52541971206665,-6.057593157573137,-2.517822123321821,-5.572295784949688,-4.736692729929928,-7.642638086796069
285,-1.1265819072723389,-0.8453319072723389,-4.189082145690918,-5.634394645690918,-5.439082145690918,-5.213336610759143,-3.1189182885864284,-5.212520360946428,-5.056670108693652,-8.079732179328857
286,-0.974312424659729,-1.099312424659729,-4.4743123054504395,-5.5211873054504395,-5.1852498054504395,-5.826801823917776,-2.208874208154157,-4.997750520705949,-4.935666950943414,-8.036839604017587
287,-0.7942233681678772,-1.2629733085632324,-4.934848308563232,-5.919223308563232,-5.583285808563232,-6.15487220173236,-2.2319242752273567,-5.348911643027918,-4.825911664229352,-7.958312153468796
288,-0.6164581179618835,-3.0383331775665283,-5.350832939147949,-6.413332939147949,-5.702395439147949,-4.977362178149633,-1.1009981496172259,-7.218020915984994,-5.2029217288363725,-9.311791538970283
289,-0.7594872713088989,-1.071987271308899,-5.103237152099609,-5.853237152099609,-5.517299652099609,-5.682198413123842,-2.8065223565499764,-5.626675248145887,-4.978635946841678,-8.298573016847513
290,-0.5940360426902771,-1.4690361022949219,-5.328411102294922,-6.367473602294922,-5.492473602294922,-5.735405168205034,-2.2036802406364586,-5.859661817550432,-4.98509242766886,-8.37530779815097
291,-0.6516132950782776,-1.3859882354736328,-5.307863235473633,-6.378175735473633,-5.417238235473633,-5.887078286963515,-2.3080649172479752,-5.823489069938319,-5.0271134317154065,-7.628210067159671
292,-0.9563435316085815,-1.3313435316085815,-4.464156150817871,-5.932906150817871,-4.940718650817871,-5.082391070900485,-1.9877810302423313,-5.573531985282557,-4.18324846131145,-7.886061548724683
293,-1.1626235246658325,-0.9907485246658325,-4.475123405456543,-6.107935905456543,-4.936060905456543,-4.866393358097412,-2.240916714814375,-5.561061620712053,-4.663019578641979,-7.654844760319975
294,-1.0817489624023438,-1.1286239624023438,-4.448936462402344,-6.214561462402344,-4.964561462402344,-5.231048927234951,-2.238211609161226,-5.472374916076205,-4.01968314757687,-7.65209138348655
295,-0.6760751605033875,-2.9729502201080322,-4.426074981689453,-6.215137481689453,-5.176074981689453,-5.061213646782562,-1.051241145672975,-7.019825458526498,-4.762435465992894,-9.230783581511787
296,-0.8529281616210938,-1.3060531616210938,-4.774803161621094,-5.641990661621094,-5.102928161621094,-5.775633348035626,-2.0406446222623345,-5.462304115294955,-4.345516601286363,-8.071706413824359
297,-0.5652763843536377,-2.7684013843536377,-4.830901145935059,-6.088713645935059,-5.448088645935059,-5.364978841738775,-1.1747984778048703,-7.205901622772103,-5.558042120479513,-8.823112606714858
298,-0.6548961997032166,-2.6392712593078613,-4.545521259307861,-6.006458759307861,-5.139271378517144,-4.922817096114159,-1.1238022920879303,-6.912709236144906,-5.046061608183663,-9.006482481663625
299,-0.7965164184570312,-1.0933914184570312,-4.726203918457031,-5.960578918457031,-5.702766418457031,-6.273888855881523,-2.5154632136254804,-5.577767491340069,-5.281184272782411,-7.882481813041522
300,-0.7862648963928223,-1.2550148963928223,-4.645639896392822,-5.645639896392822,-5.551889896392822,-5.505906660982873,-2.6145475978410104,-5.333140611648332,-4.677253299480071,-8.215974807477323
301,-0.8973773121833801,-0.9911273121833801,-4.4286274909973145,-6.1630024909973145,-5.0067524909973145,-5.2026525201508775,-2.6162856691807974,-5.538003206252824,-4.757105884084012,-8.248963594147426
302,-0.49860966205596924,-2.2486095428466797,-4.38142204284668,-6.24860954284668,-5.51423454284668,-5.148478079587221,-1.5612476968817646,-6.654860138892957,-4.9443818465515506,-9.006446361245253
303,-1.0122686624526978,-0.9028936624526978,-4.793518543243408,-6.301331043243408,-5.309143543243408,-5.473859454272315,-2.9343527336604893,-5.559144139289685,-5.528218216641108,-8.316978573555389
304,-0.8530963063240051,-1.0405962467193604,-4.8843464851379395,-6.3765339851379395,-5.4390339851379395,-6.002267925767228,-2.5408156869380036,-5.845284938811801,-4.892648815352004,-8.040621518763146
305,-0.5977120995521545,-2.8633370399475098,-4.59771203994751,-6.16021203994751,-5.183649659156792,-4.499242405407131,-1.222865808114875,-6.972712516784554,-4.887146522960393,-8.80085694770969
306,-1.0675599575042725,-0.8019348978996277,-4.833184719085693,-6.012872219085693,-5.286309719085693,-6.005687635624781,-2.8177312465850264,-5.340998053550379,-5.310059856186854,-7.981648802404379
307,-1.0533843040466309,-0.8658843636512756,-4.240884304046631,-5.733071804046631,-5.569009304046631,-5.499583566270303,-2.741024365153862,-5.178385138511317,-5.178742702148156,-7.912784099271448
308,-0.8212069869041443,-0.9462069869041443,-4.875894546508789,-6.508707046508789,-5.579019546508789,-5.954684870608617,-2.7901695740874857,-5.774332880973475,-5.3059298387379386,-8.336852907916182
309,-0.7394924759864807,-1.036367416381836,-4.919179916381836,-6.091054916381836,-5.325429916381836,-5.872974886500742,-2.47403215005761,-5.817618250846522,-5.325762216671137,-8.395765900335391
310,-1.0021549463272095,-1.0334049463272095,-4.83809232711792,-6.03340482711792,-5.15840482711792,-5.635568557190709,-2.6976556600566255,-5.103718161582606,-4.690103787725093,-7.759996532968216
311,-0.5420069694519043,-2.1982569694519043,-4.495131969451904,-6.198256969451904,-5.135756969451904,-4.864901663037017,-1.6046261716401204,-6.510757446288949,-4.714296135964105,-8.417029857384478
312,-1.1195520162582397,-1.0883020162582397,-4.767989635467529,-5.674239635467529,-4.994552135467529,-5.722092150594108,-1.8541325119585963,-5.533615469932215,-4.299607209366513,-7.611767768463324
313,-0.9488896131515503,-1.1676396131515503,-4.52701473236084,-5.83170223236084,-5.06607723236084,-5.066693354572635,-2.3553161465533776,-5.605140566825526,-4.2851783612859435,-8.027047156763729
314,-0.9305047392845154,-1.0398797988891602,-4.25862979888916,-6.10237979888916,-5.17269229888916,-5.821777015051339,-2.758825878947391,-5.25863051414467,-4.524666939658346,-8.118030190145873
315,-0.5728178024291992,-3.416567802429199,-5.166567802429199,-5.627505302429199,-5.74469304084775,-5.391282347030938,-1.1668339613534044,-6.893130779266244,-5.612427323416341,-8.713465690350858
316,-1.0893371105194092,-0.9018371105194092,-4.909649848937988,-6.308087348937988,-5.651837348937988,-6.16032649029512,-2.777029853357817,-5.62840080261185,-5.285046975419391,-7.737815856093221
317,-1.3834891319274902,-0.7897391319274902,-4.58661413192749,-5.61005163192749,-5.27411413192749,-5.376513726718258,-3.0399055342568317,-5.281927466392176,-4.938595088169677,-7.9616439338060445
318,-0.8146886825561523,-1.0803136825561523,-4.947501182556152,-5.853751182556152,-5.500699043273926,-6.149977449560538,-2.594641666932148,-5.391324996947787,-4.923019548354205,-7.883540749124222
319,-1.196289300918579,-3.508789300918579,-4.4384765625,-6.2041015625,-4.7197266817092824,-3.8872582279145718,-0.6026982538605807,-7.2197270393370445,-4.79836546088336,-8.610376834549243
320,-0.7975614666938782,-1.2663114070892334,-4.6881866455078125,-5.7350616455078125,-5.2819366455078125,-5.626446554320864,-2.016484960753587,-5.656937360763322,-4.719726520474069,-8.016334175808879
321,-0.5538286566734314,-1.5694537162780762,-5.389766216278076,-6.350703716278076,-5.491328716278076,-6.141398884472437,-2.1634770258388016,-6.225704431533586,-5.37475388351595,-7.6319793459460925
322,-0.8107519745826721,-0.9045019745826721,-5.365439414978027,-6.662314414978027,-5.662314414978027,-5.967696306353901,-2.9203027332259808,-5.935752749442713,-5.842299059586367,-8.052969216856582
323,-0.9550635814666748,-1.1581885814666748,-4.314438819885254,-5.744126319885254,-5.173813819885254,-5.674610059300903,-2.3770884163241135,-5.345689535140764,-4.4241381357715,-8.080090760820895
324,-0.9759122133255005,-1.0852872133255005,-4.577474594116211,-6.296224594116211,-5.366537094116211,-5.633003000402823,-2.085471851445618,-5.819662928580897,-4.999713473865995,-8.038452862863778
325,-1.0463030338287354,-2.5150530338287354,-4.257240295410156,-6.319740295410156,-5.265052795410156,-5.521916147787124,-0.8120618968969211,-6.546303272247201,-4.491993713309057,-8.788510203163241
326,-0.8398653268814087,-1.1054903268814087,-4.339865207672119,-5.785177707672119,-5.425802707672119,-5.840622138523031,-2.886893499075086,-5.222678542136805,-4.933951559709385,-8.191455244652389
327,-0.8197689056396484,-1.4447689056396484,-4.468206405639648,-5.601018905639648,-5.382268905639648,-6.141710860421881,-1.8511851887742523,-5.65570735931351,-4.702956129418453,-7.999482988958334
328,-1.0069409608840942,-2.5538158416748047,-4.819440841674805,-6.053815841674805,-4.483503580093355,-4.114750737324357,-0.8979543885216117,-6.991316318511849,-4.546802558936179,-8.561653256105274
329,-0.7368160486221313,-1.2524410486221313,-4.736815929412842,-5.963378429412842,-5.486815929412842,-5.597303843824193,-2.362016061786562,-5.588379144668352,-4.91688113231794,-8.018093943217536
330,-0.8902791738510132,-1.1871541738510132,-4.741841793060303,-6.023091793060303,-5.265279293060303,-5.789790530572645,-1.9373259396816138,-5.663717508315813,-4.2421872019185685,-7.5621881479237345
331,-0.5583345293998718,-2.1833345890045166,-4.4020843505859375,-5.7536468505859375,-5.1989593505859375,-5.224978925194591,-1.496053552502417,-6.831772327422982,-5.043605760147329,-8.761479973580208
332,-1.0465874671936035,-0.9997124075889587,-4.6559624671936035,-6.1247124671936035,-5.2028374671936035,-5.547308899927884,-2.3592663843301125,-5.820025920867465,-4.726602381502744,-7.765372752521216
333,-0.7609933614730835,-1.0734933614730835,-4.885993480682373,-6.354743480682373,-5.307868480682373,-6.129002829315141,-2.5736628627346363,-5.417244315147059,-4.644103482802166,-7.815703034157195
334,-0.6504155397415161,-1.4160405397415161,-4.556665420532227,-5.884790420532227,-4.994165420532227,-5.245049562479835,-2.197469218473998,-5.6738536357877365,-4.666496172983898,-8.525441527026487
335,-1.0780832767486572,-1.0937082767486572,-4.382770538330078,-5.398395538330078,-5.023395538330078,-6.118200103519484,-2.031392080578371,-5.109333872794764,-4.344099087553332,-7.484365820346284
336,-0.7617538571357727,-1.449253797531128,-5.316441535949707,-6.128941535949707,-5.660191535949707,-7.297629015985876,-1.8401747503958177,-6.1133176088327446,-4.324833463586401,-7.160221814650868
337,-0.8857470750808716,-1.1357470750808716,-5.002934455871582,-5.526371955871582,-5.534184455871582,-6.488611803390086,-2.19840263108199,-5.088872790336268,-4.644015327474335,-7.354524850456073
338,-0.8397055864334106,-0.9490805864334106,-4.644392967224121,-5.910017967224121,-5.269392967224121,-5.520084380463231,-2.91798447376641,-5.394393801688807,-5.410449530929327,-8.589729904830165
339,-1.0226459503173828,-1.0538959503173828,-4.210145950317383,-5.811708450317383,-5.186708450317383,-5.788933534407988,-2.890031318165711,-5.350771784782069,-4.702799807506381,-8.139862536960209
340,-0.8432933688163757,-1.4057934284210205,-4.335480690002441,-5.905793190002441,-5.093293190002441,-5.5004624670255,-1.8122173396550352,-6.038606405257951,-4.249865241639782,-8.210506438877928
341,-0.56562340259552,-3.0031232833862305,-4.7140607833862305,-6.4640607833862305,-5.206248521804781,-4.6431783977895975,-1.2846454012033064,-7.065623760223275,-4.941167802375276,-8.862519383208564
342,-0.7288787961006165,-1.2757537364959717,-4.877316474914551,-6.057003974914551,-5.377316474914551,-6.073489414935466,-2.0884233569231583,-5.642942547797588,-5.299496008286951,-7.947654127758142
343,-0.9922950863838196,-0.9297950863838196,-5.117295265197754,-5.867295265197754,-5.695420265197754,-5.587040405836888,-3.054974659040454,-5.515733480453264,-5.398905093286885,-8.328258752484544
344,-0.8582226037979126,-1.3269726037979126,-4.405097484588623,-5.201972484588623,-5.037909984588623,-5.914029091014527,-1.8740261633647606,-5.701973319053309,-4.343016536644427,-8.07700228648173
345,-0.8009966611862183,-1.1759966611862183,-5.043184280395508,-6.097871780395508,-5.769746780395508,-6.529445655993186,-2.176290111441631,-5.7775602340693695,-4.481280387553852,-7.715088247832682
346,-1.0764727592468262,-0.920222818851471,-4.568660259246826,-5.482722759246826,-5.326472759246826,-5.928753952146508,-2.6547495011618594,-5.092098593711512,-4.92065897010616,-7.935876965097123
347,-0.7260000705718994,-1.3822500705718994,-5.19474983215332,-5.98381233215332,-5.31193733215332,-5.91476039076224,-2.0074506796809146,-5.726000666618006,-4.913881824963028,-8.02289879293312
348,-0.8499785661697388,-1.3031035661697388,-4.576540946960449,-6.224978446960449,-5.217165946960449,-5.530767072807066,-2.1002038463193458,-5.646854281425135,-4.600324570841622,-7.865629672660361
349,-0.8123939037322998,-2.7186439037323,-4.273331642150879,-5.710831642150879,-5.298180103302002,-5.074869346804917,-0.9545740977337118,-6.8372430801390465,-4.822137339913752,-8.516952275973381
350,-0.49297064542770386,-1.4148457050323486,-5.0164079666137695,-6.9617204666137695,-6.5632829666137695,-5.596046612947248,-2.680639014390181,-6.235158562660047,-5.618404651788296,-8.532050132604127
351,-0.5231131911277771,-2.804363250732422,-4.749675750732422,-6.202800750732422,-5.5778009891509726,-5.503793452400714,-1.3982601057941793,-6.484051346778699,-4.79697123268852,-8.257507681657444
352,-0.46932220458984375,-2.9380722045898438,-5.516197204589844,-6.641197204589844,-5.719322443008394,-4.956863867817447,-1.3757687613833696,-7.274010181426888,-5.258752874302445,-9.03965723489091
353,-1.2903172969818115,-2.9934422969818115,-4.634067535400391,-6.298130035400391,-3.9778176546096233,-3.659928960725665,-1.0250083900464233,-6.540318131446668,-3.994289396912791,-7.8372226948959
354,-0.9609081745147705,-1.2890331745147705,-4.445282936096191,-5.539032936096191,-4.960907936096191,-5.430591743148398,-2.039206847373862,-5.273408770560877,-4.008197579241823,-7.820311784327714
355,-0.8968930244445801,-1.35001802444458,-4.53751802444458,-6.16251802444458,-5.10001802444458,-6.05427653901279,-1.7408474474796094,-5.420331358909266,-4.0145100624649785,-7.459416269985013
356,-0.8086190223693848,-1.4023690223693848,-4.222681522369385,-5.628931522369385,-4.886744022369385,-5.387889206060208,-1.8556332491280045,-5.402369618415662,-4.074662836093921,-8.18364298313827
357,-0.9957597255706787,-1.1520097255706787,-3.9254472255706787,-5.300447463989258,-4.831697463989258,-5.488591225293931,-2.0896704067854444,-5.261385798453944,-4.003880572534399,-7.972351073809477
358,-1.1110012531280518,-0.7360012531280518,-4.814126014709473,-5.845376014709473,-5.712563514709473,-5.986799755482934,-2.720529425336281,-5.634439468383334,-5.572205507865874,-7.9000934357936785
359,-0.721804678440094,-1.6124296188354492,-4.971804618835449,-5.729617118835449,-5.284304618835449,-5.895318951806985,-1.737604245194234,-5.635867834090959,-4.769083299208432,-8.081203221996475
360,-1.1587445735931396,-2.5493695735931396,-6.5493693351745605,-5.3540568351745605,-6.713432073593111,-5.67183624394238,-0.6432896111800801,-7.549369812011605,-5.823310129344463,-10.158770203268432
361,-1.1040643453598022,-0.9478143453598022,-4.400939464569092,-5.596251964569092,-4.783751964569092,-5.5815716094803065,-2.182382803352084,-5.541565179824602,-4.3075309408595785,-7.986906051211918
362,-0.743396520614624,-1.602771520614624,-4.782459259033203,-5.977771759033203,-5.102771759033203,-5.236458872619551,-2.0248026725894306,-5.782460093497889,-4.868642300018109,-7.93873500790869
363,-0.9730464220046997,-1.1449214220046997,-4.41054630279541,-5.78554630279541,-5.04335880279541,-5.747288141923491,-2.4576145223836647,-5.183984756469272,-4.762512959801825,-7.94182038278268
364,-1.081950068473816,-0.9100750684738159,-4.8475751876831055,-5.7538251876831055,-5.5585126876831055,-5.848298764671199,-3.1758621799817774,-5.113201022147791,-5.285405342903687,-8.214790224650642
365,-0.8695456385612488,-1.0882956981658936,-4.0804829597473145,-5.8148579597473145,-5.2914204597473145,-5.862319893203676,-2.494714245898649,-5.502358555793592,-4.885457832046086,-8.166443943711784
366,-1.0201388597488403,-0.8638888597488403,-4.699826240539551,-5.926388740539551,-5.309201240539551,-6.286530320008751,-2.364070518189692,-5.332639575004237,-4.934519121190533,-7.6842248437005765
367,-1.1748225688934326,-0.8779476284980774,-4.635760307312012,-6.260760307312012,-4.799822807312012,-5.245869128790218,-2.018694274171139,-5.8545111417766975,-4.9798321206180844,-7.612346172059915
368,-1.1511883735656738,-0.7293133735656738,-4.612125873565674,-5.682438373565674,-5.276188373565674,-5.612658120575361,-2.97946070539183,-5.760564088821184,-5.6983564662514254,-8.49496340719088
369,-0.7621349096298218,-1.1371349096298218,-4.918385028839111,-5.973072528839111,-5.316822528839111,-5.880717258085497,-2.465406049552257,-5.8246356248853886,-5.012497240270022,-8.043408155162979
370,-0.6475840210914612,-1.4757089614868164,-5.124146461486816,-6.327271461486816,-5.553833961486816,-5.625360705074854,-2.0540218176756753,-5.952272176742326,-4.905756647087401,-7.94447994210168
371,-0.5532566905021667,-2.5688817501068115,-4.326694011688232,-5.826694011688232,-5.709506511688232,-5.680066853179596,-1.350231046511908,-6.40481960773451,-4.897382307972293,-9.217342614860172
372,-0.7118148803710938,-1.1180648803710938,-5.477439880371094,-6.321189880371094,-5.766502380371094,-6.126835721312091,-2.6026141491602175,-5.602440595626604,-5.266890569677344,-8.047773360985957
373,-1.158559799194336,-1.517934799194336,-4.760122299194336,-5.947622299194336,-4.994497299194336,-5.378625599783845,-1.6744237852544757,-5.494498252868198,-3.6356077207892668,-7.392969488497329
374,-0.819948673248291,-1.194948673248291,-4.788698673248291,-6.530886173248291,-5.444948673248291,-5.633403679530602,-2.257663465323276,-5.866824626922153,-4.632827091147192,-7.3902970546005236
375,-0.9041286706924438,-0.9197536706924438,-5.224441051483154,-5.966628551483154,-5.919753551483154,-6.4053037411067635,-2.7168314251175616,-5.568192124366192,-5.217123624286614,-7.911969303686419
376,-0.7922400832176208,-1.1828651428222656,-5.221927642822266,-6.604740142822266,-5.550052642822266,-6.1995670954929665,-2.3862149462656816,-5.690678715705303,-4.800490045250626,-7.550078034078979
377,-0.7221876382827759,-1.2221876382827759,-4.612812519073486,-6.269062519073486,-5.378437519073486,-5.871270805655513,-2.6130105061020004,-5.581563353538172,-4.941283881285926,-8.214400529548584
378,-0.845618724822998,-1.173743724822998,-4.275306224822998,-5.673743724822998,-4.822181224822998,-5.283907459990587,-2.1270228505600244,-5.369056940078508,-4.51004069542978,-8.165956854503747
379,-1.1087034940719604,-2.57745361328125,-4.39776611328125,-5.52276611328125,-4.96807861328125,-5.255152992904186,-0.749465456159669,-6.8196415901182945,-4.452990149555262,-8.280600189929828
380,-1.0925805568695068,-1.1394555568695068,-4.616018295288086,-5.889455795288086,-4.701955795288086,-4.882328513893299,-1.7958689794468228,-5.803519129752772,-4.530490552861011,-7.70979809716664
381,-0.8107472062110901,-1.4513721466064453,-4.287309646606445,-5.412309646606445,-5.060747146606445,-5.608992471708916,-1.8265207895456115,-5.607622861861955,-4.186072892538505,-7.974837421985285
382,-0.9685555696487427,-1.4216805696487427,-4.796680450439453,-6.202930450439453,-4.882617950439453,-5.149443025235087,-1.7500446748890681,-5.671681284904139,-3.8986020635347813,-7.749837040402781
383,-1.1947550773620605,-0.7416300177574158,-5.1400675773620605,-5.9291300773620605,-5.4291300773620605,-5.906503348611295,-2.8042884939641226,-5.5775682926175705,-5.281102811568417,-7.6088485712971305
384,-0.8793118596076965,-1.0199368000030518,-5.043374538421631,-6.176187038421631,-5.488687038421631,-5.997125191439409,-2.6451520688133314,-5.652750372886317,-5.32500927199726,-8.074649452841186
385,-0.9129882454872131,-1.3036131858825684,-4.655175685882568,-5.897363185882568,-5.647363185882568,-6.14092553476803,-2.069428068251,-5.842676520347254,-4.3665031626296695,-7.459895848693122
386,-0.8496373295783997,-1.2090122699737549,-4.873075008392334,-5.740262508392334,-5.529325008392334,-5.428764794487506,-2.5372948522417573,-5.099638223647844,-4.873428043996682,-7.966850399649047
387,-0.9061249494552612,-0.9686249494552612,-4.749875068664551,-6.015500068664551,-5.632687568664551,-5.891337401699275,-2.5781353620550362,-5.218625783920061,-5.289346492121695,-8.031148791031228
388,-0.6291995644569397,-2.738574504852295,-4.902637004852295,-5.777637004852295,-5.8337082862854,-5.773120362195186,-1.0994553491473198,-6.818083882331678,-5.318450621853117,-9.169669866259937
389,-1.1622412204742432,-0.8497412204742432,-4.920053482055664,-5.701303482055664,-4.810678482055664,-5.342643124749884,-2.4592920387221966,-5.45911681652035,-4.615715085121337,-7.341959475990734
390,-0.9629350900650024,-1.0410600900650024,-4.509809970855713,-5.556684970855713,-5.244184970855713,-6.041723150585312,-2.7834572572028264,-5.048873305320399,-4.596229675371433,-7.947342633666267
391,-0.9989557862281799,-0.9677057862281799,-4.459893226623535,-5.858330726623535,-4.944268226623535,-5.078126479522325,-2.295985090735485,-5.577081441879045,-4.624244052334689,-8.014606594704674
392,-0.5940304398536682,-1.4534053802490234,-5.164342880249023,-6.094030380249023,-5.554967880249023,-5.501382577698678,-2.59421692538308,-5.429968476295301,-5.258449371671304,-8.38311421848448
393,-0.8364839553833008,-1.1802339553833008,-4.820858955383301,-6.039608955383301,-5.430233955383301,-5.376586968544871,-2.75853930276935,-5.172422170638811,-4.829123871488264,-8.055260657907638
394,-0.6883344054222107,-1.1570844650268555,-4.7352094650268555,-5.6727094650268555,-5.6492719650268555,-6.196709236362949,-2.641643388051307,-5.625835418700717,-5.329427132906858,-8.594614028494107
395,-0.7149313688278198,-1.0743063688278198,-5.214931488037109,-5.941493988037109,-5.519618988037109,-6.239285168470815,-2.668234809229034,-5.589932322501795,-5.4262727875611745,-8.1446441408807
396,-1.168311595916748,-0.8401866555213928,-4.644874095916748,-5.691749095916748,-5.652686595916748,-6.036552113015205,-3.2622276406764286,-4.918312430381434,-5.043713369697798,-7.9105266328842845
397,-0.8812758922576904,-1.1937758922576904,-4.3812761306762695,-5.5140886306762695,-5.2250261306762695,-5.827646292047575,-2.287682401802158,-5.037526965140955,-3.8191769510740414,-8.08442723717053
398,-1.3114838600158691,-0.7802338600158691,-4.413046360015869,-5.772421360015869,-4.709921360015869,-5.288703344995156,-2.6709921271249186,-5.116172075271379,-4.850935979280621,-7.616203784418758
399,-0.8607497811317444,-1.3138747215270996,-4.4154372215271,-5.7357497215271,-4.6654372215271,-5.56469359237235,-1.9234021785814548,-5.4935629367826095,-4.009505698020803,-7.884214996905939
400,-0.8466163873672485,-1.0653663873672485,-5.166928768157959,-6.010678768157959,-5.815366268157959,-6.1288991598412395,-2.5499421156418975,-5.690367102622645,-4.73767175944522,-8.11226260640251
401,-1.1559133529663086,-0.8902882933616638,-4.812163352966309,-5.687163352966309,-5.101225852966309,-5.4847641932428814,-2.6404847905796487,-5.390289187430994,-4.835907531436533,-7.859063863428673
402,-0.41929319500923157,-2.575543165206909,-5.020855903625488,-6.450543403625488,-5.934918403625488,-5.608802206814289,-1.575699913140852,-6.9192939996717655,-5.365188786352519,-9.255249023273791
403,-0.6350630521774292,-1.3225630521774292,-4.869438171386719,-6.033500671386719,-5.486625671386719,-5.737446924496908,-2.4320862183667487,-5.346001386642229,-4.60418134109932,-8.267902493116708
404,-1.0178773403167725,-1.1428773403167725,-4.525690078735352,-5.744440078735352,-4.947565078735352,-5.487222494499292,-2.314964867895469,-5.2756907939908615,-4.502601085958304,-7.87728023490854
405,-0.43113550543785095,-2.837385416030884,-5.071760654449463,-6.142073154449463,-6.243635654449463,-6.112684066989459,-1.400023808455444,-7.392073631286507,-5.705276837688871,-9.603032231087127
406,-0.9756927490234375,-0.9444427490234375,-4.7022552490234375,-5.9053802490234375,-5.7178802490234375,-5.945187887002248,-3.0540486307581887,-5.475693583488123,-5.421534040826373,-8.311659216460612
407,-1.4493316411972046,-4.058706760406494,-4.761831760406494,-6.839956760406494,-5.058706998825045,-3.9884673934429884,-0.43388374071219005,-7.839957237243539,-4.778023201681208,-8.863419890063597
408,-0.9667037725448608,-1.0292037725448608,-4.63076639175415,-5.99014139175415,-5.20107889175415,-5.443948513013311,-2.529433700852678,-5.341704726218836,-4.8420751597732306,-8.005799531372759
409,-0.919286847114563,-0.919286847114563,-4.989599227905273,-6.169286727905273,-5.286474227905273,-5.79507462924812,-2.7476020870235516,-5.450537562369959,-5.0290197684953455,-7.622441052961221
410,-0.6851273775100708,-1.2632523775100708,-4.396064758300781,-5.911689758300781,-5.224189758300781,-6.0452014147304,-2.7790664255444426,-5.224190473556291,-4.865241794002941,-8.317966460825119
411,-1.0486280918121338,-0.9861281514167786,-4.423628330230713,-5.548628330230713,-4.892378330230713,-5.22104844491696,-2.9081802211294416,-5.19706642627699,-5.345840993133606,-8.11115443671224
412,-0.5520657896995544,-2.973940849304199,-4.786440849304199,-6.630190849304199,-4.71612858772275,-4.144502455368638,-1.3335091880871914,-7.731753945350476,-4.66980477864854,-8.708338021986492
413,-1.0168014764785767,-1.0480514764785767,-4.532426357269287,-5.587113857269287,-5.321488857269287,-5.962922603590414,-2.798224434183794,-4.899614572524797,-5.040641941828653,-7.9308913942368235
414,-0.8142209053039551,-1.329845905303955,-4.509533405303955,-6.048595905303955,-5.189220905303955,-6.244601724552922,-2.236298540563439,-5.1267220973961685,-4.423901868751273,-7.4548690316387365
415,-0.9824663400650024,-3.599653720855713,-4.419966220855713,-5.880903720855713,-4.834028959274264,-3.058533131144941,-0.9517062894301489,-7.646529078483525,-4.4914705799892545,-8.224680542598435
416,-1.0397419929504395,-0.9459920525550842,-4.9381794929504395,-5.8678669929504395,-4.8678669929504395,-5.220162599696778,-2.539945581695065,-5.539742708205949,-4.657254166348139,-7.758518218650352
417,-0.9119808673858643,-1.4744808673858643,-4.982293128967285,-5.927605628967285,-5.435418128967285,-6.186993430368602,-1.86528085131431,-5.451043963431971,-4.82644573689322,-7.310445665934822
418,-1.0499422550201416,-1.1280672550201416,-4.9483795166015625,-6.3155670166015625,-5.5655670166015625,-6.309017575462349,-1.9407414046290796,-5.878067851066248,-4.323728381335968,-7.135910152919678
419,-0.9651685953140259,-1.6526685953140259,-5.191730976104736,-5.957355976104736,-5.722980976104736,-5.435931443236768,-2.3559712013666285,-5.308919191360246,-5.176575788733317,-8.00425612896106
420,-0.9031195640563965,-1.0437445640563965,-4.1843695640563965,-5.2078070640563965,-5.6140570640563965,-6.021131175803021,-2.8876457100122934,-5.082807898521082,-5.559697693388443,-8.098458289769042
421,-1.267866611480713,-0.7209915518760681,-5.017866611480713,-6.283491611480713,-5.213179111480713,-5.43258561991388,-2.9477693802909926,-5.580367445945399,-5.0807312062243,-7.744469641816977
422,-0.9213759303092957,-1.1401259899139404,-4.983875751495361,-6.147938251495361,-4.991688251495361,-5.648911360127386,-2.1403486480703577,-5.468251466750871,-4.499871066189371,-7.921402334814047
423,-0.6823740601539612,-1.1198740005493164,-5.166749000549316,-6.291749000549316,-5.604249000549316,-6.4174964018166065,-2.682572464327677,-5.502687454223178,-5.479561399290105,-8.229272007676627
424,-0.9234629273414612,-0.9859629273414612,-4.525025367736816,-5.767212867736816,-5.470337867736816,-5.674221585388295,-2.861127839787514,-5.212526202201502,-5.220776223402936,-8.21255338152696
425,-1.0309349298477173,-2.7340598106384277,-4.523122310638428,-5.921559810638428,-5.062185049056978,-3.8934253780171275,-0.9063959250925109,-7.085622787475472,-4.250545727089047,-9.01533663238115
426,-1.0579925775527954,-0.9486175775527954,-4.698617458343506,-5.979867458343506,-5.159554958343506,-5.629009832802694,-2.355046733049676,-5.456430792808192,-4.667704644583864,-7.5189627403597115
427,-0.6587536931037903,-1.1587536334991455,-5.393128871917725,-6.432191371917725,-6.104066371917725,-6.261718600871973,-2.768320065297303,-5.54156720638241,-5.096665536053479,-8.00252783268661
428,-0.9929748773574829,-0.8992248773574829,-5.086724758148193,-5.813287258148193,-5.625787258148193,-7.2987327803857625,-2.4150442887912504,-5.461725831031231,-5.282464532152517,-7.555506705728476
429,-1.156343936920166,-1.250093936920166,-4.601656436920166,-5.648531436920166,-4.984468936920166,-6.2356356725795195,-1.7190424006985268,-5.4375950098032035,-3.8833383581077214,-7.343877910989249
430,-0.6872198581695557,-1.5778448581695557,-4.632532119750977,-6.116907119750977,-4.898157119750977,-5.195975216396619,-2.015521391542279,-5.5465953350064865,-4.531285355304135,-8.16380429243327
431,-0.8416513204574585,-2.779151439666748,-4.716651439666748,-5.865088939666748,-4.560401678085299,-4.643053710460663,-1.0763053504633717,-7.232276916503793,-4.56109952396946,-7.951053380602389
432,-1.044248104095459,-0.9661230444908142,-4.708310604095459,-5.942685604095459,-5.356748104095459,-6.0687326670158654,-2.700677378801629,-5.278623938560145,-4.568137066962663,-7.809909700677963
433,-0.6800830960273743,-1.1800830364227295,-5.125395774841309,-6.336333274841309,-5.547270774841309,-5.821426372101996,-2.64902017750137,-5.656646847724346,-5.422627623775043,-7.797299623072831
434,-0.9522396326065063,-1.2491146326065063,-4.420989513397217,-5.647552013397217,-4.944427013397217,-5.578157361189369,-2.04618106437556,-5.295990347861903,-4.171386163245188,-7.803833007332287
435,-0.8987210988998413,-1.2268460988998413,-4.390908718109131,-6.383096218109131,-5.107407093048096,-5.819206462299917,-2.0060350713465596,-5.5214704275127815,-4.404738202953013,-7.7011926167870115
436,-1.198376178741455,-1.120251178741455,-4.448376178741455,-5.526501178741455,-4.846813678741455,-5.36361303483136,-2.479809148266213,-4.964002132415317,-3.722215571702691,-7.2843470567859185
437,-0.8880558013916016,-1.2161808013916016,-4.927118301391602,-6.145868301391602,-5.442743301391602,-5.537563109188341,-2.2945205934665864,-5.505244255065463,-4.763424090255285,-7.72402763307764
438,-0.7264652252197266,-1.1483402252197266,-4.663965225219727,-6.296777725219727,-5.359277725219727,-5.617912907677237,-2.7422871395829134,-5.492091059684412,-4.984700352040818,-8.304620265509584
439,-0.7653525471687317,-1.046602487564087,-4.874727725982666,-6.452852725982666,-5.577852725982666,-6.156791832356248,-2.749895439352258,-5.577853679656528,-5.179838567768456,-7.827881335802886
440,-0.8044365048408508,-0.9919365048408508,-5.054436683654785,-5.851311683654785,-5.788811683654785,-6.383350418822374,-2.945209134646575,-5.585687518119471,-5.609502363222418,-8.2185264822092
441,-0.9655205011367798,-0.9655205011367798,-4.72333288192749,-6.00458288192749,-5.46552038192749,-5.825861940393224,-3.153197511244798,-5.278021216392176,-5.31744449751568,-8.13742101160824
442,-0.8465138077735901,-1.1746387481689453,-5.104326248168945,-6.432451248168945,-5.409013748168945,-5.230230518500321,-2.378047783568036,-5.565264463424455,-4.846901341661578,-7.737163185774989
443,-0.8961939811706543,-0.9274439811706543,-4.950881481170654,-6.200881481170654,-5.505568981170654,-6.443793630227447,-3.255746825612732,-5.302444696426164,-5.7168721484194975,-8.255595683707725
444,-0.927563488483429,-1.1619384288787842,-4.599438667297363,-6.599438667297363,-5.560376167297363,-5.623928231652826,-2.74809441564139,-5.482252120971225,-4.365496660902863,-7.693217277117583
445,-0.8172866702079773,-1.395411729812622,-4.301661491394043,-5.262598991394043,-5.371973991394043,-6.240365138160996,-2.1299495564453537,-5.192287325858729,-4.028584176994627,-7.864196657516004
446,-1.0467617511749268,-3.1170742511749268,-4.531136512756348,-6.406136512756348,-4.710824251174898,-4.2017522430978715,-0.750155174464453,-7.492074489593392,-4.1724100393475965,-8.874909281470536
447,-0.7172677516937256,-3.4672677516937256,-4.436017990112305,-6.170392990112305,-5.490705490112305,-4.774941868381575,-0.9361857034818968,-7.381331086158582,-4.975723060080782,-9.264166116447086
448,-1.0044636726379395,-1.1294636726379395,-4.6450886726379395,-5.7154011726379395,-5.2232136726379395,-5.646226592827588,-2.2077924997429363,-5.481027007102625,-3.9970982267404906,-7.746683239423874
449,-0.4816702902317047,-2.466045379638672,-4.216045379638672,-5.856670379638672,-5.755107879638672,-5.154791174805723,-1.5911790043028304,-6.395733475684949,-5.114901931694476,-9.247328519271832
450,-0.6713911294937134,-1.2495161294937134,-4.905766010284424,-6.397953510284424,-5.577641010284424,-5.797241921711247,-2.4997277035727166,-5.78076684474911,-5.05461839173222,-8.272983550588833
451,-0.9759398698806763,-1.0071898698806763,-4.686877250671387,-6.179064750671387,-5.382189750671387,-5.750230663339607,-2.382385353979771,-5.6087530851360725,-4.702931312058354,-7.53847026778385
452,-0.8767240643501282,-1.1892240047454834,-4.9079742431640625,-5.6110992431640625,-5.4157867431640625,-5.518205752654467,-2.642515764629934,-4.986099958419572,-4.666181963053532,-8.142375588069626
453,-0.8747572302818298,-1.1091322898864746,-4.718507289886475,-6.148194789886475,-5.546632289886475,-5.789612455817405,-2.296840169277857,-5.820070743560336,-5.023627783491975,-7.585728763955558
454,-1.201430082321167,-1.029555082321167,-4.131117820739746,-5.662367820739746,-4.896742820739746,-4.90524304099381,-2.5375261181034148,-5.045181035995256,-3.9831565675267484,-7.701471208689327
455,-0.8115435838699341,-1.202168583869934,-4.6474809646606445,-5.8271684646606445,-5.2959184646606445,-5.882953041815199,-2.358609896458802,-5.3662316799161545,-4.397851041023387,-7.967817187027322
456,-0.9213988780975342,-1.2182738780975342,-5.194836616516113,-5.757336616516113,-5.437024116516113,-6.860702318372205,-1.7810469492978882,-5.687025070189975,-4.476729424786754,-7.272988319040451
457,-0.8839212656021118,-1.1182962656021118,-4.633921146392822,-6.001108646392822,-5.227671146392822,-5.158278161601629,-2.6184573043719865,-5.501109361648332,-4.485863494250225,-8.087075113844548
458,-0.8275803923606873,-1.155705451965332,-4.601017951965332,-5.741642951965332,-5.546330451965332,-6.031579589121975,-2.358988510997733,-5.327581286430018,-4.343614017940126,-8.194797634638235
459,-1.016361951828003,-0.8132370114326477,-4.852299690246582,-5.633549690246582,-5.664799690246582,-6.251509010908194,-3.125910386297619,-5.367925405502092,-5.813685555069242,-8.367948651026381
460,-0.8225657343864441,-1.1819407939910889,-4.65850305557251,-5.79131555557251,-5.47100305557251,-6.034403633733746,-2.510244234377751,-5.244441390037196,-4.901186939037871,-7.971030473332576
461,-0.7872363924980164,-3.709111452102661,-4.927861213684082,-6.685673713684082,-5.3497363328933645,-4.440595772117376,-0.8342776756326202,-7.6075491905211265,-4.905028041335754,-8.849762320178343
462,-0.7744207382202148,-1.3681707382202148,-4.641608238220215,-5.782233238220215,-5.180670738220215,-5.8537161650601774,-2.0402365740883397,-5.430671811103252,-4.4857420184707735,-7.70413649042348
463,-0.93593430519104,-0.96718430519104,-4.928121566772461,-5.959371566772461,-4.891312599182129,-5.7358351345174015,-2.5400257922592573,-5.531938552855991,-4.8526926253398415,-7.875715732177923
464,-0.9802000522613525,-0.9020750522613525,-4.519262313842773,-5.769262313842773,-5.534887313842773,-5.699615257035475,-3.0975448961398797,-5.339575648307459,-5.582184702332597,-8.089606403806101
465,-0.9620901942253113,-0.8370901942253113,-4.712090015411377,-5.985527515411377,-5.446465015411377,-6.525260342925321,-2.8372562985896366,-5.4074035882944145,-5.564063583762618,-8.133993982863103
466,-0.6901816129684448,-1.4714316129684448,-4.838619232177734,-6.033931732177734,-5.533931732177734,-5.956853676005267,-2.1278683965065284,-5.612057685851596,-4.667067356349435,-7.940212487701501
467,-0.8291491270065308,-1.0478991270065308,-4.61821174621582,-5.95414924621582,-5.14946174621582,-5.751846333092544,-2.3605517032701755,-5.680712699889682,-5.173248349281494,-7.774492620945239
468,-1.1351072788238525,-0.7913572192192078,-4.135107040405273,-5.877294540405273,-5.064794540405273,-5.174767077201977,-3.0415090207388857,-5.556982755660783,-5.151077449263539,-8.596079229708266
469,-1.2084197998046875,-0.9427947998046875,-4.3959197998046875,-5.9662322998046875,-5.0131072998046875,-5.0997309714439325,-3.0132717950909864,-5.177170515060197,-5.341594749566866,-8.067826866590622
470,-0.8174152970314026,-1.2236652374267578,-4.723665237426758,-5.543977737426758,-5.129915237426758,-5.904139209364075,-2.1144728493818548,-5.348666071891444,-4.622458752186503,-8.02056646312667
471,-1.0806269645690918,-0.8462519645690918,-4.643126964569092,-5.947814464569092,-5.205626964569092,-6.2142404685146175,-2.690174326344277,-5.5415654182429535,-5.01855233203969,-7.924404859153583
472,-1.1705307960510254,-0.9049058556556702,-4.490843296051025,-5.818968296051025,-4.826780796051025,-4.936803131364286,-2.451946483241045,-5.365844011306535,-5.014572577812942,-7.865871667459942
473,-1.306884765625,-1.119384765625,-4.150634765625,-6.213134765625,-4.627197265625,-4.534240169799887,-1.8851354043290485,-5.42407298088051,-4.385457177180797,-7.221003054015455
474,-1.0019278526306152,-0.9706778526306152,-4.634740352630615,-5.806615352630615,-5.228490352630615,-5.487007607996929,-2.2833719065238256,-5.556616067886125,-5.424084385333117,-8.0957019326288
475,-0.7163496613502502,-1.2788496017456055,-4.6929121017456055,-5.5835371017456055,-5.4585371017456055,-5.615590964443982,-2.419615258811973,-5.302287936210291,-4.466783786920132,-8.153881787737191
476,-1.1492282152175903,-3.071103096008301,-5.235165596008301,-6.571103096008301,-5.3601658344268515,-5.218418222852051,-0.5712650883360766,-7.617978572845345,-4.884187050978653,-9.461749076623164
477,-1.0691310167312622,-0.8660060167312622,-4.576943397521973,-5.741005897521973,-5.350380897521973,-5.64014541299548,-2.8817584433272714,-5.194131612777483,-5.569478570570936,-8.162906169571215
478,-0.7522560954093933,-1.142881155014038,-4.650693416595459,-6.189755916595459,-5.408505916595459,-5.776451300422195,-2.627448182742228,-5.627256751060145,-5.315157094591996,-8.463218569451783
479,-1.4520803689956665,-3.217705249786377,-4.655205249786377,-5.991142749786377,-4.397392988204928,-3.73114912211895,-0.6398818038578611,-7.319268345832654,-4.187015138275456,-8.014603733750846
480,-0.8952181935310364,-1.1920931339263916,-4.379593372344971,-6.012405872344971,-5.317093372344971,-6.083379765157588,-2.8798171030939557,-5.449906826018832,-4.794151898357086,-8.215558766916729
481,-0.7548564076423645,-1.1611063480377197,-4.786106586456299,-6.043919086456299,-5.418919086456299,-5.631013201083988,-2.426905020896811,-5.497044920920985,-4.79433289548615,-7.950193047236098
482,-1.1420694589614868,-1.0639444589614868,-4.071756839752197,-5.884256839752197,-5.313944339752197,-5.541259839665145,-3.2516789161163615,-5.173320293426059,-4.88473570800852,-8.165538548935729
483,-0.8149968981742859,-1.1743719577789307,-4.729059219360352,-5.736871719360352,-5.557184219360352,-6.182942222279962,-2.7058089796628337,-4.9556224346158615,-5.237282787711592,-8.16658604109034
484,-0.9119207859039307,-0.9587957859039307,-4.661920547485352,-6.185358047485352,-5.1904754638671875,-5.574022261833306,-2.9406635584309697,-5.487351298331873,-5.284506639058236,-8.120191335276104
485,-0.9852423667907715,-1.3133673667907715,-4.2118048667907715,-5.6961798667907715,-4.5008673667907715,-4.65783272421686,-1.9541654437052784,-5.469618201255457,-4.024655161541887,-7.727457403758308
486,-0.8770862221717834,-1.0020861625671387,-4.345836162567139,-6.189586162567139,-5.158336162567139,-5.518417823885102,-2.4397735420207027,-5.8458369970318245,-4.924322063161526,-8.556806921420502
487,-1.0329222679138184,-1.2047972679138184,-4.579797267913818,-5.595422267913818,-5.064172267913818,-5.471291045367252,-2.173739295642008,-5.35323572158768,-4.1973270784073975,-7.5642051691356755
488,-1.0104094743728638,-0.7135344743728638,-5.205721855163574,-6.572909355163574,-5.838534355163574,-6.35485636733938,-2.869969231687719,-6.080722808837436,-5.72180737380404,-8.112002849098644
489,-0.7847536206245422,-1.0191285610198975,-5.058191299438477,-6.183191299438477,-5.566003799438477,-6.012130286719184,-2.5974492835230194,-5.597254633903162,-5.574158133240417,-7.956661104635714
490,-0.6825119853019714,-1.3075120449066162,-5.135636806488037,-6.237199306488037,-5.705949306488037,-6.105351816746406,-2.4483314563549357,-5.440325260161899,-5.151664771896321,-7.955975532187949
491,-1.0053938627243042,-1.0991438627243042,-4.935081481933594,-6.521018981933594,-5.380393981933594,-5.6782824624096975,-2.224364733163384,-5.669457435607455,-4.443285746121546,-7.1148003334856185
492,-0.9131839275360107,-1.4600589275360107,-5.02255916595459,-5.93662166595459,-5.24130916595459,-5.805659131612629,-1.8040013128193095,-5.639747500419276,-4.319828909210628,-7.499146461179407
493,-1.0575820207595825,-1.2763320207595825,-4.768519401550293,-5.479456901550293,-5.432581901550293,-6.059246703283861,-1.7452518795762444,-5.5028954744333305,-4.003356588364113,-7.22168290540867
494,-0.9587634801864624,-1.2243884801864624,-4.521263599395752,-5.810326099395752,-5.021263599395752,-5.553419656236656,-2.333957772469148,-5.115014553069614,-4.115389633981977,-7.661916017155818
495,-0.7359122633934021,-1.2046623229980469,-4.235912322998047,-5.735912322998047,-5.587474822998047,-6.479052447364666,-2.626692879028269,-5.173413038253557,-4.314524293557042,-8.243751406316733
496,-0.8896769285202026,-1.1084269285202026,-4.834989547729492,-6.124052047729492,-5.584989547729492,-5.648438122821972,-2.4835960722120944,-5.334990382194178,-4.7807828224031255,-7.803773641004227
497,-0.9751954078674316,-1.5533204078674316,-4.092382907867432,-5.279882907867432,-4.654882907867432,-5.515144431905355,-1.5222142831335077,-5.373633503913709,-3.748965208156733,-7.709600448157289
498,-1.1151927709579468,-1.1620677709579468,-4.927692890167236,-6.115192890167236,-5.404255390167236,-6.265933244256303,-1.943555684396415,-5.529256343841098,-3.7562172807229217,-7.232410668868397
499,-0.801162600517273,-1.269912600517273,-4.1214752197265625,-5.6605377197265625,-5.4964752197265625,-5.513004370965064,-2.8325462252250873,-5.105850934982072,-5.00472631372395,-8.262125849394579
500,-0.5373536348342896,-1.5998536348342896,-5.099853515625,-6.529541015625,-5.623291015625,-6.23373046470806,-2.084449624409899,-6.326416850089686,-5.154950773197925,-8.412373780998678
501,-0.7749276161193848,-1.1186776161193848,-4.306177616119385,-5.993677616119385,-5.212427616119385,-5.806886659935117,-2.4000688691448886,-5.454615712165662,-4.439471844030777,-8.095266699425338
502,-0.9568175077438354,-0.8318175077438354,-5.316192626953125,-6.027130126953125,-5.738067626953125,-6.043452496523969,-2.925741776562063,-5.667755842208635,-5.464988048392115,-7.941218614239915
503,-0.8869571685791016,-1.2463321685791016,-4.340082168579102,-5.761957168579102,-5.058832168579102,-5.465935104817618,-2.1996227365743835,-5.3635203838346115,-4.379452181252418,-7.918230533327005
504,-0.9479973316192627,-1.1198723316192627,-4.393309593200684,-5.557372093200684,-5.033934593200684,-5.605130877869669,-2.1356520533008734,-5.2761228084561935,-4.003111390571576,-7.752719878528296
505,-1.1957826614379883,-0.8832826614379883,-4.437970161437988,-5.672345161437988,-5.023907661437988,-5.282407643448096,-2.6802984376990935,-5.102033376693498,-4.571183601103257,-8.008311509669511
506,-0.6182153224945068,-2.477590322494507,-4.368215560913086,-6.157278060913086,-5.446340680122368,-5.026116676279344,-1.1964610742143122,-6.680716156959363,-5.228178328368813,-9.0479303594675
507,-0.8193976879119873,-1.1006476879119873,-4.702210426330566,-6.241272926330566,-5.749085426330566,-6.17266961815767,-2.225855805678293,-5.702211141586076,-4.413433272653492,-7.71785879107847
508,-1.0086427927017212,-0.8211427927017212,-4.563330173492432,-6.368017673492432,-4.930517673492432,-5.24358697416028,-2.8994734075677115,-5.539893627166293,-5.008886069233995,-8.172731995235154
509,-1.127281665802002,-2.158531665802002,-4.103844165802002,-5.931969165802002,-4.689781665802002,-4.639088629279286,-0.8305293842277024,-6.549157261848279,-4.651312056230381,-8.431990861647137
510,-1.1479852199554443,-0.8667352199554443,-4.491735458374023,-5.983922958374023,-5.319860458374023,-6.0707048188196495,-2.5544624070462305,-5.491736412047885,-5.156255855603376,-7.8589472767725965
511,-0.9144644737243652,-2.7269644737243652,-5.273839473724365,-5.828526973724365,-5.117589712142916,-3.5199911519885063,-1.1805218715162482,-6.67227745056141,-5.641930648533162,-7.867614268949183
512,-0.6718105673789978,-1.2343106269836426,-5.429623126983643,-6.453060626983643,-5.890560626983643,-5.946112021047156,-2.640760401802254,-6.11712372302992,-5.4224008963792585,-8.203089475202432
513,-1.2649260759353638,-0.7493010759353638,-4.764925956726074,-6.100863456726074,-5.421175956726074,-5.710889485082589,-3.030733687875909,-5.43680179119076,-5.171623606613139,-7.796206831455493
514,-0.9910423755645752,-1.0691673755645752,-4.576979637145996,-6.225417137145996,-5.217604637145996,-5.999816431838553,-2.335005260698381,-5.397293090819858,-4.843029647134244,-7.623884200613247
515,-1.4108548164367676,-3.5436673164367676,-4.481167316436768,-5.934292316436768,-4.278042554855318,-3.2413094164803624,-0.6300163614214398,-7.067105293273812,-4.825939609436318,-8.746815800379409
516,-1.0278677940368652,-2.7934927940368652,-4.426305294036865,-6.816930294036865,-4.629430413246148,-4.476793429581448,-0.7623773722734768,-6.6528683900831425,-4.669219468196388,-8.293511509729797
517,-1.9472965002059937,-3.751983880996704,-4.908234119415283,-6.025421619415283,-4.486359357833834,-3.41878604516387,-0.400826938188402,-7.220734596252328,-5.50326908484567,-8.595761537162616
518,-1.1750218868255615,-2.9718968868255615,-4.932834148406982,-6.339084148406982,-5.167209267616265,-4.211209127679467,-0.6439334619499277,-6.58127224445326,-5.121037236007396,-8.167234182055836
519,-1.0736539363861084,-1.2767789363861084,-4.2142791748046875,-5.9720916748046875,-4.7377166748046875,-4.855805348488502,-1.6519627402158221,-5.573655009269373,-4.503765731526073,-7.44868218859483
520,-1.2226287126541138,-0.9413787126541138,-4.519503593444824,-5.753878593444824,-5.277316093444824,-5.121629317931365,-2.965019920549821,-5.32419192790951,-5.394932059047278,-8.324223041025107
521,-0.7151704430580139,-1.3714203834533691,-4.926107883453369,-5.933920383453369,-5.230795383453369,-5.586407912895083,-2.121609431516845,-5.887045979499646,-4.965556785318768,-7.816752433585862
522,-0.8579635620117188,-1.0454635620117188,-4.639213562011719,-5.982963562011719,-5.451713562011719,-6.054227257263847,-2.7644409874774283,-5.6939018964764045,-4.928737414738862,-8.420486092312785
523,-0.8875104188919067,-1.1062604188919067,-4.950010299682617,-6.114072799682617,-5.496885299682617,-5.724623465561308,-2.2158390076074284,-5.473448634147303,-4.794140862533823,-7.465662002206955
524,-0.6724684238433838,-1.0787184238433838,-4.844343185424805,-5.914655685424805,-5.500593185424805,-5.7278632997768,-2.7663401291210903,-5.750593781471082,-5.360288330324693,-8.516242623030848
525,-0.6723616719245911,-1.3129866123199463,-4.797361850738525,-6.312986850738525,-5.531736850738525,-5.720369769842364,-2.406927567368257,-5.805175065994035,-5.133626169204945,-8.242698430713062
526,-0.8771553635597229,-0.9552803635597229,-4.314655303955078,-6.244342803955078,-5.120490074157715,-5.730563158460427,-2.6441047034750227,-5.6595535278315765,-5.152156981348526,-8.315832733653224
527,-1.2215323448181152,-0.81528240442276,-4.229344844818115,-5.869969844818115,-5.159032344818115,-5.222247344907373,-2.377922882689745,-5.4324704408643925,-4.893774680385832,-7.479377507628669
528,-0.7243735194206238,-1.3962485790252686,-5.2556233406066895,-6.1462483406066895,-5.9509358406066895,-7.211538709700108,-2.083992332307389,-5.505624294280551,-4.77955293469131,-7.552528976924805
529,-0.8959373235702515,-1.0209373235702515,-4.880312442779541,-6.239687442779541,-5.434999942779541,-5.944074906408787,-2.4742610257380875,-5.458438158035051,-5.201080933533376,-7.833462953241906
530,-0.8694800734519958,-1.1351051330566406,-5.135105133056641,-5.791355133056641,-5.385105133056641,-6.292568066972308,-2.3227847653179197,-5.299168586730502,-4.471499219594989,-7.314821958112589
531,-0.5738784670829773,-3.011378526687622,-4.667628288269043,-5.823878288269043,-4.761378407478325,-4.372661989182234,-1.3553134032117669,-6.5191912651060875,-5.3320914896030445,-8.48795950395288
532,-0.8844695687294006,-1.3532195091247559,-4.259469509124756,-5.814157009124756,-4.970407009124756,-4.994798919942696,-1.9784129670879338,-5.556345343589442,-4.080087972572073,-7.626690983193839
533,-0.955959677696228,-1.174709677696228,-4.487209796905518,-6.073147296905518,-5.018459796905518,-5.4021495308261365,-2.1123976530943764,-5.557523131370203,-4.284406133519951,-7.79192614513704
534,-0.7670231461524963,-1.2045230865478516,-4.759210586547852,-5.876398086547852,-5.298273086547852,-5.6506228923099115,-2.3609447331982665,-5.102961540221713,-4.62695797503693,-8.095177530809451
535,-0.7158945798873901,-1.5596445798873901,-4.25495719909668,-6.02839469909668,-5.14558219909668,-5.216887219808996,-1.8098244505235925,-5.69245791435219,-4.653854026197223,-7.911230563844583
536,-0.8915231823921204,-1.0477731227874756,-4.579023361206055,-5.508710861206055,-5.493085861206055,-5.7518183527863584,-2.735446080507245,-5.2274616956707405,-5.0559947846631985,-8.11029684515961
537,-0.8265875577926636,-1.2640875577926636,-4.420337677001953,-5.795337677001953,-5.256275177001953,-5.98380066268146,-2.139267666832893,-5.217213511466639,-4.420734446001006,-7.928177594762019
538,-0.8245550394058228,-1.0901800394058228,-4.785492420196533,-6.027679920196533,-5.215179920196533,-5.489342307497282,-2.79347227604012,-5.285493135452043,-5.059297851577867,-7.980825900811396
539,-0.7489767074584961,-2.108351707458496,-4.475539207458496,-6.303664207458496,-5.678664207458496,-5.673120664432645,-1.171007740238565,-6.530227422714006,-5.0464622302679345,-8.459934949660237
540,-0.6792348623275757,-1.1479848623275757,-4.999547481536865,-6.116734981536865,-5.960484981536865,-6.414509487804025,-2.4763318054174306,-5.983923554419903,-5.453016817889875,-8.101137280078547
541,-0.9886641502380371,-1.082414150238037,-5.465226650238037,-6.574601650238037,-5.457414150238037,-5.896141490899026,-2.098256683530053,-6.121477484702723,-5.332758129079593,-7.559002995143601
542,-0.7732791900634766,-1.2107791900634766,-4.452966690063477,-6.093591690063477,-5.320154190063477,-5.320998669601977,-2.632832511255401,-5.3904674053189865,-5.039290711079957,-8.046747445587243
543,-0.7313267588615417,-1.2625768184661865,-4.246951580047607,-6.012576580047607,-5.028201580047607,-5.302500830206554,-2.5283366350777214,-5.309452295303117,-5.028645416925428,-8.192289709728357
544,-1.0396409034729004,-1.0083909034729004,-4.1724534034729,-5.7427659034729,-5.3599534034729,-5.313907160540111,-2.7507732916710665,-5.344329237937586,-4.688496263930574,-8.180295109308645
545,-0.45165377855300903,-2.3735287189483643,-4.459466457366943,-5.975091457366943,-6.107903957366943,-5.570355222676881,-1.5924026889260858,-6.857904553413221,-5.483548552612774,-9.396989106864567
546,-0.8647275567054749,-1.31785249710083,-4.65378999710083,-6.10691499710083,-5.11472749710083,-5.600650780252181,-1.9274155916646123,-5.560040950774692,-3.8885506839724258,-7.778821229447203
547,-0.9180442690849304,-2.730544328689575,-4.425856590270996,-5.902419090270996,-5.191481590270996,-5.196820287965238,-0.855707095717662,-6.636794567108041,-5.106041069491766,-8.707127332472737
548,-1.053794503211975,-1.335044503211975,-4.1006693840026855,-6.1084818840026855,-4.8272318840026855,-5.687969947350211,-1.7414964233612409,-5.514733076094899,-3.366696396115003,-7.8819543117133435
549,-1.0535272359848022,-0.7879022359848022,-4.889464855194092,-6.186339855194092,-5.248839855194092,-5.319856991409324,-2.8974494785943534,-5.592590570449602,-5.381987038854277,-7.9129295345428545
550,-0.9047102332115173,-1.357835292816162,-4.771897792816162,-5.803147792816162,-5.381272792816162,-6.734620288363658,-1.6705336373997852,-5.857836246490024,-4.061396027042065,-7.842234968835328
551,-1.150012493133545,-0.8218874335289001,-4.845324993133545,-5.587512493133545,-5.439074993133545,-5.8851488314103335,-3.009555444921716,-4.946888327598231,-5.02538948104484,-7.728165506923688
552,-1.108595609664917,-0.811720609664917,-4.460158348083496,-5.960158348083496,-5.444533348083496,-5.8749198854202405,-3.1321955787279876,-5.116409063339006,-5.577779914106941,-8.233623742667987
553,-1.078212857246399,-1.046962857246399,-4.664150238037109,-5.953212738037109,-5.250087738037109,-5.625972356414422,-2.3908982104912866,-5.265713572501795,-4.633289380639326,-7.398562669051898
554,-0.7138509154319763,-1.229475975036621,-4.885725975036621,-6.706038475036621,-5.385725975036621,-5.90248746634461,-2.151731895370176,-5.916976809501307,-5.050324058160186,-8.041997194064606
555,-1.0458468198776245,-0.8583468198776245,-4.678659439086914,-6.116159439086914,-5.334909439086914,-5.827877574367449,-2.65539692301536,-5.373972892760776,-4.811844756244682,-7.86618685684698
556,-1.0225722789764404,-0.9913222789764404,-4.3819475173950195,-5.9131975173950195,-5.5460100173950195,-5.601440272992477,-2.999281157273799,-5.2725732326505295,-5.046545243065339,-8.350724815949434
557,-0.9355686902999878,-1.2480686902999878,-4.123068809509277,-5.623068809509277,-5.209006309509277,-5.467756308615208,-2.5919921247987077,-5.029319643973963,-4.271950742171612,-8.232475280266954
558,-0.6745148301124573,-1.9870147705078125,-4.2682647705078125,-6.0182647705078125,-5.4088897705078125,-5.25461990153417,-1.3465119525644695,-6.408890485763322,-4.917336501181126,-8.862036943190105
559,-0.8597854375839233,-1.2660354375839233,-4.867598056793213,-5.844160556793213,-5.109785556793213,-5.6423518335213885,-2.4537287763814675,-5.1488490104670745,-4.3836741621780675,-7.4066891666134325
560,-0.7166627049446106,-1.5760376453399658,-5.068225383758545,-6.115100383758545,-5.654162883758545,-6.053945827996358,-1.560605268998188,-6.326038718223231,-4.967202398634981,-8.044816374358561
561,-0.7763102650642395,-1.1356852054595947,-4.971622943878174,-5.838810443878174,-5.315372943878174,-6.160022569238208,-2.3233746110781794,-5.50287377834286,-5.479962091019843,-8.07320952385271
562,-0.6842925548553467,-1.4499175548553467,-4.770230293273926,-5.942105293273926,-5.457730293273926,-6.044910373864695,-2.184468730658409,-5.121793746947787,-4.692583327443572,-7.934321045477191
563,-0.77751225233078,-1.3868873119354248,-4.621262073516846,-6.090012073516846,-5.230637073516846,-5.47390759922564,-2.3714717407274293,-5.5040754079815315,-4.871646568761207,-8.066599249546925
564,-0.925616979598999,-1.066241979598999,-4.308429718017578,-5.620929718017578,-5.574054718017578,-6.067101347842254,-2.6288887154660188,-4.894368052482264,-4.644710958527867,-8.10532999006682
565,-0.8701028227806091,-1.010727882385254,-4.838852882385254,-6.026352882385254,-5.557602882385254,-6.2927343367482536,-2.6515041475358885,-5.16697871684994,-4.948584016325185,-7.581062555067547
566,-0.594658613204956,-1.985283613204956,-4.243096351623535,-6.360283851623535,-5.469658851623535,-5.502367504988797,-1.5167597276595188,-6.563409447669812,-4.947088818880729,-9.149366497789742
567,-0.8049499988555908,-1.2111999988555908,-4.547137260437012,-5.773699760437012,-5.383074760437012,-5.274534115684219,-2.336354243772803,-5.297137975692522,-5.01630619331263,-7.929976582167001
568,-0.9831579327583313,-0.9362829327583313,-5.045658111572266,-5.944095611572266,-5.311283111572266,-5.382290241192095,-2.358348828201997,-5.889408946036951,-5.171014007180929,-8.248808860447753
569,-0.7483539581298828,-1.0452289581298828,-5.076478958129883,-6.263978958129883,-5.709291458129883,-5.882130396552384,-2.6236133238999173,-5.693667292594569,-5.303500666079344,-8.014002203670316
570,-0.5724924206733704,-2.3068673610687256,-4.416242599487305,-6.338117599487305,-6.041242599487305,-5.659970646025613,-1.3382620706688613,-6.486555695533582,-5.291659268346848,-9.14282870264833
571,-0.9236251711845398,-1.1892502307891846,-4.5486249923706055,-6.0486249923706055,-5.1501874923706055,-5.385634562699124,-2.0175860897870734,-5.728313207626115,-4.478641694237012,-7.603339671719368
572,-0.919743001461029,-1.0134930610656738,-4.724430561065674,-6.232243061065674,-5.310368061065674,-5.576728550251573,-2.4355559172545327,-5.70880639553036,-4.834210552216973,-8.013524412603147
573,-1.1715221405029297,-1.0152721405029297,-4.29652214050293,-5.99964714050293,-4.98402214050293,-4.812779584142845,-2.882645112957107,-5.1090229749676155,-4.789036697300617,-7.773108362869607
574,-1.2274060249328613,-0.8680310249328613,-4.719593524932861,-5.969593524932861,-5.149281024932861,-5.579804428620264,-2.3369754363811808,-5.203969240188371,-4.657496609492227,-7.618066071849171
575,-0.9431924819946289,-1.161942481994629,-4.521317481994629,-6.091629981994629,-5.154129981994629,-5.92076429433655,-2.2089714885369176,-5.427568316459315,-4.2091193935484625,-7.224475383216486
576,-1.097456455230713,-0.8943314552307129,-4.519331455230713,-6.214643955230713,-5.011518955230713,-5.363815991440788,-2.4726406166300876,-5.691207170486223,-4.957238710427191,-7.870923280286661
577,-0.7965046167373657,-1.3746296167373657,-4.960566997528076,-6.023066997528076,-5.773066997528076,-5.642049012822099,-2.0623174729116727,-5.343380331992762,-4.398515124019468,-7.546533584170902
578,-1.1739591360092163,-0.7989591360092163,-4.322396755218506,-5.791146755218506,-5.072396755218506,-5.135549927945249,-2.6272429101954913,-5.494272589683192,-4.768103164329659,-7.822428345181834
579,-0.870139479637146,-1.182639479637146,-4.9092020988464355,-5.9482645988464355,-5.2685770988464355,-5.683599845331628,-2.2922141352901235,-5.346703052520297,-4.690769860317232,-7.721726536452479
580,-0.6579921841621399,-1.4079921245574951,-4.814242362976074,-6.564242362976074,-5.220492362976074,-5.197876592515968,-2.0175601057708263,-6.32205569744076,-5.002081694256049,-8.704891800582118
581,-0.9027115106582642,-1.1370865106582642,-4.691773891448975,-5.926148891448975,-5.527711391448975,-5.669591473415494,-2.230985987916938,-5.4105246067044845,-4.89534618385369,-7.7933629747676605
582,-1.047322154045105,-1.203572154045105,-4.5004472732543945,-5.6957597732543945,-5.0238847732543945,-5.400020907400176,-2.016269664352876,-5.3129479885099045,-4.26650598179549,-7.734854220834677
583,-0.8597452044487,-1.0316202640533447,-5.172245025634766,-6.078495025634766,-5.805057525634766,-5.806026466016192,-2.516209936933592,-5.547246098517803,-5.07895852313959,-7.539465546062274
584,-1.189436912536621,-0.8613119721412659,-4.353499412536621,-5.861311912536621,-5.095686912536621,-5.096579629927874,-2.2990022716548992,-5.564437747001307,-4.955514566943748,-7.822278260768144
585,-1.0784648656845093,-1.0159648656845093,-4.523777484893799,-5.836277484893799,-5.172214984893799,-5.5714122746139765,-2.125558710016776,-5.422215700149309,-4.883542699972168,-7.687873243732611
586,-1.018252968788147,-0.971377968788147,-4.283877849578857,-6.065127849578857,-5.010440349578857,-5.940844874770846,-2.393469310220098,-5.151066303252719,-4.510839740134543,-7.7135906216281
587,-0.7505226731300354,-1.1880226135253906,-4.609897613525391,-5.977085113525391,-5.977085113525391,-5.892098927870393,-2.5319489085231908,-5.969273567199252,-5.289947324956302,-8.047422766368982
588,-0.7743681073188782,-2.8056180477142334,-4.9462432861328125,-5.6103057861328125,-5.8290557861328125,-5.660282683558762,-0.8838784007093636,-6.77436888217909,-5.493549134873319,-9.149392485325734
589,-1.4980735778808594,-3.6230735778808594,-4.037136077880859,-6.185573577880859,-4.685573697090142,-3.676032950170338,-0.48260282279807143,-7.521511554717904,-4.482977727078833,-9.443416714198975
590,-1.2265238761901855,-0.8358988761901855,-4.4218363761901855,-5.8749613761901855,-5.2421488761901855,-5.438221642398275,-2.648592572528287,-5.5468370914456955,-4.797293677664129,-7.687494635028997
591,-0.7770240306854248,-1.4488990306854248,-5.027024269104004,-6.480149269104004,-5.362961769104004,-5.535940276458859,-1.9022137938736705,-5.71452510356869,-4.871206309442641,-7.675487756390794
592,-0.6856271624565125,-3.1700022220611572,-4.677814483642578,-6.404376983642578,-5.341876983642578,-4.422760968562216,-1.0451800665032351,-7.154377460479623,-4.873714512796141,-9.443462371564237
593,-0.787243664264679,-1.2403686046600342,-4.834118843078613,-6.091931343078613,-5.482556343078613,-5.600704089563806,-2.1311554777785204,-5.630994796752475,-5.139158901991323,-7.709146976074408
594,-1.0307916402816772,-0.8901666402816772,-5.108916759490967,-6.429229259490967,-5.796416759490967,-6.211221538600512,-2.468490819184808,-5.897980332374004,-5.484316269226838,-7.608946680575173
595,-0.7343604564666748,-1.1874854564666748,-4.859360694885254,-6.164048194885254,-5.515610694885254,-6.078920513216872,-2.625200486902031,-5.453111648559116,-4.85968608330586,-7.773448109315723
596,-1.0215169191360474,-0.9902669191360474,-4.638704299926758,-5.607454299926758,-5.404329299926758,-5.647555645904504,-2.5841742630000226,-5.138705134391444,-4.686006335628917,-7.935605048802245
597,-0.8695694208145142,-1.0570694208145142,-4.580506801605225,-5.861756801605225,-5.471131801605225,-5.776562295446638,-2.182218182919314,-5.533632755279086,-5.072980362980161,-8.064907550491625
598,-1.2368055582046509,-2.9868054389953613,-4.197742938995361,-6.533680438995361,-5.127430677413912,-3.8889828042592853,-0.6744808997027576,-6.869618415832406,-4.534285004949197,-8.893079280580423
599,-0.9801554679870605,-1.0739054679870605,-4.4020304679870605,-6.2301554679870605,-4.9489054679870605,-5.223050939734094,-2.120998597194557,-5.862968802451746,-4.660204821906518,-8.011427163852204
600,-0.9904187321662903,-0.8966687321662903,-4.521668910980225,-5.974793910980225,-5.552918910980225,-6.577152293000836,-2.834339484878001,-5.45135724544491,-4.975255978613859,-7.951380610173146
601,-0.6721374988555908,-2.547137498855591,-4.765887260437012,-6.140887260437012,-5.367449760437012,-4.76465641381219,-1.1410213619237766,-6.867450475692522,-4.969635292480234,-8.12528383708559
602,-0.827567458152771,-2.8588175773620605,-4.8978800773620605,-7.0150675773620605,-4.577567934989872,-3.9518264262005687,-1.015246732858941,-6.905693173408338,-4.547220061183907,-7.843216418936208
603,-1.1242867708206177,-1.2805367708206177,-4.327411651611328,-5.124286651611328,-4.991474151611328,-6.016374590224586,-2.0151176240469795,-4.999287724494366,-3.5231321217725053,-7.171191334284231
604,-1.1573917865753174,-1.1730167865753174,-4.899579048156738,-5.743329048156738,-5.712079048156738,-5.32216356851859,-3.485692485628533,-4.938642382621424,-4.9233810237492435,-8.040230869886727
605,-1.2202599048614502,-0.8296349048614502,-5.220259666442871,-6.501509666442871,-5.523139953613281,-5.6882670217892155,-2.5545975946297403,-5.726265788077967,-4.937630085099954,-7.351303815084975
606,-0.9876862168312073,-1.2376861572265625,-4.4173736572265625,-5.7298736572265625,-5.2142486572265625,-5.402684369881172,-2.425346123302006,-5.104874491691248,-4.019376419426408,-7.831464171016705
607,-1.2493535280227661,-1.3431035280227661,-4.663415908813477,-6.194665908813477,-5.272790908813477,-6.571550499647856,-1.8276573259645374,-5.78060460090569,-4.140449889586307,-6.702507376250651
608,-0.8098540306091309,-1.1536040306091309,-4.536416530609131,-5.973916530609131,-5.692666530609131,-5.771537740714848,-2.903781398301362,-5.466104865073817,-5.044649274263065,-8.434876918541704
609,-0.974502444267273,-1.271377444267273,-4.0135650634765625,-6.3495025634765625,-4.4666900634765625,-4.420683007163461,-1.990281689184485,-5.615128278732072,-4.451384016661905,-8.169840335525805
610,-0.7033987641334534,-1.2346487045288086,-5.140898704528809,-6.148711204528809,-5.890898704528809,-5.797946015954949,-2.594188438204583,-5.500274538993494,-5.297583247185685,-8.359673499753626
611,-1.0407109260559082,-0.978210985660553,-3.946960926055908,-5.329773426055908,-4.907898426055908,-5.252194374741521,-2.572089067834895,-5.415711522102185,-4.40826850241865,-8.126679777622485
612,-0.4295998811721802,-2.1327247619628906,-4.679599761962891,-6.593662261962891,-5.710850715637207,-6.009070683619939,-1.851627100011683,-6.617101311683484,-5.109856086608488,-9.335872411493256
613,-0.7930285930633545,-1.0430285930633545,-4.902403831481934,-5.964903831481934,-5.410216331481934,-6.2314899116172455,-2.6213512225367595,-5.464904665946619,-5.082439957885072,-7.988367437976194
614,-0.6619653701782227,-2.7400903701782227,-4.177590370178223,-6.763527870178223,-4.653065323829644,-4.361228270456195,-1.2391374020662624,-6.9265033006666386,-4.411485010699835,-8.403085708418075
615,-0.39702486991882324,-2.9282748699188232,-4.295462608337402,-5.998587608337402,-5.670462608337402,-5.414947134442627,-1.5846686259901617,-7.08452570438368,-5.467841259960551,-9.178298353877835
616,-0.9618140459060669,-1.118064045906067,-4.250876426696777,-6.133688926696777,-4.618063926696777,-5.884420603979379,-2.2432402216945775,-5.360252261161463,-4.071537195588462,-7.696218013339603
617,-0.871761679649353,-3.3873867988586426,-4.676449298858643,-5.918636798858643,-5.356136918067925,-3.8947278750129044,-0.8406242068886058,-7.32488739490492,-5.1379777830443345,-8.69209837883318
618,-0.8449229001998901,-1.0480479001998901,-5.04023551940918,-5.84492301940918,-5.65742301940918,-5.767666558618657,-2.7982082238595467,-5.25117373466469,-5.173543211363722,-8.13401067225277
619,-0.7652294635772705,-1.1558544635772705,-4.835541725158691,-6.218354225158691,-5.507416725158691,-5.891089903365355,-2.7497975639853394,-5.452730178832553,-4.843659116042545,-7.726197003859852
620,-0.829250156879425,-1.2355000972747803,-4.969875335693359,-6.087062835693359,-5.501125335693359,-5.861428068717942,-2.095090008529951,-5.735501408576397,-4.595226345438277,-7.915218352805823
621,-0.6889885663986206,-1.0796135663986206,-5.47023868560791,-6.47023868560791,-5.97805118560791,-6.30723396607209,-3.017318704572972,-5.509302020072596,-5.400329865980893,-7.821823119877081
622,-1.330098032951355,-0.642598032951355,-5.0410356521606445,-5.9394731521606445,-5.4550981521606445,-5.596587284468114,-2.8614941728737904,-5.5332238674161545,-5.924166628654348,-7.9551249738906336
623,-0.6362913846969604,-2.38629150390625,-4.65972900390625,-5.96441650390625,-5.19097900390625,-5.45298328390345,-1.2614204800192965,-6.714417099952527,-4.871293705655262,-8.73787462690052
624,-0.4147477149963379,-2.789747714996338,-5.164747714996338,-6.102247714996338,-6.281935214996338,-5.948196971323341,-1.4930080083868233,-6.938185811042615,-5.774634230416268,-9.31320655322088
625,-0.7661396861076355,-1.1723897457122803,-4.680202007293701,-6.094264507293701,-5.578639507293701,-6.040975545998663,-2.2976324263727292,-6.258327841758387,-5.2196072944498155,-8.148975133639397
626,-0.6238358616828918,-3.373835802078247,-4.553523540496826,-6.748836040496826,-4.561336278915377,-5.152832288295031,-1.0927238369040424,-7.319149136543103,-4.640029030619189,-8.881668448240816
627,-0.6066731214523315,-1.4191731214523315,-5.348860740661621,-5.981673240661621,-5.450423240661621,-5.616042712586932,-2.4193707509548403,-5.661361455917131,-5.747787951724604,-8.356692790794114
628,-0.7327741384506226,-1.1233991384506226,-5.217149257659912,-6.365586757659912,-5.849961757659912,-5.983928014640696,-2.6548843107448192,-5.810900092124598,-5.506607096729567,-8.11561536746558
629,-0.8591816425323486,-1.9216816425323486,-4.6794939041137695,-6.5701189041137695,-4.8826189041137695,-5.681868949206546,-1.375012257412891,-5.991994738578455,-3.6875663658429403,-7.921705960925465
630,-0.9977298974990845,-0.9664798974990845,-5.114917278289795,-6.177417278289795,-5.997729778289795,-6.069078028085642,-2.716683486214606,-5.286793112754481,-5.052854323235806,-7.849320292079938
631,-0.9122868180274963,-1.0529117584228516,-4.888849258422852,-6.076349258422852,-5.326349258422852,-5.421224556746893,-2.365585431281943,-5.451350092887537,-4.834512529836502,-7.560752510626116
632,-0.8749943971633911,-1.0937443971633911,-4.523431777954102,-6.101556777954102,-5.578119277954102,-5.4619591917144135,-2.328296168896486,-5.8437449932096115,-4.781784865132067,-8.445330142702005
633,-0.8893929719924927,-1.0925179719924927,-4.537830352783203,-5.983142852783203,-5.061267852783203,-5.343287052819505,-2.3583334502764046,-5.405018687247889,-4.381905860383995,-7.936293124832446
634,-0.774107813835144,-1.133482813835144,-4.953795433044434,-6.344420433044434,-5.485045433044434,-5.829920255113393,-2.7430447165534133,-5.492858767509119,-4.985459122894099,-8.063194870650477
635,-0.9369304180145264,-1.0463054180145264,-4.8119306564331055,-6.0697431564331055,-5.0853681564331055,-5.141418362618424,-2.4215658564062323,-5.530681371688615,-5.007711062615272,-7.499455570863574
636,-0.9512572288513184,-1.0450072288513184,-4.927819728851318,-6.021569728851318,-5.474694728851318,-5.749568027211353,-2.513987395504955,-5.341883063316004,-4.467323682591086,-7.724721908200081
637,-0.7813060879707336,-1.2969310283660889,-4.578181266784668,-5.320368766784668,-5.382868766784668,-5.86087896884419,-2.234560123688425,-5.39068222045853,-4.664396724227117,-7.453206062009485
638,-0.984407365322113,-1.1562824249267578,-4.289094924926758,-5.531282424926758,-5.382844924926758,-5.641480583813973,-2.6877132490626536,-5.1094083786006195,-4.656665728543885,-8.132871627451095
639,-0.590005099773407,-3.5275051593780518,-4.269692420959473,-6.558754920959473,-5.144692659378023,-4.851420697756112,-1.12142704440339,-7.207192897796517,-4.824944455991499,-9.238464236021173
640,-0.9013780951499939,-1.1826281547546387,-4.713878154754639,-5.995128154754639,-5.370128154754639,-5.621315965661779,-2.4015349026885815,-5.9560664892193245,-4.307955330732511,-7.674844264574858
641,-0.9400991201400757,-1.4713491201400757,-4.596349239349365,-5.705724239349365,-5.338536739349365,-6.2153412501793355,-1.6277658800245263,-5.479162693023227,-3.8779994640499353,-7.283878802816616
642,-0.8550013303756714,-1.0268763303756714,-4.769063949584961,-6.206563949584961,-5.190938949584961,-5.957308849319816,-2.511436683664215,-5.519064784049647,-5.011674553039484,-8.065963506396656
643,-0.6347867846488953,-1.40041184425354,-4.634786605834961,-5.509786605834961,-5.533224105834961,-5.604721797280945,-2.666193830562406,-5.056662321090471,-4.8070134497538675,-8.27543568582223
644,-0.7595152258872986,-1.1657652854919434,-4.759515285491943,-6.165765285491943,-5.501702785491943,-5.71341806196142,-2.884687766461866,-5.236078619956629,-5.4238885158265475,-8.056416988003548
645,-1.0884053707122803,-1.0415303707122803,-4.643093109130859,-5.682155609130859,-5.346218109130859,-6.285177476704121,-2.322984197817277,-5.275906562804721,-4.041934170352761,-7.3228075500665
646,-0.4424477219581604,-2.8799476623535156,-4.333072662353516,-6.426822662353516,-5.622135162353516,-5.4126261993078515,-1.5363075672794366,-6.606510877609026,-4.8179139003914315,-9.278411984083505
647,-1.0277708768844604,-1.0746458768844604,-4.94964599609375,-5.55902099609375,-5.32464599609375,-6.318232272868045,-2.027971247647656,-5.637146949767612,-4.606257373350672,-7.207484244969237
648,-0.9642688035964966,-1.1986438035964966,-4.729893684387207,-6.042393684387207,-5.222081184387207,-6.1223716248059645,-2.1675686683156528,-5.550207138061069,-4.027119694132125,-7.636171340560395
649,-0.9519366025924683,-1.5613116025924683,-5.350374221801758,-6.420686721801758,-5.467561721801758,-5.5939187137410045,-1.7802814003662206,-5.936312794684795,-4.452313709713053,-7.037917732246569
650,-0.34759360551834106,-3.5507185459136963,-5.191343784332275,-6.316343784332275,-6.292906403541558,-5.932253539562225,-1.582148654924822,-7.589781880378553,-5.699676140095107,-9.667930006688039
651,-0.6446349620819092,-3.129009962081909,-4.535260200500488,-6.488385200500488,-5.238385319709771,-5.104640482924879,-1.1135414716263767,-6.8555732965467655,-4.785808055486996,-8.675905465874166
652,-0.8370487093925476,-1.0401737689971924,-5.133923530578613,-5.876111030578613,-5.641736030578613,-5.9785364718409255,-2.712211595629924,-5.313611745834123,-5.462440056435298,-8.157386183422204
653,-0.8227938413619995,-1.2446688413619995,-5.033731460571289,-5.838418960571289,-5.322793960571289,-6.2380965407937765,-2.2293036838818807,-5.400920033454327,-4.471713903389173,-7.393130540558559
654,-1.0338053703308105,-0.9556803703308105,-4.5259928703308105,-5.9244303703308105,-5.1666178703308105,-5.534504407667555,-2.690230115884333,-5.104118704795496,-4.854509157856228,-7.861956357617601
655,-0.49719637632369995,-2.5128214359283447,-4.411258697509766,-6.559696197509766,-5.934696197509766,-5.601213657995686,-1.4973187371797394,-6.723759293556043,-4.849305837647989,-8.864403247642258
656,-0.8372998237609863,-1.1654248237609863,-4.501362323760986,-5.852924823760986,-5.423237323760986,-5.728751794202253,-2.524958717112895,-5.407613158225672,-4.634575405943906,-8.02482640706694
657,-0.9416193962097168,-1.5197443962097168,-4.582244396209717,-5.910369396209717,-5.660369396209717,-5.701575721381232,-1.6292554047540762,-5.457245111465227,-4.332684420078294,-7.67601764175015
658,-0.9745510816574097,-0.9120510816574097,-4.630801200866699,-6.388613700866699,-5.365176200866699,-5.8034564788104035,-2.7403795512364013,-5.349552273749737,-5.068720372073585,-7.7948909994211135
659,-0.876031756401062,-1.251031756401062,-4.665094375610352,-5.829156875610352,-5.071344375610352,-6.423920117900707,-2.1575224110274576,-4.915095329284213,-4.306137236068025,-7.461992740358255
660,-0.7914907932281494,-0.9633657932281494,-5.26805305480957,-6.28367805480957,-6.01024055480957,-6.909426766447723,-2.526067832557601,-5.853991508483432,-5.68251613699249,-8.119638323523759
661,-0.9631125926971436,-1.4787375926971436,-4.283425331115723,-5.252175331115723,-5.017800331115723,-5.041926861798856,-2.572660192847252,-4.666238427162,-4.416693821869558,-8.056890844905865
662,-0.5264471769332886,-3.229572296142578,-4.846759796142578,-7.073322296142578,-4.448322534561129,-4.337694540154189,-1.3547782685636776,-7.221760392188855,-4.378711335069966,-9.151469826443645
663,-0.8378610014915466,-1.3847360610961914,-4.533173561096191,-6.197236061096191,-5.642548561096191,-6.839265313814394,-2.025555353364325,-5.439424514770053,-4.3461377735075075,-7.080078005357791
664,-0.8707187175750732,-1.2457187175750732,-5.089468955993652,-6.050406455993652,-5.378531455993652,-6.3484675999497995,-2.2459413757314906,-5.300407290458338,-4.394468973914627,-7.597312449928722
665,-0.785965621471405,-1.2703406810760498,-5.090652942657471,-6.309402942657471,-5.848465442657471,-5.9514931429876015,-2.333050944158458,-5.543779015540508,-4.848848031280795,-7.301617622006233
666,-1.134316086769104,-0.946816086769104,-5.3452534675598145,-5.9155659675598145,-5.5327534675598145,-5.651323435362428,-3.095411407397478,-5.064004182815324,-5.486313486821018,-7.845280646908577
667,-1.0328702926635742,-1.0953702926635742,-4.853182792663574,-5.790682792663574,-5.282870292663574,-5.596343044016976,-2.2830428928136826,-4.931308507919084,-5.166050247382373,-7.8688313958246
668,-0.9045211672782898,-0.8576461672782898,-4.6467084884643555,-5.7951459884643555,-5.3342084884643555,-6.155154385196511,-2.701544750627363,-5.435771822929041,-5.514221734396415,-8.084237575107181
669,-0.7924594879150391,-1.104959487915039,-5.081521987915039,-6.190896987915039,-5.862771987915039,-5.887015494634397,-2.855131492120563,-5.479960203170549,-5.495968863979215,-8.32373261424982
670,-1.2134320735931396,-0.8228071331977844,-4.752494812011719,-5.979057312011719,-5.908744812011719,-5.893648722965736,-3.541677825312945,-5.4790581464764045,-6.127868105832022,-8.596271633741708
671,-0.8962064981460571,-1.0368314981460571,-4.536831378936768,-5.318081378936768,-5.177456378936768,-6.311151472560596,-2.302574508365069,-5.2712070941922775,-5.11530250281794,-7.7946696278122545
672,-0.5986565351486206,-2.92678165435791,-5.12209415435791,-6.02053165435791,-5.075219392776461,-4.371408398263156,-1.2863894429756328,-7.192407131194955,-5.240246664616279,-8.786180972756483
673,-1.0553815364837646,-1.3991315364837646,-4.899131774902344,-6.055381774902344,-5.344444274902344,-5.767723051365465,-1.7587325317581417,-5.602257728576205,-4.344870833971072,-6.813245771991205
674,-0.45794278383255005,-1.9735677242279053,-4.676692962646484,-6.262630462646484,-6.114192962646484,-6.623863876448013,-1.9111899062845623,-6.12981879711117,-5.35686683745007,-8.622027754534429
675,-1.2206394672393799,-1.3300144672393799,-4.165951728820801,-6.056576728820801,-5.033139228820801,-5.253319075214677,-1.7520925792341586,-5.314389944076311,-3.9396659945487045,-7.494113921427925
676,-0.8251928091049194,-1.3251928091049194,-4.465817928314209,-5.856442928314209,-5.168942928314209,-5.060540203296114,-2.184721100522438,-5.473631143569719,-4.35676772086299,-8.333028316224954
677,-0.6357395648956299,-1.3701145648956299,-4.916989326477051,-6.276364326477051,-5.909176826477051,-6.2230226278770715,-2.651524769345997,-5.463865041732561,-5.44867982697906,-8.120135307091914
678,-0.7000736594200134,-3.067261219024658,-3.661011219024658,-6.582886219024658,-4.653198957443209,-3.6419312050566077,-1.2783386609371519,-7.043824195861703,-3.7630684343748726,-9.270407199628607
679,-0.7296038866043091,-2.7139787673950195,-3.8624162673950195,-5.9483537673950195,-5.2842912673950195,-5.231741644907743,-1.0734484151034849,-6.635854363441297,-4.4722342701861635,-9.104628324206715
680,-0.632652759552002,-1.304527759552002,-5.437340259552002,-6.507652759552002,-6.335777759552002,-6.469925941666588,-2.4141244642523816,-6.202966213225864,-5.344102013274096,-7.8045519587449235
681,-0.7304763793945312,-2.9804763793945312,-4.824226379394531,-6.238288879394531,-5.136726617813082,-5.294270527549088,-0.9962578889389988,-6.4961019754408085,-4.895302242657635,-7.847685456043109
682,-1.2301090955734253,-0.9019840955734253,-4.464484214782715,-6.003546714782715,-5.472296714782715,-5.848023150698282,-3.347517466012505,-5.4722976684565765,-5.2149646320031025,-8.19107568221989
683,-0.8428912162780762,-1.2647662162780762,-4.655391216278076,-5.710078716278076,-4.764766216278076,-5.171871177328285,-2.186823470678064,-5.100704669951938,-4.38233797319117,-7.725734829418798
684,-1.1015548706054688,-0.9296799302101135,-4.390617370605469,-5.515617370605469,-5.109367370605469,-6.039697798027191,-2.4142423692392185,-5.359368443488506,-4.539415652048774,-7.6875178810678335
685,-1.0475884675979614,-1.0788384675979614,-4.485088348388672,-5.758525848388672,-5.141338348388672,-5.736120763700455,-2.063385352594196,-5.321026682853358,-4.415199666807894,-7.617930292650271
686,-0.9960876703262329,-0.9804626703262329,-4.886712551116943,-5.605462551116943,-5.230462551116943,-5.778183460002765,-2.816565738306963,-4.949213385581629,-4.871468233119231,-7.542991637759769
687,-1.0044611692428589,-3.3325862884521484,-4.371648788452148,-5.941961288452148,-4.590399026870699,-4.160978963598609,-0.80163045367226,-7.090399265289193,-4.755498824524693,-8.59042179557946
688,-0.9723892211914062,-1.1130142211914062,-4.003639221191406,-5.527076721191406,-4.925514221191406,-5.129430100438185,-2.1912813085655216,-5.331765055656092,-4.129151213215664,-7.933355331011626
689,-0.7237970232963562,-1.208172082901001,-4.653484344482422,-6.223796844482422,-5.723796844482422,-5.591828824020922,-2.5989926862093853,-5.7472352981562835,-4.653858591598691,-8.114450692713945
690,-0.9377213716506958,-1.2970963716506958,-5.039283752441406,-6.218971252441406,-5.367408752441406,-5.735815615742467,-2.1410754656390054,-5.45334744453362,-4.25842599326279,-7.672126292731264
691,-0.91383957862854,-1.00758957862854,-4.749776840209961,-5.788839340209961,-5.007589340209961,-5.609920682909433,-2.5390132514876314,-5.288840174674647,-4.695589536451735,-7.577931761294167
692,-0.9111624956130981,-1.4111624956130981,-5.403349876403809,-6.293974876403809,-5.489287376403809,-5.927846347680315,-1.8801661408215296,-5.786163568496022,-4.896004805981647,-7.450260400142724
693,-1.1868665218353271,-1.0149915218353271,-4.850929260253906,-6.155616760253906,-4.764991760253906,-4.9456002046354115,-2.5699555491446517,-5.382179975509416,-4.601363922061864,-7.632204293891846
694,-1.2142999172210693,-0.8861748576164246,-5.11273717880249,-6.32367467880249,-5.41742467880249,-5.19165127130691,-3.284808974014595,-5.206488013267176,-5.253774557902943,-7.972137927677977
695,-1.1642533540725708,-1.0236283540725708,-4.633003234863281,-5.828315734863281,-5.500190734863281,-5.532267943548504,-3.2816420590825146,-5.133004069327967,-5.211537396622589,-7.968966006912524
696,-1.0722672939300537,-1.1660172939300537,-4.580080032348633,-5.814455032348633,-5.251955032348633,-5.417052924865857,-2.3615370774059556,-5.0253934860224945,-4.111883606237825,-7.572296022963201
697,-1.1717779636383057,-0.9217779636383057,-4.484277725219727,-5.648340225219727,-4.656152725219727,-5.164635195338633,-2.421960098843556,-5.3514659404752365,-4.179943975817878,-7.554618596628643
698,-0.9422568082809448,-1.0828818082809448,-5.137569427490234,-5.668819427490234,-4.965694427490234,-6.0290387879358605,-2.239346123635187,-5.262570500373272,-4.5832907317671925,-7.645404457791301
699,-1.143348217010498,-0.908973217010498,-4.471473217010498,-5.752723217010498,-5.276160717010498,-5.433060673181899,-2.9325803374376846,-5.21366167068436,-4.846917053888319,-8.135564088432147
700,-0.5048454403877258,-3.176720380783081,-4.68453311920166,-6.27047061920166,-5.856408357620211,-5.340549998451024,-1.2706606207066216,-8.012658596038705,-5.216248046548571,-10.301743268710197
701,-0.8011652827262878,-1.2386653423309326,-4.0589776039123535,-5.6058526039123535,-4.8636651039123535,-5.669061171240173,-2.4106832640536595,-5.129290938377039,-4.254636823607143,-8.105878472006225
702,-1.0101863145828247,-1.3695613145828247,-4.799248695373535,-6.072686195373535,-5.478936195373535,-5.982342277187854,-1.96353885922872,-5.291437149047397,-3.8543720487505198,-6.721168278654659
703,-0.9574280977249146,-1.1605530977249146,-4.707427978515625,-5.605865478515625,-5.191802978515625,-6.505740919499658,-2.0513608288456453,-5.332428932189487,-4.121888319961727,-7.44964373071889
704,-0.6326663494110107,-1.4451663494110107,-4.96860408782959,-6.18735408782959,-5.64047908782959,-5.711685496266,-2.507849199741031,-5.663917422294276,-4.953370375355007,-8.265500545270697
705,-0.8015561103820801,-1.16093111038208,-4.95780611038208,-5.87968111038208,-5.44218111038208,-6.029343212489039,-2.3642370537127135,-5.035931944846766,-4.528666227124631,-7.512523293054983
706,-0.8601952791213989,-1.203945279121399,-4.172695159912109,-6.063320159912109,-4.875820159912109,-5.517288210161496,-2.250971425062744,-5.735195875167619,-4.501221933693159,-8.25865972005522
707,-0.8882011771202087,-0.9975761771202087,-4.5678887367248535,-6.2241387367248535,-5.1850762367248535,-5.099822525808122,-2.4821269357780693,-5.599139571189539,-5.294703928491799,-7.9741688962203625
708,-0.7357220649719238,-1.2044720649719238,-4.735722064971924,-6.079472064971924,-5.368534564971924,-5.564919611555524,-2.3765275315527106,-5.47009789943661,-4.7519092171569355,-8.095122217802782
709,-1.0432487726211548,-0.9494987726211548,-4.597936153411865,-5.793248653411865,-5.051061153411865,-5.5596279636374675,-2.496537195183919,-5.308874368667375,-4.973240448423894,-7.933895230060443
710,-1.1391692161560059,-1.5297942161560059,-4.623544216156006,-5.826669216156006,-5.240731716156006,-6.093482384225354,-1.4987309996649856,-5.779795050620692,-3.8271255643921904,-7.318895696833351
711,-1.1445039510726929,-1.0820039510726929,-4.808566570281982,-5.589816570281982,-5.449191570281982,-6.599672612268478,-1.7696796501259087,-5.558567404746668,-4.105794844217598,-7.433594941690899
712,-0.8736661076545715,-0.9674161076545715,-5.225228786468506,-6.092416286468506,-5.537728786468506,-5.5150999136967584,-2.9050785171129974,-5.537729382514783,-5.756849816156318,-8.358063101519292
713,-1.459787130355835,-2.983224630355835,-4.600411891937256,-5.866036891937256,-3.9050998687743856,-3.0991455763578415,-0.8038840288063511,-7.4285373687743,-4.7579120923765,-8.88169300509253
714,-0.9444577693939209,-1.569457769393921,-4.7882080078125,-5.8194580078125,-5.3897705078125,-6.337447468424216,-1.4290059654886136,-5.9678965806955375,-4.2886617346375715,-7.428868293140113
715,-0.792572021484375,-1.230072021484375,-4.644134521484375,-5.784759521484375,-5.112884521484375,-5.5120689463219605,-2.1521130662440555,-5.269135355949061,-5.081955262226984,-7.745724916068866
716,-0.9338953495025635,-1.2151453495025635,-4.340145111083984,-5.715145111083984,-5.324520111083984,-5.247254002664704,-2.3090647315548267,-5.355770826339494,-4.637451913091354,-8.097984909638399
717,-0.8526108264923096,-1.1182358264923096,-4.6885480880737305,-5.9619855880737305,-5.3838605880737305,-5.845630775787868,-2.149633754277602,-5.540111541747592,-4.673410892690299,-7.688578009157936
718,-0.987544059753418,-1.003169059753418,-4.604731559753418,-6.229731559753418,-5.175044059753418,-5.8241472412482835,-2.253345831501065,-5.66723251342728,-4.566080008924473,-7.503205656335922
719,-0.925478458404541,-1.597353458404541,-4.925478458404541,-6.081728458404541,-4.972353458404541,-5.880392380873673,-1.4725899416662287,-5.808291792869227,-4.105739429069217,-7.550507783460489
720,-0.9856559634208679,-1.0169060230255127,-4.157530784606934,-5.290343284606934,-5.204405784606934,-6.392711791326292,-2.251410356737324,-5.227844119071619,-4.665713122638408,-7.673178553321122
721,-0.7231884598731995,-1.1450634002685547,-4.996625900268555,-6.473188400268555,-5.809125900268555,-6.169660491752438,-2.551496608168236,-5.504439353942416,-5.075123359914869,-7.895088314699024
722,-0.7515779733657837,-1.2203279733657837,-5.040640354156494,-6.056265354156494,-5.806265354156494,-6.526298890938051,-2.3611483382846927,-5.446891307830356,-4.736379294045037,-7.860976576523171
723,-0.9333336353302002,-1.0114586353302002,-4.675520896911621,-6.019270896911621,-5.230208396911621,-5.488758530293126,-2.5272663664800348,-5.347396731376307,-5.0743109558243304,-7.988050460378872
724,-0.7554477453231812,-2.8804478645324707,-4.396072864532471,-6.677322864532471,-5.458572983741753,-4.766399814747274,-0.9587075619347161,-7.380448341369515,-4.662108694552444,-9.521092772276461
725,-0.6901854276657104,-1.2995604276657104,-4.776123046875,-6.276123046875,-5.666748046875,-5.589524220558815,-2.487245661774068,-5.557373881339686,-4.72184887927142,-7.893339871930948
726,-0.9123605489730835,-1.0686105489730835,-4.904548168182373,-6.170173168182373,-5.224860668182373,-5.530572842922993,-2.365703320654575,-5.545174121856235,-4.647110987803899,-7.795204162117443
727,-0.7684506773948669,-1.2840757369995117,-4.416888236999512,-5.549700736999512,-5.026263236999512,-5.2849881061702035,-2.2842075737862615,-5.065326333045789,-4.995314671861706,-8.323165535553926
728,-1.0784915685653687,-0.7972415685653687,-5.062866687774658,-6.289429187774658,-5.430054187774658,-5.337123177770991,-2.625554543963517,-5.703492522239344,-5.157020129816374,-8.07070970487257
729,-0.9151752591133118,-1.415175199508667,-4.837050437927246,-6.352675437927246,-5.360487937927246,-5.877958024968393,-1.8997350760328118,-5.813613653182756,-4.532973222434521,-7.868327617276009
730,-0.7854083776473999,-2.8791584968566895,-4.7229084968566895,-5.8166584968566895,-4.73072123527524,-3.9898906061425805,-1.2543023721082136,-7.183846592902967,-4.520374719344545,-8.777617692701824
731,-0.5352047085762024,-2.8477046489715576,-4.910204887390137,-5.082079887390137,-5.652392506599419,-5.155979290604591,-1.2853762956219725,-7.636767864227181,-6.106002213229658,-9.24616670578871
732,-0.6572757959365845,-1.5166507959365845,-4.508838176727295,-6.024463176727295,-5.188525676727295,-5.666098918183707,-1.860565767987282,-5.430714130401157,-4.602932870591758,-8.251062511735654
733,-0.7821904420852661,-1.4540654420852661,-5.227502822875977,-6.500940322875977,-5.524377822875977,-6.127722581499256,-1.7824228731915355,-5.836878776549838,-4.524820229882607,-7.469714164450124
734,-0.8189934492111206,-1.2096184492111206,-4.86586856842041,-5.90493106842041,-5.24868106842041,-5.8982493442017585,-2.2254358345235232,-5.459619641303448,-4.209987691458082,-7.787771463004901
735,-0.9103469848632812,-0.9884719848632812,-4.441596984863281,-5.793159484863281,-5.457221984863281,-6.0986076084082015,-2.7543052218097728,-5.519722819327967,-5.074898123566527,-8.19162380659327
736,-0.753633439540863,-2.644258499145508,-4.800508499145508,-6.433320999145508,-5.37082111835479,-5.038585358997807,-0.9568874156684615,-7.800508975982552,-4.957678490725812,-9.573969840719656
737,-0.7903017997741699,-1.24342679977417,-4.33717679977417,-6.18873929977417,-5.29811429977417,-5.0567946243681945,-2.306067576035275,-5.805927395820447,-4.735985686944332,-8.126271247369004
738,-1.0433238744735718,-1.0120738744735718,-4.660511493682861,-6.074573993682861,-5.379261493682861,-5.716155429137871,-2.3716238584165694,-5.363637328147547,-4.770297681185184,-7.621473431288905
739,-0.9828576445579529,-1.5453577041625977,-4.928170204162598,-5.771920204162598,-5.404732704162598,-6.023792539490387,-1.592428665026091,-5.4203585386272835,-4.3348269827256445,-7.38913392986251
740,-0.7261690497398376,-1.2574191093444824,-5.093356609344482,-6.108981609344482,-5.530856609344482,-5.938173916423693,-2.0388359884236706,-5.968357324599992,-5.148467689432437,-8.187133192650435
741,-1.1190578937530518,-0.9003078937530518,-4.673745155334473,-6.150307655334473,-5.314370155334473,-5.9870583088486455,-2.5723887470085174,-5.25968372821751,-4.4866505039681215,-7.47846949032828
742,-0.7324384450912476,-1.2793134450912476,-4.388688564300537,-5.982438564300537,-5.224626064300537,-5.584893424413167,-2.0919990367547143,-5.451189160346814,-4.764342809212394,-8.427775978720092
743,-0.8760970234870911,-1.2823469638824463,-4.743284702301025,-5.540159702301025,-4.915159702301025,-5.4473399364505894,-1.8918607138621155,-5.157348036765711,-4.5092785870074295,-7.587064742590883
744,-0.9183014631271362,-1.2464264631271362,-4.222989082336426,-5.933926582336426,-5.683926582336426,-5.684908742085099,-2.652851327889948,-5.441739916801112,-4.707805774407461,-8.18395388089084
745,-0.7981451749801636,-1.1887701749801636,-4.680957794189453,-5.993457794189453,-5.805957794189453,-6.228966546826996,-2.3452024293947034,-5.727833867072491,-4.892279431951465,-7.641926288124523
746,-1.1430587768554688,-0.877433717250824,-4.830558776855469,-6.025871276855469,-5.166496276855469,-5.769054036587477,-2.2838483913365053,-5.4164971113201545,-4.487179329880746,-7.393092035694281
747,-0.9041125774383545,-1.1384875774383545,-3.8963000774383545,-5.552550315856934,-4.927550315856934,-5.022129906748887,-2.2948961132206023,-5.3259885311124435,-4.248289494076744,-8.107268928997655
748,-1.2543859481811523,-1.2387609481811523,-4.418448448181152,-5.551260948181152,-5.066885948181152,-5.122827934799716,-1.7545611704845214,-5.254386663436662,-3.4187507172464393,-7.332539558001372
749,-0.8443260192871094,-1.0162010192871094,-5.164638519287109,-6.055263519287109,-5.453701019287109,-6.1655963838566095,-2.3288892330456292,-5.563076853751795,-5.438416899734875,-7.5865430827543605
750,-0.7508680820465088,-1.3446180820465088,-4.76649284362793,-5.82899284362793,-5.49305534362793,-6.181618840084411,-2.1260647580347722,-5.4383686780926155,-4.712201278482098,-7.797766208375833
751,-0.8060804009437561,-1.1185803413391113,-4.290455341339111,-6.040455341339111,-5.345142841339111,-5.236452583456412,-2.9077936297253473,-5.454518675803797,-4.907927830150584,-8.048298239260475
752,-1.1264655590057373,-1.5327155590057373,-4.446778297424316,-5.938965797424316,-4.931153297424316,-5.42448812443763,-1.4235330634837737,-5.868654012679826,-3.744031715206802,-7.509313582751929
753,-0.7631533145904541,-1.122528314590454,-5.310028076171875,-6.052215576171875,-5.677215576171875,-6.115879215998575,-2.6541095423453953,-5.739716529845737,-5.458836963342037,-7.747553467428588
754,-1.1050511598587036,-0.7769261598587036,-4.495676040649414,-5.948801040649414,-5.690988540649414,-5.910416611586697,-2.8864564774848986,-5.6128643751141,-5.660226345265983,-8.331642865705362
755,-0.9219627380371094,-1.3125877380371094,-4.695400238037109,-5.937587738037109,-5.351650238037109,-5.9778033995535225,-1.9065377512160921,-5.421963810920147,-4.094253572780872,-7.7032389637370215
756,-1.0796197652816772,-0.9233697652816772,-4.954619884490967,-5.876494884490967,-5.267119884490967,-6.354729445767589,-2.454980070091551,-5.345245957374004,-4.236333143664524,-7.08746576253543
757,-1.0520374774932861,-0.9582874178886414,-5.169224739074707,-5.567662239074707,-5.622349739074707,-5.178053458570503,-3.177197085999069,-5.153600454330217,-4.9898850313038565,-8.177064299217818
758,-1.1961113214492798,-1.1179863214492798,-4.78204870223999,-5.73517370223999,-5.25079870223999,-5.667449935339391,-1.868158564044279,-5.336737036704676,-3.9076251513906755,-7.110202788882816
759,-0.852082371711731,-1.227082371711731,-5.172394752502441,-6.508332252502441,-5.531769752502441,-5.993693818571046,-2.039828985289205,-5.992708086967127,-5.250912708317628,-7.594296931851204
760,-0.7953039407730103,-1.2328039407730103,-4.834366321563721,-6.045303821563721,-5.568741321563721,-5.6009495434118435,-2.498644567109295,-5.4281171560284065,-4.811393272277201,-8.209390759180678
761,-1.3710135221481323,-3.316326141357422,-4.722576141357422,-6.503826141357422,-4.8944513797759726,-4.127889100462198,-0.5743310266261688,-7.441326618194466,-4.442035185173154,-8.9179123637241
762,-0.8164648413658142,-1.457089900970459,-4.636777400970459,-6.121152400970459,-5.355527400970459,-6.067536494927481,-1.9104056176438462,-5.589903354644321,-4.637209322158014,-7.761801480957729
763,-0.9821830987930298,-0.8415580987930298,-4.84155797958374,-5.88843297958374,-5.54468297958374,-6.084504197235219,-2.927654372935649,-5.154058814048426,-5.466956416843459,-8.036898731799738
764,-0.6411126255989075,-2.7661125659942627,-4.289550304412842,-6.484862804412842,-5.680175423622124,-4.659408338135108,-1.1881141582416603,-6.969238400459119,-4.6884302114194725,-9.125506400880113
765,-0.8492754101753235,-1.1617753505706787,-4.208650588989258,-5.403963088989258,-5.075838088989258,-6.248430352425203,-2.4900432722934056,-4.966463923453944,-4.1543988232151605,-7.810244917363889
766,-0.6569689512252808,-2.2507190704345703,-4.36790657043457,-6.07884407043457,-5.305406689643853,-5.417006756877527,-1.2665687546686968,-6.9460321664808475,-4.993886824697256,-9.321050643739
767,-1.0972011089324951,-1.0034511089324951,-4.378451347351074,-5.667513847351074,-5.058138847351074,-5.511933102738112,-2.3473577376717003,-5.10501468181576,-4.730414072051644,-7.5737875697177515
768,-0.7265067100524902,-1.3827567100524902,-5.15619421005249,-5.78119421005249,-5.77338171005249,-5.922614496550523,-2.351687534188386,-5.874945044517176,-5.445631791342748,-7.898413776838424
769,-1.196185827255249,-1.414935827255249,-4.446186065673828,-5.914936065673828,-5.219623565673828,-5.158409007359296,-1.6651059244468343,-5.485249280929338,-3.9387605632655323,-7.532155751665414
770,-0.8474385142326355,-0.9568135142326355,-4.863063335418701,-6.214625835418701,-5.902125835418701,-6.020118627464399,-2.425729141832562,-6.074001789092563,-5.535293158522109,-7.870903610797541
771,-0.9445171356201172,-1.0851421356201172,-4.514829635620117,-6.194517135620117,-4.991392135620117,-5.117305338499136,-2.210327012144262,-5.499205350875627,-4.2964085991552565,-7.819544672587654
772,-1.0556859970092773,-1.2275609970092773,-4.274435997009277,-5.243185997009277,-5.227560997009277,-5.838006876525469,-1.7277453967835754,-5.485374450683139,-4.102973018627381,-7.735401868418194
773,-1.2893962860107422,-1.0237712860107422,-4.156583786010742,-6.367521286010742,-4.656583786010742,-4.868192685709801,-1.8520245469844667,-5.601897120475428,-4.46938677012804,-7.953490018357115
774,-0.9366957545280457,-1.1554458141326904,-4.663258075714111,-5.725758075714111,-5.553883075714111,-6.117527068709023,-2.264998062630184,-5.132009148597149,-4.499628569319611,-7.428909182208372
775,-0.8678497076034546,-2.961599826812744,-4.133474826812744,-5.961599826812744,-5.461599946022027,-4.319005906116217,-0.9148595242149895,-7.281912803649789,-4.712077384378063,-9.235060810755385
776,-0.9256097674369812,-3.128734827041626,-4.956859588623047,-5.933422088623047,-5.667797207832329,-5.463063387665898,-0.7226214911497664,-7.253735065460091,-5.066707022633636,-9.410009741466638
777,-3.1806094646453857,-2.0477969646453857,-4.336859226226807,-4.164984226226807,-5.422796964645357,-4.719571106135845,-1.5635572580358712,-7.571234464645357,-4.845268667326309,-9.899382471778154
778,-1.1955782175064087,-0.8674532175064087,-4.195578098297119,-5.609640598297119,-5.273703098297119,-5.204027092491742,-2.508254870044766,-5.297141551970981,-4.953747685562121,-7.961232184939945
779,-0.8884124159812927,-1.3102874755859375,-4.6227874755859375,-5.3649749755859375,-5.0055999755859375,-5.522344439290464,-1.8573273284418974,-5.161850929259799,-4.0606366978317965,-7.708757757602143
780,-0.6837504506111145,-1.2618753910064697,-5.027500629425049,-6.246250629425049,-5.800938129425049,-5.942857024027035,-2.3402355632861145,-5.777501702308086,-4.863768761337269,-7.941589116711839
781,-0.5801800489425659,-1.455180048942566,-5.0020551681518555,-6.2520551681518555,-6.0254926681518555,-6.0969610683387145,-2.4084951697150245,-5.580181241034893,-5.190004605363356,-7.580208539560772
782,-0.7291868925094604,-1.2916868925094604,-4.69012451171875,-5.82293701171875,-5.44793701171875,-6.175749354995787,-2.1355910182610387,-5.479187846183436,-5.010800295625813,-7.854209422814165
783,-1.2099032402038574,-0.6942782998085022,-4.538028240203857,-5.694278240203857,-5.272403240203857,-5.710535683843773,-3.147542586157215,-5.225528955459367,-5.600922387646278,-8.194304942740928
784,-0.9140533804893494,-1.1640534400939941,-4.554678440093994,-5.914053440093994,-5.257803440093994,-5.837233406840824,-2.117397284397157,-5.624991893767856,-4.21910362818744,-7.726582049914214
785,-1.232847809791565,-2.8578476905822754,-4.318785190582275,-6.389097690582275,-5.435972929000826,-4.682938725687563,-0.6860943958745338,-7.13909816741932,-4.9365985818440095,-8.529745340101726
786,-0.9978057146072388,-1.0915557146072388,-4.544680595397949,-5.779055595397949,-5.060305595397949,-5.201808067504317,-2.06047664610378,-5.427494049071811,-4.287317890091799,-7.607211946949974
787,-1.0099585056304932,-1.1818335056304932,-4.314645767211914,-5.197458267211914,-4.986520767211914,-5.862619392341003,-1.869448893565277,-5.1662091016766,-4.197830250224797,-7.283427833997848
788,-0.9231076240539551,-0.8293576240539551,-4.821545124053955,-6.134045124053955,-5.798107624053955,-6.181544466584455,-2.9545197355473647,-5.555920958518641,-5.9704075148911215,-8.63407349544832
789,-0.8696723580360413,-2.6509222984313965,-4.6431097984313965,-5.7056097984313965,-5.30605232715606,-4.727854146622121,-0.8608740478230175,-7.118552684783822,-5.119061817007605,-8.868575811107803
790,-0.9121385812759399,-1.08401358127594,-5.09182596206665,-6.11526346206665,-5.80276346206665,-6.874146960675716,-2.177942855953006,-5.685576915740512,-5.412587422673823,-7.0371680255339015
791,-0.9280837774276733,-1.0218337774276733,-4.224958896636963,-5.631208896636963,-5.099958896636963,-5.678745885088574,-2.459497319214279,-5.201522231101649,-4.8347157702664845,-7.951547264718101
792,-0.9838626384735107,-0.8744876384735107,-4.74948787689209,-5.62448787689209,-5.56980037689209,-5.914353524916805,-2.8121427177393343,-5.249488711356776,-5.429544738261029,-8.062012552911256
793,-0.8779157400131226,-1.2216657400131226,-4.409165859222412,-5.440415859222412,-5.120103359222412,-5.261519595806021,-2.440574990963796,-5.104479074477922,-4.3470847920980304,-8.323255896175397
794,-1.163312315940857,-1.085187315940857,-4.2101874351501465,-5.8508124351501465,-4.7258124351501465,-5.2030334688024595,-2.3040923952212324,-5.178938150405656,-4.405872037314111,-7.499279498617398
795,-1.0543420314788818,-0.9918420910835266,-4.468404769897461,-5.726217269897461,-5.077779769897461,-5.352026849985123,-2.367063140263781,-5.351218223571323,-4.507740221917629,-7.741869687657527
796,-1.4428553581237793,-1.0209803581237793,-4.044417858123779,-5.560042858123779,-5.341292858123779,-5.07685769314412,-1.7867609141540015,-5.794418692588465,-3.497916986088967,-7.458511828881456
797,-0.8654938340187073,-2.5998687744140625,-4.3889312744140625,-5.4358062744140625,-5.5529937744140625,-5.292485120240599,-0.8968561228612089,-6.85768187046034,-4.842509286303539,-8.701455950433228
798,-1.0063012838363647,-0.9750512838363647,-4.389113903045654,-5.506301403045654,-5.139113903045654,-5.327461002976634,-2.459566702542361,-4.8891144990919315,-4.522286707797321,-8.24070227111406
799,-0.7465490102767944,-1.0746740102767944,-5.637174129486084,-6.215299129486084,-6.324674129486084,-6.341205543605611,-2.559244851989206,-6.0590502023691215,-6.004729680047603,-7.574698447884657
800,-0.8603231906890869,-1.110323190689087,-4.571260452270508,-6.040010452270508,-5.516572952270508,-5.91587946790969,-2.860557886233437,-5.571261286735194,-5.087347043299815,-8.31347322431975
801,-0.6514958143234253,-2.745245933532715,-4.370245933532715,-5.956183433532715,-4.9014961719512655,-3.7948540337383747,-1.5580132842005696,-7.245246410369759,-4.535236285708379,-8.549956202246904
802,-0.6401971578598022,-2.452697277069092,-5.015197277069092,-6.569884777069092,-4.460650205612154,-3.7310597682371736,-1.5469011768291239,-7.351275324821415,-4.531843512435444,-8.554425358437584
803,-1.158174753189087,-1.486299753189087,-4.111299514770508,-5.228487014770508,-5.009737014770508,-5.667967502726242,-1.3614817692141514,-5.3847379684443695,-3.5492454965715297,-7.470704078237759
804,-0.8284376859664917,-1.2503126859664917,-4.844062805175781,-6.078437805175781,-5.023750305175781,-5.641831713612191,-2.078773680550512,-5.937813520431291,-4.836648265802069,-8.17221069309744
805,-0.9757258892059326,-1.2882258892059326,-4.194476127624512,-5.444476127624512,-5.030413627624512,-5.476910247351043,-2.2102931553090457,-5.1319769620891975,-3.773113119532354,-7.421073436129518
806,-0.9650866985321045,-1.3244616985321045,-4.488524436950684,-5.988524436950684,-5.144774436950684,-5.31028416287154,-2.027778726260294,-5.551025390624545,-3.8796230623847805,-7.4963643547107495
807,-0.7852226495742798,-2.5977225303649902,-4.33991003036499,-6.16022253036499,-5.264058709144585,-5.048472995404154,-0.9595140116434777,-7.264059066772347,-4.873993001820054,-9.029703378471822
808,-0.6487904787063599,-1.5706654787063599,-4.72691535949707,-6.18004035949707,-5.48472785949707,-5.399945902521722,-2.3208291396440472,-5.60191607475258,-4.586798777047079,-8.21131896931729
809,-1.0155673027038574,-1.3436923027038574,-4.046817302703857,-5.179629802703857,-4.906192302703857,-4.993134589632973,-1.7344667799770832,-5.343693137168543,-4.0080675589561,-7.726536273461534
810,-0.5198845863342285,-2.7073845863342285,-4.6058220863342285,-6.3870720863342285,-5.527697324752779,-4.689863667823374,-1.5356939861085266,-7.535510063171273,-4.747125633759424,-8.988653898042685
811,-0.8308748602867126,-1.4246249198913574,-5.237124919891357,-6.260562419891357,-5.783999919891357,-5.872522704768926,-1.784261430875631,-5.963688254356043,-4.55015752435429,-7.237152814475849
812,-0.9616811275482178,-0.9460561275482178,-4.899181365966797,-5.899181365966797,-5.227306365966797,-5.720429459528532,-2.6024706228345167,-5.508557081222307,-5.063662560540251,-8.000770091666709
813,-0.9812288284301758,-0.9343538284301758,-4.629666328430176,-5.496853828430176,-5.176541328430176,-5.3022466793772765,-2.4657831031363457,-5.340604662894862,-4.856570423900848,-8.02032113030873
814,-0.8990322947502136,-0.9615322947502136,-4.664657115936279,-5.914657115936279,-5.008407115936279,-5.384227058792021,-2.571100931498222,-5.578720450400965,-4.8681358665344305,-8.024059056884653
815,-0.7171669602394104,-2.5452919006347656,-4.545291900634766,-6.099979400634766,-5.420291900634766,-5.580159906297922,-1.0766596724788542,-7.03747987747181,-5.037980192631949,-8.615626334903936
816,-0.41700997948646545,-2.2451350688934326,-4.5966973304748535,-6.3623223304748535,-5.7685723304748535,-5.676011212985031,-1.7765999801194994,-6.963885426521131,-5.347659601538908,-9.417031407134345
817,-0.8167027235031128,-1.2229527235031128,-4.738577842712402,-6.472952842712402,-5.277640342712402,-5.232011852320284,-2.0043895070411963,-5.715141177177088,-4.957797059585573,-7.285477995555993
818,-0.7799062728881836,-1.1392812728881836,-4.897093772888184,-5.834593772888184,-5.701781272888184,-5.73395078809699,-2.3581732410675613,-5.514282107352869,-4.975556435791077,-8.170557736999399
819,-1.0273659229278564,-1.0586159229278564,-4.675803184509277,-5.933615684509277,-5.441428184509277,-5.793899242475163,-2.41818521519599,-5.535179018973963,-4.94184521085117,-7.839891194971642
820,-0.6254374384880066,-3.1879374980926514,-4.875437259674072,-6.172312259674072,-5.219187498092623,-4.802441888488829,-1.1412308074504836,-7.617625236511117,-4.923009867488872,-8.891085743638541
821,-1.108565092086792,-1.202315092086792,-4.116377830505371,-5.421065330505371,-4.960127830505371,-5.219131713383831,-1.9055955289222766,-5.319503664970057,-3.8666857006319333,-7.538281678736894
822,-1.060591459274292,-0.9512165188789368,-4.599654197692871,-5.771529197692871,-4.888716697692871,-5.326936462719459,-2.310788016067818,-5.482467651366733,-4.474966953945113,-7.787182211483014
823,-0.8716813921928406,-1.1998064517974854,-4.652931213378906,-5.988868713378906,-5.395118713378906,-5.786712415574584,-2.05935977298941,-5.863869547843592,-4.958009524270892,-7.7076493496970215
824,-0.91241055727005,-1.1624104976654053,-4.435848236083984,-5.365535736083984,-5.092098236083984,-6.007165642105974,-2.1781945102120517,-5.21709907054867,-4.22527521167649,-7.568689703521159
825,-0.977451503276825,-1.2430765628814697,-3.9930765628814697,-5.696201324462891,-5.344638824462891,-5.822995244758204,-1.8526320294622565,-5.750889778136752,-3.6107516291958746,-7.735296964096051
826,-0.8852366209030151,-1.1196116209030151,-4.846174240112305,-6.424299240112305,-5.447736740112305,-5.276921902201138,-2.1510578201705357,-5.768050312995342,-5.080916933162371,-7.533702730726873
827,-0.988332986831665,-1.191457986831665,-4.152395248413086,-5.847707748413086,-5.058645248413086,-5.363969242607709,-1.8791370231629116,-5.683646082877772,-4.754402657708852,-8.089919566811659
828,-0.8162602782249451,-1.0818853378295898,-4.75376033782959,-6.58188533782959,-5.47251033782959,-5.754585045157,-2.332084397523431,-5.9100112915034515,-4.886973300832324,-8.160037994002778
829,-0.8839854598045349,-1.4933605194091797,-4.48554801940918,-5.86054801940918,-5.34492301940918,-5.486662124632858,-1.6185343114484567,-5.704298973083041,-4.290690676076338,-7.485577344465128
830,-0.656726062297821,-1.2973511219024658,-5.000475883483887,-5.687975883483887,-5.406725883483887,-6.017011227959301,-2.3599941628199304,-5.3598517179485725,-4.469707015610766,-8.16456055616618
831,-0.9003506302833557,-0.9003506302833557,-4.509725570678711,-5.962850570678711,-5.462850570678711,-6.143152405798901,-2.5723525205103215,-5.533163905143397,-5.150811089319177,-8.0331898924087
832,-0.7820597887039185,-1.1258097887039185,-5.203934669494629,-5.977372169494629,-5.500809669494629,-6.134470341436099,-2.688510755353491,-5.305497884750139,-5.110615399084054,-8.149274468049043
833,-0.9566079378128052,-1.0347329378128052,-4.690982818603516,-5.917545318603516,-5.855045318603516,-5.989233143627644,-2.284954165748786,-5.315983653068201,-4.433695774292573,-7.24570918007521
834,-0.9614616632461548,-1.0708366632461548,-4.625524044036865,-5.891149044036865,-5.141149044036865,-5.618829221581109,-2.305423952435376,-5.328649878501551,-4.2040456938848365,-7.680240153857085
835,-1.016395092010498,-0.8601450324058533,-4.453895092010498,-5.649207592010498,-5.547645092010498,-5.337374226539396,-2.688419450088986,-5.571083307266008,-5.219847983011277,-8.110175847519713
836,-1.0187058448791504,-1.0343308448791504,-4.66714334487915,-5.84683084487915,-4.93276834487915,-5.7929955665022135,-2.2220159597782185,-5.495269298553012,-4.23789420054527,-7.706239342129265
837,-1.1567926406860352,-0.7817926406860352,-4.570855140686035,-5.922417640686035,-4.992730140686035,-5.501070598431397,-2.3913441740587587,-5.539605975150721,-5.016549156833207,-7.9771324392404495
838,-1.0558044910430908,-1.1026794910430908,-4.391741752624512,-6.102679252624512,-4.876073837280273,-5.033113287121523,-2.1184346526133595,-5.462012052535783,-3.938947727001505,-7.665173529887397
839,-0.6992846131324768,-2.074284553527832,-4.261784553527832,-5.355534553527832,-5.628972053527832,-5.677983265602961,-1.2619069739739643,-6.457097649574109,-5.12968621973414,-8.48837292160897
840,-0.5723024010658264,-2.6816773414611816,-5.158239841461182,-6.173864841461182,-6.501989841461182,-6.293749982025474,-1.1505948164849542,-7.330115437507459,-5.775983893952798,-9.46294963336004
841,-0.7897283434867859,-1.3366034030914307,-4.555353164672852,-6.235040664672852,-5.258478164672852,-5.618902490125038,-2.071180084865773,-5.8366038799283615,-4.157318034267519,-8.055382608934451
842,-0.7981017827987671,-1.219976782798767,-5.259039402008057,-6.626226902008057,-5.782476902008057,-5.346787124522962,-2.454552749491995,-5.844977736472742,-4.759525657660561,-7.868436097864105
843,-1.0507005453109741,-0.9257005453109741,-4.956950664520264,-5.980388164520264,-5.417888164520264,-5.239768229541369,-2.74619899452955,-5.0897639989849495,-4.855882879870478,-7.613226413395751
844,-0.8478938341140747,-1.3791438341140747,-4.183831214904785,-5.511956214904785,-5.386956214904785,-5.520735630649142,-2.1762052600388415,-5.152581930160295,-4.067041437199805,-8.19948518234196
845,-1.0906182527542114,-0.9968682527542114,-3.942180633544922,-5.676555633544922,-5.082805633544922,-4.864939537306782,-2.340772259281948,-5.582806348800432,-4.676976830465719,-7.996895312893685
846,-0.7218801975250244,-1.2062551975250244,-5.073442459106445,-5.721879959106445,-5.729692459106445,-6.113979563117027,-2.3470313434809214,-5.425005793571131,-5.198986263188999,-8.284404873536914
847,-0.8268308043479919,-1.1080808639526367,-4.623705863952637,-6.178393363952637,-5.522143363952637,-5.984011574473698,-2.889551138461684,-5.5065191984173225,-5.014762785140192,-8.287794947271323
848,-1.0318353176116943,-1.1412103176116943,-4.289648056030273,-5.609960556030273,-5.500585556030273,-6.368999801343307,-1.9069726372836158,-5.344336271285783,-4.610292498808121,-7.336552619497525
849,-1.0758726596832275,-0.7633727192878723,-4.497747898101807,-5.982122898101807,-5.232122898101807,-5.732722698536236,-2.8260266662255162,-5.708686351775668,-5.4356428796600085,-8.1071519847319
850,-1.2213666439056396,-0.8151166439056396,-4.752616882324219,-5.752616882324219,-5.197929382324219,-5.862706405867357,-2.6278022355400026,-5.43230533599808,-5.049823825102067,-7.502646922614076
851,-0.951630711555481,-1.139130711555481,-4.568818092346191,-5.787568092346191,-4.998505592346191,-5.725971052539535,-2.1705710706446553,-5.365693926810877,-4.334815313661238,-7.6391557451897825
852,-0.9214999675750732,-0.9683749675750732,-4.718375205993652,-6.085562705993652,-5.382437705993652,-6.203514879569411,-2.59357116681349,-5.42150127887669,-4.711027514189482,-7.8355931039004645
853,-0.9147056341171265,-1.1959556341171265,-4.266268253326416,-5.672518253326416,-4.867830753326416,-5.697007817681879,-2.055478085152572,-5.227206468581926,-3.99321501023951,-7.67254555188083
854,-0.8741900324821472,-1.171065092086792,-4.366377353668213,-5.772627353668213,-4.788252353668213,-5.351491059118416,-2.0776077080809046,-5.694503068923723,-4.913591684948187,-8.085152387317066
855,-0.9096925854682922,-1.1128175258636475,-4.409692764282227,-6.159692764282227,-5.151880264282227,-5.504499711096287,-2.0817519256379455,-5.808131098746912,-4.495949694159208,-7.917533278072369
856,-0.9401571750640869,-0.8932821750640869,-4.893281936645508,-6.252656936645508,-5.408906936645508,-5.691102177079301,-2.674703464144841,-5.658907651901018,-5.2608858671737835,-7.901120066313524
857,-0.7639997005462646,-1.3264997005462646,-4.412437438964844,-5.771812438964844,-5.310874938964844,-5.171318079577759,-2.295397270761896,-5.107750654220354,-4.5924278039019555,-8.115586638157765
858,-0.8588182926177979,-1.2338182926177979,-4.593193054199219,-6.061943054199219,-5.179130554199219,-5.7424826566712,-2.1871341284859227,-5.28069400787308,-4.382603942271089,-7.601032971959285
859,-0.7340808510780334,-2.6715807914733887,-4.616893291473389,-5.359080791473389,-5.734080791473389,-5.612957345088944,-1.0467141777771758,-6.499706506728899,-5.195471184211783,-8.390359878130766
860,-0.8761665225028992,-1.188666582107544,-4.462103843688965,-5.571478843688965,-5.493353843688965,-5.182076659868471,-2.540367951281951,-5.274604439735242,-4.931268605985679,-8.126192450183225
861,-0.9227724075317383,-1.0165224075317383,-4.125897407531738,-5.594647407531738,-4.649334907531738,-5.3764848175342195,-2.4699002184788696,-5.055585622787248,-4.907607211236609,-8.102486252437302
862,-0.8818238377571106,-1.2255737781524658,-4.874011516571045,-6.639636516571045,-5.288074016571045,-5.507854764699005,-2.194577185000526,-5.866200208663258,-4.546423767693341,-7.35060751382116
863,-0.923014760017395,-1.219889760017395,-4.8761396408081055,-5.9230146408081055,-5.2980146408081055,-5.955133775540162,-2.2513315493415575,-5.399578094481967,-4.657780690031359,-7.30587267771989
864,-0.9705995321273804,-1.0018495321273804,-5.10341215133667,-6.28309965133667,-5.72059965133667,-6.315667475806549,-2.4708182572794612,-5.6346632242197074,-4.822544501628727,-7.369071483022708
865,-0.9272671341896057,-1.192892074584961,-4.208517074584961,-5.427267074584961,-5.224142074584961,-5.647027339669876,-2.443059787983657,-5.036642789840471,-4.263641738682054,-8.17729568440518
866,-0.9846094846725464,-1.0627344846725464,-4.297109603881836,-5.750234603881836,-4.851797103881836,-5.336971916723996,-2.156639563952922,-5.226797938346522,-4.633369393850444,-7.898696779901002
867,-0.7419723868370056,-1.3669724464416504,-4.41384744644165,-5.63259744644165,-5.21853494644165,-5.07912597595714,-2.2733639378566295,-5.13259816169716,-4.304826077859616,-8.195124506572029
868,-0.8820875883102417,-2.4758377075195312,-3.9836502075195312,-6.374275207519531,-5.233650207519531,-4.72075946489349,-1.0696998771527433,-6.2570883035658085,-4.429334809683496,-8.241485953059964
869,-0.7300332188606262,-1.4019081592559814,-4.6519083976745605,-6.0269083976745605,-5.3862833976745605,-4.848608841421083,-2.152072416167357,-5.5425341129300705,-4.628881131880917,-7.870681881628116
870,-0.9794568419456482,-1.291956901550293,-4.776331901550293,-5.760706901550293,-5.206019401550293,-5.699836832354777,-1.7921404670050833,-5.440395355224155,-4.229798497020965,-7.057606458361988
871,-0.8060895204544067,-1.2592145204544067,-4.735776901245117,-5.938901901245117,-5.227964401245117,-5.666494077653624,-2.134437178596272,-5.360777735709803,-4.673745760665042,-7.657682179946278
872,-0.91656494140625,-1.13531494140625,-4.56500244140625,-6.10406494140625,-4.82281494140625,-4.995579562149942,-2.088623983610887,-5.572815775870936,-4.448194670083467,-7.830654382341891
873,-1.1228007078170776,-0.9196757078170776,-4.904050827026367,-6.302488327026367,-5.388425827026367,-5.975306304579135,-2.232368927434436,-5.646239399909405,-5.146696462586988,-7.490024446789903
874,-0.7561618685722351,-0.9592868685722351,-5.068661689758301,-6.146786689758301,-5.912411689758301,-6.655478091153782,-2.72509263313259,-5.803037762641338,-5.740875067684101,-8.01399826974557
875,-1.0057905912399292,-0.8807905912399292,-5.037040710449219,-6.302665710449219,-5.763603210449219,-6.381743930280209,-2.20911548526783,-6.05266666412308,-5.185868783009937,-7.787071346767334
876,-1.0280057191848755,-1.1373807191848755,-4.496755599975586,-5.817068099975586,-4.910818099975586,-5.154197578202002,-1.9969435753737343,-5.496756315231096,-4.05971456959378,-7.778038024378475
877,-0.7430540919303894,-2.446179151535034,-4.305553913116455,-5.602428913116455,-5.860241413116455,-4.848466248018667,-1.180661553335085,-6.516492009162732,-4.657474453706527,-8.602452635494046
878,-0.5745365619659424,-2.1370365619659424,-4.441723823547363,-5.808911323547363,-6.074536323547363,-5.920240399194881,-1.4496589824120747,-6.449537038802873,-5.035853313922416,-8.832376479720551
879,-0.8182529807090759,-2.9120030403137207,-4.318253040313721,-5.935440540313721,-4.826065778732271,-4.387422918342054,-1.0371956639719428,-7.122941136359998,-4.764183926105034,-8.271397232816526
880,-1.161499261856079,-0.8489993214607239,-4.122437000274658,-5.950562000274658,-4.927124500274658,-5.380888615443837,-2.708551033603726,-5.403687834739344,-5.021318694634829,-7.880278110094878
881,-0.8544932007789612,-1.2138681411743164,-4.729493141174316,-5.573243141174316,-5.276368141174316,-5.714896388468333,-2.151527392110438,-5.377931475639002,-4.519086339278147,-7.659211635109386
882,-0.9178129434585571,-1.3084379434585571,-4.566250324249268,-5.519375324249268,-5.066250324249268,-6.1298433527117595,-1.9336401019827463,-5.433438658713953,-4.347915205697063,-7.808466910892093
883,-0.7222993969917297,-1.206674337387085,-5.112924575805664,-5.698862075805664,-5.503549575805664,-5.535775066295173,-2.7224850482161855,-5.151987791061174,-5.394638907368062,-8.152010917379812
884,-1.0842690467834473,-1.0217690467834473,-4.388956546783447,-5.584269046783447,-4.904581546783447,-5.757200636318885,-2.43603847270424,-5.248332619666485,-3.889354984043166,-7.459295153277708
885,-0.8656942844390869,-1.193819284439087,-4.295381546020508,-5.787569046020508,-5.373506546020508,-5.725960929703433,-2.8502586900576716,-5.178194880485194,-4.483388176362496,-8.13916194392732
886,-0.5092739462852478,-2.3530240058898926,-4.431149005889893,-6.024899005889893,-5.915524005889893,-5.3080233639338985,-1.571879023758811,-6.46239960193617,-4.955067757167853,-9.001484036180045
887,-1.0295813083648682,-0.9670812487602234,-4.365518569946289,-5.396768569946289,-4.803018569946289,-5.030520474596415,-2.404728759385762,-5.279581785201799,-4.678367315500509,-7.834293365171106
888,-1.0233333110809326,-1.0545833110809326,-4.288958549499512,-6.140521049499512,-5.156146049499512,-5.344421800982673,-2.320368753906223,-5.507709264755022,-4.875208090728847,-7.710860848053926
889,-1.1467645168304443,-0.8498895168304443,-4.771764755249023,-6.170202255249023,-5.295202255249023,-5.600844166066963,-2.318850495008519,-5.615515470504533,-4.41276066575665,-7.373367427971971
890,-0.6498612761497498,-3.1576738357543945,-4.3998613357543945,-6.3842363357543945,-5.126424074172945,-4.655801144428551,-1.337532386460225,-7.110799431800672,-4.423842997290194,-8.353005051438231
891,-1.1671298742294312,-0.9952548742294312,-4.378067493438721,-5.932754993438721,-5.174942493438721,-4.894459311151877,-2.5188463807862718,-5.253068208694231,-4.901861127378652,-7.885905146282312
892,-0.8478125929832458,-2.7384376525878906,-4.332187652587891,-6.254062652587891,-4.933750271797173,-4.5645108865574,-1.0511753276659874,-7.152500748634168,-4.379818987858016,-8.81658756701836
893,-0.6212754249572754,-2.0431504249572754,-4.465025424957275,-5.738462924957275,-5.754350185394287,-5.459558699047193,-1.449783556337934,-6.465288281440564,-5.137792269815691,-8.730937003805593
894,-1.0109366178512573,-0.9015616178512573,-4.682811737060547,-5.534374237060547,-5.346874237060547,-5.746118696697522,-2.63610182829143,-4.885937571525233,-5.058232219016645,-7.995337247522912
895,-0.8949422240257263,-1.051192283630371,-4.488692283630371,-5.801192283630371,-5.191817283630371,-5.512836564099416,-2.7076424160040915,-5.324630618095057,-4.856286919675767,-8.090283274244939
896,-1.0286558866500854,-0.8880308866500854,-4.919281005859375,-6.177093505859375,-5.122406005859375,-5.3341701189638115,-2.419492937522591,-5.770844221114885,-5.1540283463546075,-7.880245685208138
897,-0.8945024013519287,-1.3945024013519287,-4.011690139770508,-6.113252639770508,-4.816377639770508,-4.731362751568668,-1.738409030091134,-5.621065855026018,-3.9184349741553888,-8.167968391973773
898,-1.0901777744293213,-1.1214277744293213,-4.269865036010742,-5.262052536010742,-5.246427536010742,-5.161363696795888,-2.4262825110781705,-4.808928251266252,-4.309331573866075,-7.769898056438251
899,-1.5968003273010254,-3.2843003273010254,-4.120237827301025,-6.213987827301025,-4.604613065719576,-3.6151363691315055,-0.5659101553901564,-7.29992580413807,-4.425951192853972,-8.081200837750657
900,-0.7111583948135376,-1.3517833948135376,-5.008033275604248,-6.601783275604248,-5.968970775604248,-5.423394670593552,-2.070736387599027,-6.164284110068934,-4.711545749916695,-7.953373074158662
901,-0.762740433216095,-2.93461537361145,-4.161178112030029,-6.551803112030029,-4.44242835044858,-3.959144528955221,-1.1223190815362614,-7.051803588867074,-4.3725414561340585,-8.82525765880564
902,-1.0523141622543335,-0.9741891622543335,-4.505439281463623,-5.677314281463623,-5.013251781463623,-5.974756914190948,-2.318145373094012,-5.177314996719133,-4.904278078611242,-7.966406106519571
903,-1.1438735723495483,-0.8938735723495483,-4.432936191558838,-5.823561191558838,-5.229811191558838,-5.551196952699684,-2.1127480191207724,-5.276686906814348,-4.941110664658481,-7.464208125828009
904,-1.1821460723876953,-1.1040210723876953,-4.588396072387695,-6.322771072387695,-4.900896072387695,-5.245577259280253,-1.9792356260877568,-5.557147145270733,-4.190344378439477,-7.377499102723959
905,-1.112056016921997,-0.8464309573173523,-4.510493278503418,-5.940180778503418,-4.908930778503418,-5.308039082563482,-2.440316787091433,-5.229243993758928,-4.807691045163665,-7.565209269117986
906,-0.9626854658126831,-0.9626854658126831,-5.048623085021973,-6.361123085021973,-5.329873085021973,-5.737251122132875,-2.212867601047037,-5.6423739194866585,-4.666247153334552,-7.540837645165084
907,-1.816657304763794,-3.308844804763794,-4.551032543182373,-5.941657543182373,-4.269782781600924,-3.4627508390694857,-0.5513396387104876,-7.144783020019418,-4.498080534860492,-7.840120315231616
908,-1.0728158950805664,-1.0571908950805664,-4.690003395080566,-6.236878395080566,-5.158753395080566,-5.42542057542596,-2.2293158457323443,-5.908754110336076,-4.620071219600504,-7.5962924949635635
909,-1.2529025077819824,-0.9560274481773376,-4.065402507781982,-5.854465007781982,-4.784152507781982,-5.2693266058922745,-2.221806514324271,-5.002903223037492,-4.300168318673968,-7.502934932184871
910,-1.0614012479782104,-0.9520262479782104,-5.0614013671875,-6.2801513671875,-5.3035888671875,-6.1716480031609535,-2.756960719154449,-5.428590059279713,-4.69467974777217,-7.866116404155036
911,-3.232114315032959,-3.474301815032959,-5.216489315032959,-4.286801815032959,-5.41180205345151,-2.534272611141205,-3.592186208057683,-8.200863957405083,-3.796701278537512,-10.173607464785164
912,-1.0841697454452515,-1.0529197454452515,-4.341982364654541,-5.677919864654541,-4.966982364654541,-4.936597568914294,-2.256181945936987,-5.263857960700818,-4.686180133692687,-7.709199070504837
913,-1.0216529369354248,-1.4591529369354248,-4.404465675354004,-5.623215675354004,-4.849778175354004,-4.6088859987212345,-1.4905646908591734,-5.795091271400281,-4.209494413313223,-8.138860821520211
914,-1.3742680549621582,-1.0461430549621582,-4.038330554962158,-5.343018054962158,-5.624268054962158,-4.820920880069025,-2.686947091293405,-5.272706389426844,-4.038736618560506,-7.647734999223758
915,-0.8470019698143005,-1.0970020294189453,-4.815752029418945,-6.034502029418945,-5.472002029418945,-6.027598563814536,-2.503456333273789,-5.292315602301983,-4.495921495632501,-7.90171849685612
916,-0.9360728859901428,-0.9360728859901428,-5.006385326385498,-6.022010326385498,-5.615760326385498,-5.952439629007131,-2.6550111593242036,-5.498573660850184,-5.522444988193456,-8.022041916363378
917,-1.0080950260162354,-1.0237200260162354,-4.640907287597656,-5.898719787597656,-5.250282287597656,-5.985658382764086,-2.1176338061632123,-5.297158241271518,-4.844529028516263,-7.594064831202559
918,-0.704242467880249,-2.266742467880249,-4.430805206298828,-6.047992706298828,-4.969867706298828,-4.761137550929561,-1.2512642037472688,-6.837055683135873,-5.025656808400527,-8.954263806121162
919,-1.2953616380691528,-3.3031740188598633,-3.5297365188598633,-6.701611518859863,-3.701611757278414,-3.3895506411790848,-0.7487548229983076,-7.053174495696908,-4.155252323602326,-8.49850797630097
920,-0.9229748845100403,-1.1417248249053955,-4.766725063323975,-6.219850063323975,-5.3939056396484375,-5.066720758914016,-2.120666722606984,-5.589218974113123,-4.65206664687139,-7.932999491200462
921,-0.6567338705062866,-1.2036088705062866,-4.953608989715576,-6.133296489715576,-5.773921489715576,-5.579484794347081,-2.8288019709289074,-5.453609824180262,-5.28212372813141,-8.141135930638484
922,-0.8486455678939819,-1.051770567893982,-4.5908331871032715,-5.8798956871032715,-5.4345831871032715,-5.63097001996357,-2.4112961179052945,-5.340833902358781,-4.8334035140578635,-8.309607267077809
923,-1.8343706130981445,-1.1781206130981445,-2.8968706130981445,-4.8031206130981445,-4.7640581130981445,-4.070325794396922,-2.170442691334756,-5.4046838283536545,-3.108210125210462,-7.771896958003708
924,-0.9101082682609558,-1.1288583278656006,-4.6601080894470215,-6.1288580894470215,-5.0976080894470215,-5.551835763268173,-2.3009589655994205,-5.363233923911707,-4.043299364828272,-7.566394924440829
925,-1.110032320022583,-0.9694073796272278,-4.102220058441162,-6.149095058441162,-4.820970058441162,-4.993459989258554,-2.5320747950463556,-5.860033273696672,-4.391647391516017,-7.992878078868671
926,-0.7989578247070312,-1.0958328247070312,-5.314582824707031,-6.213020324707031,-6.119270324707031,-6.565538664639462,-2.361694665509276,-5.744271516799245,-5.807130986970151,-7.666172265642672
927,-1.0965664386749268,-0.7840664982795715,-4.323129177093506,-5.987191677093506,-5.065316677093506,-5.487826265161857,-2.8154631745419465,-5.330942392349016,-5.19851176571683,-7.89347219420597
928,-0.6882142424583435,-2.1257143020629883,-4.766339302062988,-6.235089302062988,-5.688214302062988,-5.644963602768257,-1.2352526054601185,-6.9694648981092655,-5.2592811122885905,-8.531985163470381
929,-0.9976263046264648,-0.9820013046264648,-4.755438804626465,-5.896063804626465,-5.607001304626465,-5.7100074593909085,-2.6384225937072188,-5.138252139091151,-4.9512131339579355,-7.653902887945151
930,-0.8756488561630249,-0.9225238561630249,-4.5397114753723145,-6.1490864753723145,-5.3522114753723145,-5.876482735096943,-2.829018205375178,-5.367837309837,-5.454134995146887,-8.164734482488711
931,-1.429740309715271,-2.4609904289245605,-3.8359904289245605,-6.4609904289245605,-4.148377180099459,-3.7082581985741854,-0.7266626824857667,-6.921814918517953,-4.8131014301325195,-8.28902327990545
932,-0.5351836085319519,-2.1445586681365967,-4.597683429718018,-6.058620929718018,-5.800808429718018,-5.4042123281396925,-1.5196975373110035,-6.582059025764295,-5.403015882358886,-8.933647274636314
933,-1.093689203262329,-1.093689203262329,-4.08587646484375,-5.47650146484375,-5.07025146484375,-5.000852763245348,-2.2188662133848993,-5.24212718009926,-4.453361586143728,-7.992154001811286
934,-0.9212772846221924,-1.1244022846221924,-4.608777046203613,-6.241589546203613,-5.249402046203613,-5.633420812431723,-2.1402184780454263,-5.515027999877475,-4.077932513988344,-7.655680656023833
935,-0.9721033573150635,-1.0346033573150635,-4.909603118896484,-6.433040618896484,-5.331478118896484,-5.9418920839671046,-2.0660307250072947,-5.659603834151994,-5.1053201333852485,-7.597132801569387
936,-0.9622418284416199,-1.2903668880462646,-4.2981791496276855,-5.3997416496276855,-5.2044291496276855,-4.6744976884219795,-2.1186338562256424,-5.2122423648831955,-4.103248165774858,-7.696643828976448
937,-1.1565475463867188,-1.3440475463867188,-4.429985046386719,-6.250297546386719,-4.633110046386719,-4.5251882241573185,-1.7036037280922756,-5.734673261642229,-4.078826703393133,-7.219084619788191
938,-1.4649477005004883,-2.1290102005004883,-3.9649477005004883,-6.418072700500488,-4.093237638473482,-3.0731945307925344,-1.2966482230694965,-6.757300376891976,-3.8673866837634705,-7.960445523049202
939,-1.1096007823944092,-0.875225841999054,-4.336163520812988,-5.648663520812988,-4.664288520812988,-5.6493240796844475,-2.1722545505617745,-5.398664355277674,-5.024005116283661,-7.695568561102846
940,-0.7657599449157715,-1.4532599449157715,-4.5704474449157715,-5.6720099449157715,-5.3204474449157715,-5.907457372522913,-1.7502741716743913,-5.382948160171281,-4.4380296881718095,-8.086101412367498
941,-0.8925375938415527,-1.1894125938415527,-4.744100093841553,-5.994100093841553,-4.947225093841553,-5.377837587613612,-2.0333537872647867,-5.447225809097063,-4.2210225411108695,-7.736313819541465
942,-0.8430320620536804,-1.0461571216583252,-4.663344383239746,-6.358656883239746,-5.507094383239746,-6.3360569544602185,-2.4994495966820978,-5.686782717704432,-4.87479899864411,-7.944625496380468
943,-1.0423849821090698,-1.4017599821090698,-4.964260101318359,-6.112697601318359,-5.370510101318359,-6.067583321244456,-1.4800966753973626,-6.065823316573869,-4.785153458651621,-7.300223946223923
944,-0.9862520694732666,-0.9550020694732666,-4.5018768310546875,-6.1034393310546875,-5.4081268310546875,-5.612096667930018,-2.658348893353832,-5.369065165519373,-4.689855103555601,-7.994096755457576
945,-0.8609498739242554,-1.2515748739242554,-4.196887493133545,-5.478137493133545,-4.739842414855957,-5.693771515740082,-2.0993813141976716,-5.036718130111467,-4.27921945869457,-8.005498408791027
946,-1.0728752613067627,-0.9166252613067627,-4.682250022888184,-5.627562522888184,-5.041625022888184,-5.721959500806406,-2.432462192969979,-5.213500976562045,-4.682609612646047,-7.947902917472675
947,-0.9759594202041626,-1.1634594202041626,-4.515021800994873,-5.991584300994873,-5.077521800994873,-5.898707366199233,-2.3199376799166203,-5.390022754668735,-4.429445082438178,-7.655675887637699
948,-0.7494663000106812,-1.3900913000106812,-4.436966419219971,-5.577591419219971,-5.147903919219971,-5.680047232133802,-2.2652762957441155,-5.163529634475481,-4.382702380156843,-8.233865618401978
949,-0.905632495880127,-1.155632495880127,-4.421257495880127,-6.296257495880127,-5.304069995880127,-5.562996601103805,-2.3276822414336493,-5.186883330344813,-4.710700320400065,-7.655661701730423
950,-1.0210192203521729,-1.0053942203521729,-4.653831481933594,-6.075706481933594,-5.286643981933594,-5.779794824891724,-2.2712412826076616,-5.5053948163982795,-4.5839244497183245,-7.794484614929388
951,-0.9708876013755798,-0.9396376013755798,-4.572450160980225,-6.049012660980225,-5.134950160980225,-5.768708496878389,-2.5023093076306395,-5.25995099544491,-4.6196485234831925,-7.783414601915865
952,-0.9081495404243469,-1.0643994808197021,-4.923774719238281,-5.955024719238281,-5.525337219238281,-5.713888688245788,-2.392705304955598,-5.0409628152845585,-4.767928280460183,-7.68942558731942
953,-0.83482426404953,-1.2254493236541748,-4.436386585235596,-5.920761585235596,-5.412949085235596,-6.070234358659945,-2.100594867602922,-5.327012300491106,-4.397869080770761,-7.459860324204783
954,-0.49972277879714966,-2.030972719192505,-4.046597957611084,-5.820035457611084,-5.593472957611084,-5.399303974350914,-1.749864568191697,-6.187223553657361,-5.2190414243377745,-9.343501209799797
955,-0.7899049520492554,-2.414905071258545,-4.032092571258545,-6.258655071258545,-5.110217571258545,-5.120940261287615,-1.0713039525580825,-6.797718048095589,-4.5642624437459745,-9.078989743929924
956,-1.0195679664611816,-1.2226929664611816,-4.089880466461182,-5.707067966461182,-5.089880466461182,-5.325088511512149,-2.457235560679692,-5.214881300925867,-4.066836279758718,-8.058655857705162
957,-1.0145856142044067,-1.5614606142044067,-4.506772994995117,-5.998960494995117,-4.670835494995117,-5.923005727585405,-1.3586215563991573,-5.631773829459803,-3.9135825260309502,-7.5458644624322915
958,-1.1477757692337036,-1.0227757692337036,-5.124338150024414,-5.632150650024414,-5.382150650024414,-6.586805603117682,-1.788612581702182,-5.694651722907452,-4.609130652999738,-6.9290556903142715
959,-1.075191855430603,-2.7783169746398926,-4.153316974639893,-6.043941974639893,-4.856441974639893,-4.571281439857557,-0.7941316186188487,-6.856442451476937,-4.6305768442107365,-8.8330295082651
960,-0.67856764793396,-1.10044264793396,-5.155130386352539,-6.030130386352539,-5.608255386352539,-6.859185263165273,-2.6162522860831814,-5.631693720817225,-5.960251118260203,-8.061403155066728
961,-0.8807327747344971,-1.130732774734497,-5.294795036315918,-6.161982536315918,-5.435420036315918,-5.858804635587148,-2.0840832932735793,-5.7322961091989555,-4.717069188540336,-7.6307603116947575
962,-1.322500467300415,-1.135000467300415,-4.353750228881836,-5.619375228881836,-4.838125228881836,-6.199388151289895,-1.6508062914363109,-5.236563563346522,-3.674482257658383,-7.181902050611825
963,-0.8868139982223511,-1.480563998222351,-4.433689117431641,-5.847751617431641,-5.199314117431641,-5.435730756027624,-1.6525949118222343,-5.636815071105502,-3.980992106400663,-7.761839985512779
964,-1.3019232749938965,-1.1925482749938965,-4.7237982749938965,-5.6847357749938965,-5.0987982749938965,-6.014295859029517,-1.6302363695576787,-5.481611728667758,-3.942959700827487,-7.0050871364655904
965,-0.9457386136054993,-2.6801135540008545,-4.578551292419434,-6.312926292419434,-5.070739030837984,-4.606932796072215,-0.867832457908662,-7.023864269256478,-4.962169084465131,-8.820759177000582
966,-1.005292534828186,-1.177167534828186,-4.4740424156188965,-5.7709174156188965,-4.9193549156188965,-5.638983697863296,-1.8961083706963109,-5.325605750083582,-4.591655521420762,-7.638129591638062
967,-0.896575391292572,-2.334075450897217,-4.076262950897217,-6.138762950897217,-5.114945888519287,-4.99310138146393,-0.9900734939292306,-6.357133865356332,-4.873268593335524,-8.458718418831268
968,-0.921115517616272,-1.014865517616272,-5.030490398406982,-6.233615398406982,-5.530490398406982,-6.1172568937181495,-2.249446609217557,-5.88205397129002,-5.226129240181763,-7.702399253270414
969,-1.0468440055847168,-1.0468440055847168,-3.640594005584717,-5.257781505584717,-4.843719005584717,-5.289756273792591,-2.265752422186779,-5.062469840049403,-4.3285339103022125,-7.710932612078977
970,-0.8321837186813354,-1.1134337186813354,-5.043121337890625,-6.136871337890625,-5.504058837890625,-6.0910848412895575,-2.519864662026521,-5.293122291564487,-4.8013466936245095,-7.543147563590537
971,-0.7118682861328125,-1.1649932861328125,-5.1962432861328125,-6.2196807861328125,-5.5712432861328125,-5.837849969509989,-2.462049944588216,-5.766556620597498,-5.1965779697929975,-7.579079746912612
972,-0.6347718238830566,-2.8847718238830566,-4.689459323883057,-7.009771823883057,-5.478521823883057,-4.9050846910104156,-1.1505915928864852,-7.056647300720101,-5.041481508436846,-9.197289585901672
973,-1.5303809642791748,-1.7647559642791748,-4.905381202697754,-6.546006202697754,-5.327256202697754,-5.25949248415418,-1.2493881848349702,-6.11631953716244,-3.7653953176923096,-6.921059130221693
974,-1.0271281003952026,-0.9802531003952026,-4.261503219604492,-5.480253219604492,-5.214628219604492,-5.660870477324352,-2.5585383048601216,-5.136504054069178,-4.660360844078241,-7.863092660540133
975,-0.8735564947128296,-1.1235564947128296,-4.787619113922119,-6.295431613922119,-5.607931613922119,-6.328007057658397,-2.2174894642521394,-5.451682686805157,-4.678620506019797,-7.52982962104943
976,-0.9081039428710938,-1.1268539428710938,-4.595603942871094,-6.017478942871094,-5.384666442871094,-6.136413596803322,-2.0957815489382483,-5.697167396544955,-4.385116833349457,-7.970628738095911
977,-0.7541964054107666,-1.4729464054107666,-4.8479461669921875,-6.0041961669921875,-5.5198211669921875,-5.474311611265875,-1.8012448398803826,-5.762009501456873,-4.496924611623399,-7.676102518544212
978,-0.8784077167510986,-1.2690327167510986,-4.6752824783325195,-6.2299699783325195,-5.0112199783325195,-5.058820699516218,-2.0817146135814255,-5.245595932006381,-4.394454509369098,-7.839374541799771
979,-1.000223994255066,-1.328348994255066,-4.3674116134643555,-6.0236616134643555,-5.3674116134643555,-5.853233363246545,-1.7973191495839274,-5.617412447929041,-4.243006410077214,-8.140874862339842
980,-0.9173645973205566,-1.0111145973205566,-4.636114597320557,-5.854864597320557,-5.323614597320557,-6.019665564526804,-2.6206737587199314,-5.229865431785242,-4.956960178387817,-8.183015703802084
981,-0.8458019495010376,-1.0645519495010376,-4.517676830291748,-5.791114330291748,-5.228614330291748,-5.74552965327166,-2.2522176366619533,-5.408302545547258,-4.822902296320535,-7.564580797728922
982,-0.7421026825904846,-2.30460262298584,-4.50772762298584,-5.89835262298584,-5.39054012298584,-5.440267544006929,-1.0547325526713394,-6.796790719032117,-5.227354856906459,-8.835876464559988
983,-0.9681023359298706,-1.2181023359298706,-4.60091495513916,-5.91341495513916,-4.81185245513916,-4.898952999617904,-1.843281491441303,-5.483728051185437,-4.452921768650413,-7.671254038457846
984,-0.8488012552261353,-0.9269262552261353,-4.981613636016846,-6.286301136016846,-5.372238636016846,-5.919883074297104,-2.848965154553298,-5.489427089690707,-5.333635582268471,-7.833206414718006
985,-0.9456559419631958,-0.9769059419631958,-4.851905822753906,-6.164405822753906,-5.203468322753906,-5.634057353716344,-2.398929942457471,-5.4690939188001835,-4.961707262642449,-7.609744548453818
986,-0.7380841970443726,-2.441209316253662,-4.503709316253662,-6.019334316253662,-5.558396816253662,-5.131045114714652,-1.0506986314139795,-6.620897412299939,-5.051286212576088,-8.847483992260095
987,-1.044809103012085,-2.810434103012085,-4.505746841430664,-5.669809341430664,-5.044809579849215,-4.5500575779005885,-0.779357835475821,-6.786997318267709,-5.1941710014943965,-8.341706752526079
988,-0.7034271955490112,-2.422177314758301,-4.086239814758301,-6.258114814758301,-5.203427433967583,-4.845726756262593,-1.1881334233039524,-6.656552910804578,-4.805739598465152,-9.1800103185451
989,-1.2809669971466064,-1.5934669971466064,-2.8512794971466064,-4.999716758728027,-5.155966758728027,-4.094362811010797,-1.7341477855370613,-5.530967235565072,-3.695362631609896,-8.405995726165202
990,-0.9107427597045898,-1.0982427597045898,-4.52011775970459,-6.09043025970459,-5.14511775970459,-5.372753401752561,-2.317154394433601,-5.449805855750867,-4.629940171260387,-7.8951421973106335
991,-1.3120217323303223,-1.1401467323303223,-4.132334232330322,-5.601084232330322,-5.171396732330322,-4.906496143143158,-3.085629091146984,-5.124522566795008,-4.86720180301927,-8.054242491154582
992,-0.8269265294075012,-1.1863014698028564,-4.2019267082214355,-6.2644267082214355,-4.8503642082214355,-5.187218245933764,-2.2958283309126273,-5.6316149234769455,-4.444440073333681,-8.100389718671067
993,-1.1705695390701294,-0.9518195390701294,-4.27994441986084,-5.51431941986084,-4.85025691986084,-5.030831896699965,-2.2956982767937006,-5.13150763511635,-4.436673288117163,-7.561222791269756
994,-1.2474451065063477,-2.9896326065063477,-4.028695106506348,-6.724007606506348,-4.434945344924898,-3.5028385841287673,-0.7945686269958969,-6.934945583343392,-4.077002928825095,-8.809966921568048
995,-0.8875245451927185,-1.1062746047973633,-4.660962104797363,-6.332837104797363,-5.293774604797363,-5.4354380934964865,-2.325178253769991,-5.465650320052873,-4.6222515678964555,-7.660985111924674
996,-0.9401739835739136,-2.565174102783203,-4.190174102783203,-6.213611602783203,-4.744861841201754,-4.638446714030579,-0.9090518869634252,-6.658924579620248,-4.433402115944773,-8.963632225777474
997,-1.2071497440338135,-1.2696497440338135,-4.246212005615234,-6.160274505615234,-5.074337005615234,-5.788712426321581,-1.6135208533378318,-5.41808784007992,-4.082624918431975,-7.1681140657583455
998,-0.9504107236862183,-1.1535357236862183,-4.122285842895508,-6.192598342895508,-4.739473342895508,-5.138822378357872,-2.0130627040052786,-5.356661438941785,-4.286856760445517,-7.8644977805015515
999,-0.8997262716293335,-1.0872262716293335,-4.837226390838623,-6.618476390838623,-5.837226390838623,-5.221187527640723,-2.1967804271698697,-5.813789725303309,-5.079850459151203,-7.829437374792178
