,elephant,dolphin,panda,lion,kangaroo,penguin,giraffe,chimpanzee,koala,orangutan
000,-3.4370083808898926,-1.4682585000991821,-5.671383380889893,-6.983883380889893,-6.569934838480549,-5.789611302316189,-5.976178163495206,-6.476099371504461,-6.694888112666376,-7.7471332754939795
001,-3.2680678367614746,-1.197755217552185,-5.479005336761475,-7.471192836761475,-6.82298049776,-6.01352147012949,-6.221264478976082,-6.674340486270012,-6.1900759846757865,-7.458225190639496
002,-4.514112949371338,-2.131300449371338,-6.881300449371338,-8.60786247253418,-7.59229290334406,-6.965874016284943,-6.904800770695147,-6.623498558941719,-7.709458469798847,-8.064782463945448
003,-3.318324327468872,-1.138636827468872,-5.576136589050293,-7.748011589050293,-7.162213673393126,-6.446692794561386,-6.427749870919797,-6.982406019975315,-6.4902949287279625,-7.6802686508744955
004,-4.023436546325684,-1.6484365463256836,-6.226561546325684,-8.304686546325684,-7.2344722699563135,-6.687000900506973,-6.898495314777392,-6.531262993715245,-7.156336661311798,-8.035932641476393
005,-3.9966063499450684,-1.863793969154358,-5.879418849945068,-8.098169326782227,-6.887318011344178,-6.128824532032013,-6.684164283982682,-6.551309823862539,-6.699802157752856,-7.8679412472993135
006,-4.130461692810059,-1.7554614543914795,-6.146086692810059,-8.208586692810059,-7.083740818547085,-6.559410244226456,-6.903979655842704,-6.435168027699547,-7.130598058938631,-7.917006146162748
007,-5.946937084197998,-3.251624584197998,-7.970374584197998,-5.392249584197998,-10.775397363555385,-6.9406843185424805,-10.119237808947219,-6.251652717193792,-10.103394725127146,-8.762682117521763
008,-4.787115097045898,-2.4589900970458984,-6.404302597045898,-8.099615097045898,-7.537305456164177,-6.812087446451187,-7.341924898297293,-6.951204776394661,-7.381013620790327,-8.403668634593487
009,-4.187722206115723,-1.8830347061157227,-6.375222206115723,-8.468972206115723,-7.6097243943368085,-6.6473958641290665,-7.172187920266879,-6.726802348934143,-7.289384479314322,-8.23411874845624
010,-4.09970235824585,-1.3418900966644287,-6.19345235824585,-7.93563985824585,-7.724807137725293,-6.654363393783569,-7.1857004147314,-6.052841305635411,-7.381046409951523,-8.111705986782908
011,-3.9267117977142334,-1.9813992977142334,-6.356399059295654,-8.723587036132812,-7.856467602287012,-6.828230485320091,-7.2236387716002355,-6.872035741737818,-7.450203894066362,-8.204789498820901
012,-3.939338207244873,-1.829963207244873,-6.064338207244873,-8.197151184082031,-6.86913251306396,-6.5503276735544205,-6.634698747435323,-6.595601439388702,-6.884718535031425,-7.953090373426676
013,-3.3077244758605957,-1.2999119758605957,-5.385849475860596,-7.253036975860596,-6.885967009315209,-5.971432156860828,-6.237454532671109,-6.463991641850953,-6.167184349273157,-7.4328876696527
014,-4.321165084838867,-1.9305400848388672,-6.407102584838867,-7.797727584838867,-6.665071713578072,-6.356429234147072,-6.414997097468586,-6.40712070448717,-6.758788697232376,-8.049155451357365
015,-4.01324987411499,-1.8101248741149902,-6.04449987411499,-8.052312850952148,-6.9665062341227895,-6.52441979944706,-6.544566748292709,-6.716393232176415,-6.872741573199164,-8.140367947518826
016,-3.0644102096557617,-1.2050353288650513,-5.072222709655762,-6.619097709655762,-6.806866252125474,-5.56306317448616,-5.892707571430947,-6.220700501584361,-5.806857909687096,-7.362034101039171
017,-3.318246364593506,-1.2010589838027954,-5.255746364593506,-7.357308864593506,-6.9123813365004025,-5.746133215725422,-6.0215009366947925,-6.396403669790743,-6.216896868907497,-7.306220788508654
018,-3.614635705947876,-1.653698205947876,-5.841197967529297,-7.309947967529297,-6.552420933032408,-6.174502871930599,-6.0288321881816955,-6.614664554172123,-6.458570105678518,-7.846100032329559
019,-4.1132073402404785,-1.8788325786590576,-5.9413323402404785,-8.410082817077637,-7.160200827252993,-6.3301700204610825,-6.683598038478522,-6.417914628786093,-6.894548292795662,-7.908417966216803
020,-4.175268173217773,-2.0190181732177734,-6.300268173217773,-8.511205673217773,-6.925363178510452,-6.75108739733696,-6.886250971721893,-6.558092594075788,-7.089388607255387,-7.948288923129439
021,-3.894575595855713,-1.925825595855713,-6.418013095855713,-8.027388572692871,-7.011890284076799,-6.3793599754571915,-6.855583784468763,-6.3008426426385995,-6.769687050327775,-7.7766373716294765
022,-4.195134162902832,-1.812321424484253,-6.359196662902832,-8.484196662902832,-7.343698374344967,-6.618017941713333,-7.070189355279581,-6.695147514254131,-7.0389819097399595,-8.111685998737812
023,-3.8543009757995605,-2.0730509757995605,-5.9636759757995605,-8.158987998962402,-6.893497577257222,-6.250606581568718,-6.4403203692272655,-6.604321956414424,-6.682556859028409,-7.873937610536814
024,-3.293818950653076,-1.4266314506530762,-5.653193950653076,-7.129756450653076,-6.512794469192158,-6.050331741571426,-6.059551471655141,-5.879776239198691,-6.512744530526106,-7.0003028735518456
025,-3.6093392372131348,-1.4765268564224243,-5.929651737213135,-7.929651737213135,-7.398463485718821,-6.032261021435261,-6.648457287199562,-6.7109141349028505,-7.023436068899173,-7.87372256629169
026,-3.1796605587005615,-1.3827855587005615,-5.828098297119141,-6.859348297119141,-6.648544660187326,-5.943415902554989,-6.117245312932937,-6.828117012802977,-6.4922218304127455,-7.706405883654952
027,-3.0764732360839844,-1.263973355293274,-5.146785736083984,-7.342098236083984,-6.98305958812125,-5.808160446584225,-6.139073843660299,-6.349933504798173,-6.029786211467581,-7.214083507657051
028,-3.9808735847473145,-1.9105610847473145,-5.9261860847473145,-7.9418110847473145,-6.902855032974912,-6.290254555642605,-6.840312002081191,-6.644952297079726,-6.6137793020679965,-7.943322004750371
029,-3.911844491958618,-2.013406991958618,-5.989969730377197,-8.161844253540039,-6.990092746797018,-6.323338255286217,-6.5994056444687885,-6.568111300332021,-6.833806510971044,-8.066212737932801
030,-4.172512531280518,-1.9459501504898071,-5.985012531280518,-8.766263008117676,-7.20388161426672,-6.623698487877846,-6.8913261870184215,-6.617839932330753,-7.055415387840185,-8.104074247181416
031,-3.995767116546631,-1.8004544973373413,-6.073892116546631,-8.644204139709473,-7.628728617055458,-6.604640133678913,-7.2223954179062275,-6.6442216633295175,-6.980229016342491,-8.093023700639606
032,-3.90256404876709,-1.7931890487670898,-5.88693904876709,-8.40256404876709,-7.2542214348577545,-6.5369818136096,-6.894805549116427,-6.613516569024796,-6.847962852567434,-7.967300940304995
033,-3.1578304767608643,-1.4390804767608643,-5.275017738342285,-6.892205238342285,-6.9785421288979705,-5.907231271266937,-6.228303896321449,-5.946926354798052,-6.267452924570534,-7.190854595974088
034,-2.9507999420166016,-1.2398624420166016,-5.161737442016602,-7.114862442016602,-6.802542551027727,-5.83443583548069,-6.0836728793001384,-6.443003535141543,-5.779054275728413,-7.151308186352253
035,-3.204561233520508,-1.3061237335205078,-5.079561233520508,-7.407686233520508,-6.5094426682335325,-5.68412521481514,-5.993725771462778,-6.259276628104999,-5.790694336828892,-7.2033434845507145
036,-4.086187362670898,-2.0315001010894775,-5.906499862670898,-7.929937362670898,-6.719119184053852,-6.536489516496658,-6.625333186493663,-6.429957151216513,-6.6722315492952475,-7.761996475979686
037,-4.163041591644287,-1.873979091644287,-6.194291591644287,-7.967729091644287,-6.616308917407878,-6.26901738345623,-6.436564084258862,-6.280248522569309,-6.928784601877851,-7.942832715809345
038,-3.301713705062866,-1.1610887050628662,-5.231401443481445,-7.559526443481445,-6.856648057088023,-5.837326630949974,-6.301810140750604,-6.497050881087489,-5.895668247336289,-7.1443789806216955
039,-4.154377460479736,-1.8418773412704468,-6.037189960479736,-8.310626983642578,-7.146651383482094,-6.488535761833191,-6.998180864815367,-6.623141646284239,-6.896635887489538,-8.042907448485494
040,-3.5307483673095703,-1.3588733673095703,-5.10887336730957,-7.44481086730957,-7.015376416617073,-5.510757818818092,-6.546500913114869,-6.491722344686423,-6.171551330946386,-7.409541541710496
041,-4.0837202072143555,-2.2790324687957764,-5.8805952072143555,-7.8571577072143555,-6.544895024751895,-5.912710472941399,-6.365066881277016,-6.411863207655188,-6.396365751163103,-7.353839483112097
042,-3.48948335647583,-1.40354585647583,-5.95042085647583,-7.21604585647583,-7.184870121105632,-6.720146268606186,-6.395780204627954,-6.809806346838741,-7.137960075564479,-7.908947513438761
043,-4.134728908538818,-2.1112914085388184,-6.415978908538818,-8.572229385375977,-7.7364231261308305,-6.600640296936035,-6.931679841974983,-6.705055236720909,-7.251996037171921,-8.000635815784335
044,-2.971421718597412,-1.276109218597412,-5.088609218597412,-7.276109218597412,-6.8935513172182254,-5.347703620791435,-6.026251067596604,-6.291770219155296,-5.659141993106459,-7.057884596288204
045,-3.292339324951172,-1.2298393249511719,-5.104839324951172,-7.597026824951172,-6.917521102601313,-5.729726530611515,-6.1517884703789605,-6.339232086977063,-5.878408423348446,-7.186920320615172
046,-4.026465892791748,-2.081153392791748,-6.385840892791748,-8.448341369628906,-7.3938124053383945,-6.367719650268555,-6.768729445429926,-6.292108297197046,-6.7687433917526505,-7.890707019716501
047,-3.9178075790405273,-1.909995198249817,-6.105307579040527,-8.722495079040527,-7.206993810628774,-6.305555999279022,-6.769446250873443,-6.456888913930015,-6.761661047348753,-7.978876380249858
048,-4.298640727996826,-2.251765727996826,-5.939265727996826,-7.556453227996826,-6.673903907474596,-6.06423145532608,-6.322248921132996,-6.447115897422918,-6.400479278614512,-7.74331571534276
049,-3.819234848022461,-2.030172348022461,-5.811422348022461,-8.280172348022461,-6.936550489801448,-5.740773245692253,-6.295878168653871,-6.483315586878234,-6.561552516097436,-7.822909224778414
050,-4.076897621154785,-1.8737728595733643,-6.123772621154785,-8.139397621154785,-7.350651250657393,-6.402405805885792,-6.913074847157986,-6.780197500911527,-7.12406133665354,-8.289697501808405
051,-4.307217597961426,-2.025967597961426,-6.283780097961426,-8.627530097961426,-7.79717158380663,-6.635560564696789,-7.195563431698247,-7.023620724474313,-7.008092515781755,-8.461823262274265
052,-3.35198974609375,-1.23480224609375,-5.33636474609375,-8.06292724609375,-7.360034200464725,-5.755629096180201,-6.391168587593711,-6.281700730047305,-6.0709210469940444,-7.401412300765514
053,-3.8019020557403564,-1.8722145557403564,-5.801901817321777,-8.215964317321777,-7.208272092262632,-6.475847281515598,-6.739463327423437,-6.7706639765956425,-6.755119319452206,-7.995473992079496
054,-4.013803482055664,-1.920053482055664,-6.013803482055664,-8.404428482055664,-7.131090874449001,-6.571723021566868,-6.763862250507373,-6.584131955973135,-6.802964324881032,-8.073584444820881
055,-4.042132377624512,-2.0030698776245117,-6.339007377624512,-7.932757377624512,-7.089101429330185,-6.639599710702896,-6.620330211844703,-6.526523470749453,-7.143782492610626,-7.908750094473362
056,-3.7432987689971924,-2.0167362689971924,-6.032361030578613,-7.235486030578613,-6.516939619323239,-5.986145988106728,-5.923097723447427,-5.977700829133028,-6.212216363172047,-7.88482041656971
057,-3.3798089027404785,-1.614183783531189,-5.7626214027404785,-7.8563714027404785,-6.8877830374694895,-6.007090903818607,-6.153319356162683,-6.2470111845832434,-6.348665589364828,-7.797044908627868
058,-4.314213275909424,-2.126713275909424,-5.798588275909424,-7.751713275909424,-6.91600796864077,-6.052596643567085,-6.478448852823931,-6.665817021472321,-6.330044367539813,-7.947064161300659
059,-3.144868850708008,-1.2229937314987183,-4.918306350708008,-7.871431350708008,-6.902854427622515,-5.585023991763592,-6.41056513532385,-6.49645078163303,-5.87157796738029,-7.3415738847106695
060,-3.7090773582458496,-1.7793899774551392,-5.84188985824585,-7.78720235824585,-7.006101477949414,-6.134960040450096,-6.834151980474417,-6.3262804745409085,-6.646682376114768,-8.083717163652182
061,-3.74196457862854,-1.82790207862854,-6.202902317047119,-7.624777317047119,-7.101445907690504,-6.198426723480225,-6.656099316867767,-6.531045555902892,-6.906081078992429,-7.759631767868996
062,-3.8530890941619873,-1.8687140941619873,-6.040589332580566,-8.415589332580566,-7.095353600416274,-6.53755845874548,-6.868757485412061,-6.735912680566798,-6.884402392308402,-8.138951726257801
063,-3.7017033100128174,-1.8892033100128174,-5.936078071594238,-8.232953071594238,-7.303443535231054,-6.146654434502125,-6.811198942508781,-6.373601317134671,-6.670600045850733,-7.910163160413504
064,-3.844158887863159,-1.8597838878631592,-5.84415864944458,-7.96134614944458,-6.719364025964751,-6.122706323862076,-6.438026421288669,-6.320747255938841,-6.570886121495278,-7.794160831719637
065,-4.330779075622559,-2.0104665756225586,-6.487029075622559,-9.065154075622559,-7.159002895241429,-6.756605640053749,-6.908974883430346,-6.752667426973858,-7.346488591436355,-8.049712218344212
066,-2.947432518005371,-1.267745018005371,-4.916182518005371,-7.275557518005371,-6.8460889815032715,-5.824414312839508,-6.025634643439844,-6.713082074817066,-5.877316574798897,-7.285965284332633
067,-4.054790019989014,-1.8985400199890137,-6.281352519989014,-8.601664543151855,-7.437718980683712,-6.8960492461919785,-7.14862143661594,-6.640746354878502,-7.211144203480217,-8.070160087198019
068,-3.8162965774536133,-1.7303591966629028,-6.175671577453613,-8.449109077453613,-7.066429010199499,-6.428436040878296,-6.785132523655193,-6.683503746793576,-6.8632750457618386,-8.038202811032534
069,-3.8719749450683594,-1.7860374450683594,-5.856349945068359,-8.16103744506836,-7.012783868092811,-6.343094438314438,-6.731449837461696,-6.481374501880055,-6.89555608194496,-7.710515204817057
070,-3.9073619842529297,-2.2667369842529297,-6.14173698425293,-8.01673698425293,-6.8137931659584865,-6.340885162353516,-6.446527833366417,-6.524573206619607,-6.8996931211295305,-7.93110341206193
071,-4.337252616882324,-2.251314878463745,-6.618502616882324,-8.032565116882324,-7.158001327741658,-6.521660730242729,-6.696849798317999,-6.60291933926419,-7.12654993160686,-8.292318902909756
072,-4.155510902404785,-1.8898859024047852,-5.944573402404785,-8.913323402404785,-7.335276004640036,-6.359679043292999,-6.8977528795658145,-6.608650445832609,-6.7102675413989346,-8.127038152888417
073,-3.959270477294922,-2.217082977294922,-5.998332977294922,-8.256145477294922,-6.967181677719054,-6.1950041353702545,-6.5374630666774465,-6.451472878345157,-6.553136818794883,-7.793498581275344
074,-4.140342712402344,-2.1794052124023438,-6.210655212402344,-8.195030212402344,-7.093596211765544,-6.4296592473983765,-6.726347801784868,-6.499734520770289,-6.7107810894958675,-7.816534290090203
075,-4.270520210266113,-1.7783327102661133,-6.309582710266113,-8.700207710266113,-7.41902351162571,-6.716213405132294,-7.020580766751664,-7.067404746963803,-7.278380512048898,-8.044758537784219
076,-4.076259613037109,-1.9121971130371094,-5.966884613037109,-8.70125961303711,-7.420072195956891,-6.444624662399292,-7.005991457910568,-6.810647010726825,-6.841950056797941,-7.981447499245405
077,-4.054207801818848,-1.9995204210281372,-6.319832801818848,-8.179207801818848,-6.8122225795232225,-6.3851408660411835,-6.116816276386089,-6.280794501011769,-6.54656277684262,-7.949111133813858
078,-4.310766696929932,-2.2092041969299316,-6.224829196929932,-8.467016220092773,-7.1702715074206935,-6.583124548196793,-6.599906083967653,-6.842036008647483,-6.967123621943756,-8.217379070818424
079,-3.200293779373169,-1.419043779373169,-5.31748104095459,-7.59091854095459,-6.731668226100737,-5.911606378853321,-5.903453707076551,-7.020621061212296,-5.825374719184765,-7.397549839690328
080,-3.801210641860962,-1.934023141860962,-5.848085403442383,-8.066835403442383,-7.785655257648614,-6.565272323787212,-7.1059445131868415,-6.543411493208623,-6.988765834226797,-7.951896131038666
081,-4.125164031982422,-1.9923514127731323,-6.140789031982422,-8.859539031982422,-7.453469021813362,-6.269077882170677,-6.968997117408435,-6.7345552443148335,-6.953426113264868,-7.984380612149835
082,-3.7930147647857666,-1.6992647647857666,-5.644577503204346,-8.761764526367188,-7.277462360623758,-5.7613499239087105,-6.7383692255862115,-6.7852170466321695,-6.18373119415628,-7.682581391185522
083,-4.0058794021606445,-2.2558791637420654,-6.4199419021606445,-7.9511919021606445,-6.974750273075188,-6.426927991211414,-6.591895815596217,-6.748083472115468,-7.029435746757372,-8.193486966192722
084,-4.255362510681152,-1.9038000106811523,-6.114737510681152,-8.825675010681152,-7.614909276511753,-6.830645859241486,-7.286681888079329,-6.786627054108976,-7.075757857703138,-7.966307520866394
085,-4.080969333648682,-1.9481568336486816,-6.159094333648682,-8.862218856811523,-7.346673127882241,-6.401759430766106,-6.987273214796005,-6.885671138661564,-6.979475853448093,-8.2224675193429
086,-4.001461505889893,-1.9545862674713135,-6.196774005889893,-8.274898529052734,-7.12661801543436,-6.502232924103737,-6.876537558528071,-6.485852479807363,-6.94687354069174,-7.879653096199036
087,-3.204878330230713,-1.579878330230713,-5.283003330230713,-7.572065830230713,-6.720779142488027,-5.520815722644329,-6.025269028468756,-6.634587764499884,-5.7284779417241225,-7.393031042069197
088,-3.6969943046569824,-1.9782443046569824,-5.603244304656982,-7.423556804656982,-6.7987990085966885,-6.10506734251976,-6.642420762247639,-6.993903040318401,-5.79093502133037,-6.989879097789526
089,-4.425838947296143,-2.2461514472961426,-5.925838947296143,-8.5899019241333,-7.082207076724444,-6.151804953813553,-6.6056116783074685,-6.535230755664088,-6.683745141410327,-7.640702674165368
090,-3.2822084426879883,-1.1962708234786987,-5.196270942687988,-7.891583442687988,-7.5323749641975155,-6.290329225361347,-6.672893283961457,-6.89941537361301,-6.2823355117143365,-7.45277369953692
091,-3.7734923362731934,-1.851617455482483,-6.085992336273193,-7.914117336273193,-7.0315390550968,-6.26754654943943,-6.382945653705974,-6.6328872440262785,-6.843905086258019,-8.035929216071963
092,-3.7983150482177734,-1.782690167427063,-6.110815048217773,-7.868627548217773,-7.0328918491868535,-6.384490929543972,-6.462493889717734,-6.548339485823817,-6.751613363507204,-8.0440682657063
093,-4.1400146484375,-1.9212646484375,-6.0931396484375,-8.0618896484375,-7.202886631450383,-6.2451116144657135,-6.616793251523632,-6.491619586042361,-6.554327575780917,-8.073214903473854
094,-4.393398761749268,-2.3465240001678467,-6.221523761749268,-8.557461738586426,-7.385774117938126,-6.18755316734314,-6.604479660236393,-6.737173795387207,-6.862335187703138,-7.980626605451107
095,-3.3950035572052,-1.6215660572052002,-5.941878318786621,-7.363753318786621,-6.824972589849494,-5.936645500361919,-6.035757890887908,-6.543473123983858,-6.699813954401179,-7.743719100952148
096,-4.05340576171875,-2.069030523300171,-5.90496826171875,-8.35028076171875,-7.248937106021913,-6.844368636608124,-6.928471086277568,-6.733110785331519,-7.069125767011428,-8.001298494637012
097,-4.0002899169921875,-1.9768526554107666,-6.2190399169921875,-8.336227416992188,-7.523934223718243,-6.201399266719818,-7.016052475053584,-6.765936016814521,-6.984764213397284,-7.993214480578899
098,-4.15438985824585,-2.0997023582458496,-6.21688985824585,-9.013764381408691,-7.584138033933414,-6.742767572402954,-7.170058487892675,-6.834087014151919,-7.224756000989146,-8.166834134608507
099,-4.083645820617676,-1.8570833206176758,-6.239895820617676,-8.271145820617676,-7.208741779490083,-6.64956670999527,-6.864951132200076,-6.685223221667911,-7.099355932426988,-8.132684046402574
100,-3.749300003051758,-2.069612503051758,-6.382112503051758,-7.085237503051758,-6.8746431477193255,-6.278693601489067,-6.069808106360142,-6.655582427454647,-6.9213946816453245,-8.142611343413591
101,-3.9850449562072754,-2.1100449562072754,-6.875669956207275,-7.047544956207275,-6.375817407228169,-6.400703519582748,-6.03983306378359,-6.328819513018971,-6.758599870467151,-7.992375068366528
102,-3.8587141036987305,-1.9212141036987305,-5.8196516036987305,-8.35090160369873,-7.194738622696605,-6.205177567899227,-6.655649540982267,-6.5696645974267085,-6.694740887469379,-7.826105620712042
103,-3.138261556625366,-1.4741990566253662,-5.567949295043945,-6.989824295043945,-6.380619153860607,-5.662987984716892,-5.818043346749619,-5.896096825345012,-5.857143989414908,-7.289951201528311
104,-3.9048051834106445,-1.9829301834106445,-6.0766801834106445,-8.115742683410645,-6.693982594566478,-6.232144422829151,-6.3814474312457605,-6.498575567991793,-6.654911512443505,-7.91641410626471
105,-3.817858934402466,-1.9350464344024658,-6.192858695983887,-8.372546195983887,-6.935125824616989,-6.63374350219965,-6.6382172097110015,-6.560060024165978,-6.927293894863396,-7.8697380647063255
106,-3.089529037475586,-1.183279037475586,-5.105154037475586,-7.659841537475586,-6.9022062859730795,-5.740860167890787,-6.417729374908959,-6.222359657123889,-5.808396570930199,-7.163590485230088
107,-2.8550097942352295,-1.4331347942352295,-5.68313455581665,-7.00344705581665,-6.644227611846873,-5.823245454579592,-5.948822138736432,-6.542524695281827,-6.105098601190548,-7.770952366292477
108,-4.016382694244385,-1.9148203134536743,-5.953882694244385,-8.297633171081543,-7.1570802900678245,-6.842179983854294,-6.72736668478683,-6.547647237672209,-7.063321469177026,-7.940921368077397
109,-3.774712085723877,-1.923149585723877,-6.423149585723877,-8.102836608886719,-6.681038853559585,-6.449471890926361,-6.446644900559477,-6.110663652320909,-6.993537303955236,-7.740100637078285
110,-2.4605259895324707,-1.1792758703231812,-4.898025989532471,-6.983963489532471,-6.53885767707834,-5.3190917782485485,-5.757502789085265,-6.491803049675582,-5.562248693982838,-7.176607044413686
111,-3.725043296813965,-2.045355796813965,-5.951605796813965,-8.357855796813965,-7.147047630525776,-6.383885413408279,-6.701689478235494,-6.506312370118394,-6.9673427280722535,-7.8712975680828094
112,-2.902761459350586,-1.2855740785598755,-5.496511459350586,-6.894948959350586,-6.441195446241181,-5.851070433855057,-5.659750933955365,-6.433121680831391,-6.019159070463502,-7.2944186590611935
113,-3.602001190185547,-2.187938690185547,-5.937938690185547,-7.367626190185547,-6.242763867441681,-5.950968533754349,-5.984897252405062,-6.031710624454718,-6.305274594735238,-7.79636244662106
114,-3.608083963394165,-1.967458963394165,-5.897146224975586,-7.803396224975586,-6.717619763760013,-5.967833675444126,-6.272240038284508,-6.389356732102897,-6.4441494859493105,-7.8126285299658775
115,-4.03937292098999,-1.9378105401992798,-6.09406042098999,-8.437810897827148,-6.961340423120419,-6.440354958176613,-6.648810503909772,-6.57845115649252,-6.766008851212973,-7.924779525026679
116,-2.8443455696105957,-1.1880954504013062,-4.859970569610596,-7.563095569610596,-6.789819823534344,-5.390426881611347,-6.188181039018673,-6.547493219119133,-5.516368735785363,-7.310917126014829
117,-4.033677101135254,-1.9399272203445435,-6.080552101135254,-8.619614601135254,-7.432192799373297,-6.522829458117485,-7.064985988788976,-6.486815094863232,-6.947818156972062,-7.7153023816645145
118,-3.8684258460998535,-1.852800965309143,-5.5559258460998535,-8.493426322937012,-6.798206801817287,-5.8941861763596535,-6.524729012031457,-6.626252770320207,-6.407585973742243,-7.771167168393731
119,-2.780613899230957,-1.2024887800216675,-4.827488899230957,-7.171238899230957,-6.507288807275472,-5.374538980424404,-5.8900407539258595,-6.460320234120445,-5.554160708175914,-7.213999133557081
120,-3.1357150077819824,-1.6904025077819824,-5.924777507781982,-6.737277507781982,-6.68267547719006,-5.723690036684275,-6.0654593689978356,-7.229476571015766,-6.5654453030001605,-8.21323949098587
121,-3.7001233100891113,-1.9423106908798218,-6.200123310089111,-7.723560810089111,-6.528367154685839,-6.398527964949608,-6.301759240312094,-6.411081552290852,-6.551789040007861,-7.84052898734808
122,-3.857515335083008,-1.8497027158737183,-5.951265335083008,-8.216890335083008,-7.021690123925509,-6.223038978874683,-6.779456017247867,-6.62315976600803,-6.701353307667887,-7.9850779958069324
123,-2.855958938598633,-1.5512715578079224,-5.363771438598633,-6.879396438598633,-6.153030614586896,-5.656992323696613,-5.496662256031414,-6.324731111280926,-5.809208027771092,-7.024727052077651
124,-3.8467469215393066,-1.9717469215393066,-6.159246921539307,-8.315496444702148,-7.096832748546149,-6.514858186244965,-6.6905521139160555,-6.6201989649671305,-7.05776607657026,-7.971508512273431
125,-3.849700927734375,-1.9668883085250854,-6.060638427734375,-7.974700927734375,-6.935756199578464,-6.545781292021275,-6.693509100176016,-6.693466067199552,-6.935735697785276,-8.038543472066522
126,-3.917849063873291,-1.917849063873291,-5.925661563873291,-8.44909954071045,-7.19138574108365,-6.560333788394928,-6.871027825818601,-6.808488368886174,-6.980417368460621,-8.021803205832839
127,-3.8723151683807373,-1.9348151683807373,-5.966065406799316,-8.262940406799316,-6.809876559294935,-6.606283485889435,-6.5754809371355805,-6.302012801121236,-6.817677139024454,-7.515540989115834
128,-3.727513074874878,-1.961888074874878,-5.899388313293457,-7.915013313293457,-6.961973067504005,-6.422990135848522,-6.579115866814391,-6.547836184447988,-6.766634104937111,-7.9125224109739065
129,-2.824550151824951,-1.2542376518249512,-4.754237651824951,-7.113612651824951,-6.176260937179904,-5.3468112424016,-5.457422850704461,-6.332383751647285,-5.26215934157517,-6.91094122454524
130,-2.6856977939605713,-1.1856977939605713,-4.748197555541992,-6.959135055541992,-6.334441257320577,-5.122181851416826,-5.662412274221424,-6.326371191749786,-5.4593671290931525,-7.198581505566835
131,-4.088283061981201,-2.049220561981201,-6.291408061981201,-8.30703353881836,-6.830600968445651,-6.326148718595505,-6.619615313007671,-6.377365588941757,-6.830576056636346,-7.900850187987089
132,-2.7613754272460938,-1.1129378080368042,-4.816062927246094,-7.441062927246094,-6.628734335507033,-5.403557188808918,-6.089581247877504,-6.402024864852137,-5.628708471194841,-7.24936537258327
133,-3.0640811920166016,-1.1500186920166016,-5.150018692016602,-7.829706192016602,-6.9470100335165625,-5.945280145853758,-6.415688275297725,-6.501596212274308,-5.993852731036895,-7.226349585689604
134,-2.9779233932495117,-1.1185483932495117,-4.806048393249512,-7.970110893249512,-6.800942059722729,-5.466532152146101,-6.238404868890939,-6.6055617330985115,-5.496254082921951,-7.104977276176214
135,-3.7270848751068115,-1.7583348751068115,-6.227085113525391,-7.609897613525391,-6.781877512199571,-6.135140419006348,-6.320912238959863,-6.641161441707482,-6.766209242829063,-7.851590890437365
136,-3.739600896835327,-1.8021008968353271,-6.028663158416748,-8.247413635253906,-7.09123444303259,-6.626091077923775,-6.919338225063257,-6.216174244818831,-7.0521525131116505,-7.696998396888375
137,-3.7029571533203125,-1.507644534111023,-5.7576446533203125,-7.6795196533203125,-6.233257166153635,-6.273494109511375,-5.7097569682009635,-5.717524170653633,-6.4363417586064315,-6.975547173991799
138,-3.5330982208251953,-1.6815358400344849,-5.478410720825195,-7.829973220825195,-6.548820490876096,-5.921882562339306,-6.244072317407699,-6.611234068811427,-6.064422843053762,-7.472841367125511
139,-2.7787115573883057,-1.3333990573883057,-5.239648818969727,-6.927148818969727,-6.036650292022387,-5.71584452316165,-5.31001746496986,-6.192791938618029,-5.3569182123974315,-7.286927418783307
140,-4.163020610809326,-2.077082872390747,-6.006770610809326,-7.623958110809326,-6.639779190867557,-5.91062181442976,-6.444387786672451,-6.6552337404773425,-6.319423067863681,-7.843240384012461
141,-2.6873373985290527,-1.3904623985290527,-5.156087398529053,-6.882649898529053,-5.7890462768264115,-5.564809501171112,-5.273330329313467,-5.99986004803759,-5.382739659093204,-7.025080235674977
142,-2.602761745452881,-1.4152617454528809,-5.165261745452881,-6.524636745452881,-5.7826778627349995,-5.327255196869373,-5.063825360921328,-5.821540712890055,-5.407592286370345,-6.915846247226
143,-3.7393407821655273,-1.7705907821655273,-6.067465782165527,-7.520590782165527,-6.723874317947775,-6.06787671148777,-6.0285277289221995,-6.083116888659788,-6.489484061472467,-7.847754592075944
144,-3.6911215782165527,-1.9254965782165527,-5.995809078216553,-7.612996578216553,-6.465127068338916,-5.962213464081287,-5.941354128503008,-6.8630529626207135,-6.550847230450017,-8.370036892592907
145,-2.934960126876831,-1.216210126876831,-4.82558536529541,-7.79433536529541,-6.661620373743062,-5.507613170892,-6.130317210168869,-6.49747622000541,-5.575666662727599,-7.207705387845635
146,-3.8582611083984375,-2.0691986083984375,-5.9676361083984375,-8.287948608398438,-6.780218478626921,-6.195098176598549,-6.5770657047614804,-6.577025532618791,-6.5458351346242125,-7.819320742040873
147,-3.455138921737671,-1.877013921737671,-6.10357666015625,-7.36138916015625,-6.431857216186472,-6.264036059379578,-6.041154381593515,-6.1895364520441944,-6.744319074416126,-7.874867172911763
148,-3.699747085571289,-1.902872085571289,-6.082559585571289,-7.793497085571289,-6.613901491713477,-6.273313529789448,-6.504498241309193,-6.426326870769117,-6.692012307008554,-7.915300723165274
149,-2.8440020084381104,-1.4611895084381104,-5.570564270019531,-7.086189270019531,-6.234753243072191,-5.679789744317532,-5.445613979056361,-6.156520128080956,-5.711260912234138,-7.241880903020501
150,-2.231656312942505,-1.2238438129425049,-5.106656074523926,-6.692593574523926,-6.245138851372758,-5.193796586245298,-5.2449871249482385,-6.330857037901296,-5.455961217783624,-7.297815227881074
151,-3.081303119659424,-1.2922407388687134,-5.448490619659424,-8.026616096496582,-7.4251470521703595,-6.078554391860962,-6.745407938062272,-6.268818855161953,-6.245435473865655,-7.049551820382476
152,-2.484841823577881,-1.2114044427871704,-4.930154323577881,-7.219216823577881,-6.6021506712713744,-5.393258262425661,-5.813008069140778,-6.641103386811665,-5.35993396811682,-7.265237967483699
153,-3.6501994132995605,-1.9626994132995605,-6.1501994132995605,-8.040823936462402,-7.040899750732933,-6.630567483603954,-6.900246857472666,-6.431462287820068,-6.775261519411288,-7.933568134903908
154,-2.407200813293457,-1.2822009325027466,-5.180638313293457,-7.250950813293457,-6.274582367186667,-5.372041404247284,-5.446353550651111,-6.055664777404672,-5.641717662292649,-7.095142273232341
155,-3.8001418113708496,-1.65951669216156,-5.80795431137085,-8.120453834533691,-7.120523211968248,-6.674564301967621,-6.823632358096802,-6.597030639552941,-7.003319738894788,-7.855957390740514
156,-3.7613041400909424,-1.9878666400909424,-6.112866401672363,-8.245678901672363,-6.964516039864975,-6.389073826372623,-6.620730994774931,-6.4878791569854,-6.831679938208254,-7.834562135860324
157,-3.9873385429382324,-1.8857760429382324,-6.127963542938232,-8.62796401977539,-7.049917337171792,-6.399326220154762,-6.682706354520633,-6.385788679042889,-6.878035185152839,-7.729572841897607
158,-3.3127174377441406,-1.437717318534851,-5.679904937744141,-7.484592437744141,-6.726942526001949,-5.8409658670425415,-6.344063039025059,-7.0627396104264335,-6.422196859632095,-7.974677696824074
159,-3.0722157955169678,-1.2675282955169678,-5.048778533935547,-7.775341033935547,-6.947342387793469,-5.773397549986839,-6.166005491431861,-6.634729742910167,-5.853542682569241,-7.234548501670361
160,-3.6338486671447754,-1.6963486671447754,-5.977598667144775,-8.118223190307617,-6.969896548856923,-6.364206366240978,-6.610474107670598,-6.415113210572599,-6.688612458179705,-7.76564871147275
161,-3.921090602874756,-2.030465602874756,-6.210153102874756,-8.358591079711914,-7.061810131373932,-6.78045192360878,-6.921134470932884,-6.3742278813560915,-7.116467116211425,-7.758532976731658
162,-3.720240831375122,-1.931178331375122,-6.165553569793701,-8.165553092956543,-6.798428056703415,-6.339565142989159,-6.759345888196549,-6.196813344907241,-6.735913513966807,-7.5576287638396025
163,-3.2820894718170166,-1.2742769718170166,-5.3133392333984375,-8.094589233398438,-6.930591223543161,-6.0357511267066,-6.414929031952852,-6.539914846333886,-5.907139419250598,-7.160949737764895
164,-2.853501081466675,-1.3769385814666748,-5.212876319885254,-7.220688819885254,-6.283379655753379,-5.448598280549049,-5.6192095245060045,-6.462899088599443,-5.439563028252451,-7.3909852765500546
165,-3.214406967163086,-1.8706570863723755,-5.956594467163086,-7.175344467163086,-6.488015279479441,-6.003830671310425,-5.777005190793716,-5.870678186191071,-6.159912090821308,-7.445631621405482
166,-2.7537736892700195,-1.417836308479309,-5.3943986892700195,-6.9647111892700195,-6.394616937657702,-5.877110071480274,-5.581996793705912,-5.995986699732384,-5.832037558444426,-6.96051188185811
167,-2.927351474761963,-1.3257888555526733,-5.263288974761963,-7.396101474761963,-6.786826128765824,-5.759565055370331,-6.091461538137082,-6.403928041358995,-5.958681103395065,-7.201233984902501
168,-2.729088306427002,-1.3072134256362915,-5.190025806427002,-6.408775806427002,-6.143470474635251,-5.47399240732193,-5.3464107422332745,-6.049433707648859,-5.580856421307544,-7.15567216835916
169,-3.9843366146087646,-2.1249616146087646,-6.3983988761901855,-8.203086853027344,-6.750030872790376,-6.620487928390503,-6.58594620115764,-6.4687232970482,-6.9922175383835565,-8.0076660271734
170,-2.4283876419067383,-1.2565126419067383,-4.858075141906738,-6.522137641906738,-6.350388161416049,-5.232296168804169,-5.537815807838342,-6.5612183807625115,-5.405038114491617,-7.213908510282636
171,-3.5845139026641846,-1.8970139026641846,-6.1157636642456055,-7.7017011642456055,-6.475280990009196,-6.262790784239769,-6.451784726465121,-6.147032856757505,-6.6861855923853,-7.685295259580016
172,-3.714231491088867,-2.065793991088867,-6.026731491088867,-7.932981491088867,-6.276883948143222,-6.140430003404617,-5.91743468932691,-6.268942355836771,-6.659672609646805,-7.79717162810266
173,-2.906484365463257,-1.2346093654632568,-5.023672103881836,-7.578359603881836,-6.461275691392075,-5.7166620790958405,-5.969029306364973,-6.422126054629189,-5.5784337493096245,-7.24368055537343
174,-2.5061590671539307,-1.3186590671539307,-5.029596328735352,-6.803033828735352,-5.967272385358228,-5.326175782829523,-5.131235715773073,-6.240557193483255,-5.14690696434991,-7.207126392051578
175,-3.634049654006958,-1.821549654006958,-5.852799892425537,-8.219986915588379,-6.8684878329513595,-6.242750398814678,-6.548158406152652,-6.5090616940751715,-6.5481735449211556,-7.834216576069593
176,-3.8154757022857666,-1.8701632022857666,-5.9092254638671875,-7.8154754638671875,-6.84681486683985,-6.568904757499695,-6.7686510073290265,-6.409236788685121,-6.854606745262572,-7.788521924987435
177,-3.6671764850616455,-1.8156139850616455,-6.073426246643066,-8.190613746643066,-6.409460301503714,-6.2896009385585785,-6.229744074429618,-6.104697108050459,-6.682895417550753,-7.49859326146543
178,-3.9595024585723877,-2.4438774585723877,-6.670439720153809,-7.764189720153809,-6.889364584887517,-6.3815023601055145,-6.131493323264294,-6.553274035215509,-6.889301293827884,-8.228328585624695
179,-3.642152786254883,-1.9155902862548828,-6.056215286254883,-8.259340286254883,-7.087576859928959,-6.365638889372349,-6.626601812480658,-6.735917925720059,-6.8141143284519785,-8.114648280665278
180,-2.674248695373535,-1.2054986953735352,-4.900811195373535,-6.830498695373535,-6.666655754786916,-5.379347167909145,-5.986851806090272,-6.596148013772108,-5.557205309014535,-7.214888736605644
181,-3.680893898010254,-1.8293312788009644,-6.055893898010254,-8.157456398010254,-6.7434956975630485,-6.499463379383087,-6.4700183849199675,-6.4230992792436155,-6.891911741840886,-7.808916142210364
182,-4.171102046966553,-2.0929770469665527,-6.288289546966553,-8.710164070129395,-7.1867759215820115,-6.558271586894989,-7.171141266055201,-6.842985749206491,-7.007087587157002,-8.282407365739346
183,-3.0220742225646973,-1.2251992225646973,-5.068949222564697,-7.537699222564697,-6.725378735645791,-5.618497230112553,-6.092478747901623,-6.5767827031795605,-5.803512555503403,-7.450014632195234
184,-3.5316922664642334,-1.7816922664642334,-5.859817028045654,-8.187942504882812,-6.8208637177958735,-6.198196515440941,-6.531769153480127,-6.2973341940360115,-6.406782027006557,-7.635497344657779
185,-2.7699146270751953,-1.3402270078659058,-5.238664627075195,-7.238664627075195,-6.2701049861934735,-5.579549863934517,-5.559063907669042,-6.613689899124438,-5.50441395463713,-7.1399013344198465
186,-3.3361072540283203,-2.0939197540283203,-6.10954475402832,-7.19548225402832,-6.250418036157498,-6.043017730116844,-5.88314710688428,-6.172084926751268,-6.359790890914155,-7.9498264119029045
187,-3.7455413341522217,-1.8627288341522217,-6.026791095733643,-8.1752290725708,-7.081548926740652,-6.4977283254265785,-6.769028423976124,-6.52680397025415,-6.683104989868298,-7.901002537459135
188,-2.6983532905578613,-1.2842907905578613,-5.049915790557861,-7.245228290557861,-6.253175368794473,-5.4615724086761475,-5.612469075691479,-6.495248317518417,-5.331258411883027,-7.183461369946599
189,-3.126901626586914,-1.290964126586914,-4.900339126586914,-7.994089126586914,-6.923912992715486,-5.591718927025795,-6.205084918230568,-6.619109272753121,-5.6270028301514685,-7.25330107472837
190,-2.422376871109009,-1.1880018711090088,-4.90675163269043,-7.10987663269043,-6.117822161410004,-5.1943606324493885,-5.641202327722567,-6.4692735669596,-5.484979028224188,-7.3003951366990805
191,-3.564861297607422,-2.338298797607422,-6.228923797607422,-7.830486297607422,-6.143106214964064,-5.919422000646591,-5.760255571833113,-5.9476946590148145,-6.307156199407473,-7.625897586345673
192,-4.206157684326172,-2.112407684326172,-6.143657684326172,-8.565532684326172,-6.8703356914556934,-6.186548143625259,-6.510919091357209,-6.846798300621231,-6.776575321389828,-8.332469526678324
193,-4.270898818969727,-2.2240238189697266,-6.403711318969727,-8.903711318969727,-7.2553436731759575,-6.499261260032654,-6.833460567475413,-6.356848716659442,-7.44285547400068,-7.6987771689891815
194,-2.7180747985839844,-1.1790122985839844,-5.124324798583984,-7.264949798583984,-6.483801598136779,-5.714362010359764,-5.64779508060019,-6.6399619578578495,-5.6869075264112325,-7.546123586595058
195,-3.496537685394287,-1.6762253046035767,-6.105912685394287,-7.512162685394287,-7.113754152831461,-6.529848895967007,-6.066880106478493,-6.840294837926194,-7.293432712354843,-7.996315803844482
196,-4.028994083404541,-1.943056583404541,-6.099306583404541,-8.193056106567383,-7.060332413588185,-6.867817506194115,-6.669674633390969,-6.568071603662247,-7.021253106417134,-7.930415166541934
197,-2.986973762512207,-1.1510363817214966,-4.963536262512207,-7.760411262512207,-6.8777286921977066,-5.652516312897205,-6.260479924705578,-6.486993074229758,-5.72928415973729,-7.294030983000994
198,-3.5433237552642822,-1.9808237552642822,-6.004261016845703,-7.926136016845703,-6.8324717246505315,-6.218406461179256,-6.410575387788413,-6.355839848385585,-6.613718863867689,-7.824578745290637
199,-3.88913893699646,-2.13913893699646,-6.131326198577881,-7.936013698577881,-6.467370742793719,-5.912800461053848,-6.170469042408513,-6.256345033467369,-6.5376853883281,-7.847415087744594
200,-4.251448154449463,-2.165510416030884,-6.438948154449463,-8.079572677612305,-7.001608597274753,-6.368452534079552,-6.696871274551086,-6.48584461189057,-6.8999947249976685,-7.993198001757264
201,-3.402592182159424,-1.8166546821594238,-6.082279682159424,-7.433842182159424,-6.160547127117752,-5.99608601629734,-5.902661201958836,-5.777611613084446,-6.25427126204886,-7.484435297548771
202,-4.023686408996582,-1.9689991474151611,-5.648686408996582,-8.375248908996582,-6.445910512062255,-5.613747775554657,-6.24263987854647,-6.469034909554466,-6.289542767466628,-7.378960259258747
203,-4.131173133850098,-1.8967978954315186,-6.115548133850098,-8.396798133850098,-6.912543766375165,-6.470206946134567,-6.529683229673537,-6.459320068119268,-6.818766112774028,-7.888587744906545
204,-3.558269500732422,-2.050457000732422,-5.972332000732422,-7.339519500732422,-6.2225548972637625,-5.706601560115814,-5.714658489101566,-6.058306574133894,-6.175666667884798,-7.644667282700539
205,-4.047489643096924,-1.930302381515503,-6.024052143096924,-8.383427619934082,-7.05543505262176,-6.298643931746483,-6.602267022863089,-6.453761458158624,-6.602280730607163,-7.861053675413132
206,-3.6653239727020264,-1.8215739727020264,-5.876261234283447,-7.891886234283447,-6.563867205724819,-6.0523519068956375,-6.24351918449247,-5.9622169731392205,-6.407605524385872,-7.479954658076167
207,-3.139296054840088,-1.428358554840088,-5.975233554840088,-7.654921054840088,-6.92839109844499,-6.716847538948059,-6.623696088478027,-5.70180273053802,-6.826833247447212,-7.145211215130985
208,-4.171806812286377,-2.038994312286377,-6.226494312286377,-8.624932289123535,-7.109399791210308,-6.470132008194923,-6.812484262998623,-6.671817660272609,-6.8281342953196145,-8.083055118098855
209,-3.996074676513672,-1.9491995573043823,-6.378887176513672,-8.175762176513672,-7.183658953930717,-6.637509062886238,-6.82425558410614,-6.519526839148966,-7.043033596331952,-8.096998127177358
210,-3.359422206878662,-2.093797206878662,-5.632859706878662,-7.015672206878662,-5.844005563005339,-5.745442017912865,-5.625181665920536,-6.109458565049863,-5.969036073758616,-7.451643526554108
211,-3.6031179428100586,-2.0171804428100586,-5.915617942810059,-7.985930442810059,-6.712668761058012,-5.984858684241772,-6.556339736067457,-6.3531436916855455,-6.4938989755901275,-7.935759760439396
212,-3.9788312911987305,-1.838206171989441,-6.0257062911987305,-8.25226879119873,-7.049292195748421,-6.3369694501161575,-6.728912827027671,-6.346043228804774,-6.814907421998214,-7.8304348066449165
213,-4.009356498718262,-1.6109189987182617,-6.157793998718262,-7.993731498718262,-7.157987099126331,-6.3363229632377625,-6.853239408243098,-6.501571893302753,-6.923534863431996,-7.954605910927057
214,-2.8359484672546387,-1.3203234672546387,-4.929698467254639,-6.945323467254639,-6.180157198570669,-5.096765048801899,-5.398680183265242,-6.34382021251804,-5.406676206184784,-7.360320262610912
215,-4.15449333190918,-2.0841808319091797,-6.30293083190918,-8.27949333190918,-7.139047725795535,-6.438794568181038,-6.6936846888420405,-6.5060905212121725,-7.146828282930073,-8.009004078805447
216,-3.6221084594726562,-1.7549208402633667,-5.934608459472656,-7.145545959472656,-6.6691460477304645,-6.184413336217403,-5.989375707307772,-6.434627532777085,-6.497196551259549,-7.803612932562828
217,-3.868415355682373,-2.032477855682373,-6.446540355682373,-7.923102855682373,-6.384154432467767,-6.281864792108536,-6.180981037847232,-6.173122167399924,-6.915393585601123,-7.870927806943655
218,-2.9707932472229004,-1.2442306280136108,-4.9707932472229,-7.4707932472229,-6.783462748469901,-5.5203860849142075,-5.97868561426003,-6.5176908967314375,-5.5724815051216865,-7.208966651931405
219,-3.6750974655151367,-2.0500974655151367,-5.995409965515137,-7.932909965515137,-6.456473580983584,-6.130801156163216,-6.026741739740828,-6.003242254060751,-6.6283372574689565,-7.5535962879657745
220,-2.7678189277648926,-1.3225065469741821,-5.127193927764893,-6.978756427764893,-6.6117727548698895,-5.48343076184392,-5.791329261985084,-6.541281461402832,-5.705452790833078,-7.3069897051900625
221,-3.670283794403076,-1.9046587944030762,-6.021846294403076,-8.310908317565918,-7.045366045429546,-6.3826203271746635,-6.6390833842378925,-6.451547980207579,-6.8578647342365,-7.8652917239815
222,-3.4583888053894043,-1.7708886861801147,-5.653701305389404,-8.333388328552246,-6.716331711853854,-6.175429485738277,-6.42722951954056,-6.286534189970553,-6.466327540052589,-7.734542820602655
223,-3.9010701179504395,-2.2838826179504395,-6.6823201179504395,-7.7526326179504395,-6.48712860805972,-6.4575128853321075,-6.002705690574658,-5.994838356806213,-6.932423586258665,-7.826522033661604
224,-3.835874080657959,-1.9999364614486694,-5.953061580657959,-8.2968111038208,-7.093769308485207,-6.488435074687004,-6.851552604195604,-6.679635643891743,-6.828128931636456,-8.071620104834437
225,-3.7793502807617188,-1.9590376615524292,-6.130912780761719,-7.677787780761719,-6.717044334654929,-6.253618627786636,-6.396647924077115,-6.412191271376287,-6.849795690286555,-7.979239292442799
226,-3.821542501449585,-1.790292501449585,-5.930917263031006,-8.462167739868164,-7.165394420175289,-6.457640551030636,-6.8294103130174335,-6.6184334753634175,-6.884111163628404,-7.876491956412792
227,-3.6694602966308594,-1.935085415840149,-5.903835296630859,-8.16946029663086,-6.5680137805466074,-5.934531308710575,-6.294530270039104,-6.341354250727818,-6.357073539045814,-7.772817961871624
228,-3.5614800453186035,-1.8192925453186035,-5.7333550453186035,-7.8583550453186035,-6.772555222574738,-6.050548903644085,-6.561556693952298,-6.413062572279159,-6.413165561738424,-7.899411536753178
229,-3.8354697227478027,-1.9917198419570923,-6.194844722747803,-8.210470199584961,-6.890241619366861,-6.43018601834774,-6.718330382140266,-6.4136081933065725,-6.976165172956826,-7.866293070837855
230,-2.4716439247131348,-1.2763315439224243,-5.057581424713135,-6.784143924713135,-5.8312294261559146,-5.122747279703617,-5.206121797040396,-6.377929567654064,-5.167095055512618,-7.267435593530536
231,-2.4952011108398438,-1.3311386108398438,-4.831138610839844,-6.721763610839844,-5.854761106544174,-5.246854774653912,-5.323435538979538,-6.0108507868590095,-5.167266708333045,-6.976797873154283
232,-3.686890125274658,-1.8665777444839478,-6.093140125274658,-7.983765125274658,-6.874490852052986,-6.293730303645134,-6.726008652072778,-6.241593360777188,-6.632278558710823,-7.913317874073982
233,-3.262113332748413,-1.449613332748413,-5.558988571166992,-7.777738571166992,-6.770084130199393,-5.9238584488630295,-6.238747474984848,-6.215261220675529,-6.113795034958457,-7.218399813398719
234,-2.838383197784424,-1.3149455785751343,-4.916508197784424,-7.229008197784424,-6.377758811577223,-5.371588170528412,-5.557279933651444,-6.5727974168730725,-5.588628262048587,-7.343479672446847
235,-3.9051012992858887,-1.9129137992858887,-6.272288799285889,-7.866038799285889,-6.6708929399901535,-6.1633079797029495,-6.405198211745301,-6.459807634175377,-6.702082389929274,-7.83126562833786
236,-3.816370964050293,-1.9179333448410034,-5.941370964050293,-8.425745964050293,-6.910250178567367,-6.287062287330627,-6.621146675031923,-6.472643375145708,-6.769598836377554,-7.8526789750903845
237,-3.1811814308166504,-1.54836905002594,-5.67336893081665,-7.34524393081665,-6.603324139054166,-5.648985341191292,-5.66569971012359,-6.454659580358566,-6.111007204031921,-7.494300380349159
238,-4.130208492279053,-1.9270836114883423,-6.208333492279053,-8.567708969116211,-7.1849691841052845,-6.715587303042412,-7.020882486096525,-6.63803362838371,-6.981831310360576,-7.942728275433183
239,-3.303593635559082,-1.4051560163497925,-5.186406135559082,-7.834843635559082,-6.741206043603597,-5.67148195207119,-6.16302525836727,-6.366111755207385,-5.741197223069321,-7.1506115682423115
240,-3.9544601440429688,-1.9153975248336792,-5.899772644042969,-8.227897644042969,-7.22803496371489,-6.425941802561283,-6.73579859342135,-6.6263551710035244,-6.9233159962896025,-7.982334218919277
241,-4.310030460357666,-2.083468198776245,-6.310030460357666,-8.638155937194824,-7.200791230527102,-6.573455229401588,-7.075741168162494,-6.466300725731344,-7.013255829544505,-7.829311970621347
242,-3.8631649017333984,-1.956915020942688,-5.902227401733398,-8.347539901733398,-7.386672494336381,-6.713920772075653,-6.863215802804916,-6.6053653954613765,-6.964784978161333,-7.880182333290577
243,-2.6827969551086426,-1.2140470743179321,-4.862484455108643,-7.104671955108643,-6.472040398439276,-5.485899064689875,-5.6125669445318636,-6.3625066277909355,-5.370458232267993,-7.331040073186159
244,-3.9025015830993652,-2.0587515830993652,-5.972814083099365,-8.230627059936523,-6.691683404482319,-6.085936814546585,-6.402584549323365,-6.379084944506758,-6.605751029856037,-7.829826587811112
245,-4.015044689178467,-1.8509819507598877,-6.491607189178467,-8.140044212341309,-7.437019819968555,-6.48192535340786,-6.905773634272919,-7.069745778944707,-7.0072836862673284,-8.183819917961955
246,-3.918163776397705,-1.9416011571884155,-5.910351276397705,-8.511913299560547,-7.472908018407907,-6.665111429989338,-6.879142879573919,-6.699424028343856,-6.957264661050431,-7.8897152077406645
247,-3.7485854625701904,-1.9985854625701904,-6.1938982009887695,-8.17827320098877,-6.772101876027591,-6.143350474536419,-6.522080181406636,-6.240787506001652,-6.498658177610196,-7.7953417878597975
248,-2.9834485054016113,-1.1709485054016113,-4.858448505401611,-7.538136005401611,-6.882159076601965,-5.461893197149038,-6.08510601069429,-6.6631655688688625,-5.74146411739639,-7.396687485277653
249,-4.321457386016846,-2.173020124435425,-6.344894886016846,-8.524582862854004,-7.430892108088301,-6.891230270266533,-7.165251015663671,-7.149593353211458,-7.24337124748854,-8.34530165977776
250,-3.8370068073272705,-1.7979443073272705,-5.99325704574585,-8.399506568908691,-6.899620407355542,-6.208255514502525,-6.524603481411759,-6.407342672080631,-6.790229315796751,-7.756121879443526
251,-3.302724838256836,-1.349599838256836,-5.279287338256836,-8.224599838256836,-7.310652011015918,-5.997027520090342,-6.451200842115213,-6.771487831984814,-5.904365178896114,-7.346815639175475
252,-4.002249240875244,-1.8850616216659546,-6.056936740875244,-8.236623764038086,-6.8304849801716045,-6.443671762943268,-6.681997058956767,-6.502266526073072,-6.861720914937905,-8.005663581192493
253,-3.661538600921631,-2.153726100921631,-6.130288600921631,-7.575601100921631,-6.333621122757904,-5.902812331914902,-6.083540431558504,-6.005320906118868,-6.4664151489851065,-7.819924268871546
254,-3.8407726287841797,-1.8563976287841797,-6.03608512878418,-8.49702262878418,-7.051787850221444,-6.637859046459198,-6.778315662410023,-6.551722049642194,-6.965828178770607,-7.807925308123231
255,-3.062185764312744,-1.2340608835220337,-4.929373264312744,-7.898123264312744,-7.109218227386009,-5.710516821593046,-6.421616910312878,-6.780958652234403,-5.890445700119017,-7.465571228414774
256,-4.1318359375,-2.0849609375,-6.2646484375,-8.1865234375,-7.108499998656043,-6.689880475401878,-6.795956490739627,-6.54591202726624,-7.272528765286552,-8.065448271110654
257,-4.27454948425293,-2.2667369842529297,-6.51673698425293,-8.31361198425293,-6.647213574928173,-6.3546451181173325,-6.373751042698132,-6.264335751407998,-6.983145114929357,-7.871755545958877
258,-3.5795085430145264,-1.9388835430145264,-5.610758304595947,-8.118571281433105,-6.978032823593821,-5.97611765563488,-6.563940523417841,-6.399836301683536,-6.329590794019168,-7.792769832536578
259,-4.153656959533691,-1.8645944595336914,-6.044281959533691,-8.333344459533691,-7.403853873896878,-6.7487494722008705,-6.911590092058759,-6.630254268038698,-7.0834910762059735,-8.024652153253555
260,-3.750995397567749,-1.790057897567749,-5.766620635986328,-8.313495635986328,-7.188591952450224,-6.331009991466999,-6.790116189225955,-6.602572917829093,-6.844823715022358,-7.907414808869362
261,-4.443912982940674,-2.1548502445220947,-6.436100482940674,-8.639225006103516,-7.787796130854986,-6.843814805150032,-7.240887517742522,-6.584561466894229,-7.303421369244461,-8.189117258414626
262,-2.891598701477051,-1.5869113206863403,-5.258786201477051,-6.711911201477051,-6.43877871154109,-5.537102177739143,-5.329210990319552,-5.774441957000818,-5.751151784294052,-6.8862492851912975
263,-3.8459863662719727,-1.9084863662719727,-6.072548866271973,-8.775673866271973,-7.306985614777659,-6.428607672452927,-7.080410956106789,-6.4709979295057565,-6.8694822771176405,-7.764498399570584
264,-3.792003631591797,-2.088878631591797,-5.940441131591797,-8.268566131591797,-6.948360079819395,-6.255513533949852,-6.745209333021194,-6.377959728068163,-6.6436732950023725,-7.755454512313008
265,-4.017914772033691,-1.8851022720336914,-6.064789772033691,-8.681977272033691,-7.338299748655118,-6.681057691574097,-7.04921364664915,-6.541365027346728,-7.025789974155487,-7.882975758984685
266,-3.9140665531158447,-1.7968790531158447,-6.125003814697266,-8.578128814697266,-7.0391746700697695,-6.548560872673988,-6.921944496862125,-6.398458599895093,-7.039152380100859,-7.72211523540318
267,-3.6658847332000732,-1.8924472332000732,-5.978384971618652,-7.798697471618652,-6.564459433706361,-6.169291749596596,-6.2597197258292,-6.04090869398533,-6.455061905988259,-7.589248888194561
268,-3.685781478881836,-1.6857815980911255,-5.967031478881836,-8.240468978881836,-7.021804686686664,-6.347972832620144,-6.787404892973427,-6.498297929629189,-6.68587171623949,-7.7516071535646915
269,-3.3391761779785156,-1.526676058769226,-5.409488677978516,-7.714176177978516,-6.761174671177287,-6.067378669977188,-6.081408022851974,-6.315754413481045,-5.972076173769892,-7.229132893495262
270,-2.7925331592559814,-1.1987831592559814,-4.933157920837402,-7.120657920837402,-6.519324872395373,-5.4774566404521465,-5.909828180228942,-6.3550666564988205,-5.620826706945081,-7.190499614924192
271,-3.1201016902923584,-1.6357266902923584,-5.2216644287109375,-7.1591644287109375,-6.089074825242278,-5.807884752750397,-5.588941570080351,-5.495127558378954,-5.893685330243898,-6.842294728383422
272,-3.8235418796539307,-2.0032293796539307,-6.26104211807251,-7.83135461807251,-6.776869991706917,-6.234521850943565,-6.472094529228343,-6.182945489481426,-6.68307958713558,-7.83375246450305
273,-4.007033348083496,-1.460158348083496,-6.280470848083496,-7.913283348083496,-7.249285934238287,-6.824821524322033,-6.882087110028806,-6.811729431115964,-7.257067322152579,-8.163201150484383
274,-2.7589521408081055,-1.290202260017395,-4.9073896408081055,-7.3448896408081055,-6.0794561917864485,-5.229616578668356,-5.63404202057427,-6.087103366508018,-5.251298653354752,-6.98574691452086
275,-3.604219913482666,-1.9245325326919556,-5.963594913482666,-7.752657413482666,-6.455884570626949,-6.078976407647133,-6.252720234806475,-6.283925294716028,-6.4558792067400645,-7.794603295624256
276,-3.7214598655700684,-1.9558347463607788,-6.033959865570068,-7.932397365570068,-6.596544500585878,-6.400455988943577,-6.135587690128887,-6.3074126242427155,-6.596543904590362,-7.729595443233848
277,-3.72244930267334,-2.08963680267334,-6.04276180267334,-8.19119930267334,-6.449091908107221,-6.281453981995583,-6.06626117038104,-5.870903253420693,-6.722524282507948,-7.587782271206379
278,-3.8505382537841797,-1.7958508729934692,-5.99897575378418,-8.24116325378418,-7.209987280009955,-6.632427871227264,-6.889645098657638,-6.741175174642194,-7.038101075107988,-8.100793812423944
279,-3.973386526107788,-2.106199026107788,-6.004636287689209,-9.074949264526367,-7.059374092743383,-6.285578437149525,-6.86404824188503,-6.5515190362630165,-6.668749927168392,-7.559453070163727
280,-3.6737937927246094,-1.7441062927246094,-5.955043792724609,-7.876918792724609,-6.525501359908958,-6.308787360787392,-6.36135601803835,-6.2050615547505,-6.384836548990279,-7.582137415185571
281,-4.037106037139893,-2.1308560371398926,-6.318356037139893,-8.49023151397705,-6.912186857771303,-6.527901083230972,-6.58404016320128,-6.396496534227481,-6.998122331373452,-7.877042256295681
282,-3.897382974624634,-1.8895704746246338,-6.045820236206055,-8.366132736206055,-7.225586411244876,-6.618177868425846,-6.842734455294703,-6.62395763389577,-7.178701875200204,-8.064880082383752
283,-2.989623785018921,-1.169311285018921,-5.1380615234375,-7.7474365234375,-6.614745013546781,-5.685627829283476,-6.153757331245288,-6.255268096741929,-5.825664038173272,-7.077148586511612
284,-4.020265102386475,-2.1687026023864746,-6.074952602386475,-8.574953079223633,-6.723483438901894,-6.084247753024101,-6.621895430173026,-6.520279407399357,-6.6687961772986455,-7.85640518926084
285,-2.6455001831054688,-1.3955003023147583,-5.106437683105469,-6.668937683105469,-6.044106945977546,-5.413579747080803,-5.333104843382898,-5.9267773624542315,-5.4347090614028275,-7.160799995064735
286,-2.8212223052978516,-1.2899723052978516,-4.922784805297852,-7.219659805297852,-6.383832687009999,-5.573287729173899,-5.82126092836188,-6.625923395064092,-5.329112526735116,-7.257464887574315
287,-3.783015012741089,-1.9627025127410889,-5.884577751159668,-8.259577751159668,-6.6971745444170665,-6.169854357838631,-6.33777057894622,-6.2595964668435045,-6.642477866145782,-7.685920394957066
288,-2.8173210620880127,-1.3251335620880127,-5.129820823669434,-7.020445823669434,-6.653487536867033,-5.597117438912392,-5.997094031474262,-6.411096334131798,-5.809646120120306,-7.440156150609255
289,-3.358468532562256,-1.3115935325622559,-5.264718532562256,-7.811593532562256,-6.741425265397993,-5.823405310511589,-6.335101721175306,-6.085051536349056,-5.975771062912827,-7.134512234479189
290,-3.8488059043884277,-1.7394309043884277,-5.903493404388428,-8.169118881225586,-6.973919981173822,-6.478235691785812,-6.801993010500155,-6.411322116720839,-6.880138989814441,-7.6976969838142395
291,-2.5383434295654297,-1.4992808103561401,-4.97584342956543,-6.45240592956543,-5.585541077045491,-5.302516311407089,-5.116614211903652,-5.702448843989259,-5.405747151831747,-6.814937835559249
292,-4.065160751342773,-2.1354732513427734,-5.776098251342773,-8.697973251342773,-6.971534125346807,-6.281958110630512,-6.588656662188441,-6.596423983486602,-6.682450170090306,-7.804628515616059
293,-4.061055660247803,-1.9126180410385132,-6.482930660247803,-8.256367683410645,-6.84239244084165,-6.8477815836668015,-6.93610441565761,-6.30325603476831,-7.029864071093471,-7.959572097286582
294,-2.7123332023620605,-1.11077082157135,-4.6420207023620605,-7.6498332023620605,-6.931186909067037,-5.555456236004829,-6.196745514174836,-6.720160841827237,-5.587432260377682,-7.251756481826305
295,-2.798395872116089,-1.2515208721160889,-5.126521110534668,-7.235896110534668,-6.470433341222815,-5.6504896357655525,-5.681270359040354,-6.392166852736409,-5.462557072562049,-7.36141349747777
296,-3.768765687942505,-1.8156406879425049,-5.784390926361084,-8.526577949523926,-7.253250473695516,-6.4416889399290085,-6.940690754603565,-6.651592016127324,-6.90946340298251,-7.861282786354423
297,-3.6908211708068848,-1.8548836708068848,-5.956446170806885,-7.987696170806885,-6.534667129679292,-6.2277985364198685,-6.269000051954208,-6.323648333442179,-6.44871556423459,-7.791774101555347
298,-3.6997106075286865,-1.8247106075286865,-5.887210369110107,-8.277835845947266,-6.832631701268838,-6.2777097299695015,-6.4029010512749664,-6.379415392722876,-6.613858219316171,-7.739901762455702
299,-3.8653388023376465,-1.990338921546936,-6.0528388023376465,-8.209089279174805,-7.0997935501727625,-6.481974929571152,-6.701333878765581,-6.412227988142149,-7.021653411684383,-7.835636232048273
300,-3.8845860958099365,-1.8611485958099365,-6.048648834228516,-7.626773834228516,-6.533227184598218,-6.3616567477583885,-6.392495985077403,-6.392428397695767,-6.642596463701921,-7.9725148268043995
301,-3.581017255783081,-1.706017255783081,-5.98726749420166,-7.14351749420166,-6.331418791349279,-6.14324814081192,-6.128068431629799,-6.096696017739305,-6.58909960926394,-7.719955213367939
302,-2.8406014442443848,-1.1687265634536743,-5.145288944244385,-7.481226444244385,-6.731356850708835,-5.813928373157978,-6.012530563795735,-6.481246828825533,-5.91102003488777,-7.456979957409203
303,-3.687037467956543,-1.8589123487472534,-6.030787467956543,-7.155787467956543,-6.39824136524112,-5.962374001741409,-6.319986810864066,-5.718325256588287,-6.655999876355054,-7.7154985554516315
304,-2.4964733123779297,-1.3324108123779297,-4.93397331237793,-6.67616081237793,-6.132615309688845,-5.315465219318867,-5.601287597019109,-6.069954514063284,-5.398202646028949,-7.101179011166096
305,-3.3997650146484375,-1.251327633857727,-5.3607025146484375,-7.6341400146484375,-7.0476709394861246,-6.025646291673183,-6.672546383510053,-6.242797970588072,-6.102265590139723,-7.189211407676339
306,-3.032593250274658,-1.3060308694839478,-4.852905750274658,-7.399780750274658,-6.470373114512768,-5.529933236539364,-5.821768277513911,-6.266998409770167,-5.423457355514984,-7.180366065353155
307,-3.8790853023529053,-1.9337728023529053,-6.004085540771484,-8.683773040771484,-7.051035759002843,-6.19800366461277,-6.80101561394622,-6.379099488161046,-6.769775626926275,-7.823139367625117
308,-3.5898447036743164,-1.769532322883606,-5.886719703674316,-8.269532203674316,-6.769596932223067,-6.398226879537106,-6.5430065386681235,-6.542980194037227,-6.668022750400269,-7.734763476997614
309,-3.6434426307678223,-1.9090676307678223,-5.565317630767822,-7.721567630767822,-6.495135894801933,-5.572487756609917,-6.323218222554715,-5.932522058343238,-6.22951208674931,-7.639140093699098
310,-3.5300114154815674,-1.7487614154815674,-6.155011177062988,-7.576886177062988,-6.733291375508998,-6.367860101163387,-6.264469620087766,-6.358159541810892,-6.670777906867443,-7.919135436415672
311,-3.5469279289245605,-1.898490309715271,-6.1094279289245605,-7.4063029289245605,-6.679849976258993,-6.225056231021881,-6.3438727831307915,-5.71100616442709,-6.648569103963382,-7.3552365731447935
312,-2.6419167518615723,-1.1966043710708618,-4.985666751861572,-7.040354251861572,-6.540608016250189,-5.321930110454559,-5.735774272863637,-6.37631940803476,-5.821763502797694,-7.369542773813009
313,-3.241908550262451,-1.1637836694717407,-4.976283550262451,-7.601283550262451,-6.984223953651963,-5.717222258448601,-6.343533156374178,-6.366927146738817,-5.874834292677406,-7.257611198350787
314,-4.512846946716309,-1.9894092082977295,-6.669096946716309,-9.012846946716309,-7.7707536176239955,-7.059709936380386,-6.934785244848172,-6.411301612706666,-7.981672284149681,-8.726823408156633
315,-4.049848556518555,-1.8935983180999756,-6.307661056518555,-8.229536056518555,-7.253067012235988,-6.896566137671471,-6.8623974311340135,-6.64361059658404,-7.401477453888219,-8.160500394180417
316,-2.7950844764709473,-1.4747719764709473,-5.248209476470947,-6.966959476470947,-6.264085261354921,-5.6073945090174675,-5.3498821197863435,-6.045111536614058,-5.568687186896568,-7.374133748933673
317,-3.8916616439819336,-1.8291616439819336,-6.063536643981934,-8.368224143981934,-6.837062474165577,-6.279897555708885,-6.516712187443773,-6.28230178344711,-6.743301984621212,-7.82146836631
318,-3.7169508934020996,-1.8107008934020996,-5.9357008934021,-8.287263870239258,-6.920155760439229,-6.226905927062035,-6.63887607925426,-6.490401863960869,-6.732638476321881,-7.903426663950086
319,-3.522352695465088,-1.725477695465088,-5.780165195465088,-7.561415195465088,-6.420873638489866,-6.041320621967316,-6.092721579869249,-5.94424569590592,-6.209944244008511,-7.613854272291064
320,-3.6562771797180176,-1.906277060508728,-5.726589679718018,-7.867214679718018,-6.83610426406085,-6.2890390530228615,-6.531353113154182,-6.406294584123316,-6.711066836862301,-7.7402013055980206
321,-3.6137208938598633,-1.8949708938598633,-5.871533393859863,-7.566845893859863,-6.254487623664318,-6.015947923064232,-6.121611234499142,-6.113741516854134,-6.36383532822947,-7.5946942307055
322,-2.730039596557617,-1.2378519773483276,-5.206602096557617,-6.847227096557617,-6.331806996327941,-5.508631683886051,-5.370746013184544,-6.1441302295534115,-5.573909156330046,-7.1881503984332085
323,-3.607131242752075,-1.9274437427520752,-6.318068504333496,-7.388381004333496,-6.2713051972023095,-6.186626106500626,-6.146263477741741,-6.029025316051047,-6.638487214171619,-7.596457649022341
324,-4.0190629959106445,-2.0034382343292236,-6.2378129959106445,-7.9565629959106445,-6.800502639904153,-6.431495800614357,-6.409802668669727,-6.440963148754236,-6.995772589361877,-7.878725882619619
325,-3.9697721004486084,-1.8838346004486084,-5.9463348388671875,-8.321334838867188,-7.188614125807362,-6.719228230416775,-6.712012647189113,-6.672913431992129,-7.071402428249712,-7.9818543419241905
326,-3.738713264465332,-1.6215256452560425,-6.168400764465332,-8.363713264465332,-7.03563439739446,-6.628734208643436,-6.8403108113816415,-6.410595416997239,-6.816866516668597,-7.741414751857519
327,-3.8309783935546875,-1.9872283935546875,-5.6981658935546875,-8.604415893554688,-7.034157870715717,-6.281063064932823,-6.706018447075621,-6.6434892415409195,-6.752900718522142,-7.786402627825737
328,-3.03456974029541,-1.1908198595046997,-5.01894474029541,-7.56581974029541,-6.839347477653064,-5.8981392197310925,-6.25335478721172,-6.620522141345646,-5.7065070848111645,-7.272788630798459
329,-2.834679126739502,-1.147179126739502,-4.740929126739502,-7.529991626739502,-6.491131046888768,-5.35132460296154,-5.889450546557782,-6.381583094176676,-5.592651950384607,-7.16805824637413
330,-2.818634033203125,-1.193634033203125,-4.928009033203125,-6.803009033203125,-6.389282051066402,-5.542455159127712,-5.646886221424211,-6.498360990699439,-5.54545458802022,-7.345903802663088
331,-3.579735517501831,-2.165673017501831,-6.040672779083252,-7.900047779083252,-6.314231507582008,-6.028260186314583,-6.032941934114206,-5.986007570971196,-6.509532088028209,-7.593715116381645
332,-3.7861008644104004,-1.6767258644104004,-5.7157883644104,-7.4032883644104,-7.208068366540829,-6.370811253786087,-6.81740462635571,-5.848612666060035,-6.676791188969219,-7.153381971642375
333,-3.95508074760437,-1.9394557476043701,-5.955080986022949,-8.57226848602295,-7.173928613665339,-6.594306327402592,-6.736387847238802,-6.626970529450773,-7.048903343442362,-7.9396324921399355
334,-3.5460758209228516,-1.8585759401321411,-5.921075820922852,-7.717950820922852,-6.475911606277805,-5.983680367469788,-6.389902588758559,-6.23359739757143,-6.554010979758459,-7.757183615118265
335,-2.912175178527832,-1.4199875593185425,-6.029362678527832,-6.396550178527832,-6.279462094134942,-5.87337102741003,-5.498171923791233,-6.4121919868957775,-6.560656904195639,-7.60593350790441
336,-2.8407106399536133,-1.3016481399536133,-4.793835639953613,-7.059460639953613,-6.387884095485788,-5.250150486826897,-5.747121201973641,-6.418882726513402,-5.5206458261818625,-7.241095449775457
337,-3.757443428039551,-1.7418185472488403,-5.952755928039551,-8.74181842803955,-7.171566365323088,-6.2949907928705215,-6.976235984850064,-6.413703918402462,-6.710616229822335,-7.760574953630567
338,-4.088298797607422,-1.8304862976074219,-6.353923797607422,-8.767986297607422,-7.3539758907099895,-6.879733711481094,-7.033647774984274,-6.791431188556089,-7.236761927275438,-7.982210443355143
339,-3.365978479385376,-1.412853479385376,-5.373790740966797,-7.787853240966797,-6.631703729348374,-5.71019022166729,-6.123830794487731,-6.553493022809562,-6.014504071150441,-7.562577439472079
340,-2.9408016204833984,-1.3079890012741089,-5.206426620483398,-7.315801620483398,-6.542567232478177,-5.7898736000061035,-5.909624335508852,-6.573639630945763,-5.644044392327487,-7.491106320172548
341,-3.849531650543213,-2.052656650543213,-5.888594150543213,-8.138593673706055,-6.513701433148526,-5.98098811507225,-6.482416269565874,-6.232359766838272,-6.451176639966434,-7.7054942063987255
342,-3.562469959259033,-1.8984074592590332,-5.812469959259033,-7.710907459259033,-6.109435554215452,-6.001780889928341,-6.109400509245461,-6.031231760908668,-6.257867690270359,-7.52779290638864
343,-3.627807140350342,-2.198119640350342,-6.291869640350342,-6.752807140350342,-6.291991345628048,-6.803055763244629,-6.08882319618715,-5.7762655017577345,-6.81543277905439,-7.751983219757676
344,-4.403070449829102,-2.3015079498291016,-6.403070449829102,-8.762445449829102,-7.1219381024784525,-6.844196110963821,-6.895319340728747,-6.629649877404518,-7.2703204135468695,-7.909386837854981
345,-3.9137747287750244,-1.9450247287750244,-6.046586990356445,-8.070024490356445,-6.640431042062119,-6.279772140085697,-6.406023619660118,-6.3747272490290925,-6.804486509354319,-7.884307101368904
346,-3.7306346893310547,-1.8478221893310547,-5.957197189331055,-7.785322189331055,-7.058856601790467,-6.586949296295643,-6.660379884961003,-6.550962448003702,-6.918207523551246,-7.935806944966316
347,-4.046642303466797,-2.554454803466797,-6.296642303466797,-7.273204803466797,-5.945227492877166,-6.246313154697418,-5.077998990091146,-5.8591709132870164,-6.765517107807682,-7.348890056833625
348,-3.585209369659424,-1.7102093696594238,-5.983646869659424,-7.764896869659424,-6.4837744154647226,-6.422504290938377,-6.272781488682085,-6.272731423134246,-6.725928659761848,-7.63731499761343
349,-3.7168996334075928,-1.9903371334075928,-5.787211894989014,-8.271587371826172,-6.841994161884941,-6.018182888627052,-6.54510235482303,-6.28723061067285,-6.670116777917428,-7.766797451302409
350,-3.7218801975250244,-1.8546926975250244,-5.6437554359436035,-8.135942459106445,-6.651701560622314,-6.005796290934086,-6.346957561378076,-6.456272244311549,-6.37826751722605,-7.767798813059926
351,-3.617046356201172,-1.8201713562011719,-6.038921356201172,-8.117046356201172,-6.828111997980159,-6.388837791979313,-6.476498600837658,-6.406130075229157,-6.8749546958788414,-7.779784565791488
352,-4.0592942237854,-2.0905442237854004,-6.1686692237854,-8.090543746948242,-6.989170175918844,-6.363547295331955,-6.551597946090624,-6.465574025663955,-6.950066913195769,-8.132383935153484
353,-3.859928607940674,-2.023991107940674,-6.156803607940674,-7.883366107940674,-6.641354068618966,-6.1812307089567184,-6.485057345693349,-6.25840032042106,-6.94603227188054,-7.896426003426313
354,-3.7582931518554688,-2.2192306518554688,-6.055168151855469,-7.969230651855469,-6.445926418964518,-5.853198319673538,-6.047456974614761,-6.086444735174155,-6.578759420022834,-7.707689091563225
355,-4.321770191192627,-2.149895191192627,-6.392082691192627,-8.415519714355469,-7.228106971786474,-6.557414650917053,-6.821844813421194,-6.704600214805396,-7.228085515751445,-8.080100260674953
356,-3.919238805770874,-1.942676305770874,-5.927051544189453,-8.044239044189453,-6.903721445989504,-6.3024163991212845,-6.489605902148469,-6.5520672796919825,-6.778702731964586,-7.89827891625464
357,-2.4250106811523438,-1.2296981811523438,-4.932823181152344,-6.370323181152344,-5.862676010772702,-5.557818729430437,-5.22977721378993,-5.971908569074003,-5.753245109292038,-7.179128332063556
358,-3.7914509773254395,-1.8930134773254395,-5.8227009773254395,-8.510200500488281,-7.338423724162567,-6.549142353236675,-6.861826417851262,-6.682092666485914,-6.830598946733517,-7.710117576643825
359,-4.45310640335083,-2.24216890335083,-6.53904390335083,-8.999980926513672,-7.382862327140174,-6.491787351667881,-7.078166006220272,-6.8515573739096,-7.2266056518565165,-8.256798803806305
360,-3.5772039890289307,-1.9209539890289307,-5.975641250610352,-7.053766250610352,-6.014914847983164,-5.851716041564941,-5.9210494710860075,-6.663160323914781,-6.311704746898613,-7.933938840404153
361,-4.087765693664551,-2.0877654552459717,-6.111203193664551,-8.35339069366455,-6.861305708400323,-6.54220387339592,-6.650330422213301,-6.52528142916708,-7.03315698789811,-8.008849382400513
362,-4.099121570587158,-1.981933832168579,-6.411621570587158,-8.86474609375,-7.356979488293291,-6.694187447428703,-7.208536385696789,-6.536630034411246,-7.544470428758359,-7.561417851597071
363,-4.176182746887207,-2.113682746887207,-6.379307746887207,-8.402745246887207,-7.551499793335097,-6.777638234198093,-7.098253946125624,-6.832469343469711,-7.277934294950683,-8.415283799171448
364,-2.88541579246521,-1.30729079246521,-5.166666030883789,-7.338541030883789,-6.596546869666781,-5.66437004879117,-5.830806967518583,-6.604187369119245,-5.823082909962977,-7.390542306005955
365,-4.000139236450195,-1.8751393556594849,-6.054826736450195,-8.367326736450195,-7.015865678411501,-6.532167136669159,-6.898636696925678,-6.6954669951228425,-7.078328964998946,-8.045179886743426
366,-4.031942367553711,-1.852254867553711,-6.203817367553711,-8.406942367553711,-7.12619697485934,-6.316458597779274,-6.954282519989647,-6.477671742273742,-6.969945067714434,-7.996385609731078
367,-3.9198665618896484,-1.919866681098938,-6.083929061889648,-8.451116561889648,-6.69338512091781,-6.333164140582085,-6.623042820570845,-6.466754794033477,-6.779311416095879,-7.80976546742022
368,-3.769674777984619,-1.9337373971939087,-5.918112277984619,-7.925924777984619,-6.551086174338707,-6.04721113294363,-6.519752857020649,-6.425944447324582,-6.574488393453066,-7.837462628260255
369,-3.6325087547302246,-1.9996962547302246,-5.796571254730225,-6.741883754730225,-5.937394122578553,-6.039631463587284,-5.7810851239046315,-5.749729632774688,-6.382706145828706,-7.4897550866007805
370,-3.8086109161376953,-1.8242360353469849,-6.074235916137695,-8.058610916137695,-6.79313289039419,-6.374514386057854,-6.754006501563708,-6.27738070468331,-6.722797147725942,-7.7920584958046675
371,-4.018307685852051,-2.07299542427063,-6.221432685852051,-8.18237018585205,-6.8621895226388006,-6.456809431314468,-6.49495613205363,-6.354266285674385,-6.893414730067889,-7.902327097952366
372,-3.4071156978607178,-1.7821156978607178,-6.164928436279297,-7.774303436279297,-6.805640455277171,-6.492815166711807,-6.524355290974199,-6.094628810799804,-6.891562578493904,-7.540536794811487
373,-3.5130152702331543,-1.7473902702331543,-5.723952770233154,-8.473953247070312,-6.786502836879663,-6.134387761354446,-6.497428416478215,-6.145836710889853,-6.395872949531622,-7.336823316290975
374,-3.955425500869751,-1.853863000869751,-5.963237762451172,-8.244487762451172,-6.838368645680021,-6.390083536505699,-6.5961334670719225,-6.408573150372831,-6.861799947597319,-7.90191051363945
375,-3.9106688499450684,-1.7934813499450684,-5.738793849945068,-8.301294326782227,-7.262320991314482,-6.502166666090488,-6.918535827106098,-6.770055293971382,-6.832605240844714,-7.987342311069369
376,-3.9804539680480957,-1.9960789680480957,-5.839828968048096,-8.347640991210938,-7.027437561817351,-6.4314049780368805,-6.675833223023801,-6.605472087696398,-7.00399207562441,-7.987187651917338
377,-3.2612009048461914,-1.4018257856369019,-5.472138404846191,-7.479950904846191,-6.597317560357624,-6.012054607272148,-6.065967914284556,-5.870599269594095,-5.9410204800224165,-6.959450935944915
378,-2.8903732299804688,-1.2028732299804688,-4.866935729980469,-7.429435729980469,-6.640555365185719,-5.50493286550045,-5.89825784900313,-6.577892780112961,-5.640496603984502,-7.298518650233746
379,-3.299346923828125,-1.7134095430374146,-5.666534423828125,-7.564971923828125,-6.401057351613417,-5.822878301143646,-5.908800479664933,-5.955618738889825,-6.135424127351143,-7.4464776031672955
380,-3.685964345932007,-1.6625268459320068,-5.951589107513428,-7.943776607513428,-6.897005671809893,-6.412419207394123,-6.70946049516715,-6.584417104601016,-6.709485408129694,-7.955597452819347
381,-3.702026844024658,-1.7957768440246582,-5.780151844024658,-8.311402320861816,-7.0146086182503495,-6.430749610066414,-6.686455009956262,-6.2957912682450115,-6.834910032637708,-7.61532024666667
382,-4.0913004875183105,-1.9741129875183105,-6.3959879875183105,-8.606925010681152,-6.739800093630038,-6.4749272763729095,-6.7397805443288235,-6.442874550752094,-7.083545921555924,-7.846683952957392
383,-3.0130839347839355,-1.0599589347839355,-4.9427714347839355,-7.8412089347839355,-6.95066654340917,-5.667942404747009,-6.3178055280586705,-6.880285739796818,-5.747526047358406,-7.408296160399914
384,-3.6328396797180176,-1.9062772989273071,-5.726589679718018,-7.851589679718018,-6.890789499389939,-6.30443025380373,-6.500114437112643,-6.3516091106430395,-6.703260535090521,-7.747020894661546
385,-3.4648783206939697,-1.7773783206939697,-5.793003082275391,-7.628940582275391,-6.285282488417579,-6.034653127193451,-6.246173023166193,-6.347703695210839,-6.652447102074802,-7.599531777203083
386,-3.2247862815856934,-1.7247862815856934,-5.381036281585693,-7.138848781585693,-6.474941360851517,-5.84075191617012,-5.826411006899434,-6.568559527126126,-5.8421021617541555,-7.620910070836544
387,-3.863851547241211,-1.746664047241211,-5.738851547241211,-8.356039047241211,-7.074891919568472,-6.506690643727779,-6.6920237530066515,-6.504490256215831,-7.035794494229776,-7.803156360983849
388,-3.800530195236206,-2.027092695236206,-5.706779956817627,-7.863029956817627,-6.707094619836425,-6.0627032816410065,-6.245995748220594,-6.54275143088671,-6.41010163280589,-7.976868633180857
389,-3.7604527473449707,-1.9088902473449707,-5.901077747344971,-8.197952270507812,-6.658951638244616,-6.437125340104103,-6.4479922048412845,-6.354213476123732,-6.6355050788552035,-7.696407210081816
390,-3.812716245651245,-2.031466245651245,-5.929903984069824,-8.008028984069824,-6.72693394414091,-6.176316007971764,-6.601863142284856,-6.375238895165239,-6.625350466332748,-7.90577981621027
391,-3.3309903144836426,-1.9481778144836426,-5.885677814483643,-7.471615314483643,-6.432657474761072,-6.060147866606712,-5.674812433506304,-5.581008553339416,-6.471716756444948,-7.354603506624699
392,-3.6099400520324707,-1.3443150520324707,-4.906815052032471,-8.672439575195312,-6.383540855429601,-2.4004323984263465,-5.953735708149907,-6.789642929912588,-5.992850656468363,-7.289857864379883
393,-3.848475456237793,-1.965662956237793,-6.278162956237793,-8.200037956237793,-6.989201302210859,-6.201932072639465,-6.746980068812263,-6.403178453325381,-6.950090287748026,-8.066653521731496
394,-2.749581813812256,-1.1870818138122559,-4.983956813812256,-7.101144313812256,-6.49198505935783,-5.373431511223316,-5.648100849641196,-6.577732324274621,-5.60127591220953,-7.474871998652816
395,-3.8781652450561523,-1.893790364265442,-5.925040245056152,-8.440665245056152,-6.761110654580989,-6.183023676276207,-6.5032434432941955,-6.34693539122236,-6.753270739711297,-7.759839937090874
396,-4.022197246551514,-1.9596971273422241,-6.155009746551514,-8.209696769714355,-6.87389730461291,-6.40672992169857,-6.694152709584159,-6.662836909186808,-6.912923211719317,-8.144670963287354
397,-3.8280391693115234,-1.8905391693115234,-5.999914169311523,-8.406164169311523,-7.000006671441952,-6.459537148475647,-6.703098056965246,-6.476490974324406,-6.906228897860274,-7.861220790073276
398,-2.64426326751709,-1.9489508867263794,-5.01145076751709,-6.12863826751709,-5.5274040160293225,-4.80965418368578,-4.730399112100713,-6.206816314243042,-5.277346693532309,-7.217498507350683
399,-3.886707305908203,-1.9570198059082031,-5.957019805908203,-8.519519805908203,-7.089930529538833,-6.38782212883234,-6.63677072324208,-6.410159587750968,-6.8477255073376,-7.8493778966367245
400,-3.957864761352539,-2.028177261352539,-6.278177261352539,-8.043802261352539,-7.145502319413936,-6.463912315666676,-6.528284424763115,-6.520392536731379,-7.153318037613644,-8.119992386549711
401,-2.731699228286743,-1.4035742282867432,-5.278573989868164,-7.098886489868164,-6.5130813034193125,-5.651192769408226,-5.708317039854592,-6.372343659208127,-5.88025438090699,-7.509358275681734
402,-3.694556951522827,-1.8898694515228271,-5.733619213104248,-8.163307189941406,-6.897855266768602,-6.087033838033676,-6.421220655065554,-6.335207700391038,-6.475931994224084,-7.774463161826134
403,-3.9217307567596436,-2.0857932567596436,-6.4373555183410645,-7.9686055183410645,-6.812552432704251,-6.511045962572098,-6.320269221905619,-6.179567813565882,-6.92188428650843,-7.882535830140114
404,-4.590658664703369,-2.176596164703369,-6.762533664703369,-8.262533187866211,-7.317368973293924,-6.3772430419921875,-7.13761853811593,-6.535994052625028,-7.2470108218476526,-8.124005412682891
405,-3.9238882064819336,-1.9395132064819336,-5.986388206481934,-8.236388206481934,-6.947419758187607,-6.425262406468391,-6.61144184922523,-6.4551548956424085,-6.877089259120112,-7.7846705224365
406,-3.8626046180725098,-1.9172921180725098,-6.13604211807251,-8.143854141235352,-7.034563895489555,-6.43300099670887,-6.690782068784756,-6.425119280707804,-7.042377229881822,-7.897762401029468
407,-3.609262228012085,-0.40613722801208496,-6.953012466430664,-8.320199966430664,-7.718720671051415,-6.763054311275482,-6.953066943591693,-7.703029513213551,-7.867112755062408,-8.38576907478273
408,-3.751981019973755,-2.041043519973755,-5.837918281555176,-7.611355781555176,-6.595952009520261,-5.844144359230995,-6.384913437301293,-6.322320341698287,-6.4552925650641555,-7.855238802731037
409,-3.9063055515289307,-2.1484930515289307,-6.117242813110352,-7.718805313110352,-6.28146790136816,-5.984064057469368,-6.031394120087498,-6.093830465953943,-6.609560957964277,-7.815206479281187
410,-3.1266591548919678,-1.4469716548919678,-5.782909393310547,-6.931346893310547,-6.564465356757864,-5.874886199831963,-5.837773069113609,-6.853258609098702,-6.376829252127209,-7.958438813686371
411,-3.6519298553466797,-1.9253672361373901,-6.22224235534668,-8.16755485534668,-6.909809706325177,-6.2915651723742485,-6.409782528069627,-6.417563676794998,-6.519172786131094,-7.777390467002988
412,-3.9310593605041504,-1.84512197971344,-5.95449686050415,-8.501372337341309,-7.05614530670573,-6.744731180369854,-6.806107519896614,-6.626387476799209,-6.954559205019905,-7.817062430083752
413,-3.8364593982696533,-2.0864593982696533,-6.234896659851074,-7.844271659851074,-6.750648609682685,-6.004130944609642,-6.289670582853432,-6.289609312694665,-6.781901827926049,-7.993734411895275
414,-3.5233535766601562,-1.7889784574508667,-5.851478576660156,-8.015541076660156,-6.726574773929315,-6.275281220674515,-6.47653055056071,-6.398369312162686,-6.578116771692294,-7.632080439478159
415,-3.188333034515381,-1.1883329153060913,-4.946145534515381,-7.836770534515381,-7.055579898980795,-5.896522466093302,-6.453986525129949,-6.610219836165015,-5.680564640981174,-7.213529410772026
416,-3.9349873065948486,-2.0677998065948486,-5.974050045013428,-7.809987545013428,-6.59145019177231,-5.884245663881302,-6.481997719209176,-6.14596438330409,-6.693012930147233,-7.86187544092536
417,-3.4908242225646973,-1.8033241033554077,-5.920511722564697,-7.537699222564697,-6.491020302622928,-6.133602149784565,-6.240929359628353,-6.162726282707808,-6.490974414991797,-7.667986154556274
418,-3.800899028778076,-1.7383990287780762,-6.043086528778076,-8.129024505615234,-6.939730154786957,-6.476065739989281,-6.720889208401786,-6.533340930747727,-6.650615686434321,-7.880835205316544
419,-3.594860076904297,-2.087047576904297,-5.946422576904297,-6.876110076904297,-6.3293979035370285,-5.6357869654893875,-5.634019608558447,-5.774569391965997,-6.399665229553648,-7.598690677434206
420,-3.3136677742004395,-1.2511677742004395,-5.1886677742004395,-7.5949177742004395,-7.071657165142824,-5.579490467905998,-6.079431643374846,-6.1886920925990125,-5.6028745070361765,-7.014429807662964
421,-3.055974006652832,-1.2590991258621216,-4.907536506652832,-7.548161506652832,-6.6186236031207955,-5.477542482316494,-6.0091770856888616,-6.235685586640102,-5.899856201023795,-7.153401395305991
422,-2.9777772426605225,-1.4074647426605225,-6.001214981079102,-7.055902481079102,-6.5559667328197975,-6.026875771582127,-6.196572541175556,-6.4934198854844,-6.868432998191565,-7.778220027685165
423,-1.8720061779022217,-2.7782561779022217,-5.989193916320801,-8.8954439163208,-7.348920879419893,-5.399745777249336,-6.645629627149901,-7.215813277536654,-6.59874413862417,-8.14004885777831
424,-3.8175907135009766,-2.0363407135009766,-6.051965713500977,-8.262903213500977,-6.684887641640671,-6.231907911598682,-6.450464842804649,-6.301982521868922,-6.723934407615161,-7.789229670539498
425,-2.8842387199401855,-1.1108012199401855,-4.7748637199401855,-7.5951762199401855,-6.774981015005324,-5.5124556645751,-6.02491152172297,-6.712383150865207,-5.6265203908478725,-7.38281383831054
426,-2.395693302154541,-1.559755802154541,-4.544130802154541,-6.489443302154541,-5.630314439040376,-4.8222780376672745,-4.950514903612202,-6.176990507919982,-4.997434600096312,-7.235388593748212
427,-3.0831308364868164,-1.1534433364868164,-4.989380836486816,-7.645630836486816,-6.825435750746692,-5.763137601315975,-6.208180664729298,-6.575337767411838,-5.762901183508802,-7.262364591471851
428,-2.7397961616516113,-1.2319837808609009,-4.528858661651611,-7.286671161651611,-6.24777041557536,-5.029827706515789,-5.755504247077624,-6.435129165438411,-5.29461645198171,-7.182699121534824
429,-4.209076404571533,-2.115326404571533,-5.748138904571533,-8.420013427734375,-6.537308448787371,-6.079366460442543,-6.388825176269165,-6.255967855318886,-6.6857314067019615,-7.697194462642074
430,-2.788703441619873,-1.3121408224105835,-5.851203441619873,-6.484015941619873,-6.202988242235733,-5.602611653506756,-5.40596067662409,-6.437170266675821,-6.2966285880538635,-7.699476033449173
431,-3.6585750579833984,-2.3304500579833984,-5.783575057983398,-8.041387557983398,-6.299334874594933,-5.715129092335701,-5.924276229816314,-6.080473661144424,-6.46340261909063,-7.651050791144371
432,-3.842461347579956,-2.045586347579956,-6.014336109161377,-8.170586585998535,-6.5144493515763315,-6.282205179333687,-6.326912757795071,-6.311230301673277,-6.61599957432918,-7.9437326323240995
433,-4.019393444061279,-2.0428309440612793,-6.370955944061279,-8.097518920898438,-6.8554879303701455,-6.507325634360313,-6.511674638175464,-6.081913471021835,-6.964806313248118,-7.747783295810223
434,-3.782707452774048,-2.024894952774048,-5.853020191192627,-8.243644714355469,-6.80623983888654,-6.185432717204094,-6.4468389725880115,-6.423348784317568,-6.649974581428978,-7.840762414038181
435,-2.678698778152466,-1.3583862781524658,-5.045886039733887,-7.108386039733887,-6.171082358167041,-5.446438752114773,-5.460021850762132,-6.225600957493953,-5.436632625816856,-7.2989064157009125
436,-4.019940376281738,-2.371502637863159,-6.277752876281738,-8.059002876281738,-6.457726676017046,-6.265271469950676,-6.2935261616366915,-6.449656605307609,-6.77795884871739,-8.244300905615091
437,-3.979658603668213,-2.174971103668213,-6.026533603668213,-8.057784080505371,-6.44073771427793,-5.867822557687759,-6.386005516127625,-6.417181014763628,-6.6672867454472,-8.046305924654007
438,-4.437804698944092,-2.601867198944092,-6.375304698944092,-8.74639892578125,-6.336350435121858,-6.130580842494965,-6.578490136227629,-6.8518825768242095,-6.836334820269258,-8.25935741327703
439,-2.9761910438537598,-1.5621285438537598,-5.11681604385376,-7.06994104385376,-6.101648702780949,-5.254701718688011,-5.50763271402684,-6.0856209978264815,-5.656252790970029,-7.3254810236394405
440,-2.8493447303771973,-1.5055948495864868,-5.169657230377197,-6.739969730377197,-6.326182923454326,-5.61484132707119,-5.607279531628592,-6.044686317020023,-5.716707214305643,-7.281495895236731
441,-4.042348384857178,-2.0345358848571777,-5.948598384857178,-7.862660884857178,-6.745645746632363,-6.148932591080666,-6.3080917526749545,-6.159562945000289,-6.737816083303187,-7.700455494225025
442,-3.6914405822753906,-1.9648780822753906,-5.894565582275391,-7.996128082275391,-6.7306485070294,-6.223748408257961,-6.457149502093671,-6.433649301303376,-6.652493351015437,-7.829317349940538
443,-2.7678260803222656,-1.7522010803222656,-5.283451080322266,-6.666263580322266,-6.127465332392603,-5.153203964233398,-5.299211016128538,-5.74442744179396,-5.682068689333391,-7.176828248426318
444,-3.710151433944702,-1.8195264339447021,-6.116401672363281,-8.217964172363281,-7.4681093587423675,-6.481703005731106,-6.905547376984032,-6.710173129804389,-7.038386219697713,-8.17438699118793
445,-3.51519775390625,-1.81207275390625,-5.72613525390625,-8.14801025390625,-6.991838094545528,-6.088882431387901,-6.483995317281369,-6.444898486050079,-6.484013197667082,-7.78730802051723
446,-3.9445295333862305,-1.8820295333862305,-6.1945295333862305,-8.24140453338623,-7.00712167792517,-6.524847485125065,-6.632091281891917,-6.3898589609616465,-6.7961757148077595,-7.825144212692976
447,-3.820150375366211,-1.9529627561569214,-5.820150375366211,-7.585775375366211,-6.50788709698827,-5.926704153418541,-5.937512978474842,-6.07800149843024,-6.460985042518587,-7.84747464209795
448,-2.3706014156341553,-1.1752889156341553,-5.222164154052734,-6.823726654052734,-6.448892698812415,-5.265111692249775,-5.51910936585773,-6.5737537141958455,-5.566020244696119,-7.8528162986040115
449,-3.920219898223877,-1.904594898223877,-6.021782398223877,-8.006157875061035,-6.896903984306846,-6.554178953170776,-6.529667017246538,-6.26398956756384,-6.826568956239498,-7.816906914114952
450,-2.4238121509552,-1.2363121509552002,-4.955061912536621,-6.603499412536621,-6.283383469330147,-5.521431125700474,-5.3770066475408385,-6.2753975388714025,-5.6114313531143125,-7.199790060520172
451,-3.218597888946533,-1.5389105081558228,-5.562347888946533,-7.945160388946533,-7.078220694354968,-6.29255485534668,-6.3124842550751055,-5.445208190729318,-6.757835134500056,-7.090291002765298
452,-3.682981014251709,-1.9876683950424194,-5.807981014251709,-8.11266803741455,-6.8862250972379115,-6.1603638380765915,-6.542430517285538,-6.315812110728075,-6.6205716092081275,-7.733258981257677
453,-2.500278949737549,-1.3205915689468384,-4.922153949737549,-6.992466449737549,-6.359889837098308,-5.280579436570406,-5.742589346962632,-5.789373874140438,-5.867648584942799,-7.2261295709759
454,-3.284428358078003,-1.971928358078003,-5.456303596496582,-7.737553596496582,-6.331417673281976,-5.46510374546051,-5.815775508955994,-5.89382398107773,-5.823608033970231,-7.551876192912459
455,-2.550229072570801,-1.2377290725708008,-4.964291572570801,-6.979916572570801,-6.339541404042393,-5.121077444404364,-5.43314825919515,-6.308072447300219,-5.66759405945777,-7.340162442997098
456,-2.8448498249053955,-1.1964123249053955,-4.844849586486816,-7.282349586486816,-6.493407003843458,-5.531177647411823,-5.790220854938525,-6.344869613447372,-5.462124463076179,-7.080221617594361
457,-3.776897430419922,-1.8315849304199219,-6.011272430419922,-8.245647430419922,-6.902005070616724,-6.270878307521343,-6.691019652491377,-6.4956636427523335,-6.855112429380824,-7.992142464965582
458,-3.704692840576172,-1.9625053405761719,-5.892192840576172,-8.118755340576172,-6.696974273087108,-6.110295429825783,-6.368826029189222,-6.204709291323525,-6.532911296293605,-7.640892308205366
459,-3.627927303314209,-1.823239803314209,-5.784177303314209,-8.112302780151367,-6.807688829539984,-6.188232988119125,-6.463918326851854,-6.292002558627246,-6.409244058289914,-7.774676503613591
460,-3.9908297061920166,-2.0767672061920166,-5.920517444610596,-8.272079467773438,-7.115947239675734,-6.356812305748463,-6.608088133223646,-6.670535921879491,-6.842483277963765,-8.004466461017728
461,-3.1555213928222656,-1.3430215120315552,-5.350833892822266,-7.436771392822266,-6.72599660026026,-6.009910315275192,-6.0930771812127205,-6.2961649892986316,-5.827492470896686,-7.272402139380574
462,-2.9886395931243896,-1.2777020931243896,-5.113639831542969,-7.558952331542969,-6.98885904616327,-5.85433654114604,-6.2153367974897265,-6.62935340385593,-5.848191970711923,-7.356994329020381
463,-2.920454978942871,-1.3579548597335815,-5.287642478942871,-7.404829978942871,-6.506530394573929,-5.687655992805958,-5.82676648904453,-6.232976317178327,-5.60023307389929,-7.358087781816721
464,-2.807447910308838,-1.127760410308838,-4.932447910308838,-7.159010410308838,-6.784176812638179,-5.595588073134422,-6.026260612430633,-6.5887196061648865,-5.58101569757855,-7.357096018269658
465,-3.740757942199707,-2.045445442199707,-5.881382942199707,-7.795445442199707,-6.537780869984999,-5.942942425608635,-6.1080697697616415,-6.100162028842533,-6.420596707350342,-7.717007044702768
466,-2.9374585151672363,-1.2187085151672363,-5.124958515167236,-7.515583515167236,-6.81262634776067,-5.6156706511974335,-6.13286256371066,-6.2577936646757735,-5.8985191507817945,-7.1977262031286955
467,-4.077558517456055,-1.9994332790374756,-6.171308517456055,-8.874433517456055,-7.054181216335564,-6.393549218773842,-6.811993120325496,-6.460382342273988,-7.0541768058465095,-7.840423496440053
468,-3.7792272567749023,-1.9511021375656128,-5.755789756774902,-8.255789756774902,-6.935564037368749,-6.053640313446522,-6.7245925650968275,-6.490175247137813,-6.498050448601134,-7.88761824183166
469,-3.893287181854248,-1.901099681854248,-6.166724681854248,-8.487037658691406,-6.9558515527969575,-6.574260890483856,-6.713642238664761,-6.479235887464711,-6.971465586189879,-7.8517579436302185
470,-3.785626173019409,-1.8246886730194092,-5.94187593460083,-8.293438911437988,-7.231015679237316,-6.715325698256493,-6.855984090718266,-6.543450355458845,-6.94192612045299,-7.767730291932821
471,-3.3644609451293945,-2.0128984451293945,-5.4503984451293945,-7.9347734451293945,-6.4271315190708265,-5.451954632997513,-5.9270551160370815,-5.911360263527968,-6.161484826443484,-7.542721528559923
472,-3.6804893016815186,-2.0086143016815186,-5.946114540100098,-8.000802040100098,-6.672818531515077,-6.0908128172159195,-6.274330969448783,-6.1570742127823905,-6.68841671285918,-7.709680086001754
473,-3.9276835918426514,-1.9979960918426514,-6.193308353424072,-8.33393383026123,-6.7402976685989415,-6.484553039073944,-6.5683784460270545,-6.349574327341543,-6.943387266859645,-7.830143231898546
474,-3.452294111251831,-1.975731611251831,-5.749168872833252,-7.585106372833252,-6.3195627894601785,-6.235148206353188,-5.967968581870082,-5.960118174482886,-6.35079252532887,-7.369301978498697
475,-3.7658283710479736,-1.8361408710479736,-5.8439531326293945,-8.375203132629395,-6.859659668458335,-6.28413899242878,-6.609623311927862,-6.437716245564843,-6.648701546720986,-7.733226645737886
476,-3.9441840648651123,-1.9519965648651123,-6.162933826446533,-8.201996803283691,-6.8036750487517565,-6.652732163667679,-6.358301638028934,-6.389510154628624,-6.944269534251362,-7.818794336169958
477,-3.444549083709717,-1.8195489645004272,-5.710174083709717,-7.624236583709717,-6.366640186795848,-5.859345182776451,-6.147779339975386,-6.0773895974998595,-6.382190098360297,-7.704914566129446
478,-3.6908342838287354,-1.9252092838287354,-5.729896545410156,-8.401771545410156,-6.972182507437537,-6.210793919861317,-6.589325545759493,-6.52678608883798,-6.659662005244172,-7.8625082559883595
479,-3.824497699737549,-2.027622699737549,-5.863560199737549,-8.51980972290039,-7.113618252977176,-6.30074106156826,-6.81673109426265,-6.441697001387183,-6.879249332276231,-7.9564046282321215
480,-2.768723964691162,-1.2140365839004517,-4.846848964691162,-7.292161464691162,-7.065727464054362,-5.596157556399703,-6.260951875825413,-6.932803511474049,-5.768808957305737,-7.559784142300487
481,-3.3703060150146484,-1.8156185150146484,-5.596868515014648,-8.026556015014648,-6.651642080418242,-5.934513956308365,-6.378169773695845,-6.253133058442472,-6.2844431372432155,-7.549240266904235
482,-3.5947699546813965,-1.8603949546813965,-5.8916449546813965,-8.110395431518555,-6.829221484120353,-6.202073656022549,-6.477631210091204,-6.329157233162732,-6.508896229614038,-7.7640234138816595
483,-3.6623260974884033,-2.0295135974884033,-5.865450859069824,-8.076388359069824,-6.71711420504289,-5.917770653963089,-6.459268567654362,-6.185778140912589,-6.326479669216496,-7.656839827075601
484,-3.913125991821289,-1.975625991821289,-6.045938491821289,-8.163125991821289,-7.053858870407566,-6.609826847910881,-6.811623094690731,-6.608453035249113,-6.936653133190703,-7.923471385613084
485,-2.9659676551818848,-1.1456551551818848,-5.208155155181885,-7.622217655181885,-6.872333639097633,-5.6052465736866,-6.216028330869449,-6.40348601324331,-5.755105373413244,-7.277988548390567
486,-3.4169564247131348,-1.8466439247131348,-5.674768924713135,-7.838831424713135,-6.581123108204338,-5.81292811781168,-6.26858281884779,-6.25291073308108,-6.385813111337484,-7.678758015856147
487,-3.7051262855529785,-1.752001166343689,-5.8223137855529785,-8.14262580871582,-7.017746322104358,-6.381177701056004,-6.697376726078801,-6.392642974713453,-6.611466403715895,-7.8979240991175175
488,-3.825563907623291,-1.942751407623291,-5.872438907623291,-8.083375930786133,-6.8569573061104165,-6.288416489958763,-6.5912646026554285,-6.3568334577557835,-6.583476896004868,-7.7146158423274755
489,-2.6981406211853027,-1.1668905019760132,-4.948140621185303,-7.291890621185303,-6.5732822317950195,-5.507499303668737,-5.784122466058761,-6.440345167968189,-5.471669908125477,-7.268689064309001
490,-2.8670077323913574,-1.3201327323913574,-5.281070232391357,-7.109195232391357,-6.8125182194198715,-5.831088997423649,-5.757695076907112,-6.499839544108909,-5.710877768942737,-7.307320281863213
491,-3.430849552154541,-1.7902244329452515,-5.883974552154541,-7.899599552154541,-6.51690136732941,-6.001586854457855,-6.102777122068801,-6.32929646964385,-6.3840237843796785,-7.721213284879923
492,-3.534665107727051,-1.5424776077270508,-5.604977607727051,-7.878415107727051,-6.7614080743078375,-6.010111514478922,-6.245669958705548,-6.690935849928792,-6.284783952323778,-7.6679820362478495
493,-2.4508142471313477,-1.310189127922058,-5.091439247131348,-6.700814247131348,-6.255736800216255,-5.118437319993973,-5.411866062306217,-5.81021642648011,-5.521281111243297,-7.121278639882803
494,-3.3620173931121826,-1.8854548931121826,-5.963580131530762,-7.330767631530762,-6.819681970519014,-6.109732910990715,-6.132091270919773,-6.1944651597805205,-6.389962887507863,-7.953354265540838
495,-3.6899843215942383,-2.0415468215942383,-5.994671821594238,-8.166546821594238,-6.6431887118305895,-6.2292759120464325,-6.471289633176639,-6.244685530568859,-6.463507171800302,-7.78325617685914
496,-4.401004314422607,-2.2838168144226074,-6.604129314422607,-8.37756633758545,-7.01050423795823,-6.628029376268387,-6.96357667184202,-6.471331357850431,-7.15110182287026,-8.19345804862678
497,-2.9405064582824707,-1.2920689582824707,-5.276443958282471,-7.088943958282471,-6.456246369438304,-5.687931846827269,-5.760883806033235,-5.971774220308362,-5.565590974096267,-7.135193773545325
498,-3.6931684017181396,-1.8337934017181396,-5.9197306632995605,-7.9353556632995605,-6.630768651681137,-6.40750327706337,-6.310416696593165,-6.3728715180095605,-6.536994096735725,-7.696761671453714
499,-3.0451316833496094,-1.3341940641403198,-5.193569183349609,-7.576381683349609,-6.7484489494527224,-5.52638428658247,-5.881168241365231,-6.099839567930758,-5.834339250533958,-7.292317129671574
500,-3.4924657344818115,-1.5237157344818115,-6.328402996063232,-7.961215496063232,-7.3284543739464425,-6.6378136202692986,-6.539373635696393,-6.84403574463704,-6.8518639800167875,-7.982333205640316
501,-2.589651107788086,-1.238088607788086,-4.980276107788086,-6.988088607788086,-6.550708048365777,-5.356244370341301,-5.753754018922336,-6.324042200913027,-5.425667163624894,-7.239396287128329
502,-3.5603792667388916,-1.8963167667388916,-6.0291290283203125,-8.208816528320312,-6.802682393034047,-5.977643705904484,-6.505754707250162,-6.349459409553674,-6.662031765677966,-7.915677161887288
503,-3.705878734588623,-1.9246288537979126,-6.112128734588623,-7.823066234588623,-6.518491738606826,-5.877712368965149,-6.1590731119868,-6.205898523134238,-6.393475051052519,-7.870305817574263
504,-3.873725175857544,-1.889350175857544,-5.795599937438965,-8.069037437438965,-6.897315490452456,-6.208017893135548,-6.553508038719883,-6.459691047259184,-6.67072867519164,-7.898494899272919
505,-2.761881113052368,-1.0900061130523682,-5.043130874633789,-7.511880874633789,-6.762008658828563,-5.499356791377068,-6.0275670271294075,-6.402527928108611,-5.636973495958955,-7.37094759568572
506,-3.7382752895355225,-2.0664002895355225,-5.761712551116943,-7.941400051116943,-6.464953773422167,-5.954612001776695,-6.121174450912804,-6.214856743628843,-6.3243369978736155,-7.719202360138297
507,-3.497302770614624,-1.669177770614624,-5.551990509033203,-8.841053009033203,-6.833268761236468,-5.854758940637112,-6.450452923463672,-6.739497065522755,-6.20827281423044,-7.6848343927413225
508,-3.9642975330352783,-1.9096100330352783,-5.995547294616699,-8.4174222946167,-7.448790781629214,-6.535352751612663,-7.026872274451307,-6.706502914265002,-7.026884909602813,-8.084607806056738
509,-3.739929676055908,-1.8727420568466187,-6.153992176055908,-8.27899169921875,-6.872813222267723,-6.2929006814956665,-6.825910924908385,-6.489942073745624,-6.810307023806672,-7.943685146048665
510,-3.407358169555664,-1.9542332887649536,-5.805795669555664,-7.469858169555664,-6.298149571885006,-5.721619836986065,-5.915260549321829,-6.102694034303568,-6.087175360851688,-7.742484237998724
511,-3.6375887393951416,-2.0204012393951416,-6.2625885009765625,-7.8329010009765625,-6.661146991085843,-6.34075702726841,-6.215777395111218,-6.1844804285519785,-6.8017383775659255,-7.780814690515399
512,-2.9202792644500732,-1.1859042644500732,-5.014029502868652,-7.295279502868652,-6.725193713238696,-5.378069344907999,-5.9359967666023294,-6.490622877598071,-5.764192448696122,-7.492712933570147
513,-3.6143107414245605,-2.0205607414245605,-5.9111857414245605,-8.059622764587402,-6.559707161242841,-6.039258599281311,-6.3253002153251146,-6.340887308021593,-6.544068214832805,-7.773028239607811
514,-3.5107250213623047,-1.9560376405715942,-6.432600021362305,-7.096662521362305,-6.5187146506796125,-5.939812868833542,-5.901468150790606,-5.8545066113256325,-6.487471206011833,-7.934809390455484
515,-2.6267247200012207,-1.3689122200012207,-5.095474720001221,-6.962662220001221,-6.048779948207084,-5.321327969431877,-5.126804706233088,-6.173629998702381,-5.415913812248618,-7.3533415868878365
516,-3.839001178741455,-1.753063678741455,-5.674938678741455,-8.635876655578613,-7.057816264896246,-6.283867821097374,-6.706223725657765,-6.417136430687606,-6.581243275104498,-7.520132075995207
517,-4.047627925872803,-1.9226278066635132,-6.242940425872803,-8.555439949035645,-7.492980360188085,-6.827971383929253,-6.985165237685578,-6.649199485737881,-7.313287972789112,-8.045006588101387
518,-3.684814691543579,-1.911377191543579,-5.661376953125,-8.380126953125,-6.864605302238488,-5.985139675438404,-6.645819542507525,-6.5051429270424705,-6.4974065976639395,-7.796758238226175
519,-2.728280544281006,-1.5017180442810059,-5.556405544281006,-6.814218044281006,-6.298742521554232,-5.377728134393692,-5.6502314777171705,-6.665802478550177,-6.384599802477169,-7.620669644325972
520,-2.4653971195220947,-1.1528971195220947,-4.723209381103516,-6.941959381103516,-6.442156057091779,-5.122148986905813,-5.621758812361804,-6.40292954391407,-5.403061257209629,-7.348000438883901
521,-3.7804067134857178,-1.9132192134857178,-6.038218975067139,-8.358531951904297,-6.827337025053566,-6.541498690843582,-6.569508194155787,-6.421042680677601,-6.835144041713647,-7.771066749468446
522,-3.7432847023010254,-1.9932847023010254,-6.133909702301025,-8.407346725463867,-6.938671943731606,-6.248216524720192,-6.52458202726848,-6.297983050287257,-6.758967874742666,-7.4410631619393826
523,-3.632267951965332,-1.8041430711746216,-5.749455451965332,-8.358830451965332,-7.038627260910289,-6.165680095553398,-6.741714832583966,-6.421350121305295,-6.6948579509262345,-7.811608189716935
524,-3.7262375354766846,-1.8824875354766846,-6.1715497970581055,-8.015299797058105,-6.609151835000375,-6.310588032007217,-6.445041655017121,-6.390317201463404,-6.632546303913841,-7.86118501983583
525,-3.647190570831299,-1.8737529516220093,-5.897190570831299,-7.975315570831299,-6.6707229569219635,-6.4567688181996346,-6.412872670451179,-6.459707498406715,-6.772271272260696,-7.839038221165538
526,-2.944190740585327,-1.3582532405853271,-5.803565979003906,-6.897315979003906,-6.522388574827346,-5.900230914354324,-5.928615330431057,-6.709828853524414,-6.2957841153220215,-7.584235887974501
527,-2.8345093727111816,-1.0923218727111816,-4.717321872711182,-7.592321872711182,-6.811230527688167,-5.436715297400951,-6.022081014925789,-6.607969164599126,-5.553390494329506,-7.3074058927595615
528,-3.849144458770752,-1.817894458770752,-5.919456958770752,-8.02101993560791,-6.9665500879782485,-6.227441683411598,-6.560231078474317,-6.44292211494394,-6.638356912808376,-7.946815751492977
529,-3.6509323120117188,-1.8228074312210083,-5.885307312011719,-8.049369812011719,-6.56510471693764,-5.971166417002678,-6.369745371739555,-6.190013408488085,-6.533833618988865,-7.655456295236945
530,-3.684192419052124,-1.848254919052124,-5.746692657470703,-8.168567657470703,-6.754668580048019,-6.018801435828209,-6.442098851584888,-6.426406502376267,-6.582760921504814,-7.798795398324728
531,-2.712740898132324,-1.3143033981323242,-4.947115898132324,-6.876803398132324,-6.3770338031463325,-5.4575270637869835,-5.60343384512089,-6.337763666846513,-5.54882441884547,-7.134130995720625
532,-3.4202077388763428,-1.8030202388763428,-5.779582977294922,-8.248332977294922,-6.810953371430514,-6.042145520448685,-6.342143414578459,-6.342100620113342,-6.631242032155569,-7.608840361237526
533,-3.7237515449523926,-1.9503140449523926,-5.786251544952393,-8.551876068115234,-7.145693419130112,-6.081740543246269,-6.770670413010521,-6.559700965810407,-6.583187697448011,-7.901942374184728
534,-2.7029709815979004,-1.1717208623886108,-4.9451584815979,-7.2029709815979,-6.4375890197989065,-5.311101723462343,-5.624937649343337,-6.335816859642364,-5.593760953648598,-7.208575861528516
535,-3.668577194213867,-1.8170146942138672,-5.871702194213867,-8.277952194213867,-6.988970157246513,-6.336802281439304,-6.637368439776765,-6.395152568734375,-6.699895022000419,-7.720942696556449
536,-2.90970778465271,-1.13627028465271,-4.964395523071289,-7.589395523071289,-6.917639248473279,-5.76105759292841,-6.3003734342055395,-6.597221970460851,-5.7613513437026995,-7.3383420798927546
537,-3.6463818550109863,-1.9823193550109863,-5.841694355010986,-7.841694355010986,-6.326196185647859,-5.785108298063278,-6.193325994005136,-5.974527478005257,-6.443376533978153,-7.792889567092061
538,-3.802253246307373,-2.091315746307373,-6.341315746307373,-7.349128246307373,-6.458645810460439,-6.196642696857452,-6.200775142926432,-5.6382157799453125,-6.544543618634634,-7.371084677055478
539,-3.269939661026001,-1.887127161026001,-5.90275239944458,-7.37150239944458,-6.87159943109873,-6.305776223540306,-5.8715589030507545,-5.660581230984462,-6.684089060843689,-7.266109531745315
540,-3.639057159423828,-1.9359321594238281,-5.693744659423828,-7.678119659423828,-6.545449961951817,-5.993614986538887,-6.389124868008366,-6.303138494313316,-6.4047951634420315,-7.822074742987752
541,-2.7136435508728027,-2.6980185508728027,-5.651143550872803,-4.643331050872803,-5.221815163968131,-5.14805094152689,-3.9092043330019806,-5.088721987507597,-5.8389076837629545,-7.376995455473661
542,-4.285053730010986,-2.1366162300109863,-6.620991230010986,-9.488178253173828,-7.7460241312328435,-6.989499539136887,-7.433522223946056,-7.136623620959654,-7.519449949038972,-8.082305184565485
543,-2.6570181846618652,-1.3210805654525757,-4.907018184661865,-7.352330684661865,-6.62592648206919,-5.529408521950245,-5.8367587313878175,-6.4304758308280725,-5.539944165466295,-7.204021293669939
544,-3.652533769607544,-1.738471269607544,-5.957221031188965,-8.090033531188965,-6.746440517497831,-6.405161365866661,-6.496365543818683,-6.191616296562643,-6.613580936114886,-7.596257112920284
545,-2.829025983810425,-1.5634009838104248,-5.336838245391846,-7.571213245391846,-6.907230374024948,-6.124934956431389,-6.211878894933761,-6.102473497337996,-6.305650947513641,-7.277820223942399
546,-3.571711778640747,-1.837336778640747,-5.970149040222168,-8.040461540222168,-6.665543314447859,-6.337506882846355,-6.485818146687961,-6.431100368404259,-6.493661281652749,-7.846663448959589
547,-3.0144615173339844,-1.8113363981246948,-5.951961517333984,-7.006649017333984,-6.061527234007372,-5.851581037044525,-5.600527993461583,-5.858243941736873,-6.217749463161454,-7.712035957723856
548,-3.7692818641662598,-2.1364693641662598,-5.69115686416626,-8.175531387329102,-6.5740673494001385,-5.603997312486172,-6.324033019904164,-6.34742057314088,-5.949064131062187,-7.558958426117897
549,-3.6833248138427734,-1.8786373138427734,-5.855199813842773,-8.261449813842773,-6.8865172840232844,-6.523165963590145,-6.433366059405671,-6.5192732810373855,-6.597440241366712,-7.630664389580488
550,-2.4572575092315674,-1.2619450092315674,-5.113507270812988,-6.918194770812988,-6.488670812585042,-5.531650483608246,-5.621380208096525,-6.488530635560892,-5.519852991288644,-7.506323540583253
551,-3.2301409244537354,-2.0270159244537354,-5.894203186035156,-7.870765686035156,-6.75369035568292,-5.802149727940559,-6.159898159443401,-6.089536428236897,-6.386500590961077,-7.665338760241866
552,-3.393557071685791,-1.9560569524765015,-5.784182071685791,-7.518557071685791,-6.315652942110319,-5.7197040393948555,-6.159301393068745,-6.112337708003906,-6.3703216110152425,-7.760365016758442
553,-3.508443832397461,-1.875631332397461,-5.875631332397461,-8.281881332397461,-6.883519885035639,-6.197817653417587,-6.571002362445142,-6.305332302956231,-6.617885110565112,-7.811306549236178
554,-3.343522071838379,-1.8747721910476685,-6.054459571838379,-7.445084571838379,-6.640603997759172,-6.189976818859577,-6.226448648623773,-6.109173774362716,-6.437414040017757,-7.822507314383984
555,-3.5009922981262207,-1.6572421789169312,-5.907242298126221,-7.368179798126221,-7.079262126921094,-6.658073976635933,-6.180770750681404,-5.633833646357743,-6.930815329906181,-7.766266105696559
556,-3.8141961097717285,-1.8923211097717285,-5.7751336097717285,-7.9548211097717285,-6.642414923080651,-6.289502501487732,-6.4158210734894965,-6.314213037347145,-6.564271208801074,-7.700195929035544
557,-2.9193942546844482,-1.1850192546844482,-4.942831993103027,-7.770956993103027,-6.755428547963675,-5.7364442348480225,-6.130377291607147,-6.4194105862279685,-5.677279588926467,-7.104698562994599
558,-2.6383438110351562,-1.2164688110351562,-4.755531311035156,-7.091468811035156,-6.701023085741326,-5.510546389967203,-5.857153652308625,-6.755555629433729,-5.505669584250427,-7.293342249467969
559,-3.5548558235168457,-1.7501684427261353,-5.859543323516846,-7.476730823516846,-6.90650593850296,-6.681353911757469,-6.656468509369006,-5.765806317244824,-6.797109601684497,-7.2982099037617445
560,-2.7321910858154297,-1.1540659666061401,-4.78687858581543,-7.30250358581543,-6.740300134551944,-5.553348425775766,-6.09165000563371,-6.763473152601364,-5.755806668632431,-7.34275034442544
561,-4.2494378089904785,-1.8666253089904785,-6.2650628089904785,-9.31193733215332,-7.202623246274015,-6.81105837225914,-7.077602743305761,-6.710386395392561,-7.1635473955502675,-8.371889458969235
562,-3.6763155460357666,-1.8169405460357666,-5.9185028076171875,-8.246627807617188,-6.645149585034233,-6.200447842478752,-6.582618235141126,-6.301330089459952,-6.56701743305166,-7.613542886450887
563,-3.8243329524993896,-1.7540204524993896,-5.761833190917969,-8.605583190917969,-6.933765528941876,-6.212585747241974,-6.597809433187649,-6.504030108407278,-6.535324333661265,-7.701580552384257
564,-3.694182872772217,-1.8348079919815063,-6.076995372772217,-8.272308349609375,-7.03806685503514,-6.365183502435684,-6.608310935735062,-6.327016472594551,-6.858342762017855,-7.719860982149839
565,-2.9221878051757812,-1.2034378051757812,-5.070625305175781,-7.617500305175781,-6.727056248506415,-5.8176642172038555,-6.19568407362749,-6.508145570549459,-5.766045445372583,-7.117053487338126
566,-2.657561779022217,-1.2200617790222168,-4.868499279022217,-6.993499279022217,-6.126493556672358,-5.343203328549862,-5.727959748430294,-5.962280272957287,-5.548325767391361,-6.9351653177291155
567,-3.270007610321045,-1.793445110321045,-5.715320110321045,-7.816882610321045,-6.371698490489507,-6.009105876088142,-6.0591582021079375,-6.11377882934903,-6.309198490489507,-7.634181059896946
568,-2.585003137588501,-1.288128137588501,-4.811565399169922,-6.983440399169922,-5.944596147557604,-5.190462023019791,-5.452277298965782,-6.366281747401445,-5.2492267955240095,-7.086013376712799
569,-3.6896369457244873,-1.7755744457244873,-5.884949684143066,-8.158387184143066,-6.775644061541243,-6.487191744148731,-6.494370221054851,-6.252151131532628,-6.502196548608481,-7.600752463564277
570,-3.4752631187438965,-1.7565131187438965,-5.6002631187438965,-8.686201095581055,-7.053440569456143,-6.179064393043518,-6.764358400760102,-6.373709678608975,-6.6081091159940115,-7.419486929662526
571,-3.692434787750244,-1.7783721685409546,-6.004934787750244,-8.036184310913086,-6.755534882133361,-6.312063276767731,-6.65392780140246,-6.161700486985865,-6.739890572003787,-7.71848151832819
572,-3.2213382720947266,-1.666650652885437,-5.721338272094727,-7.627588272094727,-6.635576471147942,-6.114576332271099,-6.127673383904039,-6.322923183190142,-6.408974280639086,-7.606043975800276
573,-2.969940185546875,-1.235565185546875,-4.766815185546875,-7.477752685546875,-6.610668773057114,-5.689284842461348,-6.165292739067809,-6.594954490559758,-5.509088393351703,-7.212030346505344
574,-2.692686080932617,-1.2317484617233276,-5.091123580932617,-6.903623580932617,-6.349171253212262,-5.454331614077091,-5.731846327769745,-5.80208635298186,-5.575647343066521,-6.88329397328198
575,-3.754575729370117,-1.8561381101608276,-5.848325729370117,-8.332700729370117,-6.715632669947809,-6.213361874222755,-6.254648205991543,-6.262412428563039,-6.629676813739934,-7.638152055442333
576,-4.178980827331543,-2.077418327331543,-6.030543327331543,-8.374293327331543,-7.038466924219392,-6.356586039066315,-6.905613181537774,-6.678997278078896,-6.913440819946118,-8.090296484529972
577,-3.747642755508423,-1.8101427555084229,-5.950767517089844,-8.224205017089844,-6.919629686737608,-6.488473355770111,-6.669569490990398,-6.357032179725138,-6.841477867295907,-7.763587335124612
578,-3.7007546424865723,-1.8335672616958618,-5.763254642486572,-8.21638011932373,-6.95866369734722,-6.148628696799278,-6.70862448051048,-6.458580732252813,-6.552395817525394,-7.83477396517992
579,-3.5246238708496094,-1.8605613708496094,-5.587123870849609,-7.821498870849609,-6.485720025826595,-5.796288676559925,-6.157518621876079,-6.157459735597513,-6.251330961269559,-7.634756304323673
580,-3.9134018421173096,-1.8665268421173096,-6.0149641036987305,-8.13215160369873,-7.22603296370653,-6.502328976988792,-6.858780739472422,-6.593105316031142,-7.022865410675877,-8.077286384999752
581,-3.5710997581481934,-2.0164122581481934,-5.836724758148193,-8.032037734985352,-6.868115534409299,-5.993924051523209,-6.50085186749493,-6.414869069865745,-6.493098251346964,-7.772043265402317
582,-3.798488140106201,-1.9703631401062012,-5.954738140106201,-8.07192611694336,-6.611087078919809,-6.141926154494286,-6.306376215936325,-6.337571263100472,-6.626711482931569,-7.859520725905895
583,-2.521648406982422,-1.6153985261917114,-5.052898406982422,-6.420085906982422,-5.982853972731391,-5.183960825204849,-5.240567669854499,-5.89669072538527,-5.428130122993025,-6.971120249480009
584,-2.7559471130371094,-1.2403221130371094,-4.810634613037109,-7.224697113037109,-6.396770934370579,-5.300177440047264,-5.685735697406926,-6.459096669848805,-5.177986131573562,-7.215663366019726
585,-3.361910820007324,-1.8384732007980347,-5.682223320007324,-7.971285820007324,-6.627648347246577,-6.13680636882782,-6.22135913103557,-6.244740843620093,-6.166711324025528,-7.69858212582767
586,-3.8907721042633057,-1.8673346042633057,-6.382959365844727,-8.804834365844727,-7.828330515094422,-6.679266646504402,-7.406440614697203,-6.882969975415108,-7.156437634592294,-8.203532801941037
587,-3.641672372817993,-1.6494848728179932,-5.805735111236572,-8.586984634399414,-7.2901934350593365,-6.186525691300631,-6.915164826805267,-6.797935843380401,-6.477691527863499,-7.942081866785884
588,-2.6749725341796875,-1.2452850341796875,-5.0030975341796875,-7.0577850341796875,-6.846986760938307,-5.6620033495128155,-6.065648792860884,-6.682800292852335,-5.628195281016815,-7.380605285987258
589,-2.826873779296875,-1.194061279296875,-4.873748779296875,-7.264373779296875,-6.576964731852058,-5.6158490516245365,-5.865976452019822,-6.3971991538173825,-5.46756434225972,-7.0358484433963895
590,-3.464901924133301,-1.9180270433425903,-5.753964424133301,-8.0664644241333,-6.769693846021255,-6.194081887602806,-6.5196417556435335,-6.418042421220889,-6.589983817561006,-7.778134681284428
591,-2.7502055168151855,-1.2111430168151855,-5.7580180168151855,-7.3361430168151855,-6.875276920633041,-5.6119901686906815,-6.172114967706875,-6.851783990732656,-6.351801871678617,-7.78940387070179
592,-3.500957489013672,-1.9150201082229614,-5.821269989013672,-7.625957489013672,-6.48546813998837,-6.0449405163526535,-6.282282349646266,-6.407223224516201,-6.360439175638021,-7.735049603506923
593,-3.6437981128692627,-1.9250481128692627,-6.151610374450684,-8.089110374450684,-6.49546718026977,-6.058757781982422,-6.292302963833208,-6.018816709340172,-6.612634178251028,-7.731464629992843
594,-4.0225629806518555,-1.9756877422332764,-5.9756879806518555,-8.178812980651855,-6.936830857172026,-6.556048944592476,-6.530516137718223,-6.59290444808903,-6.882091033665347,-7.920844193547964
595,-3.5042684078216553,-1.9808309078216553,-5.988643646240234,-8.293331146240234,-6.769969102875621,-5.982787199318409,-6.496514199479861,-6.379282832044737,-6.543409582875029,-7.902342051267624
596,-3.7046403884887695,-1.7749528884887695,-6.1187028884887695,-8.30620288848877,-7.446874021417898,-6.475990876555443,-6.657806038030685,-6.6187132596433,-7.196857332750369,-7.871211835881695
597,-2.8076114654541016,-1.127923846244812,-4.963861465454102,-7.237298965454102,-6.862525914184516,-5.686662573367357,-6.065508958068676,-6.385759114962639,-5.792128314453294,-7.295589366927743
598,-2.9880690574645996,-1.2693190574645996,-4.9958815574646,-7.5740065574646,-7.074128739521257,-5.869605273008347,-6.2146784056167235,-6.550584196929776,-5.574082848499529,-7.210860407911241
599,-2.592977523803711,-1.796102523803711,-5.249227523803711,-6.311727523803711,-6.046466165222228,-4.861742049455643,-5.046343416761374,-6.14772939474642,-6.085436426510569,-7.435089651495218
600,-2.7766895294189453,-1.0266896486282349,-5.003252029418945,-7.440752029418945,-6.722196440867265,-5.4923352263867855,-6.159600014652824,-6.745467304797785,-5.979959954172955,-7.547640912234783
601,-3.838960647583008,-2.026460647583008,-5.862398147583008,-8.487398147583008,-6.698417779407464,-6.056669861078262,-6.6280760751069465,-6.518661618141778,-6.596839425750659,-7.857434080913663
602,-3.7063443660736084,-1.8391568660736084,-5.9563446044921875,-8.167282104492188,-6.6439864534913795,-6.200190901756287,-6.472047921924968,-6.3782420155876025,-6.659574860757857,-7.708170805126429
603,-2.8205833435058594,-1.406520962715149,-6.226833343505859,-7.258083343505859,-6.461262820666889,-5.720801778137684,-6.133138774290273,-6.765905499411929,-6.453422307617075,-7.88763206731528
604,-3.6031198501586914,-2.0406198501586914,-6.087494850158691,-6.884369850158691,-6.283262030221522,-5.703142881393433,-5.845547289674869,-6.064098476519575,-6.283171587390825,-7.752715237438679
605,-2.905895709991455,-1.2965208292007446,-5.085583209991455,-8.202771186828613,-7.3512382502813125,-5.8093194998800755,-6.374661564701455,-7.038715720148502,-6.038737773458706,-7.498686853796244
606,-3.994152307510376,-1.775402307510376,-6.173839569091797,-8.345714569091797,-6.9317504119171645,-6.464314237236977,-6.861394046252826,-6.416042327764444,-6.8614155025279615,-7.877079717814922
607,-4.203658103942871,-1.914595603942871,-6.305220603942871,-8.797408103942871,-7.125624175692792,-6.410886272788048,-6.899027941966779,-6.461482286385035,-6.906845210054598,-7.975516360253096
608,-3.76593017578125,-2.06280517578125,-6.11749267578125,-7.67218017578125,-6.656719671067549,-6.135790646076202,-6.445705767568143,-6.390954971006067,-6.555136789422249,-8.032202459871769
609,-3.6009349822998047,-1.8587474822998047,-5.741559982299805,-8.343122482299805,-7.069764253334142,-6.4238215908408165,-6.655669092044263,-6.522820949494417,-6.671311972444528,-7.777035741135478
610,-3.8031370639801025,-1.8578245639801025,-6.178137302398682,-8.209386825561523,-6.881361598803778,-6.424069449305534,-6.764133809254417,-6.232840657108682,-6.740733261271089,-7.827664729207754
611,-3.739267587661743,-1.8564550876617432,-5.942392349243164,-8.778329849243164,-7.294105756809586,-6.313500225543976,-7.004956124175806,-6.559593081386993,-6.8799780570479925,-7.889713987708092
612,-3.6610982418060303,-1.9267232418060303,-5.926723003387451,-7.879848003387451,-6.5127965119318105,-6.135370522737503,-6.512740012825816,-6.270498990674241,-6.567479601784726,-7.89536820165813
613,-3.4303598403930664,-2.1491098403930664,-5.820984840393066,-7.633484840393066,-6.367971414067142,-5.778104797005653,-6.024199243365729,-6.008505224974215,-6.172659390846093,-7.706454278901219
614,-3.5755908489227295,-1.8646533489227295,-5.716216087341309,-7.919341087341309,-6.552305210061604,-6.057396672666073,-6.145980712775781,-6.333424091128109,-6.427272193548561,-7.63262801989913
615,-3.5519142150878906,-1.8644143342971802,-5.755039215087891,-8.47378921508789,-7.012919066066388,-6.238360673189163,-6.591017364629806,-6.512863039905824,-6.630095837896079,-7.812730124220252
616,-3.099306583404541,-1.278994083404541,-5.247744083404541,-7.435244083404541,-6.904183250648202,-5.800232045352459,-6.240024681523209,-6.122765183226875,-5.99006437373464,-7.139097705483437
617,-4.049860954284668,-2.096736192703247,-6.463923454284668,-8.573298454284668,-6.948374745319597,-6.3552252650260925,-6.784287928185222,-6.362373590389325,-6.963989255644265,-8.038367046043277
618,-3.4368247985839844,-2.0774497985839844,-6.054012298583984,-6.905574798583984,-5.991736506126472,-6.165264919400215,-5.593186610647535,-6.116541146815507,-6.382327896077186,-7.415837820619345
619,-3.687246322631836,-1.9919339418411255,-5.890371322631836,-7.999746322631836,-6.765462751980522,-6.020286738872528,-6.788857101229951,-6.33569848526713,-6.343571302466444,-7.86849857494235
620,-3.6600558757781982,-1.9647433757781982,-5.941306114196777,-7.910056114196777,-6.628939262111089,-5.9803924560546875,-6.5116863227813155,-6.394446492076895,-6.339862220404029,-7.860043749213219
621,-3.5287599563598633,-1.7943849563598633,-6.044384956359863,-7.489697456359863,-6.216460446288693,-5.906889364123344,-6.31012570187886,-6.270976543002689,-6.622675524355145,-7.893127389252186
622,-3.5497002601623535,-1.8700127601623535,-6.0340752601623535,-8.104388236999512,-6.495132558324258,-6.174624398350716,-6.3075758198901895,-6.377841830117177,-6.643542166304542,-7.771973567083478
623,-2.7652335166931152,-1.0542960166931152,-4.882421016693115,-7.710546016693115,-6.757513757220295,-5.558241534978151,-6.062153219176253,-6.655874132988174,-5.632501122126996,-7.380274837836623
624,-4.071348190307617,-2.086973190307617,-6.196348190307617,-8.336973190307617,-7.016796579657239,-6.337647348642349,-6.719856736519432,-6.633864879468092,-6.9855157081765356,-8.20572997815907
625,-4.053178787231445,-2.014116048812866,-6.342241287231445,-8.100053787231445,-7.037672870217648,-6.752074956893921,-6.803244230992277,-6.428195357186269,-7.1470262956790975,-7.8847013004124165
626,-3.237734317779541,-1.1752341985702515,-4.862734317779541,-8.362733840942383,-7.487833137398411,-5.988854646682739,-6.8705785269485204,-6.9486874340746,-5.964376327217906,-7.454598265700042
627,-3.53458309173584,-1.9017707109451294,-6.14395809173584,-7.62833309173584,-6.0894145861966535,-6.035436108708382,-5.995609398712986,-6.1127341982301004,-6.47221159109904,-7.660987783223391
628,-3.9217371940612793,-1.9061123132705688,-5.804549694061279,-8.632675170898438,-7.070289486015099,-6.473565936088562,-6.679604290424322,-6.507690548771279,-6.984329576989694,-7.904637098312378
629,-3.568296194076538,-1.912046194076538,-5.966733455657959,-8.568296432495117,-6.826194640263566,-6.184710308909416,-6.466788052021002,-6.435497164632579,-6.583996412293345,-7.808764828369021
630,-2.5685348510742188,-1.5138472318649292,-5.256034851074219,-6.935722351074219,-6.154557105284766,-5.172258406877518,-5.420143841616664,-6.4826184508965525,-5.404570455510111,-7.8551505748182535
631,-2.921264410018921,-2.007201910018921,-6.1868896484375,-6.7415771484375,-5.726164080100716,-5.879467234015465,-5.42922173885745,-5.546299456942506,-6.437051044791588,-7.338591642677784
632,-3.839726209640503,-1.855351209640503,-5.949100971221924,-8.347538948059082,-6.832001682203554,-6.26204464584589,-6.574158190043818,-6.4569267033657525,-6.753866311861202,-7.77858898229897
633,-2.4488565921783447,-1.1676065921783447,-5.097293853759766,-7.073856353759766,-6.628713950951351,-5.579669617116451,-5.933307763996709,-6.245750665477317,-5.761464232346043,-7.245929749682546
634,-3.745682716369629,-1.8394325971603394,-5.956620216369629,-8.401932716369629,-6.800479167723097,-6.170675650238991,-6.589495656895451,-6.378512024737574,-6.706717009627027,-7.765775939449668
635,-3.7540204524993896,-1.9024579524993896,-5.941520690917969,-8.035270690917969,-6.761956088143052,-6.168638542294502,-6.355680103377381,-6.355609416617881,-6.566644780090428,-7.776477802544832
636,-2.815802574157715,-1.2064274549484253,-5.026740074157715,-7.261115074157715,-6.4487897005165,-5.631386835128069,-5.956510301984963,-6.284578203825731,-5.737822641342063,-7.031307490542531
637,-3.788074493408203,-1.9052619934082031,-5.834949493408203,-8.475574493408203,-7.2022227012130315,-6.320845037698746,-6.717820761859912,-6.522463321590294,-6.874082086011185,-7.867899686098099
638,-2.7671258449554443,-1.0796258449554443,-5.134313583374023,-7.485876083374023,-7.032881370643736,-5.835437681525946,-6.274988888428197,-6.57183063015691,-5.86877476797963,-7.383591393008828
639,-3.6733994483947754,-1.9155869483947754,-6.056211948394775,-7.821836948394775,-6.5485488064732635,-6.0309756100177765,-6.228160140221007,-6.2515443561478605,-6.5875815081672044,-7.733097223564982
640,-3.922966957092285,-1.8292169570922852,-6.094841957092285,-8.141716957092285,-6.563709848131111,-6.250518321990967,-6.618346688868769,-6.4542367456379,-6.844950908445753,-7.826482279226184
641,-3.728553295135498,-1.845740795135498,-5.916053295135498,-8.408241271972656,-7.158386815848644,-6.471598379313946,-6.736456986087433,-6.509822964475461,-6.877089972345857,-7.815407428890467
642,-2.7219161987304688,-1.2062910795211792,-5.073478698730469,-7.104728698730469,-6.55803690663015,-5.604765072464943,-5.800130005707615,-6.229749083311617,-5.6126657646818785,-7.138205802068114
643,-3.869032859802246,-1.837782859802246,-6.244032859802246,-8.283095359802246,-7.017601958199521,-6.547605335712433,-6.790980336423672,-6.408113479450549,-7.001937504341186,-7.953304942697287
644,-3.5606486797332764,-1.7950236797332764,-5.9200239181518555,-8.216898918151855,-6.5530507334915455,-5.9663994163274765,-6.279510968604882,-6.248173117344777,-6.42015408622683,-7.479390863329172
645,-2.6779956817626953,-1.1076831817626953,-4.904558181762695,-7.224870681762695,-6.771833415950823,-5.76863607019186,-6.0295935862959595,-6.732697486775578,-5.615559456695337,-7.254925424233079
646,-2.7026209831237793,-1.3276209831237793,-5.218245983123779,-6.757308483123779,-6.374745576235,-5.643091157078743,-5.593354576893034,-6.241704344531172,-5.562121979412041,-7.0808492582291365
647,-3.6308021545410156,-1.943302035331726,-6.068302154541016,-7.693302154541016,-6.255984647315927,-5.881388679146767,-5.880967841731035,-6.107392310714204,-6.482518184318906,-7.692864386364818
648,-3.2680182456970215,-1.439893126487732,-6.0570807456970215,-7.3930182456970215,-6.955606099087163,-6.209923192858696,-6.189942001106829,-6.939907431501524,-7.002425431688607,-7.827731104567647
649,-3.5743985176086426,-1.8712736368179321,-6.144711017608643,-8.2853364944458,-6.886997933215753,-6.214819349348545,-6.543224093438766,-6.246290087563466,-6.699491734929325,-7.732587808743119
650,-3.588075876235962,-1.838075876235962,-5.759951114654541,-7.814638614654541,-6.971064194527571,-6.556038394570351,-6.744392154418165,-6.439657091923436,-6.791320316842757,-7.787496583536267
651,-2.564624309539795,-1.2208744287490845,-5.002124309539795,-7.377124309539795,-6.402905573602766,-5.364427611231804,-5.699718829921039,-6.41059887387928,-5.738812202238478,-7.288811439648271
652,-3.4783034324645996,-1.9392409324645996,-5.7829909324646,-8.353303909301758,-6.712729214334104,-5.899528436362743,-6.5877178899609135,-6.40018832678652,-6.361165283891751,-7.662420250475407
653,-3.3400943279266357,-2.3791568279266357,-6.019782066345215,-7.254157066345215,-6.105853548608138,-5.877820506691933,-5.738619800533343,-5.707306384743788,-6.574613799180952,-7.563796443864703
654,-3.7611546516418457,-1.8236546516418457,-5.893967151641846,-8.597091674804688,-7.026853916271648,-6.362709134817123,-6.854955075901671,-6.50335681427714,-6.815907118594623,-7.745406312867999
655,-2.7214322090148926,-1.190182089805603,-4.924557209014893,-7.471432209014893,-6.487191072083078,-5.43189861625433,-5.705876467211056,-6.385513663111851,-5.659054987045238,-7.28672930970788
656,-3.5541086196899414,-1.475983738899231,-5.554108619689941,-8.304108619689941,-6.8979389635205735,-6.0574661642313,-6.265088318887138,-6.436935663117765,-6.436987874665647,-7.4457358084619045
657,-3.8642144203186035,-1.8329644203186035,-6.1376519203186035,-8.536088943481445,-6.981484767340589,-6.37703362852335,-6.7627119999961,-6.450169205516431,-6.950209496746538,-7.811882084235549
658,-3.674257278442383,-1.9711321592330933,-5.775819778442383,-8.291444778442383,-7.049325225430948,-6.370285511016846,-6.643052576946502,-6.5180195569237185,-6.744635103001201,-7.821652248501778
659,-4.029891490936279,-1.9361414909362793,-6.006453990936279,-8.717391967773438,-7.444028017162054,-6.606904119253159,-7.029935835809738,-6.553340077338362,-7.037743448432593,-7.908916335552931
660,-3.9103403091430664,-2.0119028091430664,-6.152527809143066,-7.879090309143066,-6.699592929886421,-6.276930660009384,-6.496373529618722,-6.441618561346331,-6.832357754101395,-8.063383881002665
661,-3.689948558807373,-2.010261058807373,-6.291511058807373,-7.791511058807373,-6.580694668111391,-6.105974912643433,-6.369711396240746,-6.150906443388521,-6.760370844538556,-7.944132253527641
662,-3.9043984413146973,-1.8340860605239868,-6.521585941314697,-8.240336418151855,-7.0529155699478,-6.4304437935352325,-6.873206256150297,-6.162223815835205,-7.068525312257407,-7.918385414406657
663,-4.026329517364502,-1.995079517364502,-6.245079517364502,-8.635704040527344,-6.956087705977552,-6.395246773958206,-6.7685619582553045,-6.229465961390815,-6.862343904402223,-7.849623428657651
664,-3.6997616291046143,-1.9341366291046143,-5.902886390686035,-8.191948890686035,-6.785773036113824,-6.077627703547478,-6.621683238838159,-6.44977319233567,-6.5357704136986285,-7.909433571621776
665,-3.4724926948547363,-1.7459301948547363,-5.886555194854736,-8.456867218017578,-6.98036134085487,-6.317562870681286,-6.652223109278566,-6.386567354128601,-6.808485268029472,-7.705058777704835
666,-3.830181121826172,-1.7442436218261719,-5.962993621826172,-8.431743621826172,-7.299030775830033,-6.596142053604126,-6.955232380507368,-6.502070069215733,-6.9162067136130645,-7.9213841166347265
667,-4.137694835662842,-2.020507335662842,-6.379882335662842,-8.1923828125,-7.262823930985178,-6.620493113994598,-6.778403755481122,-6.497088432139208,-7.2471885610648314,-8.059106882661581
668,-3.479790210723877,-1.698540210723877,-5.901665210723877,-8.221977233886719,-7.018937107342936,-6.161170922219753,-6.84703934002755,-6.268867254151701,-6.565801856151666,-7.635501481592655
669,-3.5840840339660645,-1.8575215339660645,-5.9668965339660645,-8.302834510803223,-7.1076137976997416,-6.150105595588684,-6.779468414584699,-6.193477272821838,-6.670104976990842,-7.799495901912451
670,-3.6082382202148438,-1.8894883394241333,-6.076988220214844,-8.186363220214844,-6.873952265588741,-6.229009889066219,-6.577052710359567,-6.381689906019346,-6.733309147224645,-7.813208250328898
671,-3.6619832515716553,-1.5291707515716553,-6.099483489990234,-7.732295989990234,-7.052748789486941,-6.0416180938482285,-6.287096494008438,-6.318255662672527,-6.935481546475785,-7.4984273966401815
672,-2.6133694648742676,-1.2774320840835571,-5.003994464874268,-7.043056964874268,-6.246353492329945,-5.49855936691165,-5.504071351911989,-6.293078660730316,-5.43379580326291,-7.419074160978198
673,-3.6427063941955566,-1.8614563941955566,-5.994268894195557,-8.361456871032715,-7.1037206620312645,-6.386930204927921,-6.970873593392753,-6.291154503765938,-6.564644215519365,-7.6885945815593
674,-3.9243826866149902,-1.8306326866149902,-6.27594518661499,-8.416569709777832,-7.338510987974587,-6.582724899053574,-6.627557157247793,-6.385331273017073,-7.080665587836847,-7.933721903711557
675,-3.698775291442871,-1.9800254106521606,-5.862837791442871,-7.761275291442871,-6.753613103064708,-6.303320989012718,-6.401977059278579,-6.565982818403427,-6.628587357394281,-7.923085954040289
676,-2.9310851097106934,-1.4154601097106934,-4.868585109710693,-7.446710109710693,-6.563996667726315,-5.446182005107403,-5.985841748704843,-6.274852871736584,-5.485894076598925,-7.254010716453195
677,-2.7267918586730957,-1.4455419778823853,-5.211166858673096,-6.914291858673096,-6.234727851871867,-5.6323312520980835,-5.398719428587356,-6.000247001491516,-5.820618745710817,-7.094206502661109
678,-3.572129964828491,-1.8377549648284912,-5.82213020324707,-8.24400520324707,-7.048825374382432,-6.306024603545666,-6.642518040680443,-6.4627778527556075,-6.658168787616887,-7.757797421887517
679,-3.590627431869507,-1.7859399318695068,-5.746877670288086,-7.895315170288086,-6.871944306061778,-6.338875189423561,-6.645352005281893,-6.301575183818386,-6.746927856140246,-7.687519375234842
680,-2.8954825401306152,-1.2001699209213257,-4.793920040130615,-7.637670040130615,-6.88779436769255,-5.540097706019878,-6.239288566928735,-6.793936490877968,-5.590902441930666,-7.421485505998135
681,-3.6279563903808594,-1.7920188903808594,-6.127956390380859,-8.17483139038086,-6.854622835475311,-6.3814941346645355,-6.5811395628225,-6.260784745090859,-6.729589817390661,-7.6924059092998505
682,-3.837815999984741,-1.8221909999847412,-5.79875373840332,-8.21281623840332,-6.751970167752006,-6.3628730326890945,-6.5253624905381,-6.322203516884656,-6.642574546211108,-7.66777359880507
683,-2.766533374786377,-1.5790332555770874,-5.430595874786377,-6.844658374786377,-6.071347228644299,-5.6968734338879585,-5.375962613543379,-6.000927686503928,-5.618178602613625,-7.243351178243756
684,-4.306336879730225,-2.0485243797302246,-6.439149379730225,-8.650087356567383,-7.42365156795131,-6.539854668080807,-7.087670799548505,-6.946978807305641,-7.040823334202287,-8.155021540820599
685,-3.8739168643951416,-1.8036043643951416,-5.9598541259765625,-8.608291625976562,-7.303702826400695,-6.509546585381031,-6.858351228846004,-6.647367358120391,-6.819294688939408,-7.9106201287359
686,-3.1178436279296875,-1.125656008720398,-4.9850311279296875,-7.9303436279296875,-7.102294799762603,-5.877460557967424,-6.563183545689753,-6.81317019452672,-5.750710605090717,-7.386554598808289
687,-3.5338692665100098,-1.6041817665100098,-5.68230676651001,-8.205743789672852,-6.612069723145396,-6.090105481445789,-6.0495334855986584,-6.479193329743794,-6.432376859112992,-7.556767774745822
688,-3.378159999847412,-1.5500348806381226,-5.846909999847412,-8.268784523010254,-6.901719443514594,-5.85209695994854,-6.620429154878366,-6.3547382353499415,-6.667305108472647,-7.818110538646579
689,-3.7930545806884766,-1.8555545806884766,-5.839929580688477,-7.972742080688477,-6.6135731723188655,-6.140690311789513,-6.324437013434363,-6.246211647474411,-6.62914036604343,-7.712388265877962
690,-3.9127678871154785,-1.951830267906189,-5.8502678871154785,-8.36589241027832,-6.858262283945805,-6.1685250252485275,-6.490973469350138,-6.389349937247971,-6.5691413803142495,-7.747539469972253
691,-2.822683334350586,-1.2601834535598755,-5.150808334350586,-7.307058334350586,-6.393142808607081,-5.693009987473488,-5.830562470124278,-6.018014192412011,-5.752480739276507,-7.041851714253426
692,-3.9109458923339844,-1.9031333923339844,-5.934383392333984,-8.676570892333984,-7.036050075825187,-6.145279213786125,-6.7156960944557795,-6.590651035152405,-6.692283507320099,-7.837617255747318
693,-2.829209089279175,-1.2510840892791748,-4.930771827697754,-7.180771827697754,-6.7277780685108155,-5.803471807390451,-5.993311523601733,-6.516725420822695,-5.540230509119283,-7.202702407725155
694,-2.423110008239746,-1.5090476274490356,-5.219985008239746,-6.438735008239746,-5.665542214963352,-5.091835483908653,-4.696664564908133,-5.891895055156056,-5.30606864814763,-7.360675787553191
695,-2.5915329456329346,-1.3259079456329346,-5.1618452072143555,-6.6696577072143555,-6.068268522503786,-5.4182350262999535,-5.27130281583959,-6.052492737515422,-5.693200105888536,-7.17951731197536
696,-3.9453768730163574,-1.906314492225647,-5.859439373016357,-8.390689849853516,-6.781433098418347,-6.1260666847229,-6.648573038430186,-6.375080942971181,-6.586102838184161,-7.855698309838772
697,-3.8362579345703125,-1.9378204345703125,-6.3753204345703125,-7.9534454345703125,-6.648921833912027,-6.396478861570358,-6.391029592785344,-6.172214507874742,-6.898876659972302,-7.765875414013863
698,-3.770883083343506,-1.6693204641342163,-6.044320583343506,-8.684945106506348,-7.192799448112055,-6.656739272177219,-7.013099908399454,-6.450578212708933,-6.997475742839015,-7.896163260564208
699,-3.700683355331421,-1.833495855331421,-6.10693359375,-8.31005859375,-6.614808319063741,-6.363270737230778,-6.403847216814029,-6.364756464904531,-6.731982587567472,-7.689342433586717
700,-3.6704161167144775,-1.7876036167144775,-6.076665878295898,-7.607915878295898,-6.654946911075967,-6.381269633769989,-6.147073502783314,-6.240754127171385,-6.6939755603525555,-7.822228882461786
701,-2.8953816890716553,-1.3094441890716553,-4.989131927490234,-7.661006927490234,-6.700158711260883,-5.756998427212238,-6.051668285661435,-6.4578971861628816,-5.872025367323658,-7.2855409709736705
702,-2.5462965965270996,-1.30410897731781,-4.9916090965271,-6.5072340965271,-5.765324434789363,-5.393421061336994,-5.1792082737374585,-5.952580570596183,-5.374600036913762,-7.2120831198990345
703,-3.8486762046813965,-1.817426323890686,-6.0518012046813965,-8.129926681518555,-6.8331620631724945,-6.573533117771149,-6.669040916985978,-6.309627413656017,-6.80187940291944,-7.728238442912698
704,-3.890768527984619,-1.8517061471939087,-5.976706027984619,-8.140769004821777,-6.687820061357343,-6.200770735740662,-6.508054490012,-6.281416892732523,-6.765892378767603,-7.834979888051748
705,-3.759361505508423,-1.9312365055084229,-6.032798767089844,-8.446861267089844,-6.868806240498088,-6.3365276753902435,-6.634401916631759,-6.470312356856084,-6.782862661224499,-7.889153081923723
706,-3.874300718307495,-1.8039882183074951,-6.116488456726074,-8.225863456726074,-6.921280497808766,-6.566072568297386,-6.647788165762904,-6.225878119361369,-6.725937602153863,-7.700092870742083
707,-3.625866413116455,-1.805553913116455,-6.032116413116455,-8.219616889953613,-6.805640574515564,-6.286564566195011,-6.532173274332308,-6.250880956544279,-6.586889978520048,-7.815312908962369
708,-2.880599021911621,-1.200911521911621,-4.763411521911621,-7.560286521911621,-6.622949706114014,-5.547534115612507,-6.052534101589117,-6.5681185720441135,-5.599474064641981,-7.125828543677926
709,-3.646693229675293,-1.857630729675293,-6.076380729675293,-7.724818229675293,-6.701471682230476,-6.14509391784668,-6.615496753212938,-6.271708011518058,-6.57645642470743,-7.942935239523649
710,-3.871860980987549,-1.9499859809875488,-6.207798480987549,-8.24686050415039,-7.0672304614054156,-6.419621780514717,-6.848468421878351,-6.465622067389631,-6.989106176617497,-7.971578981727362
711,-3.311807870864868,-1.8196203708648682,-5.936807632446289,-7.452432632446289,-6.663468117680168,-6.070945635437965,-6.561862705621024,-6.225887536851587,-6.679088588163722,-7.9949621595442295
712,-2.7388997077941895,-1.2701495885849,-4.7388997077941895,-7.3482747077941895,-6.481196516739146,-5.379696041345596,-5.645213125128066,-6.371732592375338,-5.278063649755495,-7.2264589965343475
713,-3.852268695831299,-2.016331195831299,-5.875706195831299,-8.39914321899414,-6.610130428056436,-6.437137857079506,-6.492923974532459,-6.289776205988346,-6.664812921499106,-7.608694980852306
714,-2.706953287124634,-1.2069532871246338,-5.160078048706055,-6.831953048706055,-6.01966843669652,-5.386558689177036,-5.3476800866483245,-5.863232612173306,-5.597724307808676,-7.153528314083815
715,-3.6796765327453613,-1.8671764135360718,-5.937489032745361,-8.109363555908203,-6.804847583451192,-6.171293392777443,-6.336031669809017,-6.2734552617712325,-6.586072553458507,-7.80530996248126
716,-3.4495320320129395,-1.75421941280365,-6.0901570320129395,-7.7151570320129395,-6.7465411334706005,-6.052021950483322,-6.223039505421184,-6.183930873587087,-6.512134904340201,-7.744164977222681
717,-2.945514678955078,-1.1173896789550781,-5.140827178955078,-7.547077178955078,-6.891001686133677,-5.777871683239937,-6.109654423591564,-6.250225901321755,-5.992507093214954,-7.261028969660401
718,-3.790130853652954,-1.758880853652954,-5.821380615234375,-8.618255615234375,-7.071477766083262,-6.19255805015564,-6.813626287676016,-6.446398258052795,-6.68864583667164,-7.830807512626052
719,-3.0156071186065674,-1.6249821186065674,-5.351544380187988,-6.335919380187988,-5.6095869276468875,-5.372207209467888,-4.781323667128163,-5.750011801272194,-5.671986809873488,-7.044919980689883
720,-2.9707555770874023,-1.2910680770874023,-5.720755577087402,-6.673880577087402,-6.549020876584109,-5.853800378739834,-5.666155334482028,-6.6348468061132735,-6.775497792656097,-7.757144812494516
721,-3.2247135639190674,-1.7012760639190674,-5.521588325500488,-7.435650825500488,-5.951382988911064,-5.899220213294029,-5.732612486899598,-5.943485736595903,-6.131074660777813,-7.433217102661729
722,-3.955671548843384,-2.104109048843384,-6.385358810424805,-8.752546310424805,-7.065127250258229,-6.457526251673698,-6.721353052435006,-6.361935377021837,-7.252622363062983,-7.650351636111736
723,-3.7786026000976562,-1.8645399808883667,-5.934852600097656,-8.395790100097656,-7.184951538911264,-6.577742733061314,-6.59897124609779,-6.559866428279747,-7.02085613986128,-7.908066853880882
724,-4.031876087188721,-1.6881262063980103,-6.328751087188721,-8.539689064025879,-7.524129865356372,-6.763279616832733,-7.133493541161442,-6.711577892201603,-7.320985196933179,-8.05032722093165
725,-3.6457715034484863,-1.8723340034484863,-5.622334003448486,-8.098896026611328,-6.731816405248537,-5.818793326616287,-6.192732092058577,-6.387983679467652,-6.380267731947242,-7.749119520187378
726,-3.9614672660827637,-2.0942797660827637,-5.953654766082764,-7.805217266082764,-6.563221078686183,-6.146264240145683,-6.305332415628072,-6.219308495108635,-6.5319386594346724,-7.825970022007823
727,-3.612349271774292,-2.292036771774292,-6.002974510192871,-7.417037010192871,-5.378059026006667,-6.266210556030273,-4.987404225761566,-5.8233065603253635,-6.463992115626752,-7.266479182988405
728,-3.6922991275787354,-1.8251116275787354,-5.9344868659973145,-8.200111389160156,-6.770507689820079,-6.47143416851759,-6.551721214149438,-6.528249621310351,-6.762672422482865,-7.724825156852603
729,-3.9935953617095947,-2.2514078617095947,-5.970157623291016,-8.282657623291016,-6.712424990328145,-6.2555244117975235,-6.509274362048018,-6.220171928303898,-6.603053923907282,-7.9000520166009665
730,-3.9564995765686035,-1.8939995765686035,-6.0736870765686035,-8.183062553405762,-6.948828091219184,-6.209594428539276,-6.628462906752247,-6.425270676390937,-6.644112938178296,-7.889338411390781
731,-3.7319087982177734,-1.8022211790084839,-6.224096298217773,-8.520971298217773,-7.130426046052889,-6.602264106273651,-6.935081003983214,-6.395985960853068,-6.9976119964558166,-7.8723828587681055
732,-3.7241218090057373,-1.8022468090057373,-6.028809070587158,-8.185059547424316,-6.98985254202853,-6.582757450640202,-6.6538566339622776,-6.403824210052335,-6.6929539408156415,-7.808526245877147
733,-2.9471898078918457,-1.3612523078918457,-5.212814807891846,-7.486252307891846,-6.931704153845203,-5.824404388666153,-6.259746907511726,-6.205025553432279,-6.025413627510716,-7.0657396055758
734,-2.9861066341400146,-1.1657941341400146,-4.868919372558594,-7.814231872558594,-6.892491927559604,-5.748201679438353,-6.165842531951057,-6.501749396171363,-5.814343327030656,-7.142947217449546
735,-2.780019760131836,-1.1940823793411255,-4.826894760131836,-7.209707260131836,-6.295873615774326,-5.451100822538137,-5.741043802328932,-6.530047177891902,-5.514567360281944,-7.2268567848950624
736,-3.9287021160125732,-2.1474521160125732,-6.194327354431152,-8.131827354431152,-6.9913281123299384,-6.257138937711716,-6.436600085442478,-6.420910358217952,-6.913193099950149,-8.06684510037303
737,-3.236736297607422,-1.1351737976074219,-5.205486297607422,-8.111736297607422,-7.424288748319668,-6.320632915943861,-6.760200023307334,-6.658621668761953,-6.221150278284767,-7.409501601010561
738,-3.490252733230591,-1.7402527332305908,-5.787127494812012,-8.287127494812012,-6.834076401843049,-6.199377939105034,-6.576232074807194,-6.568388223590773,-6.6309341176202,-7.796086801216006
739,-4.053111553192139,-2.4046740531921387,-6.224986553192139,-7.889049053192139,-6.42046068792115,-6.088308483362198,-5.756330843294563,-5.951575994127779,-6.70948504639091,-7.602265555411577
740,-4.108743190765381,-2.15561842918396,-6.335305690765381,-8.358743667602539,-7.186951752984896,-6.432635262608528,-6.702568289794726,-6.319697022305263,-6.976016279375472,-7.907645225524902
741,-3.60927677154541,-1.9061518907546997,-5.83583927154541,-7.36708927154541,-6.007900697499281,-6.274992257356644,-5.398447507723176,-5.921808957536996,-6.523533087063697,-7.707114353775978
742,-3.854186773300171,-1.955749273300171,-5.89324951171875,-8.00262451171875,-6.479323854626273,-6.098890885710716,-6.02615963936114,-6.04171299900554,-6.416830886984826,-7.602156966924667
743,-3.6736767292022705,-1.9002392292022705,-6.001801490783691,-8.243988990783691,-6.744062659410702,-6.391803249716759,-6.376853583886259,-6.072128534211515,-6.697179553746537,-7.596506824716926
744,-2.87260103225708,-1.2007261514663696,-4.81010103225708,-7.66166353225708,-6.966488709513214,-5.678141213953495,-6.20858824129391,-6.739805817454908,-5.653960341202037,-7.34222612157464
745,-2.7250709533691406,-1.193820834159851,-4.912570953369141,-7.271945953369141,-6.342425213253591,-5.596626043319702,-5.514196870703017,-6.3422842022446275,-5.514256588983699,-7.181515472009778
746,-3.733415365219116,-1.8427903652191162,-5.975602626800537,-8.280290603637695,-6.795988914629561,-6.2775916159152985,-6.460033057584951,-6.241242527850773,-6.514732954587089,-7.624494390562177
747,-3.5574870109558105,-1.7371745109558105,-6.6824870109558105,-6.8621745109558105,-6.060183503766893,-6.155615985393524,-6.021019453270128,-5.310005783621818,-7.153847687121015,-7.957695858553052
748,-3.5565524101257324,-1.9315522909164429,-5.814364910125732,-7.540927410125732,-6.408339236848406,-5.76067278534174,-5.986355178865779,-6.431583880883409,-6.244251112264465,-7.781392857432365
749,-2.808338165283203,-1.2067755460739136,-4.753650665283203,-7.316150665283203,-6.745982159744017,-5.661549173295498,-5.956833480118803,-6.464607596208225,-5.675647489755647,-7.08610169030726
750,-3.609694004058838,-1.726881504058838,-5.898756504058838,-8.18781852722168,-6.852002613362856,-6.31059768050909,-6.3753925534838345,-6.422215223086823,-6.53166710849473,-7.725589724257588
751,-3.1883091926574707,-1.5008090734481812,-6.000809192657471,-7.336746692657471,-6.139696114114486,-6.17190308868885,-5.124003170607466,-6.077094912367102,-6.350589987756393,-7.2261951845139265
752,-3.2916741371154785,-1.783861756324768,-5.7838616371154785,-7.6744866371154785,-6.315241566800978,-5.870291657745838,-6.096429941702809,-6.2370052335918444,-6.244911545159994,-7.713265094906092
753,-2.150449752807617,-1.8379496335983276,-5.017637252807617,-6.142637252807617,-6.002230501195299,-5.539120018482208,-4.650566571086529,-5.408299445414741,-5.908419715880882,-7.2574394922703505
754,-3.7090702056884766,-2.0371952056884766,-5.779382705688477,-8.240320205688477,-7.052920813264791,-6.133056998252869,-6.537263987083861,-6.295025229301245,-6.623231525307347,-7.784916788339615
755,-3.162160873413086,-1.802785873413086,-5.701223373413086,-7.537160873413086,-6.662276022958395,-5.906290620565414,-6.0294258564463235,-5.771560191811659,-6.3497680368236615,-7.459469176828861
756,-3.727694034576416,-1.8370691537857056,-5.883944034576416,-8.079257011413574,-6.907512060235604,-6.331725500524044,-6.43870341519505,-6.462089538363216,-6.657479519810295,-7.942156117409468
757,-3.8250885009765625,-1.856338381767273,-6.1375885009765625,-8.075088500976562,-6.723630542059254,-6.466700717806816,-6.036094424765906,-6.043859600798896,-6.864263528215815,-7.811731182038784
758,-3.6168856620788574,-1.7653231620788574,-5.780948162078857,-8.304386138916016,-6.476375454032677,-6.023540064692497,-6.202906605103635,-6.390347957303675,-6.577931279061886,-7.5941433645784855
759,-3.6691291332244873,-1.8566291332244873,-5.739441871643066,-8.262879371643066,-7.067633507416758,-6.275614112615585,-6.841053961477883,-6.395705222994366,-6.598886606647284,-7.848497508093715
760,-4.158656120300293,-1.861781120300293,-6.127406120300293,-8.713343620300293,-7.229070300651074,-6.696840792894363,-6.994657276038197,-6.611797451840175,-7.080608484138793,-7.9047908410429955
761,-3.7281901836395264,-1.8844401836395264,-5.9703779220581055,-8.298502922058105,-7.040825000294717,-6.137720450758934,-6.626740091705869,-6.189154028552366,-6.689252130425302,-7.719336928799748
762,-4.063709735870361,-2.1262099742889404,-6.141834735870361,-8.57152271270752,-7.118451713031391,-6.4159122705459595,-6.9074996701856435,-6.46996867652706,-6.6106383786136576,-7.8021665047854185
763,-3.7505481243133545,-1.8755481243133545,-6.203673362731934,-7.984923362731934,-6.875628468165814,-6.3486629873514175,-6.492798088045674,-6.274003147929761,-6.813131448157947,-7.791746200993657
764,-3.7675418853759766,-1.783166766166687,-5.830041885375977,-8.408166885375977,-7.25983035054378,-6.197105690836906,-6.923857805937587,-6.501934766609338,-6.681687232397962,-7.864353137090802
765,-3.482839345932007,-1.8734643459320068,-5.795339584350586,-7.748464584350586,-6.193890088368789,-6.119887836277485,-6.10791337217961,-6.310983061619481,-6.287636870081769,-7.769318010658026
766,-2.854689121246338,-1.190626621246338,-4.909376621246338,-7.737501621246338,-6.597002617534599,-5.496669977903366,-6.02662300890006,-6.565645694550767,-5.471982115901483,-7.214397212490439
767,-3.7293899059295654,-1.8465774059295654,-5.8465776443481445,-8.424702644348145,-6.8779208616688265,-6.193534694612026,-6.588823197587772,-6.409093975888027,-6.565407749782025,-7.721396539360285
768,-2.8120670318603516,-1.2417546510696411,-5.015192031860352,-7.273004531860352,-6.726326207848615,-5.546792987734079,-6.109016892492946,-6.280839323748296,-5.507529605092714,-7.308588502928615
769,-3.601619243621826,-1.8125567436218262,-5.968806743621826,-8.515681266784668,-7.148543118237285,-6.425472110509872,-6.67197179714276,-6.421941518735366,-6.671980856641312,-7.689446892589331
770,-3.610713243484497,-1.657588243484497,-6.087275505065918,-8.509150505065918,-7.212356325697328,-6.386367030441761,-6.993579624617269,-6.423228025323624,-6.790479656898242,-7.695102052763104
771,-2.5841305255889893,-1.3028805255889893,-4.70913028717041,-7.31069278717041,-6.443681701362948,-5.299513708800077,-5.732659812507336,-6.16228628110548,-5.1858664600295015,-7.122241642326117
772,-2.595026969909668,-1.2512770891189575,-5.204401969909668,-7.212214469909668,-6.548318491419195,-5.657306879758835,-5.673222777717456,-6.110676765134485,-5.556091062157066,-7.136311538517475
773,-3.779463529586792,-1.896651029586792,-6.334151268005371,-8.115401268005371,-6.79519175952737,-6.4931245148181915,-6.435779569364968,-6.060729741922842,-6.724875683612481,-7.788745911791921
774,-3.435236930847168,-1.5836745500564575,-5.482111930847168,-8.435236930847168,-6.9821819042554125,-5.964521501213312,-6.294662355106993,-6.8336832522954865,-6.208729027210211,-8.012889399193227
775,-2.7579119205474854,-1.2500994205474854,-5.976661682128906,-6.804786682128906,-6.547031520152814,-6.034346967935562,-6.015778182478243,-6.711050748725938,-6.515753030360429,-7.675382604822516
776,-3.1869451999664307,-1.3978826999664307,-5.429132461547852,-7.436944961547852,-6.351150860034977,-5.935284234583378,-5.6713745579108945,-6.327589988508407,-5.952668781166722,-7.161905942484736
777,-3.7608704566955566,-1.7452455759048462,-5.862432956695557,-7.838995456695557,-7.06583770175348,-6.503785237669945,-6.3704106671211775,-6.323408841348282,-6.815812197775813,-7.975789323449135
778,-3.5461959838867188,-1.6165084838867188,-5.647758483886719,-8.249320983886719,-7.046264288474049,-6.168884240090847,-6.671238183083915,-6.632144451081331,-6.421255705958174,-7.628083378076553
779,-4.172674655914307,-2.0789246559143066,-6.063299655914307,-8.774236679077148,-7.133667825102748,-6.737616688013077,-6.758653401477204,-6.547685623108919,-7.164911626547109,-7.706162063404918
780,-3.8518424034118652,-1.7112175226211548,-5.937779903411865,-8.258092880249023,-7.016029826947488,-6.5004624128341675,-6.633159039185557,-6.429988503234199,-6.758190746237233,-7.816389074549079
781,-3.515601634979248,-1.8281015157699585,-6.085914134979248,-7.437476634979248,-6.406365861737868,-6.338481545448303,-5.992259855454904,-5.9453141686171875,-6.789173951590783,-7.640892177820206
782,-2.708909511566162,-1.099534511566162,-4.638597011566162,-7.724534511566162,-6.958987233003427,-5.4705308470875025,-6.130826710763358,-6.708925127861221,-5.435551401802513,-7.310161736793816
783,-3.615530014038086,-1.8499051332473755,-5.638967514038086,-8.303030014038086,-6.73280155305838,-5.989147424697876,-6.318708656781382,-6.310856580635118,-6.326548334669496,-7.660570431500673
784,-3.760927677154541,-1.940615177154541,-5.807802677154541,-8.081239700317383,-6.698522086451703,-6.160133242607117,-6.4875501376300235,-6.401568531864541,-6.4172639809548855,-7.779189405962825
785,-3.9745893478393555,-1.7636518478393555,-5.9824018478393555,-8.451151847839355,-7.169978854071815,-6.714129015803337,-6.7324460735071625,-6.458978891267179,-6.990275738739001,-7.841641979292035
786,-2.4807066917419434,-1.363519310951233,-5.379144191741943,-6.222894191741943,-6.215381696529221,-5.665248587727547,-5.168383701864514,-5.863559841283859,-5.79341445195314,-7.233427852392197
787,-3.6451048851013184,-1.762292504310608,-5.856042385101318,-8.371667861938477,-6.902997371333186,-5.988628171384335,-6.520171282470983,-6.254496574261793,-6.363945837656502,-7.683915231376886
788,-3.122042655944824,-1.0595427751541138,-4.997042655944824,-8.114230155944824,-7.387735364529362,-6.076366882771254,-6.637692808788415,-6.879869222541856,-5.762714742504613,-7.2111267345026135
789,-3.98650860786438,-1.9083836078643799,-6.369320869445801,-8.2208833694458,-7.104284868997638,-6.505821019411087,-6.5964034749922575,-6.604144811328297,-7.0417470851534745,-8.038191486150026
790,-3.0209646224975586,-1.5131522417068481,-5.653777122497559,-6.895964622497559,-6.607179841579637,-6.008453369140625,-5.927318805988762,-6.3803653713730455,-6.130464546033181,-7.520924875512719
791,-3.754800796508789,-1.8407381772994995,-6.168863296508789,-7.973550796508789,-6.918965096061584,-6.410320848226547,-6.504866240269621,-6.387630700914087,-6.958027119268081,-7.96863654255867
792,-3.8940680027008057,-1.9253180027008057,-5.964380741119385,-8.042505264282227,-6.784803026850568,-6.439872965216637,-6.597255824039166,-6.47220802296215,-6.6597871736303205,-7.827107064425945
793,-3.778510808944702,-1.9347608089447021,-5.942573547363281,-8.059761047363281,-7.153613800488529,-6.345351003110409,-6.5676388719220995,-6.4660265444508696,-6.82548224463244,-7.954948168247938
794,-3.6787283420562744,-1.8740408420562744,-5.983415603637695,-8.124040603637695,-6.6085325411113445,-6.166533395648003,-6.022540924961504,-6.178745984871057,-6.350711578204937,-7.617526572197676
795,-3.5777134895324707,-1.8745884895324707,-5.710525989532471,-7.976150989532471,-6.687281828315463,-6.095119148492813,-6.4215741096340935,-6.358990788086885,-6.218483199132606,-7.77171153575182
796,-3.007905960083008,-1.2110309600830078,-5.734468460083008,-7.296968460083008,-6.882960794853716,-6.109112665057182,-6.10950946723824,-6.914166569653389,-6.703250884485897,-7.8323262501508
797,-3.6147866249084473,-1.9663491249084473,-5.771036624908447,-8.091349601745605,-6.732086771342438,-5.947566702961922,-6.169555779939401,-6.200744509489596,-6.357084983399545,-7.679485058411956
798,-2.6393773555755615,-1.3659398555755615,-5.147190093994141,-6.553440093994141,-6.170853350908146,-5.676441140472889,-5.264450070615567,-6.233147144126633,-5.436373822492897,-7.1742144748568535
799,-2.821678876876831,-1.259178876876831,-4.94667911529541,-7.27480411529541,-6.571907136662048,-5.424562938511372,-5.6811325519302045,-6.712327480043314,-5.610905037872726,-7.4681855496019125
800,-3.6680214405059814,-1.9180214405059814,-6.0195841789245605,-7.5273966789245605,-6.676042654245975,-6.304196327924728,-6.363440388762683,-6.441488742391812,-6.527570947713684,-7.804678358137608
801,-3.6771459579467773,-1.8490209579467773,-5.974020957946777,-8.020895957946777,-6.864797223097412,-6.194543078541756,-6.411625856620958,-6.309988975059241,-6.4897810129477875,-7.765147786587477
802,-2.8724608421325684,-1.231835961341858,-5.247460842132568,-7.614648342132568,-6.966309184957936,-5.819948870688677,-6.200627922127751,-6.505289196842568,-5.7631628483650275,-7.373688817024231
803,-3.047889232635498,-1.2041391134262085,-4.977576732635498,-7.657264232635498,-6.87621162373398,-5.683005250990391,-6.071400401262508,-6.633852243097863,-5.72772764020192,-7.311380950734019
804,-2.4377880096435547,-1.4221631288528442,-5.000288009643555,-6.773725509643555,-6.023937679667142,-5.2594141736626625,-5.250392789122998,-6.180008768482367,-5.094183791981777,-7.1160937044769526
805,-3.033576488494873,-1.221076488494873,-5.017951488494873,-7.830451488494873,-7.205568425968522,-5.89435750991106,-6.377363085077377,-6.900777220638702,-5.713333604297077,-7.421052978374064
806,-2.690547466278076,-1.2139849662780762,-4.878047466278076,-6.815547466278076,-6.284590439783642,-5.251016683876514,-5.440676204030751,-6.448399662182055,-5.354849309893325,-7.342838810756803
807,-4.000507831573486,-1.9848828315734863,-6.156757831573486,-8.547382354736328,-6.844323513738345,-6.650235682725906,-6.563055752558284,-6.422396063717315,-6.906817434442928,-7.851460529491305
808,-4.130784034729004,-1.9354712963104248,-6.826096534729004,-7.341721534729004,-7.84977707293001,-6.420382879674435,-7.154389605697361,-6.54487645581321,-7.420030576933641,-8.570245623588562
809,-2.9104857444763184,-1.254235863685608,-5.097985744476318,-7.371423244476318,-6.51227793439466,-5.574121840298176,-5.668399448040873,-6.183958291392628,-5.660662277849042,-7.225666156038642
810,-3.8173747062683105,-1.8720622062683105,-5.9970622062683105,-8.215812683105469,-6.762844550146838,-6.360949218273163,-6.426839705229213,-6.2939585445037665,-6.708138217873056,-7.79365455172956
811,-3.5462350845336914,-1.8743600845336914,-5.858735084533691,-8.335297584533691,-6.9291973001963925,-6.0980938747525215,-6.538518066612596,-6.429073214201708,-6.671350234079,-7.740013865754008
812,-3.7969424724578857,-1.9922549724578857,-5.867255210876465,-8.312567710876465,-6.84390627945686,-6.183473773300648,-6.531377671351947,-6.375082731134171,-6.586097832201631,-7.7751798294484615
813,-3.8211357593536377,-1.8680107593536377,-5.727385520935059,-8.313323020935059,-6.85249971691519,-6.230686441063881,-6.430580494343303,-6.37584233265261,-6.618103261462238,-7.7091319635510445
814,-3.3077759742736816,-2.0655884742736816,-5.690588474273682,-7.807775974273682,-6.448589783962234,-5.848081447184086,-5.940694684111804,-6.253113984736046,-6.151695594700868,-7.521450832486153
815,-3.4677062034606934,-1.6864560842514038,-5.991143703460693,-7.272393703460693,-6.592799182384624,-6.110214203596115,-6.420882581343903,-5.967719793226934,-6.9755911800821195,-7.451781176030636
816,-2.5181524753570557,-1.1900274753570557,-5.018152236938477,-6.838464736938477,-6.338644845949602,-5.4176407270133495,-5.36197566716146,-6.369741439462814,-5.354209415905643,-7.396838629618287
817,-3.570305347442627,-1.8046802282333374,-5.843742847442627,-8.124992370605469,-6.5079208545721485,-6.200838029384613,-6.343814966465288,-6.257826089644368,-6.492279286256235,-7.5346631072461605
818,-2.9146547317504883,-1.0943422317504883,-4.906842231750488,-7.555279731750488,-6.883569584606448,-5.575954902917147,-5.969442362540576,-6.438118695861704,-5.532014235956012,-7.229279952123761
819,-3.682976245880127,-1.729851245880127,-5.604851245880127,-7.886101245880127,-6.698709601252631,-6.444789215922356,-6.464287755981786,-6.276743888698547,-6.597124215288204,-7.648358900099993
820,-2.699498414993286,-1.0198109149932861,-4.847935676574707,-7.527623176574707,-6.7464913060030085,-5.518719468265772,-5.918305753002642,-6.762018561155855,-5.519918435966247,-7.505158672109246
821,-3.8755946159362793,-2.0318446159362793,-6.203719615936279,-8.094345092773438,-6.899115916552546,-6.397572323679924,-6.414707420990453,-6.336546301740782,-6.852233526173222,-7.8216334749013186
822,-3.720609664916992,-1.8534220457077026,-5.861234664916992,-8.626859664916992,-6.8769243934657425,-6.207280986011028,-6.548781155459437,-6.6034357546832325,-6.5409868934657425,-7.740500390529633
823,-2.833299398422241,-1.2161118984222412,-5.11454963684082,-7.70048713684082,-6.559948559843178,-5.5462659895420074,-5.841160653842962,-6.458314776305997,-5.700564977480099,-7.347871546633542
824,-4.33578634262085,-2.2810988426208496,-6.32016134262085,-8.687349319458008,-6.898400657795719,-6.266825616359711,-6.726487156855001,-6.5233011244636145,-6.742113944856101,-7.922592386603355
825,-3.7731618881225586,-1.8825368881225586,-5.859099388122559,-8.530974388122559,-7.179474709446367,-6.379881538450718,-6.8357058753827005,-6.546610712940492,-6.679464219632791,-7.832968890666962
826,-3.1747255325317383,-1.6044129133224487,-5.705975532531738,-7.276288032531738,-6.4795480875327485,-6.037856951355934,-6.127909539387474,-5.971616268034268,-6.518577212882519,-7.491667788475752
827,-3.774561643600464,-1.8683116436004639,-6.133936405181885,-8.297999382019043,-6.844997994354344,-6.3359759747982025,-6.493392821808811,-6.446455001658251,-6.962163323929417,-7.886630507186055
828,-3.289893627166748,-1.0789560079574585,-5.602393627166748,-7.672706127166748,-7.430548429045302,-6.541866049170494,-6.664919376042235,-7.375835895526961,-6.782098889192639,-7.742113757878542
829,-3.818692207336426,-1.9280670881271362,-6.014004707336426,-8.693692207336426,-7.271909947863605,-6.340733125805855,-6.693744300438993,-6.373393297102666,-6.717219348705839,-7.739683082327247
830,-3.860701322555542,-2.102888822555542,-6.110701560974121,-8.259139060974121,-6.806103583141521,-6.3107860162854195,-6.243582723167492,-6.4935297964766505,-6.415493721251551,-7.9215288907289505
831,-3.711005449295044,-1.968817949295044,-6.023505210876465,-8.156317710876465,-7.140813343401533,-6.334698528051376,-6.687637207476655,-6.476651191491328,-6.8126900121278595,-7.841178264468908
832,-4.087165355682373,-2.032477855682373,-6.094977855682373,-8.376228332519531,-6.931023115073913,-6.513497069478035,-6.727862713101786,-6.454373359469173,-6.860696192197793,-7.969388650730252
833,-2.818101406097412,-1.200913906097412,-5.263413906097412,-7.341538906097412,-6.747961387067335,-5.793752603232861,-5.857243057929736,-6.357189178146655,-5.872924795447034,-7.320088893175125
834,-3.7534797191619873,-1.8784797191619873,-6.167541980743408,-8.276917457580566,-6.745791308305343,-6.35237593203783,-6.558243986975867,-6.276936888496493,-6.761405938334065,-7.768934041261673
835,-2.854281425476074,-1.1745938062667847,-5.143343925476074,-7.229281425476074,-6.534136877264245,-5.787622794508934,-5.854343412385788,-6.3074246643318475,-5.651278726727469,-7.159557981416583
836,-3.5951132774353027,-1.8998006582260132,-5.751363277435303,-7.821675777435303,-6.595343324894202,-5.914340160787106,-6.14213513249706,-6.26702678129368,-6.399991970858537,-7.671421706676483
837,-3.4978551864624023,-1.9587926864624023,-5.911917686462402,-7.841605186462402,-6.615166418050649,-6.011160932481289,-6.16980588149454,-6.107248067695764,-6.2948520109348465,-7.634321412071586
838,-2.945702075958252,-1.0394519567489624,-5.250389575958252,-7.914452075958252,-7.117671604457428,-5.927537482231855,-6.414501665793068,-6.594155430668252,-6.023906466194603,-7.427647174336016
839,-2.943326473236084,-1.3027013540267944,-5.013638973236084,-7.208951473236084,-6.326318605497363,-5.408379264175892,-5.74812304378429,-6.279291152584847,-5.404423581741867,-7.068332400172949
840,-3.5319952964782715,-1.485120177268982,-6.2351202964782715,-7.3288702964782715,-7.251036482368363,-6.160363003611565,-6.4774623989796964,-6.985164879759395,-7.008682481624419,-8.104399314150214
841,-3.907980442047119,-2.212667942047119,-6.009542942047119,-7.970480442047119,-6.431577550552902,-5.9470120668411255,-6.251858703020844,-6.392387389627402,-6.501895056528156,-7.841695226728916
842,-2.837071418762207,-1.3761340379714966,-5.985508918762207,-6.641758918762207,-6.1263667074090336,-5.868699464946985,-5.438747995547601,-6.430850028582427,-6.040287848110893,-7.415276413783431
843,-2.598550319671631,-1.1610502004623413,-5.090737819671631,-7.090737819671631,-6.59104509401368,-5.47010800614953,-5.715877523194649,-6.497030614889809,-5.715977044092142,-7.396889032796025
844,-3.675737142562866,-1.6601121425628662,-6.144487380981445,-8.042924880981445,-6.949314465324278,-6.3132981806993484,-6.574264879942348,-6.074197053663738,-6.6367881233964,-7.5448885448277
845,-3.5967564582824707,-1.8701939582824707,-6.026443958282471,-7.971756458282471,-6.651572576840408,-6.114837191998959,-6.432757852417126,-6.3936505315869,-6.464038248384895,-7.798871576786041
846,-3.5815560817718506,-1.7768685817718506,-5.96436882019043,-8.09718132019043,-6.550401325483108,-6.313247121870518,-6.308172343728074,-6.4096969364854885,-6.550375697588606,-7.644940920174122
847,-3.3680591583251953,-1.9383716583251953,-5.805559158325195,-7.680559158325195,-6.165087688103085,-5.760134726762772,-5.993139621357841,-6.696197152053173,-6.008760330158111,-7.4694439163431525
848,-3.195833444595337,-1.813020944595337,-5.859895706176758,-7.242708206176758,-6.117914297807147,-5.763343185186386,-5.867821806175925,-6.367743133887416,-5.86008451586531,-7.527300547808409
849,-3.9387216567993164,-1.8918466567993164,-5.938721656799316,-8.587159156799316,-6.993503923695243,-6.334763407707214,-6.524721858921112,-6.4153010843747325,-6.696615215827478,-7.761366782709956
850,-3.474785327911377,-1.802910327911377,-6.107597827911377,-7.521660327911377,-6.560956570014241,-6.157893888652325,-6.19363748505566,-6.467000126465791,-6.615592582311365,-7.906651761382818
851,-3.4809322357177734,-1.7387446165084839,-5.910619735717773,-8.199682235717773,-6.66073941468494,-6.106802172958851,-6.4731973379530245,-6.254391669986944,-6.527914279933611,-7.691992662847042
852,-3.784245014190674,-1.9483073949813843,-5.862370014190674,-8.377994537353516,-7.042158360163739,-6.394211627542973,-6.682738660190807,-6.573323011278262,-6.807749149964366,-7.89069658704102
853,-3.729576826095581,-2.096764326095581,-5.971764087677002,-8.33113956451416,-7.0421898300919565,-6.10309025645256,-6.495280620314588,-6.268658160981431,-6.706253283657134,-7.879313951358199
854,-2.756415843963623,-1.193915843963623,-4.881415843963623,-7.514228343963623,-6.92057311085955,-5.731209672987461,-6.084577917365095,-6.865803003237488,-5.5689954725967254,-7.364065632224083
855,-3.7368006706237793,-1.8149256706237793,-5.885238170623779,-8.393051147460938,-7.17440354295104,-6.255060590803623,-6.783739564758434,-6.635253548503897,-6.7525138816054096,-7.9160302970558405
856,-3.7397804260253906,-1.8100930452346802,-5.856967926025391,-8.02884292602539,-6.841407892978168,-6.4840137809515,-6.646072386814922,-6.411666750843324,-6.552332399925945,-7.714590003713965
857,-2.5437979698181152,-1.4109855890274048,-5.020360469818115,-6.348485469818115,-5.895617094502086,-5.4999862015247345,-5.098651514577796,-5.926653741855262,-5.497144555338309,-6.967756366357207
858,-3.7859373092651367,-1.7468748092651367,-5.887499809265137,-8.278124809265137,-7.145465362278628,-6.5183394849300385,-6.801644321894855,-6.528142571291028,-6.778229946328793,-7.797028245404363
859,-3.080367088317871,-1.142867088317871,-4.947554588317871,-7.939742088317871,-7.150825132266618,-6.060091201215982,-6.478853701337357,-6.806945800650283,-5.799218053485674,-7.328382379375398
860,-3.8908495903015137,-1.9064745903015137,-5.843974590301514,-8.578350067138672,-6.83624183813663,-6.384971499443054,-6.711204885519692,-6.5861736535352975,-6.695603010863124,-7.825807671993971
861,-3.3284287452697754,-1.7815537452697754,-5.898741245269775,-7.804991245269775,-6.641026134515414,-6.064824588596821,-6.281607864821126,-6.086256742357364,-6.234758850703656,-7.49824701435864
862,-3.778435468673706,-1.833122968673706,-6.075310707092285,-8.419060707092285,-7.200376866057923,-6.746090359985828,-6.989412068563979,-6.505009412702748,-6.958176134616224,-7.720452653244138
863,-3.8460235595703125,-2.1428985595703125,-5.9163360595703125,-8.392898559570312,-7.150813216714596,-6.21462969481945,-6.557057852827711,-6.299166679218615,-6.6039559769269545,-7.750511268153787
864,-2.815600872039795,-1.385913372039795,-5.003100872039795,-7.081225872039795,-6.394052690506214,-5.384029354900122,-5.690745104875532,-6.229705213623674,-5.5970979623671155,-7.415913702920079
865,-3.333033323287964,-2.059595823287964,-5.629908561706543,-7.942408561706543,-6.544081205021939,-5.8314366936683655,-6.208119269511371,-6.231491446287691,-6.2315878799854545,-7.570182329043746
866,-2.7247743606567383,-1.4591492414474487,-5.396649360656738,-6.935711860656738,-6.138992535867146,-5.693752788007259,-5.412350055688876,-6.131052612860003,-5.521772853855509,-7.2544443011283875
867,-3.3126931190490723,-1.8673806190490723,-5.656443119049072,-7.672068119049072,-6.265937678821501,-5.4949046820402145,-6.094018218078418,-6.093962788389035,-6.38313614470826,-7.421534983441234
868,-3.714879035949707,-1.7383166551589966,-5.839879035949707,-7.988316535949707,-6.988449207085068,-6.500422962009907,-6.738387820565549,-6.4180235860821995,-6.793095226901642,-7.744112882763147
869,-3.924942970275879,-2.143692970275879,-6.214005470275879,-8.393692970275879,-6.9484914479689905,-6.27886375784874,-6.61252784368844,-6.534344434387094,-6.823466893278237,-7.912684613838792
870,-3.891563892364502,-1.954063892364502,-5.891563892364502,-8.274375915527344,-7.1729223669317435,-6.588827304542065,-6.672884580977552,-6.586888432429987,-6.836967821713188,-7.8446851540356874
871,-2.676905632019043,-1.4581555128097534,-4.926905632019043,-7.083155632019043,-5.919272049155552,-5.12126986682415,-5.3176362458689255,-6.122241019940702,-5.005193101082114,-7.104986829683185
872,-3.921596050262451,-1.9450334310531616,-6.046596050262451,-8.280970573425293,-6.898239490095875,-6.577106609940529,-6.6482130274234805,-6.4997335671596375,-6.874779461108119,-7.790415385738015
873,-3.853363513946533,-2.025238513946533,-6.228363513946533,-8.447113037109375,-6.908121344953543,-6.296042062342167,-6.783091663488449,-6.470560908268453,-6.908113358462288,-8.005939118564129
874,-3.2296183109283447,-1.9718058109283447,-5.768680572509766,-6.987430572509766,-6.331460317567689,-5.685087263584137,-5.729757180073648,-5.862469195573794,-6.128292890047305,-7.510555148124695
875,-3.593334674835205,-1.8511470556259155,-5.937084674835205,-8.413646697998047,-6.804330466478859,-6.135423339903355,-6.499630807764333,-6.437094926781356,-6.538698552718415,-7.839022632688284
876,-2.8885107040405273,-1.2869480848312378,-5.060385704040527,-7.411948204040527,-6.755974731349852,-5.689072091132402,-6.029232020504423,-6.443225144976168,-5.8261954613699345,-7.341379940509796
877,-2.640712261199951,-1.1719622611999512,-5.070399761199951,-7.273524761199951,-6.703375802972005,-5.6807931289076805,-5.711096165017807,-6.421982764986751,-5.7892682482124656,-7.326041519641876
878,-3.706949472427368,-2.011636972427368,-5.628824234008789,-8.777261734008789,-6.886691687981511,-6.020398125052452,-6.519484042513795,-6.464770793873868,-6.433574078524543,-7.7358273304998875
879,-3.9663257598876953,-1.8803881406784058,-6.052263259887695,-8.474138259887695,-7.278885481959151,-6.479321792721748,-7.067935823262815,-6.450712442329859,-7.083559631224489,-7.9507153034210205
880,-3.832174777984619,-1.8868621587753296,-6.058737277984619,-8.386861801147461,-7.082277769506618,-6.658661849796772,-6.683789251885173,-6.465000271712597,-6.824431893786823,-7.90136955678463
881,-2.98954439163208,-1.78641939163208,-5.86454439163208,-7.41141939163208,-6.08341442818346,-5.799936458468437,-5.809939977058093,-6.223940849073188,-6.395921818242641,-7.2752804681658745
882,-2.736668109893799,-1.5179179906845093,-5.900730609893799,-6.502293109893799,-6.3462030759692425,-5.905746325850487,-5.5336202353282715,-6.572633266066987,-6.760175940900808,-7.754437303170562
883,-2.7752490043640137,-1.3143113851547241,-5.251811504364014,-7.142436504364014,-6.423961720749503,-5.540484979748726,-5.75975834421115,-6.111229299582192,-5.650458909891313,-7.175326595082879
884,-2.6515774726867676,-1.2297024726867676,-5.143764972686768,-7.151577472686768,-6.42520962251001,-5.672838367521763,-5.604790802870411,-6.19847774473601,-5.401711574144429,-7.12396720983088
885,-2.6005172729492188,-1.1942672729492188,-4.772392272949219,-7.084892272949219,-6.421081511274679,-5.287067763507366,-5.608450524669024,-6.4130494589408045,-5.358523350092582,-7.164594814181328
886,-3.982278823852539,-1.646341323852539,-5.763528823852539,-9.306497573852539,-7.47473617727519,-5.8446056097745895,-7.271463982688147,-6.919856783686555,-6.771505938333576,-7.855895031243563
887,-3.570211887359619,-1.8905243873596191,-5.859274387359619,-8.453023910522461,-6.882789251198119,-6.177582949399948,-6.531203983722662,-6.351475834749181,-6.640592572744936,-7.7189048286527395
888,-3.2922160625457764,-1.3781535625457764,-5.409403324127197,-7.823465824127197,-7.761144860458444,-6.505835175514221,-6.800083635709598,-6.80004477487455,-6.425121541447879,-7.464126694947481
889,-3.809462785720825,-2.020400285720825,-5.926650047302246,-8.481337547302246,-7.1610983583304915,-6.365618638694286,-6.684516309247556,-6.473538279446075,-6.598597047122894,-7.8724203035235405
890,-3.8184850215911865,-1.9981725215911865,-5.818485260009766,-8.177860260009766,-6.779560914030299,-6.34442263841629,-6.357622739844373,-6.365383147931425,-6.552976363120251,-7.691573183983564
891,-3.1975884437561035,-1.5491509437561035,-5.6897759437561035,-6.9710259437561035,-6.728984345289064,-5.8636123687028885,-5.885176893134485,-6.275739311837242,-6.135172601971135,-7.3665786031633615
892,-3.957319736480713,-1.863569736480713,-6.152632236480713,-8.683881759643555,-7.551163668991649,-6.886122182011604,-7.019874571251421,-6.683897137530948,-6.965189812908648,-7.9843197632581
893,-3.8293728828430176,-2.0637478828430176,-5.993435382843018,-8.21999740600586,-6.681049578823149,-6.003380656242371,-6.493498204166826,-6.345014691210963,-6.470088120200671,-7.816567981615663
894,-3.713122844696045,-1.752185344696045,-5.978747844696045,-8.197497367858887,-7.096048348714248,-6.617164298892021,-6.775690910886624,-6.361579775621067,-6.806958075707371,-7.718720503151417
895,-3.762845039367676,-1.6300325393676758,-5.825345039367676,-8.559720039367676,-7.192588327758131,-6.363797187805176,-6.692568301514257,-6.598791122400144,-6.575389145833469,-7.711599792353809
896,-4.348681449890137,-2.4268064498901367,-6.168993949890137,-8.458056449890137,-6.880069007951533,-6.4682956635952,-6.6378338296563015,-6.676835298121659,-6.895685068448074,-8.237403519451618
897,-2.8508992195129395,-1.26496160030365,-5.2415242195129395,-7.2415242195129395,-6.6947780764458,-5.851762965321541,-5.804080484715087,-6.343102812637881,-5.835366125655128,-7.351818045601249
898,-3.7216691970825195,-1.909169316291809,-5.9482316970825195,-8.20604419708252,-6.674877520905284,-6.1834477186203,-6.315473555041535,-6.354495644472081,-6.417054292905959,-7.689640894532204
899,-4.115112781524658,-2.099487781524658,-6.107300281524658,-8.5369873046875,-7.123011704527016,-6.551039904356003,-6.638612506838399,-6.513565063367423,-6.943314787757117,-7.9793167393654585
900,-3.540256977081299,-1.7121320962905884,-6.126194477081299,-7.680881977081299,-6.4935359836235875,-6.259005218744278,-6.266893264910323,-6.391840815316755,-6.76693712973065,-7.884620547294617
901,-3.8364334106445312,-1.8754960298538208,-6.141120910644531,-8.430183410644531,-6.766237132949755,-6.194613441824913,-6.516195532873098,-6.398953437605087,-6.820899959187955,-7.901750143617392
902,-4.143313884735107,-2.0105011463165283,-5.994876384735107,-9.14331340789795,-7.60429286870567,-6.700907960534096,-7.244914292568865,-6.690197467767575,-6.940228938256041,-7.916575402952731
903,-3.5448365211486816,-1.771398901939392,-5.732336521148682,-7.943274021148682,-6.740308987224125,-5.740009617060423,-6.146483536962478,-6.615167736832518,-6.115266912187508,-7.807349307462573
904,-2.8302316665649414,-1.3146066665649414,-5.244294166564941,-7.150544166564941,-6.385132647614228,-5.517370864748955,-5.791278117918409,-6.033384799560736,-5.556969865618157,-7.078363485634327
905,-2.695341110229492,-1.2969037294387817,-4.914091110229492,-7.234403610229492,-6.273648126254557,-5.1983483880758286,-5.492298003657197,-6.390676736564274,-5.336121904634638,-7.419624214991927
906,-2.7548162937164307,-1.1141912937164307,-4.778253555297852,-7.411066055297852,-6.5362309081538115,-5.344044432044029,-5.887686966143519,-6.536088347185796,-5.333082785102306,-7.251258062198758
907,-3.9135899543762207,-1.8667149543762207,-5.944839954376221,-8.327652931213379,-6.9684059537394205,-6.33754326403141,-6.671467302126985,-6.5776659249349905,-6.866805072539137,-7.797149756923318
908,-2.724212646484375,-1.0757752656936646,-4.857025146484375,-7.497650146484375,-6.802449458547926,-5.538818456232548,-6.122704385241377,-6.716418385340148,-5.505559916535276,-7.498567681759596
909,-4.088632583618164,-1.932382583618164,-6.080820083618164,-7.877695083618164,-6.932520737638697,-6.08979931473732,-6.729345675405057,-6.416778325819905,-6.784067384869559,-8.216441070660949
910,-2.8201956748962402,-1.2498831748962402,-5.24988317489624,-7.02332067489624,-6.460937850759365,-5.78819802030921,-5.742123483218165,-6.304584860700743,-5.617158051485603,-7.28047205414623
911,-2.4117326736450195,-1.677357792854309,-6.1929826736450195,-5.8570451736450195,-6.685414403647883,-5.392764508724213,-6.107173315424006,-5.927395104659809,-6.13840257544507,-7.689989786595106
912,-3.9391002655029297,-2.0250377655029297,-6.16566276550293,-8.30628776550293,-7.439201826658973,-6.644892856478691,-6.821961997728067,-6.603175878438378,-7.103214381793805,-8.037893870845437
913,-2.9079980850219727,-1.1736232042312622,-4.947060585021973,-7.642373085021973,-6.7518722933891695,-5.623311672359705,-6.1111762509535765,-6.43926346290209,-5.595582481641031,-7.188398105092347
914,-3.9484102725982666,-1.8624727725982666,-6.135910511016846,-8.487472534179688,-7.2844206068402855,-6.5674712508916855,-7.065642475092318,-6.33904719345901,-6.807842491434712,-7.815926561132073
915,-2.650991916656494,-1.1588042974472046,-5.088491916656494,-7.166616916656494,-6.627725467362325,-5.411787576973438,-5.791726940777153,-6.190082430446637,-5.713632454528124,-7.396267069503665
916,-4.182596683502197,-1.9872844219207764,-6.229471683502197,-8.620097160339355,-7.167084449130925,-6.650185614824295,-6.838929411329445,-6.502930879358246,-6.987379069592862,-7.926855493336916
917,-2.911837577819824,-1.1149625778198242,-4.849337577819824,-7.716525077819824,-6.787009701220086,-5.434718605130911,-6.240069145249436,-6.388428330023089,-5.677623497409513,-7.2370749190449715
918,-3.7266921997070312,-1.8438798189163208,-5.906379699707031,-7.914192199707031,-6.672182663343847,-6.108179301023483,-6.578342195498408,-6.437652110802446,-6.62526940323005,-7.911560200154781
919,-3.7125802040100098,-2.0094552040100098,-5.75164270401001,-7.04851770401001,-6.056573242211016,-5.886385887861252,-5.322084180137608,-6.056362151590292,-6.158065423354856,-7.476087395101786
920,-2.7734155654907227,-1.1562280654907227,-4.953103065490723,-7.257790565490723,-6.7735568185162265,-5.617180909961462,-5.875048277295718,-6.5781224964157445,-5.531324381954619,-7.422412445768714
921,-3.6615285873413086,-1.8724662065505981,-5.817778587341309,-8.497466087341309,-7.05222570636397,-6.229134261608124,-6.763140557974111,-6.599040746615174,-6.513152597442968,-7.8304624408483505
922,-4.149149417877197,-1.9069619178771973,-6.102274417877197,-8.946024894714355,-7.258583067126892,-6.756304755806923,-7.14137279922943,-6.6335337161581265,-7.063254713095375,-7.839632233604789
923,-2.5694475173950195,-1.29600989818573,-5.1163225173950195,-6.9678850173950195,-6.053979146134225,-5.308170914649963,-5.382011292327661,-6.053840637043322,-5.397687428550853,-7.299220276996493
924,-3.349208354949951,-1.6851458549499512,-6.192958354949951,-6.880458354949951,-6.919638745988777,-5.9768858179450035,-6.1227179739726125,-6.528910994415128,-6.982063888575794,-7.592885423451662
925,-4.058413028717041,-1.956850528717041,-6.183413028717041,-8.6365385055542,-7.324096677966736,-6.773322097957134,-6.964707492792513,-6.60530114165249,-6.96471595624098,-7.993342157453299
926,-3.721860885620117,-1.8156108856201172,-5.917173385620117,-8.589048385620117,-7.354802004178055,-6.235156320035458,-6.854749080652255,-6.628132223855573,-6.792274827581423,-7.948525864630938
927,-3.5989763736724854,-1.8567888736724854,-5.747413635253906,-8.138038635253906,-6.60691641944868,-5.896808050572872,-6.224074835678039,-6.091186046349321,-6.5053574952617055,-7.659074494615197
928,-2.932598114013672,-1.1357229948043823,-4.885723114013672,-7.893535614013672,-6.8233902314677835,-5.61502854898572,-6.315470336085127,-6.713869333041657,-5.643663636597921,-7.43503656052053
929,-3.6761627197265625,-1.980850100517273,-5.7699127197265625,-8.348037719726562,-6.457502718687465,-5.928573116660118,-6.059038994659204,-6.15274250492439,-6.285623069932626,-7.639445276930928
930,-3.6039414405822754,-1.8930038213729858,-5.986753940582275,-7.744566440582275,-6.33841192266118,-6.1945784240961075,-6.213366984044114,-6.252393126386778,-6.471206185218762,-7.916364686563611
931,-3.7401647567749023,-2.0370397567749023,-5.997977256774902,-8.122977256774902,-6.670050124623231,-5.947894051671028,-6.388690467756533,-6.216749429457195,-6.552788607557886,-7.889823015779257
932,-3.367854356765747,-1.633479356765747,-5.641292095184326,-7.805354595184326,-7.032081352095702,-6.260053299367428,-6.383547065364837,-6.53974413861215,-6.617915747679945,-7.679463140666485
933,-2.792715549468994,-1.2067781686782837,-5.081778049468994,-7.488028049468994,-6.785139056009939,-5.502681639045477,-6.128755683399504,-6.253679275168906,-5.871002065017819,-7.493386184796691
934,-3.628541946411133,-1.6597919464111328,-5.901979446411133,-8.308229446411133,-6.925474761246733,-6.335755720734596,-6.847325086044293,-6.4644876718184605,-6.605149506507587,-7.882109649479389
935,-3.562605142593384,-1.4532301425933838,-5.664167881011963,-8.187604904174805,-7.062684532844287,-6.358290772885084,-6.437646745780512,-6.765745162854728,-6.57828771903587,-7.748810360208154
936,-4.0207929611206055,-2.1067304611206055,-6.1301679611206055,-8.137980461120605,-7.474159211618826,-6.49526184797287,-6.677219732868252,-6.5989562265713175,-7.130365471413825,-8.159869644790888
937,-2.736710548400879,-1.330460548400879,-5.416398048400879,-6.908585548400879,-6.025926578178769,-5.581771537661552,-5.369597551434708,-5.846109151561905,-5.768082134483848,-7.091008588671684
938,-3.8461737632751465,-1.8227362632751465,-6.0102362632751465,-8.127424240112305,-6.846270318135794,-6.538427338004112,-6.658724664346664,-6.377439021947794,-6.75249933910527,-7.7438772432506084
939,-2.922457218170166,-1.313082218170166,-5.024019718170166,-6.906832218170166,-6.446146098955069,-5.567585185170174,-5.571008914150298,-6.156860708784734,-5.532028059853474,-7.247513761743903
940,-3.85473370552063,-2.04223370552063,-5.932858467102051,-8.43285846710205,-6.823571320492192,-6.034055694937706,-6.573542235553759,-6.440685033699083,-6.550116894111852,-7.987469678744674
941,-4.0355963706970215,-1.9730963706970215,-6.0824713706970215,-8.44965934753418,-7.0279037880536634,-6.3922699093818665,-6.707538960079546,-6.379362106199551,-6.84037315446767,-7.891503043472767
942,-3.9187309741973877,-1.8796684741973877,-5.973418235778809,-8.559355735778809,-7.07509576612938,-6.378201514482498,-6.801623818013468,-6.403126597186201,-6.762572165127494,-7.838167494162917
943,-3.6259891986846924,-1.8525516986846924,-6.125988960266113,-8.016613960266113,-7.108145113583305,-6.650393128395081,-6.8112233867177565,-6.295565605092634,-6.881553886356414,-7.946010896936059
944,-2.5507655143737793,-1.1367030143737793,-4.871078014373779,-7.074203014373779,-6.433789469301701,-5.224885493516922,-5.589923615654698,-6.488292812928194,-5.457176195588545,-7.377068065106869
945,-3.450770139694214,-2.052332639694214,-5.669520378112793,-7.466395378112793,-6.45091461094853,-5.687242805957794,-6.099295254702156,-6.036730885240104,-6.083711973435129,-7.68528413400054
946,-3.8238701820373535,-1.7691826820373535,-6.1285576820373535,-7.8394951820373535,-6.808365933757159,-6.32519643753767,-6.5270737378741615,-6.862945914181182,-6.7692495562150725,-8.08874623477459
947,-3.9278244972229004,-1.8028244972229004,-6.1309494972229,-8.677824020385742,-7.154453156188538,-6.499748319387436,-6.701306461298373,-6.466898322040834,-6.779442547209328,-7.845237512141466
948,-2.50616192817688,-1.3420994281768799,-5.099911689758301,-6.553036689758301,-6.248561359781888,-5.1419140957295895,-5.24062263595988,-6.357747435298734,-5.350029342407652,-7.188789060339332
949,-3.582028388977051,-1.8164033889770508,-5.785153388977051,-7.980465888977051,-6.800929773322423,-5.903749354183674,-6.644611235999037,-6.480483531795471,-6.293083541626402,-7.80192787013948
950,-2.5544354915618896,-1.2966229915618896,-5.054435729980469,-6.999748229980469,-6.5233950395922875,-5.250221125781536,-5.43735920767358,-6.585718273585371,-5.390541420143563,-7.749394036829472
951,-3.882838249206543,-1.8984631299972534,-5.984400749206543,-8.625025749206543,-7.070400474520284,-6.433499425649643,-6.8125669947694405,-6.453161477985304,-6.765703795932495,-7.754912985488772
952,-3.7493038177490234,-2.0461788177490234,-5.835241317749023,-8.327428817749023,-7.0931485846449505,-6.404253289103508,-6.608736632584623,-6.538380503553526,-6.686891551937151,-7.93516287393868
953,-2.62094783782959,-1.1287604570388794,-4.98032283782959,-7.27719783782959,-6.621069662302034,-5.407991897314787,-5.9256888613672345,-6.503778695891015,-5.535105939110508,-7.440748236142099
954,-2.8242580890655518,-1.2461330890655518,-5.050820350646973,-7.214882850646973,-6.816680642106803,-5.444339096546173,-5.847831597580807,-6.2227261061707395,-5.535381895781029,-7.21884317137301
955,-3.734398365020752,-1.8984607458114624,-5.914085865020752,-8.492210388183594,-7.218839047185611,-6.454370371997356,-6.8672580707861925,-6.554721832215364,-6.76569449794988,-7.855872975662351
956,-2.816716194152832,-1.2854660749435425,-5.957341194152832,-6.769841194152832,-6.660592190441093,-6.00138471275568,-5.769903419466573,-6.613609313801135,-6.535521386529581,-7.720741211436689
957,-3.083784580230713,-1.185347080230713,-4.950972080230713,-7.943159580230713,-7.091658709534386,-5.797296945005655,-6.451000094020856,-6.732234120296198,-5.693209170065529,-7.352166625671089
958,-4.211324691772461,-2.086324691772461,-6.289449691772461,-8.687887191772461,-7.312950609106338,-6.40893991291523,-6.9223114239975985,-6.273834705302761,-7.102004645745183,-7.863141130656004
959,-3.4921910762786865,-1.9062535762786865,-5.859378814697266,-7.328128814697266,-6.445491417805897,-5.927694544196129,-6.289153810488642,-6.1484634873795585,-6.289202204046887,-7.7746696919202805
960,-3.7818655967712402,-1.8365530967712402,-6.04749059677124,-7.79749059677124,-6.797646748746047,-6.445630080997944,-6.555384990198945,-6.430330991355731,-6.844496241625166,-8.03619010001421
961,-4.0888590812683105,-2.2372965812683105,-6.0419840812683105,-8.385734558105469,-7.182714933514944,-6.388280689716339,-6.713933465100126,-6.565438985673609,-6.776467555835552,-8.129068283364177
962,-2.7979068756103516,-1.3369693756103516,-5.141656875610352,-7.227594375610352,-6.540279132939759,-5.613424524664879,-5.641726253008528,-6.360429167498296,-5.524601927550975,-7.3629991468042135
963,-3.9065754413604736,-1.8987629413604736,-6.1800127029418945,-8.031575202941895,-6.992675529574626,-6.411135345697403,-6.734795446631324,-6.3441001173723635,-6.742642751822132,-8.02533445134759
964,-3.777033567428589,-1.8785960674285889,-5.972346305847168,-7.917658805847168,-6.9099869629135355,-6.200374156236649,-6.597422716084111,-6.323928117564719,-6.73808466745686,-8.008956434205174
965,-3.8948023319244385,-1.8010523319244385,-6.535427093505859,-8.01198959350586,-7.621491781726945,-6.565274134278297,-6.879265423689503,-6.762007832361633,-6.98861920608033,-7.908428121358156
966,-4.094808101654053,-1.9541828632354736,-6.110433101654053,-8.493245124816895,-7.133991830152809,-6.552855759859085,-6.837059138189943,-6.626073121911759,-6.844889518280979,-7.9966854732483625
967,-3.6555919647216797,-2.1243419647216797,-6.05402946472168,-8.10871696472168,-6.7260718205652665,-5.85733138024807,-6.210378165145812,-6.2337424751840445,-6.515110124833882,-7.851252645254135
968,-3.763249635696411,-1.8335621356964111,-5.950749397277832,-8.302311897277832,-7.278979772738239,-6.385987192392349,-6.864880559471203,-6.482015013572891,-6.85708212510508,-7.853345079347491
969,-3.795158863067627,-1.990471363067627,-5.888908863067627,-7.990471363067627,-6.951548685785383,-6.3460677564144135,-6.701484319703013,-6.443612575400039,-6.701513404150319,-7.936458397656679
970,-3.954979658126831,-1.994042158126831,-6.11904239654541,-8.10341739654541,-7.173820491501829,-6.406786911189556,-6.751923081930727,-6.579995155218057,-6.88475560752704,-8.124461941421032
971,-2.794163227081299,-1.2082258462905884,-4.911350727081299,-7.950413227081299,-7.075581417244393,-5.69681790843606,-6.372351048405108,-6.637931942765135,-5.817737808363745,-7.4687434528023005
972,-3.690718650817871,-1.768843650817871,-5.714156150817871,-8.143843650817871,-6.870492097019451,-6.237416982650757,-6.534525750437751,-6.323545217414903,-6.573622222567792,-7.736153423786163
973,-3.725783586502075,-1.8039085865020752,-5.772658348083496,-8.421095848083496,-7.06183623601828,-6.082630127668381,-6.8430429671061574,-6.499238252488794,-6.608683224672859,-7.8248511999845505
974,-3.6501832008361816,-1.775183081626892,-5.829870700836182,-7.689245700836182,-7.1113630239560734,-6.101381309330463,-6.626848453961429,-6.361147522566171,-6.400348649636726,-7.552762996405363
975,-2.6471686363220215,-1.186231017112732,-4.9674811363220215,-6.9206061363220215,-6.303599341277732,-5.546771265566349,-5.6081674080196535,-6.194067001069925,-5.498854867910268,-7.267076577991247
976,-3.9822001457214355,-1.880637764930725,-6.2009501457214355,-8.091575622558594,-6.880769005729235,-6.376334697008133,-6.435399410351238,-6.169720768715706,-6.607305997968069,-7.800289003178477
977,-3.8701658248901367,-2.0029783248901367,-5.963915824890137,-8.604540824890137,-7.120240089519939,-6.553916335105896,-6.838959096927283,-6.502989053668898,-6.854599474139832,-7.819052342325449
978,-3.615208148956299,-1.7870832681655884,-5.841770648956299,-8.310521125793457,-6.896534439991228,-6.000288873910904,-6.7480672587007575,-6.451156616150911,-6.451205609431781,-7.829261498525739
979,-2.7553694248199463,-1.1928694248199463,-4.989744186401367,-7.341306686401367,-6.716455090951058,-5.637631222605705,-5.942922590736998,-6.544447779526308,-5.60703646588081,-7.413718407973647
980,-2.7897863388061523,-1.2429112195968628,-4.985098838806152,-6.946036338806152,-6.610351411392912,-5.5059031918644905,-5.836775773175759,-6.33668613403097,-5.610303857771214,-7.3281186651438475
981,-3.715451717376709,-1.801389217376709,-6.176389217376709,-7.871701717376709,-6.660912502731662,-6.491416037082672,-6.379592773213517,-6.277974128472124,-6.582751625421224,-7.740266565233469
982,-3.8530006408691406,-2.0014381408691406,-6.212375640869141,-8.31393814086914,-7.181236260970763,-6.694394379854202,-6.673364161142672,-6.509264230635381,-7.001518246303021,-7.842754788696766
983,-3.9519896507263184,-1.912927269935608,-5.998864650726318,-8.647302627563477,-7.280177829656168,-6.528369829058647,-6.920783757192112,-6.701999902672469,-6.936415790205501,-7.871549539268017
984,-3.642443895339966,-2.017443895339966,-5.767443656921387,-7.572131156921387,-6.494616199925076,-5.619627922773361,-6.322582936743856,-6.423972248103382,-6.236726478266064,-7.76459813117981
985,-4.053369045257568,-2.0689940452575684,-6.592431545257568,-8.31118106842041,-6.670664662240597,-6.584375768899918,-6.381551860093168,-6.467443466115583,-6.865953680273378,-7.969230312854052
986,-2.894001007080078,-1.3236886262893677,-5.284626007080078,-7.315876007080078,-6.566085435872083,-5.436602640897036,-5.745663995461655,-6.198712229446755,-5.644149650019244,-7.257813271135092
987,-4.423239231109619,-2.24355149269104,-6.727926731109619,-8.751363754272461,-7.290543430193793,-6.570211723446846,-6.634250280534616,-6.532633065999107,-7.267078872479033,-8.142950603738427
988,-4.360095024108887,-2.0319700241088867,-6.422595024108887,-8.516345024108887,-7.07902453718998,-6.495665267109871,-6.610170361542259,-6.414801597413316,-6.813327545110951,-7.855373030528426
989,-3.931199789047241,-1.9546372890472412,-6.10307502746582,-8.47807502746582,-6.970371002033062,-6.1276785880327225,-6.556276676099515,-6.454653739798232,-6.634424681469682,-7.862005719915032
990,-3.6334385871887207,-1.8990634679794312,-6.024063587188721,-8.195938110351562,-6.96168767636118,-6.2933139726519585,-6.508511898216966,-6.461580753179078,-6.727293485862901,-7.916267175227404
991,-3.594799518585205,-2.376049518585205,-6.391674518585205,-7.633862018585205,-6.454381682866369,-6.158469632267952,-5.602731935941847,-6.204204916492017,-6.602783188471221,-7.784936163574457
992,-3.284989833831787,-1.4178024530410767,-5.449052333831787,-8.425615310668945,-6.86325704040064,-5.652179606258869,-5.9881765823374735,-6.785013675405935,-6.13665389498783,-7.5630025789141655
993,-2.9086697101593018,-1.1977322101593018,-4.893044471740723,-7.650856971740723,-6.830688347006799,-5.458407051861286,-5.93998801473208,-6.46337711790693,-5.5338107247662265,-7.29933843947947
994,-3.879960060119629,-2.036210060119629,-5.919022560119629,-8.067460060119629,-6.94269761601754,-6.082237593829632,-6.442603220231831,-6.5518548486652435,-6.278550255563459,-7.922433990985155
995,-3.9559764862060547,-1.9091014862060547,-6.034101486206055,-8.237226486206055,-6.862370599847054,-6.537208408117294,-6.651358244402218,-6.487245559510484,-6.78420233217912,-7.908885167911649
996,-3.9977636337280273,-1.7790136337280273,-6.286826133728027,-8.200888633728027,-7.263664803525899,-6.405078500509262,-6.7869299596277415,-6.6462237832365645,-6.935382478324755,-7.936145059764385
997,-3.470139265060425,-1.4857642650604248,-5.727952003479004,-7.282639503479004,-6.470441772544291,-5.859454423189163,-5.603076211846201,-5.9701815834741865,-6.360945446809637,-7.367071982473135
998,-3.6454951763153076,-2.0126826763153076,-6.137682914733887,-7.637682914733887,-6.372255425027106,-5.852164089679718,-5.8877783968127915,-6.317398786142803,-6.262844430282712,-7.831632481887937
999,-3.9326775074005127,-1.9639275074005127,-6.120177268981934,-7.917052268981934,-7.07348952924076,-6.2911685556173325,-6.495266910351347,-6.1748861072173895,-6.956254234130029,-7.890898860991001
