,elephant,dolphin,panda,lion,kangaroo,penguin,giraffe,chimpanzee,koala,orangutan
000,-0.5874679088592529,-2.556217908859253,-3.415592908859253,-6.485905647277832,-4.610905885696383,-2.998523708898574,-3.3220522184710717,-7.353093385696383,-3.68318293010816,-9.993732333082335
001,-0.6254449486732483,-1.3129448890686035,-4.8598198890686035,-6.4145073890686035,-5.1254448890686035,-4.798101239022799,-3.125618919482804,-6.250445485114881,-4.235243230854394,-8.59421563127944
002,-0.5633103251457214,-1.4383103847503662,-4.844560146331787,-6.907060146331787,-5.000810146331787,-5.189134138985537,-2.6728339084947947,-6.000810861587297,-3.78253639335162,-8.555521487916849
003,-0.6463803052902222,-1.1307553052902222,-5.537005424499512,-5.966692924499512,-5.802630424499512,-5.873609320784453,-3.1153045741084497,-5.607318639755022,-5.232755565230036,-8.372966646866189
004,-0.31561148166656494,-3.4406113624572754,-4.456236362457275,-7.456236362457275,-4.901549458503553,-2.9137608646415174,-2.893978685577167,-7.995299100875826,-4.7004000674933195,-10.339070558322419
005,-0.3946610391139984,-1.5977860689163208,-5.191535949707031,-6.894660949707031,-5.691535949707031,-5.403188211494125,-3.2541780370811466,-6.4493490457533085,-4.8560338264505845,-8.910305738252646
006,-0.5103411674499512,-1.8228411674499512,-5.166591167449951,-6.916591167449951,-5.010341167449951,-4.5350364877376705,-2.3073425213078735,-6.424404144286996,-3.924952475586906,-8.68223977062189
007,-2.406764507293701,-0.9692646265029907,-5.664577007293701,-3.953639507293701,-5.852077007293701,-2.2085694782435894,-4.149153927442967,-5.125514864921513,-5.321482920087874,-7.211482762817468
008,-0.6696754693984985,-1.3884254693984985,-4.779050350189209,-5.974362850189209,-5.091550350189209,-5.998612193448935,-2.4511167819873663,-5.583738446235486,-4.099756401818013,-8.333764910345053
009,-0.5226085186004639,-1.4288585186004639,-4.881983757019043,-6.631983757019043,-5.483546257019043,-5.0546445142827,-3.0852441695751622,-6.25698435306532,-5.085586076282198,-8.725757837006313
010,-0.7419754266738892,-1.5232254266738892,-4.5310378074646,-6.0466628074646,-5.2497878074646,-6.032085227547213,-2.101536137473886,-5.710726261138461,-3.367411279992666,-8.11700296365052
011,-0.4469967484474182,-1.5251216888427734,-5.517309188842773,-6.736059188842773,-5.806371688842773,-5.401006188127212,-3.2909157133253757,-6.009497284889051,-5.416345059638843,-8.657956003904474
012,-0.614111065864563,-1.645361065864563,-4.785985946655273,-6.731298446655273,-5.239110946655273,-4.898060727166012,-2.473681788338581,-6.403174161910783,-3.7161163302953355,-8.7625775332981
013,-0.48274481296539307,-1.732744812965393,-5.2171196937561035,-6.3655571937561035,-4.4749321937561035,-4.164882635464892,-2.8266771865310147,-6.373370289802381,-4.217597370472504,-8.83432793596694
014,-0.5588400363922119,-1.418215036392212,-4.879152297973633,-6.871339797973633,-5.183839797973633,-5.012751627305988,-2.6996339416946284,-6.058840513229143,-4.371777081221808,-8.847924470655926
015,-0.548714280128479,-1.314339280128479,-5.5565266609191895,-6.7127766609191895,-6.1659016609191895,-5.7993273047031835,-3.6426516595529392,-5.923714756965467,-5.486603065190138,-8.665925264091129
016,-0.5615171790122986,-1.2646422386169434,-5.545892238616943,-6.647454738616943,-6.108392238616943,-5.530997724679764,-3.78824935904413,-5.788080453872453,-5.788605670910329,-8.506855606685349
017,-0.34801429510116577,-2.0198893547058105,-5.1605143547058105,-6.8714518547058105,-5.3323893547058105,-5.059972480521537,-3.1294100178492954,-6.348014950752088,-4.793759848311311,-8.871474265790312
018,-0.882358729839325,-1.3198587894439697,-4.577671051025391,-6.257358551025391,-4.866733551025391,-5.273890560667496,-1.9919135408999864,-5.890171885490076,-3.601545715238899,-7.6948918098642025
019,-0.5678772926330566,-3.3413147926330566,-4.028814792633057,-7.560064792633057,-2.8647526502608684,-2.664896740578115,-1.9118028725060867,-6.771002531051607,-4.280520295258611,-9.325709461962106
020,-0.6683746576309204,-1.2933746576309204,-4.824624538421631,-5.933999538421631,-4.901697158813477,-5.136755114013795,-2.6987539364636177,-5.768885254859754,-4.22242322951206,-8.651729702418379
021,-0.3718828558921814,-1.9656329154968262,-5.778132915496826,-6.442195415496826,-5.059382915496826,-4.498732762178406,-3.2705048152711242,-6.028133392333871,-4.59898588352371,-8.832842707373857
022,-0.5988867282867432,-1.1145117282867432,-5.481698989868164,-6.919198989868164,-5.466073989868164,-5.021326978050638,-3.302185877895681,-6.208262205123674,-6.044646997208474,-9.302037000330529
023,-0.820729672908783,-2.1644797325134277,-4.734792232513428,-7.641042232513428,-4.117604732513428,-3.3376408885233104,-2.2271169329906115,-6.414480328559705,-3.086991226708051,-8.69575226280358
024,-0.42723897099494934,-1.630363941192627,-5.528801441192627,-6.645988941192627,-5.435051441192627,-5.568677332892548,-2.7243360034481157,-6.310052275657313,-5.107384815055411,-9.153826236428358
025,-0.6206150054931641,-1.276865005493164,-4.839365005493164,-6.526865005493164,-5.089365005493164,-4.879198968759738,-2.714506616102881,-6.214365601539441,-4.589799667301122,-8.753451943099208
026,-0.823796272277832,-0.917546272277832,-5.370671272277832,-6.237858772277832,-5.550358772277832,-5.730778545199428,-3.4020752788201207,-6.019109368324109,-5.3788499161892105,-8.761318444960125
027,-0.8405944108963013,-1.1843444108963013,-4.746844291687012,-5.731219291687012,-5.035906791687012,-5.380399070796557,-2.418880092096515,-5.5905951261516975,-4.169238551694434,-8.114059924682806
028,-0.4674012064933777,-1.3892762660980225,-5.397088527679443,-6.811151027679443,-5.803338527679443,-6.218187023187056,-2.9206596524018096,-6.412714242934953,-4.936579493281897,-8.803360819578302
029,-0.9167882204055786,-0.8855382204055786,-4.455850601196289,-5.487100601196289,-5.057413101196289,-5.72990732092876,-2.8544390087627107,-5.401164054870151,-4.66724385364796,-7.963691353399554
030,-0.31653594970703125,-2.1446609497070312,-4.918098449707031,-6.964973449707031,-5.988410949707031,-5.731558100727852,-2.832338079024339,-6.254036664962541,-4.520023161137942,-9.050932883976202
031,-0.4675091505050659,-1.951884150505066,-5.0925092697143555,-7.0143842697143555,-4.8659467697143555,-4.117444823146798,-3.280142536823405,-6.4596972465514,-3.710097471048357,-8.295653581431907
032,-0.76708984375,-1.22021484375,-4.60302734375,-6.27490234375,-5.36865234375,-6.1196043726522475,-2.4235240051493747,-5.813965797423862,-3.8143874705710914,-8.00149512245116
033,-0.7466544508934021,-1.1529045104980469,-5.020092010498047,-6.551342010498047,-5.106029510498047,-5.262853219406679,-2.8718255612038774,-5.895092725753557,-4.559668647183571,-8.238869309052461
034,-0.8602850437164307,-1.2821600437164307,-4.797784805297852,-6.571222305297852,-5.055597305297852,-4.923645602597389,-2.4542431614827365,-5.922785401344129,-3.735832898702938,-8.204068183342315
035,-0.800004243850708,-1.268754243850708,-4.753129005432129,-5.925004005432129,-5.159379005432129,-5.832456104340963,-2.112698416924104,-5.698442459105991,-3.8629580898268614,-8.026594519222272
036,-0.28518810868263245,-2.6914381980895996,-4.9336256980896,-8.105500221252441,-4.42581343650815,-3.380744850845076,-3.0196580841802643,-7.308626055717411,-4.575232262373902,-9.449264645472795
037,-0.5362694263458252,-1.7237694263458252,-5.348769187927246,-6.489394187927246,-5.364394187927246,-4.827703403076157,-2.348946555663133,-5.934707283973523,-4.567964812158607,-8.325355171880801
038,-0.6440073251724243,-1.3940073251724243,-4.862757205963135,-6.550257205963135,-5.448694705963135,-4.535434520163108,-3.269189341168385,-5.909632802009412,-4.074102080339799,-8.6987166402414
039,-0.711504340171814,-1.102129340171814,-4.8599419593811035,-6.1724419593811035,-5.2505669593811035,-5.173104662622791,-2.899163829497411,-5.6802551746366134,-4.563438823213801,-8.399028896974414
040,-0.12211792916059494,-3.7158679962158203,-4.98149299621582,-7.39555549621582,-5.926805734634371,-4.553407101077028,-3.169149386580102,-8.051805853843632,-5.912049154518172,-11.184632301228703
041,-0.7159861922264099,-1.4034862518310547,-4.911298751831055,-6.497236251831055,-4.958173751831055,-5.451205612276681,-2.1692732441297267,-5.9191120862957405,-4.068135089590214,-8.208202361651274
042,-0.6307460069656372,-1.2244960069656372,-4.740120887756348,-6.279183387756348,-5.419808387756348,-5.725198975356761,-2.8027756094379583,-5.763559103011858,-4.334379781910684,-8.841707348536147
043,-0.34082046151161194,-2.137695550918579,-4.9501953125,-7.4501953125,-5.4345703125,-5.427776771015488,-2.4503624299977673,-6.71582102775551,-4.388101971911965,-9.387712597697828
044,-0.7892789244651794,-1.1486539840698242,-4.289278984069824,-6.133028984069824,-5.125216484069824,-4.6335581332677975,-2.86753975423926,-5.922092080116101,-4.258577196509577,-8.703368186594162
045,-0.29910001158714294,-3.002224922180176,-4.588162422180176,-7.119412422180176,-5.058245420455904,-3.3031022646464407,-2.6130714320170227,-7.347307920455904,-4.8250845447182655,-9.75357389436067
046,-0.7229323387145996,-1.2073073387145996,-4.7698073387146,-5.8244948387146,-5.0198073387146,-5.489069688192103,-2.8481262734276243,-5.386995673179285,-4.262389581970638,-8.660464286309434
047,-0.6775636672973633,-1.5681886672973633,-4.560376167297363,-6.521313667297363,-4.857251167297363,-4.616022961039562,-2.2558143060014118,-5.888501882552873,-4.201492308173329,-8.31821775394019
048,-0.9046671986579895,-0.9984171986579895,-4.889042377471924,-5.615604877471924,-4.787479877471924,-4.850524515553843,-2.7876466373272706,-5.279668092727434,-4.780046748666791,-8.44375765283803
049,-0.6786544322967529,-1.178654432296753,-4.952092170715332,-6.069279670715332,-5.147404670715332,-5.077739863423631,-2.7881841539783636,-5.827092885970842,-4.59314218070358,-8.663056611650973
050,-0.5902454257011414,-1.7933704853057861,-4.488682746887207,-6.512120246887207,-4.949620246887207,-4.55999503203202,-2.1841741640673717,-6.215245962142717,-3.7780995934153907,-8.652767538775151
051,-0.4916103482246399,-1.3822352886199951,-5.640048027038574,-6.679110527038574,-5.671298027038574,-5.398766941158101,-3.163654432297335,-6.038486242294084,-5.124793699214933,-8.710380077171067
052,-0.593885064125061,-1.234510064125061,-5.0157599449157715,-6.7891974449157715,-5.2188849449157715,-5.446075957152061,-2.9378257807838963,-5.961073279380457,-4.430211110855453,-8.531415223631484
053,-0.6203141808509827,-1.714064121246338,-4.409376621246338,-6.292189121246338,-4.925001621246338,-4.9568721514660865,-2.0736108870769385,-5.885939955711024,-3.6755439956323244,-8.846907019167702
054,-0.5101550817489624,-1.3539050817489624,-5.338280200958252,-6.385155200958252,-5.525780200958252,-5.86238826677436,-2.6509349226398626,-6.189843416213762,-4.9792658632213715,-8.77580332728212
055,-1.0545845031738281,-0.9920845031738281,-5.226459503173828,-6.234272003173828,-5.304584503173828,-5.25043461174937,-3.179754004420829,-5.648335218429338,-5.1331239079881925,-8.437427877903247
056,-0.6434879302978516,-1.4403629302978516,-4.784112930297852,-6.190362930297852,-4.924737930297852,-5.003914994653314,-2.5499299580260413,-5.8309886455533615,-4.268927477532998,-8.518513440760216
057,-1.01314115524292,-0.7631412148475647,-5.02095365524292,-6.18501615524292,-5.03657865524292,-5.896482566196937,-3.044579607376363,-5.7787672281259574,-4.771528198150918,-8.13036096045471
058,-0.9591169357299805,-1.0684919357299805,-4.5841169357299805,-6.1309919357299805,-4.7794294357299805,-5.748871801944915,-2.6624557743343757,-5.888805508613018,-3.7017723419121467,-7.998217343563738
059,-0.7362448573112488,-1.3299949169158936,-5.0956196784973145,-5.9628071784973145,-4.7284321784973145,-4.354347763408441,-2.5176716886635404,-5.619057774543592,-4.2522564378450625,-8.376898169124615
060,-0.32726815342903137,-3.108518123626709,-4.342893123626709,-7.264768123626709,-4.577268481254521,-3.4306169281480834,-2.593039144339855,-7.077268481254521,-3.9614216630579904,-9.725723743282288
061,-0.4137064218521118,-1.8199564218521118,-4.843393802642822,-6.687143802642822,-5.648081302642822,-5.594037087459583,-2.5701107859495096,-6.116832017898332,-4.164270956825931,-8.94498276676677
062,-0.8076784014701843,-1.026428461074829,-4.93267822265625,-6.76861572265625,-4.97174072265625,-5.636413149768487,-3.0813450550922425,-5.682679057120936,-4.6674497533240356,-8.128021835796972
063,-0.9598382711410522,-1.3660882711410522,-3.748900890350342,-5.905150890350342,-4.647338390350342,-4.890429922495969,-2.022501693747472,-5.6785893440242035,-3.1088302982388996,-7.866120457136276
064,-0.7747095227241516,-1.1653344631195068,-4.727834701538086,-6.337209701538086,-5.032522201538086,-4.798685524961911,-2.6811085828230716,-6.282522916793596,-4.079840680962661,-8.540359496762903
065,-0.7808807492256165,-1.0933806896209717,-4.976193428039551,-6.468380928039551,-5.335568428039551,-5.312715240463149,-3.0154340108128963,-5.976194143295061,-4.882793841941748,-8.624656557707567
066,-0.588107705116272,-1.338107705116272,-5.127170085906982,-6.658420085906982,-5.064670085906982,-5.073137426516041,-2.60389112168923,-6.21310818195326,-4.322931189031806,-8.666256785110818
067,-0.728178083896637,-1.1344280242919922,-4.892240524291992,-6.134428024291992,-5.157865524291992,-5.572680428624153,-2.7439691882318584,-5.782866239547502,-5.134767951414688,-8.400076031419303
068,-0.6643853187561035,-1.1800103187561035,-5.2581353187561035,-6.3753228187561035,-5.2034478187561035,-4.625976825424004,-2.6957923050649697,-5.9534485340116134,-4.539860969904112,-8.672222375556885
069,-0.9534175395965576,-1.0002925395965576,-4.820605278015137,-5.937792778015137,-4.953417778015137,-4.8446513946400955,-3.008287055621622,-5.5159186124798225,-4.258531360450434,-8.328450083212374
070,-0.9603424072265625,-0.9759674072265625,-4.7962799072265625,-6.1947174072265625,-5.4447174072265625,-5.2265469540143386,-3.1167491551605053,-5.50721800327284,-4.921683110966114,-8.288497805133375
071,-0.5182142853736877,-1.815089225769043,-5.244776725769043,-6.111964225769043,-5.026026725769043,-5.105891382554546,-2.0808757413178682,-5.7682147026060875,-4.479561006708536,-8.58855247464453
072,-0.4218207001686096,-1.5780706405639648,-5.382758140563965,-6.203070640563965,-5.933750152587891,-5.903296630189288,-3.097972380273859,-5.683750867843401,-5.223277818236966,-8.793156980962522
073,-0.5152938961982727,-1.655918836593628,-5.046544075012207,-6.952794075012207,-5.163731575012207,-4.852136559959035,-2.6248420326883206,-6.085607290267717,-4.539208655973198,-8.718442678173233
074,-0.7383418679237366,-1.2070918083190918,-4.941466808319092,-6.425841808319092,-5.003966808319092,-5.707839805225376,-2.269791583137703,-5.722717642783778,-4.395087119424716,-8.152434825446107
075,-0.6480376720428467,-1.1480376720428467,-5.023037910461426,-6.210537910461426,-5.538662910461426,-5.406491789151914,-3.1326008858013665,-5.749601244926112,-5.203092269366607,-8.398062586480592
076,-0.6653424501419067,-1.1028424501419067,-5.243467330932617,-6.462217330932617,-5.399717330932617,-5.619120384566486,-2.8374084051611135,-6.141905784606479,-5.298590326827252,-8.282557487105805
077,-0.7593646049499512,-2.212489604949951,-4.360927104949951,-5.267177104949951,-4.743739962577763,-3.5308926766738296,-1.9469995407562237,-7.220302343368502,-4.729171670856886,-9.735944151741933
078,-0.44838815927505493,-1.5108880996704102,-5.28432559967041,-6.70620059967041,-5.63588809967041,-5.949298444145825,-2.9485531909012934,-6.167138695716687,-4.995855275250506,-9.026535749178947
079,-0.838841438293457,-1.323216438293457,-4.698216438293457,-6.479466438293457,-4.791966438293457,-5.050509067019448,-2.0890197594853817,-5.760717272758143,-3.7063471764558926,-8.135743975260993
080,-0.5823638439178467,-1.3948638439178467,-5.394864082336426,-5.730801582336426,-5.129239082336426,-5.2939447480021045,-2.691919191303896,-5.621427297591936,-4.684281643771101,-8.808954953745342
081,-0.9884045124053955,-1.2384045124053955,-4.589966773986816,-5.808716773986816,-4.808716773986816,-5.247078524145763,-2.0823207955399994,-5.300905108451502,-3.4106867676018737,-7.613435983155796
082,-0.5160827040672302,-1.328582763671875,-5.625457763671875,-6.828582763671875,-6.023895263671875,-5.4697599078645,-3.047484505586908,-6.078583598136561,-5.258705402113264,-8.773917317146697
083,-0.4973616600036621,-1.512986660003662,-5.255174160003662,-6.239549160003662,-5.083299160003662,-5.209101355110761,-3.1225503505120287,-5.723924756049939,-4.732164172339253,-8.653636932065638
084,-0.3188137114048004,-2.7875638008117676,-5.240688800811768,-7.607876300811768,-5.295376658439579,-3.445389935397543,-2.4908670028235065,-7.662564277648812,-4.952907932689413,-9.146956801243505
085,-0.40072324872016907,-1.4319732189178467,-6.135098457336426,-6.681973457336426,-6.533535957336426,-6.471867692191154,-3.4946215042728,-6.142911553382703,-6.190181534708245,-8.885117411433384
086,-0.2807043790817261,-3.0463294982910156,-4.718204498291016,-6.772891998291016,-4.913517236709566,-3.500190344871953,-2.56210445232864,-7.608829855918827,-4.906909454846755,-9.749471902696314
087,-0.8220067024230957,-1.3220067024230957,-4.611069202423096,-6.025131702423096,-4.8306660652160645,-5.11272338218987,-2.1042708018649137,-5.541604280471574,-3.9795023599581327,-8.533818363783212
088,-0.576985239982605,-1.451985239982605,-5.5066728591918945,-6.6316728591918945,-5.2801103591918945,-5.554391743207816,-2.530310134010506,-6.05354869365658,-4.522676515392959,-8.4988902802761
089,-0.41605862975120544,-3.0254335403442383,-4.298871040344238,-6.986371040344238,-4.564496278762789,-4.11307511490304,-1.947446098420187,-7.072309017181283,-4.588839597185142,-8.939514398405663
090,-0.3399313986301422,-2.9180564880371094,-4.582118988037109,-6.550868988037109,-4.683681845664921,-3.545203643850982,-2.308840738973231,-7.41805672645566,-5.028323609905783,-9.566508531464933
091,-0.5595599412918091,-1.262684941291809,-5.0283098220825195,-6.9970598220825195,-5.4736223220825195,-5.97432683914667,-3.012864692718722,-5.879873156547205,-4.669333259342238,-8.473647594131762
092,-0.9212827682495117,-0.9056577682495117,-4.718157768249512,-5.991595268249512,-4.944720268249512,-5.304637404333334,-3.1402432696922915,-5.554096221923373,-4.640395337162772,-8.226003169471369
093,-0.7214878797531128,-1.3152378797531128,-4.658987998962402,-6.244925498962402,-5.143362998962402,-6.113038111827336,-2.252883066146751,-5.854301214217912,-4.073498029698385,-7.807454585605228
094,-0.5574933290481567,-1.5262433290481567,-5.221555709838867,-6.260618209838867,-5.159055709838867,-5.925487431231886,-2.213923676419654,-5.807494163512729,-4.4798970016418025,-8.690334200453435
095,-0.7504406571388245,-1.1879405975341797,-4.48481559753418,-6.26606559753418,-4.94575309753418,-4.836947993957438,-2.9615303162136115,-5.89106631278969,-4.274305490689585,-8.312966227202196
096,-0.640051543712616,-2.6400516033172607,-4.132238864898682,-6.343176364898682,-4.210364103317232,-2.828713338007219,-1.7027373141463613,-7.1166142225264934,-4.05568226298783,-8.858820438212206
097,-1.0292320251464844,-0.9823570251464844,-4.458919525146484,-6.162044525146484,-5.138607025146484,-5.569274898502044,-2.513764607414487,-5.787045240401994,-3.771820941445185,-7.669890999215568
098,-0.7980055212974548,-1.0636305809020996,-5.1261305809021,-6.1417555809021,-4.7120680809021,-5.040990511421114,-2.657603239058517,-5.891756415366785,-4.5639752747665625,-8.446465849605374
099,-0.7407507300376892,-1.193875789642334,-5.123563289642334,-5.889188289642334,-4.709500789642334,-5.4446149715804495,-2.5065920119086513,-5.584501504897844,-4.709877300891094,-8.326711654379324
100,-0.6588382720947266,-1.5338382720947266,-4.463525772094727,-6.205713272094727,-5.479150772094727,-5.3394611274125054,-2.221560453530401,-6.276026606559412,-3.8155941875302233,-8.994798898429508
101,-0.3540160059928894,-2.385266065597534,-5.635265827178955,-6.432140827178955,-4.979016065597506,-4.500168159138411,-2.4635392317723017,-7.525891184806767,-5.057712987239938,-9.260284423664416
102,-0.7666652202606201,-1.2666652202606201,-5.133852958679199,-6.422915458679199,-4.946352958679199,-5.1894330569775775,-2.313743570630322,-6.172916173934709,-4.353022010735003,-8.282316326760338
103,-0.7649516463279724,-1.2024517059326172,-5.038389205932617,-6.139951705932617,-4.874326705932617,-5.226658048632089,-2.436974395342986,-5.616514801978894,-4.866878562344937,-8.36653625940744
104,-0.6401885151863098,-1.265188455581665,-5.249563694000244,-6.530813694000244,-6.038626194000244,-5.633602820220403,-2.9372526228253264,-6.413626909255754,-4.640657076786738,-8.983961343497867
105,-0.6310862898826599,-1.1935863494873047,-5.568586349487305,-6.779523849487305,-5.631086349487305,-5.8349668509326875,-2.7562445276998915,-6.302962064742815,-5.475252899195766,-8.65454852550647
106,-0.8619343638420105,-1.0181844234466553,-4.838496685028076,-6.322871685028076,-5.252559185028076,-4.690730346483178,-2.846477971179411,-6.072872281074353,-4.659202259994345,-8.807273864389572
107,-0.6850709915161133,-1.3881959915161133,-4.935070991516113,-6.130383491516113,-5.013195991516113,-4.990447522199247,-2.325867399777053,-5.935071706771623,-4.2634926594328135,-8.35696613768232
108,-0.7711504697799683,-1.0367754697799683,-4.864900588989258,-6.349275588989258,-5.771150588989258,-5.866259485599585,-2.8650700902362587,-5.974276304244768,-4.310637503192993,-8.521179318015129
109,-0.6921972036361694,-1.2234472036361694,-5.606259822845459,-6.559384822845459,-5.934384822845459,-5.583776852756273,-2.7236344639240997,-6.887510538100969,-5.505099930771394,-8.496910452502561
110,-0.5212765336036682,-1.6619014739990234,-5.529088973999023,-6.982213973999023,-5.615026473999023,-5.194544893805869,-2.3027052719407948,-6.552527189254533,-4.3967168553499505,-8.786924600333805
111,-0.17828936874866486,-2.7095394134521484,-6.022039413452148,-8.037664413452148,-5.522039532661431,-5.287365643307567,-2.97530173312407,-8.48297727107996,-6.6240991309750825,-9.514248132480134
112,-0.9305346608161926,-0.9930346608161926,-4.664909839630127,-6.219597339630127,-5.047722339630127,-5.001577468356118,-2.6182236492750235,-6.172723054885637,-4.079445131093962,-8.352434992460985
113,-0.6835327744483948,-1.13665771484375,-5.41790771484375,-6.63665771484375,-5.19134521484375,-5.199934300151654,-2.777443276863778,-6.33197093009926,-4.847957307094475,-8.621057867687341
114,-0.6673740148544312,-1.2923740148544312,-5.214249134063721,-6.237686634063721,-5.495499134063721,-5.269753241795115,-2.5581583849998424,-6.292374849319231,-5.0661485819437075,-8.62833487959324
115,-0.7657023072242737,-1.593827247619629,-4.781327247619629,-6.421952247619629,-4.421952247619629,-4.220133643015288,-1.718963375358726,-6.359452724456673,-3.984855927992612,-8.6641616818888
116,-0.2433706372976303,-2.493370532989502,-5.594933032989502,-6.766808032989502,-5.915245532989502,-5.736239082121756,-2.4934974828211125,-7.8605585098265465,-5.970429297303781,-10.141825914231958
117,-0.9234461784362793,-1.0484461784362793,-4.548446178436279,-6.103133678436279,-5.157821178436279,-4.7131953265634365,-3.0017301909829257,-5.657821893691789,-4.384840145823546,-8.314099549857929
118,-0.7386748194694519,-1.3324248790740967,-4.793362140655518,-6.199612140655518,-5.473049640655518,-5.419461003970355,-2.1763372289424296,-5.941800475120203,-4.160907562094508,-8.191829204135502
119,-0.6400280594825745,-3.0931529998779297,-5.60877799987793,-6.19471549987793,-4.49159049987793,-4.207953016273677,-1.1245591518527362,-7.921278476714974,-5.492049946129555,-8.98379719238983
120,-0.45891785621643066,-1.5370428562164307,-6.177667617797852,-6.966730117797852,-6.208917617797852,-6.632831282215193,-2.443482738584862,-7.1151683330533615,-4.834247534687165,-9.060503601751407
121,-0.9162697792053223,-1.0412697792053223,-4.478769779205322,-6.353769779205322,-4.580332279205322,-4.612223062198609,-2.744585734253633,-6.0490828752515995,-4.3073182401421946,-8.830361127424112
122,-0.5859394073486328,-2.117189407348633,-5.742189407348633,-6.406251907348633,-3.9375020265579153,-3.8132955376058817,-1.523602353176102,-8.273439884185677,-4.54733647275134,-9.421898960823455
123,-0.8839828968048096,-1.5089828968048096,-4.9074201583862305,-6.3292951583862305,-4.9152326583862305,-4.674681516014971,-2.0403984648000915,-6.157420754432508,-4.03273827736848,-8.657442211861053
124,-0.9537429809570312,-1.1256179809570312,-4.438117980957031,-5.961555480957031,-5.281867980957031,-5.243866476579569,-2.235135664290283,-6.000618815421717,-3.977513496269239,-8.024080037768726
125,-0.8811986446380615,-1.2405736446380615,-4.084323883056641,-5.576511383056641,-5.271823883056641,-4.655619138269685,-2.4595117392018437,-5.881199598312151,-3.63941685075406,-8.537474512724657
126,-0.6090563535690308,-1.3434313535690308,-5.29655647277832,-6.49968147277832,-5.42155647277832,-5.383275084546767,-2.671761610923568,-6.2496820688245975,-4.750043326697778,-8.913767337526224
127,-0.6706323623657227,-1.7643823623657227,-5.069069862365723,-6.787819862365723,-5.701882362365723,-5.164704096270725,-2.2176536214683438,-6.467507958412,-4.600567667774158,-8.826905488700504
128,-0.4280126094818115,-1.8342626094818115,-6.857700347900391,-7.138950347900391,-6.584262847900391,-5.421547458739951,-2.9750481715018395,-8.271763324737435,-6.467841808218509,-9.357716441025332
129,-0.7989376783370972,-1.2833126783370972,-5.111437797546387,-6.502062797546387,-4.814562797546387,-5.229816442355514,-2.142862900655018,-5.908313393592664,-4.463358338136459,-7.923963427214403
130,-0.2921520173549652,-2.573401927947998,-5.573401927947998,-6.424964427947998,-4.417151927947998,-4.466242409311235,-2.3079128172976198,-7.878089904785043,-5.480069788405672,-9.487483262846581
131,-0.6305427551269531,-1.6461677551269531,-4.232105255126953,-6.185230255126953,-5.107105255126953,-5.037575296242721,-2.036965951221646,-5.974293589591639,-3.6622265828191303,-8.794634341769779
132,-0.7424212694168091,-1.101796269416809,-5.2580461502075195,-6.6174211502075195,-5.1955461502075195,-5.540081907471176,-2.6644594536046498,-5.898671746253797,-5.024116536136717,-8.328389286525635
133,-0.58975750207901,-1.5272574424743652,-5.144444942474365,-6.464757442474365,-5.152257442474365,-5.043630915868562,-2.2618065920833033,-6.324133157729875,-4.277726778498618,-8.972594499298793
134,-1.0294541120529175,-1.1388291120529175,-4.334141731262207,-5.982579231262207,-4.787266731262207,-4.826914854173083,-2.1546411339659244,-5.810704946517717,-4.045453955041012,-8.420109271552064
135,-0.8549360036849976,-1.3236860036849976,-4.761186122894287,-5.901811122894287,-5.003373622894287,-5.465640733484179,-1.980135778503609,-5.612749457358973,-3.472486549319001,-7.894025563829928
136,-0.32881399989128113,-2.2506890296936035,-4.9303765296936035,-6.0788140296936035,-5.9538140296936035,-5.157973350491375,-2.3914306095830398,-7.469439506530648,-4.860552787547931,-10.078833699022653
137,-0.9725550413131714,-1.5038050413131714,-4.425680160522461,-6.128805160522461,-5.003805160522461,-4.677285454934463,-1.8477177487511653,-6.277243375777971,-3.7542107474873774,-8.144459843195364
138,-0.5647883415222168,-1.1585383415222168,-5.486663341522217,-6.642913341522217,-5.924163341522217,-5.5653937414172105,-3.018064368283376,-5.963226675986903,-5.229408347164281,-8.752311706281034
139,-1.0673604011535645,-0.8798603415489197,-5.0439229011535645,-6.8095479011535645,-5.1064229011535645,-5.138514522113837,-2.520693638100056,-6.293923616409074,-4.505231669172645,-7.84864103747168
140,-0.6202273368835449,-1.432727336883545,-5.190539836883545,-6.659289836883545,-5.682727336883545,-6.011925121652894,-2.089172344261897,-6.331165671348231,-4.5268689819204155,-8.549944281157877
141,-0.8985927104949951,-1.0704677104949951,-4.742342948913574,-6.398592948913574,-5.375155448913574,-5.039955582295079,-2.4925060138921253,-5.797031044959851,-4.461538692296017,-7.890813707752386
142,-0.38660648465156555,-2.370981454849243,-5.285044193267822,-6.331919193267822,-4.730356693267822,-4.817993983626366,-1.8554959199973382,-7.691294550895634,-5.199714714195579,-9.4569336174809
143,-1.5814645290374756,-1.0814645290374756,-4.237714767456055,-5.964277267456055,-5.136152267456055,-3.7385968844173476,-3.0737966194574255,-5.433027982711565,-3.988077217130922,-7.964306950128957
144,-0.43480998277664185,-1.528559923171997,-6.098872661590576,-7.692622661590576,-6.395747661590576,-5.94403262832202,-2.935012558431481,-7.356685876846086,-4.966794936044607,-9.450458526327566
145,-0.6345653533935547,-1.1501903533935547,-5.243940353393555,-6.197065353393555,-5.751752853393555,-5.448353295214474,-2.9315918569191126,-6.040816068649065,-4.5802158738079015,-8.767397999559762
146,-0.6771111488342285,-1.1458611488342285,-5.4114861488342285,-6.0130486488342285,-5.4349236488342285,-5.638773536134977,-2.5209958462655777,-5.8567993640897384,-5.005628508835798,-8.356821536744974
147,-0.3592226803302765,-2.562347650527954,-5.038910388946533,-5.984222888946533,-5.468597888946533,-5.743140563368797,-1.8593335090190521,-7.60141098499281,-5.453549099795055,-9.843614578099732
148,-1.127506971359253,-0.9868819713592529,-4.502507209777832,-5.940007209777832,-4.994694709777832,-5.206565183179919,-2.143273462774232,-5.682195425033342,-3.8935355325811543,-7.799413442124205
149,-0.9715961217880249,-0.8622211217880249,-4.6825337409973145,-5.8856587409973145,-5.1200337409973145,-4.948847056890372,-2.95614920463413,-5.416909337043592,-4.925011950195767,-8.34662306271457
150,-0.9396476745605469,-0.9708976745605469,-5.072460174560547,-6.455272674560547,-5.642772674560547,-6.127988342661411,-2.4242439025256317,-5.799023389816057,-4.658826974249678,-8.00217735723345
151,-0.45964956283569336,-2.7565245628356934,-5.733087062835693,-6.350274562835693,-4.553374767303467,-4.837612215196714,-1.569159971739282,-7.537750124931279,-5.202321161457803,-8.55339217169967
152,-0.5399938225746155,-1.5556187629699707,-5.008743762969971,-6.641556262969971,-5.594681262969971,-4.790827880031429,-2.352668508523493,-6.532181978225481,-4.2983287399983965,-9.063453554868829
153,-0.673496663570404,-1.1266217231750488,-5.767246723175049,-6.696934223175049,-5.767246723175049,-6.0496600058395416,-2.533027994344593,-6.423497438430559,-5.033250736887567,-8.368833422357056
154,-0.4650639295578003,-1.4494389295578003,-5.70725154876709,-6.64475154876709,-5.94162654876709,-5.606612017843872,-2.730856285415939,-6.3088147640226,-5.488886163162533,-8.847897887002546
155,-0.5498222708702087,-1.3154473304748535,-5.4248223304748535,-6.5498223304748535,-5.6591973304748535,-5.214995958725922,-2.721871718458715,-6.0420105457303634,-4.854987626342336,-8.690468191873151
156,-0.338793009519577,-2.3700430393218994,-5.44035530090332,-6.40910530090332,-5.73723030090332,-5.480151384137571,-2.010817159025464,-7.604418277740365,-5.550341181107797,-9.620060682136682
157,-0.6440975666046143,-1.4565975666046143,-4.683159828186035,-6.042534828186035,-5.065526008605957,-4.855655220220797,-2.3234977595420787,-5.963964104652234,-4.065878805849934,-8.76086187335386
158,-0.5792943835258484,-1.2199194431304932,-5.516794204711914,-6.360544204711914,-5.837106704711914,-5.861259323894046,-2.845086083834758,-6.133982419967424,-5.134442699956708,-8.51682162247198
159,-0.9235396981239319,-1.314164638519287,-4.212602138519287,-6.290727138519287,-4.743852138519287,-5.284334366559051,-1.908034555875929,-5.837602853774797,-3.7909904371772427,-7.845439552949756
160,-0.48350274562835693,-1.639752745628357,-5.3741278648376465,-6.4835028648376465,-5.9678778648376465,-5.656970424228348,-2.421189767541364,-6.717878699302332,-4.741686037014006,-8.967901467987758
161,-0.6992533802986145,-1.4023783206939697,-5.222691059112549,-6.089878559112549,-5.339878559112549,-5.911625905078836,-2.3244665633683326,-5.722692131995586,-4.074568579642801,-7.800848721923103
162,-0.24957044422626495,-3.046445369720459,-6.546445369720459,-7.374570369720459,-5.71050810813901,-5.360755949281156,-2.0623644157894887,-7.405820965766736,-5.8047179117565975,-9.210528254310702
163,-0.5567253232002258,-1.525475263595581,-5.37703800201416,-6.72860050201416,-6.19735050201416,-5.503253317205235,-2.27563975888188,-6.59578871726967,-5.111933810985647,-8.736434101836494
164,-0.8823784589767456,-1.0230034589767456,-4.515191078186035,-6.218316078186035,-5.405816078186035,-4.84396400913829,-3.0700510591559578,-6.069879293441545,-4.507777849590639,-8.569902658173305
165,-0.9759417176246643,-0.9915667176246643,-4.4446916580200195,-5.6243791580200195,-5.2337541580200195,-5.0003140369663015,-3.0698896450485336,-5.444692492484705,-4.351360948377987,-8.296283363870316
166,-0.8671079874038696,-1.0389829874038696,-5.03898286819458,-6.51554536819458,-5.28898286819458,-5.031962438544724,-2.773583029193105,-5.874921202659266,-4.437860034609912,-8.05464088863664
167,-0.8799048662185669,-1.176779866218567,-5.473654747009277,-6.153342247009277,-5.668967247009277,-6.318503967602737,-2.364475946247694,-5.598655819892315,-4.18504466311424,-7.497125029025483
168,-0.2685432434082031,-2.706043243408203,-7.081043243408203,-6.213855743408203,-6.4716668128967285,-6.177235951879993,-2.050047960859956,-7.252917289733773,-6.956611113564577,-9.706057906028946
169,-0.7942847609519958,-1.9505348205566406,-5.020847320556641,-5.981784820556641,-3.200534939765923,-2.986128775868565,-1.6382140952628106,-7.700535297393685,-3.7947599950712174,-9.309928059412414
170,-0.7228202819824219,-1.2228202819824219,-5.050945281982422,-6.535320281982422,-5.683757781982422,-5.981694015790708,-2.160490021604346,-6.1603212356562835,-4.371601641643792,-8.308781742762221
171,-0.7295309901237488,-1.1357810497283936,-4.7685933113098145,-6.3154683113098145,-5.7060933113098145,-5.198816990130581,-3.2844044989324175,-5.768594026565324,-4.878431570483372,-8.659244894641233
172,-0.800805389881134,-1.2070553302764893,-4.410180568695068,-5.957055568695068,-5.699243068695068,-5.5047576582292095,-3.0510325173672754,-5.714868903159754,-4.121714175853413,-8.668026327519328
173,-0.8047375082969666,-1.1016125679016113,-4.804737567901611,-6.281300067901611,-5.367237567901611,-4.579328824882396,-2.6017755137290806,-5.968800783157121,-4.367609550914494,-8.461008071679316
174,-0.8362554311752319,-1.023755431175232,-5.0003180503845215,-6.6409430503845215,-5.2268805503845215,-5.32132970681414,-2.727076153692906,-6.047193765640031,-4.524146718758857,-8.476910233042872
175,-0.43337488174438477,-2.9333748817443848,-5.144312381744385,-6.136499881744385,-5.363062381744385,-4.998388228705153,-1.4179243889229838,-7.011500239372197,-5.691530645563034,-8.925577521202285
176,-1.0711361169815063,-1.0711361169815063,-3.711760997772217,-5.688323497772217,-4.836760997772217,-5.017348123132251,-2.868229246159899,-5.493011832236903,-3.610654131072806,-8.06335747185949
177,-0.9628813862800598,-2.947256326675415,-4.837881565093994,-5.908194065093994,-4.220694065093994,-4.441319850971922,-0.7754967742148438,-7.322257041931039,-4.689954389061313,-8.806651353630514
178,-0.8388000726699829,-1.198175072669983,-4.705987453460693,-6.448174953460693,-5.370049953460693,-5.878939763293602,-2.432742100369069,-5.721613287925379,-4.511164426221512,-7.987266420897868
179,-1.2790309190750122,-3.3493432998657227,-4.583718299865723,-6.271218299865723,-3.9587182998657227,-4.101660307031125,-0.560409418438212,-7.4743436574935345,-4.560858917015139,-8.364990472548016
180,-0.3659355640411377,-2.6159355640411377,-7.639372825622559,-6.678435325622559,-5.904998064041109,-5.602988706203178,-1.6005387046025135,-8.256560802459603,-6.514970243326388,-9.162827372405445
181,-0.5048553943634033,-3.2236053943634033,-5.997042655944824,-5.957980155944824,-4.161105394363375,-3.561184911057353,-1.4738518887897953,-7.434543132781869,-4.825615186680807,-7.387690901485257
182,-0.27162739634513855,-2.506002426147461,-5.177877426147461,-6.263814926147461,-5.459127426147461,-5.389498834323604,-2.271751872904133,-7.4278779029845055,-5.4988123624934815,-9.677893519272402
183,-0.6384037137031555,-1.3884036540985107,-5.31027889251709,-6.63840389251709,-5.27121639251709,-5.631466125196312,-2.2948531905421987,-5.943092226981776,-4.506052387761883,-8.16968250233731
184,-0.4902242422103882,-1.4433492422103882,-6.029286861419678,-6.912099361419678,-6.373036861419678,-6.327017656236421,-2.865418415312888,-6.849600076675188,-5.3968783992750105,-9.310557961231098
185,-0.3163544833660126,-1.972604513168335,-6.402291774749756,-6.542916774749756,-6.496041774749756,-7.443504285532981,-2.7696596221794607,-6.042917490005266,-5.683927223290084,-8.261689305061736
186,-0.5644826889038086,-1.3144826889038086,-5.705107688903809,-6.126982688903809,-5.869170188903809,-6.284141842392273,-2.6896310934534995,-6.2910459041593185,-5.166444341128226,-8.66606938809673
187,-0.6230466365814209,-1.419921636581421,-5.123046875,-6.193359375,-5.349609375,-4.944350109319203,-2.232582436990924,-6.294922471046277,-4.951514304644661,-8.5058811900617
188,-0.9668796062469482,-1.0450046062469482,-4.701254844665527,-5.966879844665527,-5.177817344665527,-5.147280319593847,-2.420189482771093,-5.834068059921037,-4.404775302886264,-8.185656547189865
189,-0.776285707950592,-1.0731606483459473,-4.565348148345947,-6.166910648345947,-5.198160648345947,-5.425447916553821,-2.9327277952543227,-5.940348982810633,-4.800227395724505,-8.47162497008867
190,-0.5228685140609741,-3.4603686332702637,-5.694743633270264,-5.991618633270264,-4.632243752479546,-4.862167187267914,-1.1637618181703147,-7.4603689908980755,-5.374882357835304,-8.780698299251526
191,-0.9458106756210327,-1.0864356756210327,-4.516123294830322,-5.914560794830322,-4.680185794830322,-4.64193275582511,-2.6100295659998665,-5.6254988908765995,-4.1727389620791655,-8.34427618940208
192,-0.1886715441942215,-2.626171588897705,-6.954296588897705,-6.891796588897705,-6.430859088897705,-6.4086582163581625,-2.7513810176897096,-7.54804706573475,-6.939337746880483,-9.946497678657579
193,-1.4860105514526367,-2.7360105514526367,-5.306323051452637,-5.532885551452637,-3.165698170661919,-3.301016083918512,-0.7674717084300937,-6.8375734090804485,-4.260178180178627,-7.696968555239437
194,-0.41829511523246765,-2.54329514503479,-5.332357406616211,-5.652669906616211,-4.863607406616211,-4.888061483390629,-1.637196648560348,-7.707357764244023,-5.372250569460448,-9.519874334191627
195,-0.9441115856170654,-0.9128615856170654,-4.6706743240356445,-6.1706743240356445,-5.4362993240356445,-5.5932351382798515,-3.014613133680541,-5.47536265850033,-4.842978027940262,-8.155075430529905
196,-0.7366593480110168,-1.205409288406372,-4.861659526824951,-5.978847026824951,-5.650722026824951,-6.143991361721419,-2.643070207996061,-5.525722861289637,-4.518452973512467,-8.38512217965581
197,-1.2231779098510742,-2.738802909851074,-5.215365409851074,-5.129427909851074,-3.848177909851074,-3.8660517658572644,-0.6920928819017718,-7.309115767478886,-4.880195442237891,-8.613822221568626
198,-0.8454492092132568,-1.1110742092132568,-4.439199447631836,-5.892324447631836,-4.876699447631836,-5.018155229627155,-2.533124431516626,-5.751700162887346,-3.8848941786854994,-8.384540557452056
199,-1.0943011045455933,-1.1411761045455933,-5.398988723754883,-6.492738723754883,-4.539613723754883,-4.83775094919838,-1.907001475279685,-6.07086431980116,-4.2978111956617795,-7.406827211041673
200,-0.5937228202819824,-1.2030978202819824,-5.632785320281982,-6.812472820281982,-5.992160320281982,-5.883455052156933,-2.8751981004606932,-6.695286154746668,-5.351990000344813,-8.710933089007085
201,-0.6240739822387695,-1.4834489822387695,-5.1318864822387695,-6.0146989822387695,-5.0303239822387695,-6.62564583204221,-2.1086294488195563,-5.538137078285047,-4.733824063529028,-7.2256588933341845
202,-0.8405573964118958,-1.012432336807251,-4.90305757522583,-5.94212007522583,-5.02805757522583,-5.325597184535582,-2.8407759427500423,-5.449933171272107,-5.223691292660078,-8.29370796646981
203,-0.5737743377685547,-2.5112743377685547,-4.526899337768555,-5.948774337768555,-3.7690868377685547,-3.94989177712705,-1.4332781947014155,-7.0893996953963665,-4.6134359233547,-8.886289954063614
204,-0.8448002338409424,-1.1573002338409424,-4.665112495422363,-5.782299995422363,-4.961987495422363,-5.470744521240704,-2.454349860199727,-5.594800710677873,-4.040446702420013,-7.969832300619601
205,-0.7674558758735657,-1.126830816268921,-4.4627685546875,-6.0955810546875,-4.8377685546875,-5.447814358747564,-2.861409881748841,-5.90026926994301,-4.58810836263001,-8.494046687683294
206,-0.6409265398979187,-1.2971765995025635,-5.219051361083984,-6.734676361083984,-4.961238861083984,-5.344992671278305,-2.3598702958406648,-6.125302076339494,-4.352255148609402,-8.531574725831888
207,-0.6608901619911194,-1.5202651023864746,-5.199952602386475,-6.692140102386475,-5.160890102386475,-4.873286374844611,-2.442297446265002,-6.137453198432752,-4.606688738887897,-8.348415016829676
208,-0.7134339809417725,-1.2603089809417725,-4.744684219360352,-6.236871719360352,-5.189996719360352,-5.081360543961637,-2.5730020813498413,-6.1431224346158615,-4.377934955875389,-8.596271156966395
209,-0.7788971066474915,-1.0913970470428467,-4.794522285461426,-6.083584785461426,-5.146084785461426,-5.0452069084276445,-2.638440713955788,-6.091397881507703,-4.560470052121673,-8.630485534336913
210,-0.7360962629318237,-1.3298462629318237,-5.173596382141113,-6.595471382141113,-5.861096382141113,-6.073984150425531,-2.1737930581293767,-5.907972335814975,-4.400562085880665,-7.290811776725604
211,-0.5052186250686646,-2.520843505859375,-5.661468505859375,-6.239593505859375,-3.7552186250686574,-3.898146081715822,-1.8960352952417452,-7.083343863487187,-4.8571762257488444,-8.466175079163804
212,-0.5235251188278198,-2.0860252380371094,-6.531337738037109,-6.007900238037109,-5.492275357246392,-4.303582524415106,-2.0707352792087477,-8.156338214874154,-4.688289157871623,-9.42198324182391
213,-0.6264446377754211,-2.8295695781707764,-5.0092573165893555,-5.9780073165893555,-3.7983195781707764,-3.8325077006593347,-1.2828247462457512,-7.165507674217167,-4.892691776389256,-8.64208817465078
214,-0.6531933546066284,-1.2781933546066284,-5.161005973815918,-6.473505973815918,-5.551630973815918,-5.786723832832649,-2.434645632340107,-6.05163192748978,-4.489644276443869,-8.293849348545336
215,-0.7180433869361877,-1.124293327331543,-5.210230827331543,-6.600855827331543,-5.827418327331543,-6.024133532424457,-2.4682462009659503,-6.030544281005405,-4.343447007704526,-8.108690619219487
216,-0.7682209014892578,-1.0338459014892578,-4.596345901489258,-6.354158401489258,-5.221345901489258,-5.378276950621512,-3.0496259807550814,-6.057284116744768,-4.799864691449329,-8.432308792745971
217,-1.0768020153045654,-1.0924270153045654,-4.8658647537231445,-5.9830522537231445,-5.3033647537231445,-4.952684251824394,-2.280106051635812,-5.787740349769422,-4.600623653153889,-7.60027587348668
218,-0.7859431505203247,-1.2859431505203247,-4.903130531311035,-6.223443031311035,-4.825005531311035,-5.278782870154828,-2.051761131719104,-5.871881246566545,-4.059852607868379,-8.317221402719952
219,-0.7374652624130249,-1.190590262413025,-5.0577778816223145,-6.1671528816223145,-5.4405903816223145,-6.324221871618647,-2.2376352404389763,-5.893716096877824,-4.823761756386375,-7.9249897000208875
220,-1.0484392642974854,-0.9390642642974854,-3.9937517642974854,-5.985939025878906,-4.954689025878906,-5.228673785168212,-3.2751861640717834,-5.548439741134416,-4.736395254964009,-8.439092754904777
221,-1.3457214832305908,-2.345721483230591,-4.462908744812012,-6.220721244812012,-2.2207216024398733,-2.984055906534195,-1.2521930687507847,-7.0800966024398235,-3.244671451859176,-8.392615675737034
222,-1.0712192058563232,-1.1337192058563232,-4.461844444274902,-5.930594444274902,-4.508719444274902,-5.033736768527888,-2.2276220204948913,-5.758720278739588,-3.6653079412935767,-8.47749531235604
223,-0.6362840533256531,-1.3706591129302979,-4.792533874511719,-6.144096374511719,-4.909721374511719,-4.644945380219724,-2.3239381194725865,-5.980034470557996,-4.089786815748084,-8.534749865126287
224,-0.5626935958862305,-1.3751935958862305,-5.8126935958862305,-6.5705060958862305,-5.7345685958862305,-5.268123828573152,-2.9222857716231374,-6.062694430350916,-5.0240962615353055,-8.625220298410568
225,-0.7069597244262695,-1.3475847244262695,-4.8163347244262695,-6.2382097244262695,-5.3866472244262695,-4.395527150598355,-2.3477427834586706,-6.199147820472547,-4.316863277927041,-8.660106897108562
226,-0.6419997215270996,-1.2826247215270996,-4.9935622215271,-5.8529372215271,-4.9935622215271,-5.9085759167792276,-2.4703059032326564,-5.618562817573377,-4.564237171289278,-8.329521417392243
227,-0.7713651061058044,-1.4744901657104492,-4.513552665710449,-5.755740165710449,-4.841677665710449,-5.1943100926000625,-2.0059120507357875,-5.880741000175135,-3.498400933778612,-8.169831990766397
228,-0.6144720315933228,-1.5050970315933228,-5.075409412384033,-6.333221912384033,-5.137909412384033,-5.365426918666344,-2.270928123194608,-5.466035366057895,-4.200972160266247,-8.177004336801474
229,-0.7117791175842285,-1.5086541175842285,-4.4149041175842285,-6.1883416175842285,-4.5945916175842285,-5.493981027393602,-2.0869824679539306,-5.758654952048914,-4.29816653142916,-8.313369631361638
230,-0.4779828190803528,-1.946732759475708,-5.048295497894287,-6.454545497894287,-5.470170497894287,-5.447832694742829,-2.087554197089048,-6.267046213149797,-4.001832638663473,-9.110817312945073
231,-0.38495177030563354,-1.7599518299102783,-5.345889091491699,-6.267764091491699,-5.369326591491699,-5.229694826761261,-2.697602379907039,-5.955264687537976,-5.104115519672632,-8.744350194652725
232,-0.5400269627571106,-1.5400269031524658,-5.586902141571045,-6.454089641571045,-4.641589641571045,-4.873166129458696,-2.4620816546084825,-6.344715118408089,-4.454392744839424,-8.618174314242424
233,-0.7554457187652588,-1.6616957187652588,-5.02888298034668,-6.42732048034668,-4.74763298034668,-4.819046368007548,-1.8493794034147868,-6.060133576392957,-4.060577293857932,-8.294541239185492
234,-0.6232260465621948,-1.2638510465621948,-5.263851165771484,-6.537288665771484,-5.490413665771484,-5.858414200134575,-2.4671675975696417,-5.91228950023617,-5.00643269403372,-8.404501914646971
235,-0.7840695381164551,-1.127819538116455,-4.955944538116455,-6.268444538116455,-5.080944538116455,-4.9567383952089585,-2.3467335566529073,-6.065320134162732,-4.714134979352821,-8.479408859833711
236,-0.7305328845977783,-1.3242828845977783,-5.175845146179199,-5.761782646179199,-5.050845146179199,-5.294802291085944,-2.1994418971444247,-5.691470861434709,-3.9731461095507257,-8.035257815605291
237,-0.5875759720802307,-1.384450912475586,-5.267263412475586,-6.204763412475586,-4.837575912475586,-5.705726398155093,-2.4002767599595245,-5.978201508521863,-5.080362974666059,-8.298534035469856
238,-1.1129534244537354,-0.8785783648490906,-4.308265686035156,-5.808265686035156,-4.855140686035156,-4.793294573551975,-2.441235172387678,-5.566078901290666,-4.386709758400684,-8.245793223002693
239,-1.2631747722625732,-3.9662997722625732,-5.341300010681152,-5.356925010681152,-2.919425010681124,-3.157956577837467,-0.7791016242408659,-7.263175368308964,-4.4672596617019735,-8.013198137015934
240,-0.8712412118911743,-1.2306162118911743,-4.418116092681885,-6.152491092681885,-4.910303592681885,-4.84851644851733,-2.2776675068744225,-5.808741807937395,-4.348205366462935,-8.129080414424607
241,-0.7422940731048584,-1.3516690731048584,-5.6172943115234375,-6.4063568115234375,-5.5157318115234375,-4.8935448857955635,-2.3674573765019886,-5.828232526778947,-4.773877565166913,-7.640758394842123
242,-1.0696721076965332,-1.0540471076965332,-4.061859607696533,-6.022797107696533,-5.397797107696533,-5.469439456355758,-2.6167120797472307,-5.561860680579571,-3.335764179821126,-7.608767985740997
243,-0.4938061237335205,-2.7594311237335205,-5.634430885314941,-7.118805885314941,-3.673493862152071,-3.7174056405201554,-2.0408799450669903,-7.368806362151986,-5.033606852521189,-8.376635551305299
244,-0.658021092414856,-1.251771092414856,-5.158020973205566,-5.947083473205566,-5.423645973205566,-4.963690394768491,-2.720709306144272,-5.775209069251844,-4.978732625429984,-8.52523279160414
245,-0.538689374923706,-2.960564374923706,-4.616814613342285,-6.687127113342285,-4.413689851760836,-3.9809843790717423,-1.398279166998691,-6.96837759017933,-4.8125020754523575,-9.109019279332642
246,-0.9534072875976562,-0.9690322875976562,-4.570594787597656,-6.289344787597656,-4.804969787597656,-4.633767259481829,-2.719225388005725,-5.992470502853166,-4.235118878626963,-8.40656280471012
247,-0.8466354012489319,-1.284135341644287,-4.612260341644287,-6.299760341644287,-5.104447841644287,-5.7227055066032335,-2.253115031562629,-5.573198676108973,-3.5111570495937485,-7.690412044168625
248,-0.8411637544631958,-0.9036637544631958,-5.130226135253906,-6.270851135253906,-5.098976135253906,-5.248102308542002,-3.0288635292527033,-6.083351969718592,-5.169661571562756,-8.934939860953818
249,-0.54439777135849,-1.4506478309631348,-5.411585330963135,-6.786585330963135,-5.169397830963135,-4.866118511999957,-2.638322338141734,-5.966273427009412,-4.302668943128083,-8.560047387763916
250,-0.9208588600158691,-1.0146088600158691,-5.225546360015869,-6.389608860015869,-5.397421360015869,-4.960950321867131,-2.624183038904448,-6.077109575271379,-4.444638193817809,-8.26463615855755
251,-0.7574450969696045,-1.2886950969696045,-4.132445335388184,-6.109007835388184,-5.015257835388184,-4.500436102505773,-2.695097434843774,-5.9605710506436935,-4.117270606686361,-8.39028358426367
252,-0.7246301770210266,-1.0527551174163818,-5.216817855834961,-6.521505355834961,-5.568380355834961,-5.287762442079838,-3.021669851092156,-6.005881071090471,-5.029707355919527,-8.615281700740525
253,-0.6460918188095093,-1.5992168188095093,-4.685154438018799,-6.458591938018799,-4.950779438018799,-5.053248233045451,-2.0212399849988287,-5.927342534065076,-4.365099396934966,-8.302361249727255
254,-0.7087956070899963,-2.9119205474853516,-5.247858047485352,-6.560358047485352,-4.130670785903902,-3.2213992550969124,-1.3967909777420573,-7.341608524322396,-4.217266581137665,-8.958816051272152
255,-0.9369190335273743,-0.9369190335273743,-5.225981712341309,-5.819731712341309,-5.319731712341309,-5.656680906540714,-2.702753760269843,-5.624420046805994,-4.609224465297302,-8.093195914865646
256,-1.1196364164352417,-1.0571364164352417,-4.744636535644531,-6.275886535644531,-5.088386535644531,-5.105286500300281,-2.385467269719811,-6.072762370109217,-3.838980021770112,-8.033727764670402
257,-0.5704638957977295,-1.4298388957977295,-4.757964134216309,-6.109526634216309,-5.164214134216309,-4.930559733067639,-2.4924902801431017,-5.992339611053353,-4.547406839556061,-8.312680244036528
258,-0.8864535689353943,-1.277078628540039,-4.636453628540039,-6.261453628540039,-4.956766128540039,-3.8561180224642158,-2.136627778148977,-5.948954105377084,-4.254129409760935,-8.32397878138363
259,-0.692707896232605,-1.208332896232605,-4.5208330154418945,-5.9973955154418945,-5.0598955154418945,-4.662176350946538,-2.6147579993703403,-5.8958337306974045,-4.529106749017956,-8.388044833840468
260,-0.7563629746437073,-1.1782379150390625,-5.0844879150390625,-6.5219879150390625,-5.1313629150390625,-4.772915886307601,-2.2409058668272337,-6.357926130294572,-4.631608456023969,-8.576700687088305
261,-0.3703053593635559,-3.385930299758911,-5.62811803817749,-7.39374303817749,-5.112493157386773,-4.756372633390129,-1.5580051937577082,-7.003118515014535,-5.362728091262397,-8.80001282671401
262,-0.7219822406768799,-1.3469822406768799,-5.221982002258301,-6.229794502258301,-5.073544502258301,-4.855667686613742,-2.2533775462507037,-5.886045098304578,-4.745817462884588,-8.159509062401412
263,-0.6987419724464417,-1.5893669128417969,-5.190929412841797,-6.026866912841797,-5.253429412841797,-6.13822251977399,-1.9957974986027693,-5.542492747306483,-4.160059618181549,-7.472210049159912
264,-0.8669349551200867,-1.1794350147247314,-4.663809776306152,-6.140372276306152,-5.468497276306152,-4.77417860692367,-3.1640168214507867,-5.601310610770838,-4.476850363484118,-8.491968631169584
265,-0.4415796995162964,-3.004079818725586,-5.347829818725586,-6.011892318725586,-4.949392318725586,-5.130538472090848,-1.410484063628246,-7.449392676353398,-5.403061837714631,-9.308782577398233
266,-0.7955957651138306,-1.4674707651138306,-5.170595645904541,-6.537783145904541,-4.928408145904541,-5.156097611295991,-1.983338684134651,-5.951846480369227,-4.069465424545342,-8.037814259059815
267,-0.7823038697242737,-1.438553810119629,-4.446366310119629,-6.149491310119629,-4.602616310119629,-5.69708297791658,-2.063766576058697,-5.954179525375139,-3.9780440607573837,-8.665146708026441
268,-0.5203428268432617,-1.7390928268432617,-5.090655326843262,-6.114092826843262,-5.340655326843262,-5.638684798148461,-2.020521624785033,-6.0047186613079475,-4.2785293356573675,-8.215683221427753
269,-0.7343019843101501,-1.718677043914795,-4.749927043914795,-6.148364543914795,-4.968677043914795,-4.946411161450669,-1.734480961051304,-5.976490259170305,-4.031623621383915,-8.093701123889332
270,-0.6184667944908142,-1.493466854095459,-5.102841854095459,-6.259091854095459,-5.774716854095459,-5.729310744442046,-2.1186740183766233,-5.954405307769321,-4.189227480586851,-8.259120702314249
271,-0.790976345539093,-0.978476345539093,-5.306601524353027,-6.587851524353027,-5.150351524353027,-4.994973517663311,-2.853645906361635,-6.228477239608537,-5.080335453909356,-8.345692157348822
272,-0.7688145637512207,-1.0500645637512207,-5.323502063751221,-6.229752063751221,-5.729752063751221,-6.176247730967589,-2.5659180618531536,-5.7375653982159065,-4.527096995530883,-8.018838047693862
273,-0.4195713996887207,-1.6851963996887207,-5.833633899688721,-6.903946399688721,-5.732071399688721,-5.303603977430612,-2.7478655433660606,-6.239884495734998,-5.263808727700962,-8.778966903466426
274,-0.753471851348877,-1.472221851348877,-4.347221851348877,-5.784721851348877,-4.940971851348877,-5.051331869210117,-2.0192501427518437,-5.480035305022739,-3.8867045950028114,-8.308188080362015
275,-0.8184239864349365,-1.0996739864349365,-4.630924224853516,-6.193424224853516,-5.138736724853516,-4.701791966741439,-2.631103141946369,-5.771549820899793,-4.498651597183198,-8.380954384349025
276,-0.543312668800354,-1.480812668800354,-5.4886250495910645,-6.4495625495910645,-5.2230000495910645,-5.208324815670494,-2.5434896789083723,-5.637063145637342,-4.824929408496246,-8.582399606415493
277,-0.8286101818084717,-1.0629851818084717,-5.141110420227051,-6.062985420227051,-5.273922920227051,-5.337282288237475,-2.4850251538591692,-5.609861254691737,-4.547677228343673,-7.906765460516908
278,-0.9224228858947754,-2.4849228858947754,-5.352110385894775,-6.250547885894775,-3.547423124313326,-2.8389164665713906,-1.2507977173663676,-7.29742336273182,-4.3293545306660235,-8.39119565459805
279,-0.7000537514686584,-1.2625536918640137,-4.864116191864014,-6.059428691864014,-5.356303691864014,-5.810531484778039,-2.4189681871503126,-5.6219295263286995,-4.434909466537647,-7.856334685799084
280,-0.6105700135231018,-1.329319953918457,-4.782444953918457,-6.196507453918457,-5.391819953918457,-4.9629177346942015,-2.688869818652165,-5.946508169173967,-4.564156544947764,-8.76684629882402
281,-1.2553131580352783,-0.7240630984306335,-4.747500419616699,-6.349062919616699,-5.036562919616699,-5.17010161728831,-2.919554694366525,-5.513126015662976,-5.06034284926136,-7.950662254610506
282,-0.5837470889091492,-1.271247148513794,-4.997809410095215,-6.529059410095215,-5.529059410095215,-5.3656027865363285,-2.6776500823325478,-6.294685125350725,-4.64673864672659,-8.638458370875014
283,-0.4301759600639343,-1.820801019668579,-4.95361328125,-6.55517578125,-5.71142578125,-6.110875451704487,-2.320982916498906,-6.344239115714686,-4.664901671814732,-8.891141652658916
284,-0.8040484189987183,-1.6477984189987183,-4.749361038208008,-6.468111038208008,-5.257173538208008,-5.485160527867265,-1.4604705423989799,-6.733736753463518,-4.179383102717111,-8.975947141369033
285,-0.6947270035743713,-1.3041019439697266,-4.546289443969727,-6.194726943969727,-5.257226943969727,-5.140730738057755,-2.507429817604134,-5.866602778434412,-4.31236304709455,-8.515066504112838
286,-0.6551571488380432,-1.3895320892333984,-5.217657089233398,-6.037969589233398,-5.780157089233398,-6.4928904135013,-2.155344587867148,-5.772345423698084,-4.5539496506680734,-7.78018128842632
287,-0.8283951282501221,-2.969020128250122,-5.015894889831543,-5.320582389831543,-4.523707509040825,-4.095987735316157,-0.9223415658634622,-7.461207747459355,-5.321032303676475,-8.703411221371425
288,-0.6965187191963196,-1.2433936595916748,-4.540268898010254,-6.024643898010254,-5.384018898010254,-5.806620333925821,-2.806082469280227,-5.813707113265764,-4.345420014666161,-8.430924415122718
289,-0.8153844475746155,-1.2528843879699707,-4.682571887969971,-5.956009387969971,-4.948196887969971,-5.160235751885921,-2.081151117774425,-6.135697603225481,-4.151784074783791,-8.221668600468547
290,-0.5860034823417664,-1.7891285419464111,-5.195378303527832,-6.843815803527832,-5.390690803527832,-5.055967308930121,-2.179969168297248,-6.343816518783342,-4.672226507391315,-8.507901549068265
291,-0.8144275546073914,-0.9706775546073914,-5.603489875793457,-6.056614875793457,-5.205052375793457,-5.002793652005494,-2.970857365668053,-5.572240710258143,-4.947538808017271,-8.509766459112143
292,-0.6979484558105469,-1.5729484558105469,-5.346385955810547,-6.721385955810547,-5.596385955810547,-5.801232048077509,-1.8387741840997478,-6.2682619094844085,-3.7295977272151504,-7.994851827219463
293,-0.8354294300079346,-1.3354294300079346,-5.3276166915893555,-6.5854291915893555,-4.9213666915893555,-5.242946893791668,-2.085653995090979,-5.788555026054041,-4.101433920266572,-7.765145062998272
294,-0.6681160926818848,-1.3087410926818848,-5.371241092681885,-6.191553592681885,-5.691553592681885,-6.1613695898558944,-2.402694800606696,-5.902491927146571,-4.777872489677975,-7.972828983938598
295,-0.8378259539604187,-0.9315759539604187,-4.767513275146484,-5.915950775146484,-5.267513275146484,-5.354071543610189,-3.103618488588836,-5.822201490401994,-4.611627393227536,-8.205042242583659
296,-0.6762054562568665,-1.1918303966522217,-5.215268135070801,-6.340268135070801,-5.238705635070801,-5.122249693260528,-2.973297453208943,-5.691831350326311,-4.809376056509791,-8.543420552830867
297,-0.9420231580734253,-1.2857731580734253,-4.371710777282715,-5.863898277282715,-4.824835777282715,-5.552346495096572,-1.9734550549037522,-5.520148992538225,-3.62217224916094,-7.957677125514238
298,-0.604505717754364,-3.073255777359009,-4.86231803894043,-6.02638053894043,-4.64356827735898,-3.9190544348675758,-1.1984346944955178,-7.268568515777474,-4.542529564874712,-9.252963065900985
299,-0.693859338760376,-1.318859338760376,-5.303234100341797,-6.100109100341797,-5.748546600341797,-6.446053122868761,-2.4753391478589037,-5.3813600540156585,-4.444179245241685,-7.506385802866134
300,-0.6675098538398743,-1.1518847942352295,-5.292510032653809,-6.245635032653809,-5.339385032653809,-5.277738921751734,-2.620808705469244,-6.331573128700086,-5.160068800672889,-8.933159112641079
301,-0.4902689456939697,-2.2246439456939697,-4.591831207275391,-5.935581207275391,-5.037143707275391,-4.913748406572267,-1.6466500673122937,-7.123081564903202,-4.967472585965879,-8.982473134850807
302,-0.6578863263130188,-2.407886266708374,-4.282886505126953,-6.111011505126953,-4.126636624336236,-3.6054231205489486,-1.4080179843003862,-7.103199362754765,-4.244318124721758,-8.853214621422012
303,-0.8363600969314575,-1.2894850969314575,-4.133234977722168,-5.859797477722168,-5.055109977722168,-4.985637312056497,-1.9771194367785938,-5.906673192977678,-3.7820454140310176,-8.078575610717962
304,-0.6606543660163879,-1.1294043064117432,-4.996592044830322,-6.418467044830322,-5.590342044830322,-5.247237593168393,-2.863942371419398,-6.355967879295008,-4.9189192226331215,-8.871615767186086
305,-0.5959348678588867,-2.6584348678588867,-4.627184867858887,-5.775622367858887,-4.517809867858887,-4.3949715360067785,-1.267950286535779,-7.2131227254866985,-4.9558052981155924,-9.010013103361416
306,-0.5162404775619507,-1.4381154775619507,-5.57092809677124,-6.90686559677124,-5.49280309677124,-5.665698841563426,-2.735187153564766,-6.43030381202675,-5.086974770325469,-8.899074792616375
307,-0.7351258993148804,-1.5632508993148804,-5.29762601852417,-6.21168851852417,-5.45387601852417,-5.877398563432507,-1.7040664968080819,-6.289814352988856,-4.751381317793857,-7.813276409780883
308,-0.7567021250724792,-1.022327184677124,-4.897326946258545,-6.334826946258545,-5.311389446258545,-5.9998465962708,-2.6630837830743985,-6.077015042304822,-4.561731518391753,-8.506726860701747
309,-1.1185972690582275,-1.0248472690582275,-4.767034530639648,-5.923284530639648,-4.806097030639648,-5.3302712110453285,-1.9937761861947365,-5.704535245895158,-4.040810646896716,-7.798311233163986
310,-0.7824536561965942,-1.5949536561965942,-4.907453536987305,-6.219953536987305,-4.985578536987305,-5.791473851073533,-1.516967525371001,-6.110579252242815,-3.767205405747518,-8.516851782527738
311,-0.9465036392211914,-0.9465036392211914,-5.173066139221191,-6.993378639221191,-4.774628639221191,-4.611571640707552,-2.6185296659823507,-6.446504235267469,-4.595294532307889,-8.47777760000099
312,-1.0113327503204346,-0.7769577503204346,-5.2613325119018555,-5.8707075119018555,-5.3707075119018555,-6.0510959552484564,-2.699009760443005,-5.776958346366541,-5.035104933922412,-7.995733737601768
313,-0.8805459141731262,-1.3961708545684814,-5.0367960929870605,-6.0289835929870605,-4.1383585929870605,-4.272672479273751,-2.130711541758501,-6.341484069824105,-4.021500533184735,-8.349320649787842
314,-0.5067242980003357,-1.4285993576049805,-5.5848493576049805,-6.7254743576049805,-5.9520368576049805,-5.633482935605571,-2.710080120159546,-6.717662453651258,-4.882141503097955,-8.866121768700395
315,-0.7051945924758911,-1.5333195924758911,-5.041131973266602,-6.228631973266602,-5.291131973266602,-4.894705893937498,-2.267867788556032,-6.111445069312879,-4.642987565952353,-8.306776523399094
316,-0.6418921947479248,-1.4387671947479248,-5.149704933166504,-6.485642433166504,-5.149704933166504,-5.588125162990764,-2.407745931210229,-6.087205648422014,-4.3531811812426895,-8.641915678706937
317,-0.9690151810646057,-0.9846401810646057,-5.117452621459961,-6.578390121459961,-4.992452621459961,-5.3841219453606755,-2.297307834858657,-6.062765836715471,-4.4225648931460455,-7.539359807451547
318,-0.6856414675712585,-1.2481415271759033,-4.904391288757324,-6.357516288757324,-5.115328788757324,-5.139536203525495,-2.4827202351007145,-6.013767004012834,-4.568836854043184,-8.724731683341815
319,-0.6941070556640625,-1.3191070556640625,-5.5378570556640625,-5.9675445556640625,-4.9831695556640625,-5.054319865128491,-2.397386896540411,-5.397232770919572,-4.522558874130482,-8.405068874062636
320,-0.9537215232849121,-0.9849715232849121,-4.867784023284912,-6.367784023284912,-5.344346523284912,-6.313994004798587,-2.4851569957390893,-6.109972357749598,-4.540025048016105,-8.141248106616331
321,-0.34738776087760925,-3.3005127906799316,-4.863012790679932,-6.284887790679932,-3.6677005290984823,-3.4676365440245718,-2.0506934956356417,-7.159888029098482,-4.566667059028987,-9.175531744767795
322,-0.6769027709960938,-1.5675277709960938,-4.231590270996094,-5.872215270996094,-5.169090270996094,-5.404582353075966,-2.0833060623990605,-5.9190911054607795,-3.700707249052357,-8.786304711931734
323,-1.039242148399353,-2.4454922676086426,-4.242367267608643,-6.007992267608643,-2.9533050060271933,-2.8050697846338153,-1.508176548173651,-7.039242625236454,-3.305406782485079,-8.953323364075914
324,-0.7679479122161865,-1.1429479122161865,-5.338260650634766,-6.221073150634766,-5.494510650634766,-6.089093338348903,-2.4243817160459002,-5.978886365890276,-4.705724797124276,-8.330474376334678
325,-0.9449262022972107,-0.9293012022972107,-4.6089887619018555,-5.8902387619018555,-5.1558637619018555,-5.399017582181841,-2.6169464482809417,-5.648052096366541,-4.453062720276648,-8.007450341889125
326,-0.6582000851631165,-1.4238250255584717,-5.009762763977051,-5.783200263977051,-5.291012763977051,-5.425033197156154,-2.1896472974767676,-5.681638717650912,-4.1664840064477175,-8.501979589032999
327,-0.9259211421012878,-0.9415461421012878,-5.2384209632873535,-6.3556084632873535,-5.4884209632873535,-5.817479413060937,-2.9105055113177514,-5.832171797752039,-4.754373139265226,-8.074385523443198
328,-0.6046279072761536,-1.3077528476715088,-5.198378086090088,-6.190565586090088,-5.542128086090088,-5.426035281619988,-2.9173371572833275,-5.964003801345598,-4.831643478828482,-8.839026808445851
329,-0.5313116312026978,-1.6563116312026978,-5.343811511993408,-6.492249011993408,-5.578186511993408,-5.790984448627569,-2.172137955407379,-6.039124846458094,-4.352033650415251,-8.445399164849732
330,-0.4902946949005127,-1.4902946949005127,-5.365294456481934,-6.419981956481934,-5.451231956481934,-5.108744420111179,-2.584219082884374,-6.0762326717374435,-4.701628963812254,-8.709066152337982
331,-0.5209358930587769,-1.4115608930587769,-5.231873512268066,-6.349061012268066,-5.263123512268066,-5.537483981344849,-2.380438558073365,-6.466249108314344,-5.021459084993694,-8.95845818495036
332,-0.34576216340065,-2.080137252807617,-4.869199752807617,-6.111387252807617,-5.064512252807617,-4.65128267876571,-2.330275168438675,-7.416075110435429,-5.323169113253243,-9.767654061175563
333,-0.8091202974319458,-1.2309952974319458,-4.629432678222656,-6.059120178222656,-5.121620178222656,-5.028817800572142,-2.012376061451505,-5.988808393478166,-3.9657321513222996,-8.473208307890673
334,-0.5531641244888306,-1.5687891244888306,-5.037539005279541,-6.162539005279541,-5.295351505279541,-5.359067653887905,-2.1783192037255503,-6.139102339744227,-4.194153957534581,-8.412567138289887
335,-1.147547960281372,-0.9600479602813721,-4.249110221862793,-6.608485221862793,-4.264735221862793,-4.312314381590113,-2.6164326577127213,-5.78817331790907,-4.351027306634933,-8.35851275883033
336,-0.5661617517471313,-1.4724117517471313,-4.995849132537842,-6.316161632537842,-5.347411632537842,-5.246920964680612,-2.566374756032019,-6.003662347793352,-4.394860341446474,-8.870875000631713
337,-0.8269440531730652,-1.31131911277771,-4.897256374359131,-6.092568874359131,-5.147256374359131,-5.585880720056593,-2.0302650736412033,-5.819132089614641,-4.092951462982455,-8.037909268956355
338,-0.8849420547485352,-1.0880670547485352,-4.830254554748535,-6.228692054748535,-5.119317054748535,-5.675247016246431,-2.1194816692295717,-5.970880389213221,-4.166501355008222,-7.955282449333026
339,-0.7542314529418945,-1.6604814529418945,-4.5901689529418945,-5.6917314529418945,-4.8323564529418945,-4.888517128536478,-1.6450074797030538,-6.410481929778939,-4.285832820198266,-8.590197085937689
340,-0.6583313941955566,-1.2833313941955566,-4.595831394195557,-6.369268894195557,-5.072393894195557,-5.112061436695512,-2.5647533984010806,-6.306769609451067,-4.424442411545897,-8.736479282106302
341,-0.8079610466957092,-1.3392109870910645,-5.0188984870910645,-5.6048359870910645,-5.0032734870910645,-4.847832590749022,-1.980004892393481,-5.643899083137342,-4.480153867742047,-8.175180434685899
342,-0.575676441192627,-2.622551441192627,-4.841301441192627,-5.911613941192627,-4.731926441192627,-4.656020085560158,-1.294539564412844,-7.1928644180296715,-4.9589643540093675,-8.989754199857998
343,-0.4456830620765686,-3.008183002471924,-5.289433002471924,-5.695683002471924,-4.586308121681206,-3.5897990548983216,-1.7271118004136952,-7.7972457408904745,-5.337038250290789,-9.508200526091969
344,-0.7599374055862427,-0.9943124055862427,-5.119312286376953,-6.486499786376953,-5.322437286376953,-5.6120779035263695,-3.307036255544517,-5.744313120841639,-5.291567372565623,-8.720901965725716
345,-0.5814367532730103,-1.3939367532730103,-4.823624134063721,-6.425186634063721,-5.261124134063721,-5.965434801764786,-2.362853155573248,-6.261124849319231,-4.495933319238247,-8.729899644538818
346,-0.8216588497161865,-1.0560338497161865,-4.923221588134766,-6.141971588134766,-5.141971588134766,-5.048980544030201,-2.6187105022836477,-5.626347303390276,-4.97824424848659,-8.290434837010253
347,-1.3039345741271973,-3.1164345741271973,-4.796122074127197,-5.288309574127197,-3.9991874694823935,-3.9407870108261704,-0.6946928910765564,-7.171062827110234,-4.718519875663333,-8.45232999309519
348,-0.6793811917304993,-1.1325061321258545,-5.335631370544434,-6.398131370544434,-5.554381370544434,-5.914705183822662,-2.6952072179847164,-5.9840695857999435,-5.046951935830293,-8.609093188943007
349,-0.7258270382881165,-1.2102019786834717,-4.678952217102051,-6.163327217102051,-4.944577217102051,-5.18757143849507,-2.475976217581774,-5.585202932357561,-4.773040118336212,-8.257105469305316
350,-0.5042502284049988,-1.3636252880096436,-5.7698750495910645,-6.4573750495910645,-6.1995625495910645,-5.942840339266695,-3.004444699457963,-5.980813145637342,-5.317063163383864,-8.441776871333786
351,-0.9092145562171936,-0.9404645562171936,-4.870151996612549,-6.393589496612549,-5.143589496612549,-5.034980718744919,-2.7375050646078307,-5.526402592658826,-4.878395226201974,-7.9170514342185925
352,-0.7426045536994934,-1.2426044940948486,-4.914479732513428,-6.344167232513428,-4.984792232513428,-5.571515608869959,-2.0552664863935206,-5.906667947768938,-4.211684768553823,-8.672312974704255
353,-0.824810266494751,-3.371685266494751,-4.895122528076172,-5.840435028076172,-3.9498105049133017,-3.0753827430307865,-1.1375248201948125,-6.801372885703984,-4.489228423684835,-8.684208154410953
354,-0.7597303986549377,-1.040980339050293,-5.376917839050293,-6.564417839050293,-5.517542839050293,-5.190237662813161,-2.775542718503857,-5.82223093509657,-5.0336120334104635,-8.103506922368979
355,-0.7524204850196838,-1.518045425415039,-4.971170425415039,-6.158670425415039,-4.978982925415039,-5.582303408416919,-1.752597197162686,-6.135233640670549,-3.979292702366365,-7.88525807825863
356,-0.705074667930603,-1.205074667930603,-5.041012287139893,-6.345699787139893,-5.376949787139893,-5.495120994979516,-2.5646250094432617,-5.806638121604578,-4.44775295141153,-8.072289466475922
357,-0.8887251019477844,-1.0762250423431396,-4.919975280761719,-6.412162780761719,-5.177787780761719,-5.936600423185155,-2.2482739535771543,-5.6856011152264045,-4.404716782155447,-7.498131155491137
358,-0.6046088933944702,-1.3077338933944702,-5.37804651260376,-6.33117151260376,-4.92492151260376,-5.113271709356923,-2.4485231503203977,-6.073359608650037,-4.917483974713832,-8.76088142368826
359,-0.7078775763511658,-1.1922526359558105,-5.1453776359558105,-6.0828776359558105,-5.0594401359558105,-4.966525444120634,-2.708080867145327,-5.6297533512113205,-4.47388736953144,-8.286032437819813
360,-1.3031448125839233,-1.1000198125839233,-4.201582431793213,-5.482832431793213,-4.521894931793213,-4.3978480325313285,-2.459611988349934,-5.443770647048723,-3.4129885529109742,-8.146923660806351
361,-0.7846994400024414,-1.3940744400024414,-4.933136940002441,-6.386261940002441,-5.269074440002441,-5.216015799669549,-2.0504953715135343,-6.269075274467127,-3.7460176220047288,-8.237851142526779
362,-0.6485797762870789,-1.1954548358917236,-5.5313920974731445,-6.7345170974731445,-5.8517045974731445,-5.805970256449655,-2.586294032036676,-6.242330551147006,-4.469239413010655,-8.17204272714116
363,-0.7765353322029114,-2.4952852725982666,-4.987473011016846,-5.659348011016846,-3.6827855110168173,-3.3282854733988643,-1.3548257213988109,-7.0265358686446575,-4.136427268967964,-8.448426723340162
364,-0.9485160112380981,-0.9485160112380981,-4.667265892028809,-5.768828392028809,-5.120390892028809,-5.605817122850567,-2.479919660196174,-5.68289184570267,-4.18319602124393,-8.354793548201997
365,-0.626299262046814,-1.657549262046814,-4.5716118812561035,-5.8528618812561035,-5.4622368812561035,-5.049256097176112,-2.298367600844358,-6.0559875965116134,-3.8922843285254203,-8.64194619630689
366,-0.5607413053512573,-1.4982413053512573,-5.584178924560547,-6.045116424560547,-5.154491424560547,-5.186486324295402,-2.373412594446563,-5.763867020606824,-4.553369901695987,-8.27170324295912
367,-0.841657280921936,-1.263532280921936,-4.8963446617126465,-6.2400946617126465,-5.1541571617126465,-5.241226747282781,-1.966808069308172,-5.990095376968156,-3.9357411303790286,-8.294810652339947
368,-0.4780632257461548,-1.6343132257461548,-5.235875606536865,-6.392125606536865,-5.673375606536865,-5.769315703772008,-2.7126570700347656,-6.509314060210727,-4.517507361015305,-8.821842073988591
369,-0.5971013307571411,-1.4408513307571411,-4.854913711547852,-6.479913711547852,-5.065851211547852,-5.801424976671115,-2.4097897828614805,-6.159602046012537,-4.605350875644945,-8.769000768359547
370,-0.6846321821212769,-1.4502571821212769,-5.004944801330566,-6.161194801330566,-4.872132301330566,-5.052851025830023,-2.1848085963283665,-5.801820516586076,-4.223989919992164,-8.294030546871
371,-0.830352783203125,-1.111602783203125,-4.627227783203125,-6.205352783203125,-4.814727783203125,-5.1592343567172065,-2.252379286728683,-5.877228498458635,-4.072970774490386,-8.31475234001482
372,-0.6457693576812744,-1.3020193576812744,-5.544206619262695,-6.520769119262695,-5.622331619262695,-5.272110158693977,-2.505334597604815,-6.161394834518205,-5.091460156312678,-8.294229149563762
373,-1.429049015045166,-2.694674015045166,-4.788424015045166,-4.944674015045166,-3.3196742534637167,-2.7431343756616116,-1.4293319778516889,-6.764986872672978,-3.8437726695556194,-7.944701194393929
374,-0.8023897409439087,-2.552389621734619,-5.005514621734619,-5.732077121734619,-5.036764621734619,-5.156545729842037,-0.927537668729201,-7.341452598571664,-5.045229698822368,-8.771156191696718
375,-0.791877269744873,-1.307502269744873,-4.924689769744873,-6.245002269744873,-5.143439769744873,-5.003871954744682,-2.0107676884217653,-5.79187786579115,-4.151772244658787,-8.245028376250048
376,-0.8337548971176147,-1.0056298971176147,-5.107192516326904,-5.513442516326904,-5.107192516326904,-4.725907231797464,-2.6777076515863882,-5.857193231582414,-4.357678771979408,-8.427531480425387
377,-0.7684745192527771,-1.2840995788574219,-5.229412078857422,-6.127849578857422,-4.924724578857422,-5.402275312226266,-2.0342467914888402,-5.721600413322108,-4.167373431584565,-7.940374731701013
378,-0.8911375999450684,-1.4692625999450684,-4.172387599945068,-5.781762599945068,-4.734887599945068,-4.345119109435473,-1.8600308792520082,-5.563013195991346,-3.39155534125166,-8.21148037866078
379,-0.9460409879684448,-1.0554159879684448,-4.571041107177734,-6.196041107177734,-5.438228607177734,-5.322031841496937,-3.1181241057493025,-5.73510444164242,-4.446431322256103,-8.125761269988288
380,-0.31190234422683716,-3.5306522846221924,-6.3197150230407715,-5.4525275230407715,-5.577559232711764,-5.058547581546009,-1.7183899667288642,-8.069746375083866,-5.765640447323676,-9.35101294503147
381,-0.6292803287506104,-1.3480303287506104,-5.410530090332031,-6.285530090332031,-5.379280090332031,-5.498564546462148,-2.785782543796813,-5.824593305587541,-4.996830397576559,-7.926175355705709
382,-0.6168470978736877,-1.413722038269043,-5.359034538269043,-6.476222038269043,-4.749659538269043,-4.532315457588993,-2.5389410017669434,-5.921535253524553,-4.320295400772011,-8.429368972538214
383,-1.1668165922164917,-1.6199415922164917,-4.018379211425781,-5.955879211425781,-4.690254211425781,-4.9025107263587415,-1.4951243233663263,-5.948067665099643,-2.7063539093360305,-7.8934146159590455
384,-0.8208971619606018,-1.055272102355957,-4.977147102355957,-6.063084602355957,-5.453709602355957,-5.173257747548632,-2.696092109734309,-5.953710436820643,-4.66507139740861,-8.3990501161461
385,-0.43113118410110474,-1.85300612449646,-5.235818862915039,-6.603006362915039,-5.446756362915039,-5.338718949817121,-2.3844467219896615,-6.345194578170549,-4.704864815779729,-8.931154966076065
386,-0.7104954123497009,-1.7417454719543457,-5.022995471954346,-6.522995471954346,-4.835495471954346,-4.688455677358434,-1.9294117550889496,-5.9683088064190315,-3.6640389281965327,-8.17927026716643
387,-0.5129574537277222,-1.6223324537277222,-5.895770072937012,-7.216082572937012,-6.052020072937012,-5.976599490037188,-2.528874831390567,-5.981708645820049,-4.646277418185491,-7.723921656255698
388,-0.9068772792816162,-1.1568772792816162,-4.789690017700195,-6.031877517700195,-4.789690017700195,-4.931078023626469,-2.1726952604949474,-5.758440852164881,-4.1417407989210915,-7.969416498377541
389,-0.7472794651985168,-1.512904405593872,-5.184779644012451,-6.387904644012451,-4.809779644012451,-4.904669588548131,-1.8256059681880288,-6.059780478477137,-4.2866663407185115,-8.075431465729707
390,-0.8020868897438049,-0.9739618897438049,-5.30989933013916,-6.45052433013916,-5.57552433013916,-5.474739249271806,-2.7710043051629327,-6.247399926185437,-5.419667881767964,-8.567732691546553
391,-0.760310173034668,-1.432185173034668,-4.658747673034668,-6.229060173034668,-5.033747673034668,-5.08199752192013,-1.9323345311131561,-5.885310769080945,-3.948182751861168,-8.32283735238343
392,-0.6080709099769592,-1.3424458503723145,-5.5065083503723145,-6.5065083503723145,-5.2955708503723145,-4.757700090529397,-2.795780994274537,-5.819008946418592,-5.147479355073301,-8.631531119097417
393,-0.7001176476478577,-1.309492588043213,-4.934492588043213,-6.661055088043213,-5.137617588043213,-4.997841117263306,-2.200273263253621,-6.03605568408949,-4.692698282189667,-8.372017860105188
394,-0.7872180342674255,-1.1934680938720703,-5.20909309387207,-6.60753059387207,-5.36534309387207,-5.437596463016234,-2.646829100413015,-5.88878130912758,-4.272185745998286,-7.834123730190186
395,-0.8769405484199524,-1.0956904888153076,-4.775378227233887,-5.611315727233887,-5.095690727233887,-5.229694014764391,-2.2676899355719797,-5.4628790616985725,-4.322645468055271,-8.126967429758224
396,-0.9251742959022522,-1.1595492362976074,-4.182986736297607,-5.979861736297607,-5.026736736297607,-5.3169920480577275,-2.2534323842119193,-5.425175070762293,-3.7771226615004707,-7.87051713420442
397,-0.9338709712028503,-1.1057460308074951,-4.340120792388916,-6.011995792388916,-4.683870792388916,-4.8017790103913285,-2.3402935117774177,-5.660434007644426,-3.8797167309676297,-8.363590359189402
398,-0.9299767017364502,-1.1018517017364502,-4.890913963317871,-6.226851463317871,-4.695601463317871,-5.782333892420866,-1.977016912162071,-5.945602416991733,-4.243080076179467,-7.789377450604661
399,-0.8753058314323425,-2.9378058910369873,-4.484680652618408,-5.765930652618408,-4.242493271827691,-3.8853796168696135,-0.9067308153607883,-7.125305891036959,-4.657202273141593,-8.789383768920743
400,-0.8952902555465698,-1.1140402555465698,-4.653102874755859,-6.106227874755859,-5.145290374755859,-5.5834945344831795,-2.7549357048701495,-5.871853709220545,-4.3332249174127355,-8.293756365370427
401,-0.35348689556121826,-2.025362014770508,-5.017549514770508,-7.205049514770508,-4.853487014770508,-5.30084971874021,-2.431796056975145,-7.158175110816785,-4.260179064294789,-8.75975632648806
402,-0.616183876991272,-2.6161837577819824,-5.155246257781982,-6.381808757781982,-4.584933996200533,-4.376792689552531,-1.2258108536771033,-7.272434234619027,-4.7339759428869,-8.709950446951552
403,-0.8287981152534485,-2.8444230556488037,-4.492860794067383,-5.977235794067383,-3.8687736988067627,-3.9426304399967194,-0.9783010962564731,-7.306273818015995,-4.416361911862623,-8.642226815098184
404,-0.7413778901100159,-1.647627830505371,-4.155440330505371,-6.311690330505371,-4.796065330505371,-4.82014146912843,-2.179069381483714,-6.007003545760881,-3.4684072834497783,-8.749217748265437
405,-0.7977228164672852,-1.1258478164672852,-4.711785316467285,-5.969597816467285,-5.336785316467285,-4.900105735810939,-2.9541585272963857,-5.469598650931971,-4.438779975957004,-8.313377975962794
406,-0.9897494912147522,-0.7241244912147522,-5.731936931610107,-6.599124431610107,-5.833499431610107,-6.248190682090353,-3.036821822708589,-5.864750146865617,-5.8963654563413,-8.435089587796028
407,-1.1215503215789795,-1.3090503215789795,-4.160613059997559,-5.840300559997559,-4.387175559997559,-5.021360289887525,-1.699779028283956,-5.965301394462244,-3.481424445519224,-8.035644649960886
408,-0.7422662377357483,-1.0235161781311035,-5.3282036781311035,-6.3360161781311035,-5.7032036781311035,-5.328880200395361,-3.39870200814039,-5.484454512595789,-5.391049444500823,-8.64072906939873
409,-0.630108118057251,-2.489483118057251,-5.223857879638672,-5.450420379638672,-4.4660456180572226,-3.389646079391241,-1.5368163727689534,-7.739483237266484,-4.5529071587952785,-8.38012683373563
410,-0.684308648109436,-1.465558648109436,-3.9030585289001465,-5.9577460289001465,-5.0358710289001465,-4.856791430676822,-2.5125996928400127,-5.535871744155656,-4.286397795192897,-8.567156314242311
411,-0.4588789939880371,-3.818253993988037,-4.662003993988037,-6.466691493988037,-4.474504351615849,-2.8382917884737253,-1.6778953912726138,-7.779191851615849,-4.248427153885132,-9.138586520957688
412,-0.724102258682251,-1.395977258682251,-5.435039520263672,-6.802227020263672,-5.255352020263672,-5.9211302573094144,-1.9430584694928257,-6.185040354728358,-4.076051875425037,-8.013194202936575
413,-0.615189254283905,-1.3339393138885498,-5.005814075469971,-6.146439075469971,-5.091751575469971,-4.881756576651242,-2.7715933204308385,-6.021439790725481,-4.740687484503724,-8.61521661245024
414,-0.3940657377243042,-2.0503158569335938,-5.472190856933594,-6.565940856933594,-4.808128356933594,-5.412089092424139,-2.2692782653321046,-6.401878952979871,-4.832148501358461,-8.550338625647782
415,-0.9129507541656494,-1.0848257541656494,-4.54576301574707,-6.00670051574707,-4.55357551574707,-4.757434575469233,-2.4912137889914447,-5.991075992584115,-4.475933792622527,-8.545785307635015
416,-0.6685447692871094,-1.2935447692871094,-4.637294769287109,-5.621669769287109,-5.160732269287109,-5.0209955798927695,-2.574944604144548,-5.520107984542619,-4.754925510380417,-8.309198379107329
417,-0.7352578043937683,-1.500882863998413,-4.985257625579834,-6.383695125579834,-5.032132625579834,-4.4319296174217016,-1.891664611932356,-6.1180706024168785,-3.993884470371995,-8.383729576486076
418,-0.849349856376648,-0.974349856376648,-4.9665374755859375,-6.2712249755859375,-5.2087249755859375,-4.983199297101237,-2.599516735470388,-6.060288190841447,-4.302857325877994,-8.615000009223877
419,-0.9276166558265686,-3.755741596221924,-4.622929096221924,-5.958866596221924,-3.9744918346404745,-3.065982628148049,-1.0372210477798944,-7.263554573058968,-4.43644674483221,-8.271385073499914
420,-0.8610137104988098,-1.173513650894165,-4.884451389312744,-6.189138889312744,-4.540701389312744,-4.174497120897286,-2.3455438493401743,-5.931326985359021,-4.1585768478689715,-8.884480237531534
421,-0.9550710916519165,-0.8300710916519165,-4.806633472442627,-6.275383472442627,-5.580070972442627,-6.128047217265703,-2.892697087911074,-5.728509306907313,-4.705611321318429,-8.13478791671696
422,-0.8902944326400757,-1.1871694326400757,-4.405919551849365,-6.335607051849365,-4.913732051849365,-4.610041359788738,-2.218571174569661,-5.5934201478956425,-4.117255965771619,-8.296575784181186
423,-0.6773805022239685,-1.5836305618286133,-5.552380561828613,-6.763318061828613,-5.794568061828613,-6.093896119622514,-2.005737873754697,-6.193006396293299,-4.3261969563609455,-7.6774059530853265
424,-0.5184798836708069,-1.315354824066162,-5.409104824066162,-6.557542324066162,-5.6896162033081055,-5.4637734683346935,-3.142916306387633,-5.869304418563615,-5.15879907773342,-8.978704452183592
425,-0.6276159286499023,-1.6276159286499023,-4.994803428649902,-6.776053428649902,-5.518240928649902,-5.567249048035592,-2.002796871980536,-6.283866763114588,-4.026407655910589,-8.221395730528457
426,-0.899448573589325,-1.2431986331939697,-4.563510894775391,-6.016635894775391,-5.282260894775391,-5.002432765555568,-1.883954278047895,-6.008824110030901,-3.860778016533004,-8.01666271650538
427,-0.8893229961395264,-1.1080729961395264,-5.1549482345581055,-6.4127607345581055,-5.2018232345581055,-5.179188525245991,-2.8973060700809583,-5.498699069022791,-4.553739961818792,-8.069044947038492
428,-0.6064544320106506,-2.278329372406006,-5.333016872406006,-6.676766872406006,-4.989266991615288,-3.7370798606425524,-1.6379079611506313,-7.47364234924305,-4.794645785645116,-9.043972730476526
429,-0.6344220638275146,-1.6187970638275146,-4.892234802246094,-6.282859802246094,-5.251609802246094,-5.2526665108744055,-1.9783509809640236,-5.962548255919955,-4.11138383531943,-8.478197693502807
430,-0.944802463054657,-1.2729275226593018,-4.007302284240723,-5.944802284240723,-4.577614784240723,-5.50052839203272,-2.0699434181151446,-5.436990737914584,-3.71085408172803,-7.866709231821005
431,-0.3525649607181549,-2.477565050125122,-4.602564811706543,-6.196314811706543,-5.571314811706543,-5.595508170488756,-1.8995743899577064,-7.235377669334355,-5.1578000475419685,-9.3291444776969
432,-0.575285792350769,-1.247160792350769,-5.919035911560059,-6.825285911560059,-5.637785911560059,-5.7250077817589045,-2.6848522241634782,-6.606536507606336,-5.138499958615284,-8.715932607416107
433,-0.6799260973930359,-2.8205511569976807,-4.547113418579102,-6.015863418579102,-4.218988418579102,-3.9178465860895813,-1.2113379109214293,-7.547113776206913,-4.344601204968058,-8.812752842799455
434,-0.4245185852050781,-2.783893585205078,-4.932331085205078,-6.119831085205078,-5.220845699310303,-5.011306976084597,-1.5647393361869035,-7.6583460569381145,-5.088548527448438,-9.392737150064931
435,-1.0128886699676514,-1.1066386699676514,-3.9894511699676514,-6.4972639083862305,-4.9113264083862305,-4.084000030066818,-2.513039935118286,-5.950389504432508,-4.099314927938394,-8.317606925498694
436,-0.8498992919921875,-1.2873992919921875,-4.3733367919921875,-6.0217742919921875,-4.5608367919921875,-4.4834522843011655,-2.19382403754571,-5.724900007247697,-4.045708771212958,-8.537426113722177
437,-0.9387474656105042,-1.2668724060058594,-4.430934906005859,-5.821559906005859,-4.680934906005859,-4.1583857166115195,-2.1107990585733205,-5.634060621261369,-4.001558017160278,-8.305963754237382
438,-0.9793945550918579,-0.9325195550918579,-4.995019435882568,-6.635644435882568,-5.190331935882568,-5.355475794523954,-2.85461208835477,-5.53408288955643,-4.5345617573475465,-7.635670303963707
439,-0.6810264587402344,-1.6810264587402344,-5.313838958740234,-6.079463958740234,-4.962276458740234,-5.002681188634597,-2.10311994550284,-5.860714673995744,-4.603352206671843,-7.899802207615721
440,-0.5581351518630981,-1.3081351518630981,-5.425322532653809,-6.753447532653809,-5.753447532653809,-6.0119114184053615,-2.5270669294841355,-6.605010867118494,-5.347582504560705,-9.01128315898859
441,-0.6359977722167969,-1.1828727722167969,-4.878185272216797,-5.831310272216797,-5.487560272216797,-5.2070238427841105,-3.073657976667164,-5.651623606681483,-4.7223394292232115,-8.557899593946786
442,-0.6517389416694641,-1.4954888820648193,-5.159551620483398,-6.307989120483398,-4.831426620483398,-4.543484298628755,-2.2456607670901576,-5.698614716529676,-4.066328863380477,-8.487700342850076
443,-1.2408010959625244,-2.8111135959625244,-4.404863357543945,-5.982988357543945,-3.193926215171807,-2.8972139954566956,-0.865952361113159,-7.928301215171757,-3.9838688074960373,-8.639259457366279
444,-0.6363154053688049,-1.2300653457641602,-5.19881534576416,-6.26131534576416,-5.26912784576416,-5.488634061883204,-3.0115040362725267,-6.04256606101967,-4.667942333675455,-8.808213591304593
445,-0.5675445795059204,-1.2862945795059204,-5.301919460296631,-6.411294460296631,-5.317544460296631,-5.154490915359929,-3.036451804175158,-6.044107556342908,-5.4194362813432235,-8.645689964094345
446,-0.972487211227417,-0.972487211227417,-4.409987449645996,-6.269362449645996,-4.745924949645996,-5.113734766899142,-2.300763357183314,-5.714675784110682,-4.1605826037121005,-8.370955585964111
447,-1.1287851333618164,-1.0506601333618164,-4.292847633361816,-5.870972633361816,-5.191285133361816,-6.160842212091666,-2.519636247816379,-5.652223706244854,-3.7776923268393148,-7.839753746502538
448,-0.27641355991363525,-2.7607884407043457,-5.877975940704346,-6.081100940704346,-5.971726059913628,-4.54481085925363,-2.4329773887002375,-7.8701637983321575,-6.222449279448483,-9.862366080176798
449,-0.9563779830932617,-1.1907529830932617,-4.815752983093262,-5.893877983093262,-5.159502983093262,-5.699658868834376,-2.034685475868173,-5.753253698348772,-3.8161367633438203,-7.72203457305659
450,-0.7713521122932434,-1.4901020526885986,-4.419789791107178,-5.849477291107178,-4.974477291107178,-4.81933639512863,-2.2402844262687722,-5.740102887153455,-4.193577585858293,-8.654193639325968
451,-0.8589228987693787,-2.8901729583740234,-4.741735458374023,-6.413610458374023,-4.679693698883057,-3.903660257346928,-0.9220837149769068,-7.4687565565108684,-4.485024841094855,-8.195339321886422
452,-0.7799805402755737,-1.3424805402755737,-4.983105659484863,-5.951855659484863,-5.170605659484863,-5.7108095329022035,-2.1395551959285513,-5.592481732367901,-3.8975972208718304,-8.100321054069354
453,-0.6710978746414185,-1.2023478746414185,-5.202347755432129,-6.272660255432129,-5.225785255432129,-5.117466130526736,-2.84315524820704,-5.499223589896815,-4.608984872262226,-8.27268338176691
454,-0.6150841116905212,-1.427584171295166,-5.169771671295166,-6.552584171295166,-5.622896671295166,-5.475369277584832,-2.3808781957777683,-6.036960005759852,-4.623308931244537,-8.490111112218074
455,-0.9713487029075623,-0.8932237029075623,-4.697911262512207,-6.244786262512207,-5.283848762512207,-5.3469380787573755,-2.690267191050225,-5.791662096976893,-4.776358314149547,-8.010443329298141
456,-0.7103036046028137,-1.413428544998169,-5.264991283416748,-6.022803783416748,-5.304053783416748,-5.891873970511369,-2.1323878546099877,-5.61655473709061,-3.968568222800968,-7.827523946227302
457,-1.0112708806991577,-0.8862708806991577,-4.956583499908447,-5.651895999908447,-4.972208499908447,-4.5978951480356045,-2.6833064427337376,-5.323771715163957,-4.3945204257033765,-8.37068188124249
458,-0.9236339926719666,-1.0486340522766113,-4.712696552276611,-6.025196552276611,-5.095509052276611,-5.361725274764467,-2.3300596321496414,-5.634572505950473,-4.345989469496999,-8.056479334278265
459,-0.7290621399879456,-1.3696870803833008,-5.111874580383301,-6.510312080383301,-5.635312080383301,-5.863433456630446,-2.0886390005325666,-6.158750534057162,-4.3545402337331325,-7.885343074318371
460,-0.6116352081298828,-1.4241352081298828,-5.127260208129883,-6.385072708129883,-5.033510208129883,-5.760730646143202,-2.2993441601865925,-6.103823542594569,-4.6667398536228575,-8.681973814624143
461,-1.1425292491912842,-0.830029308795929,-4.837841987609863,-6.064404487609863,-5.142529487609863,-5.730685513233766,-2.4551961282704724,-5.978467941283725,-3.650707058928674,-7.790996551077114
462,-1.067131757736206,-1.114006757736206,-4.426506996154785,-5.848381996154785,-4.942131996154785,-4.716728611267172,-2.3329065925936447,-5.559320449828647,-3.755068921833299,-7.9968518013520224
463,-1.1557797193527222,-1.2964047193527222,-3.9526548385620117,-5.687029838562012,-4.687029838562012,-4.141009442333598,-2.515340311016189,-5.397968053817522,-3.554618278227281,-8.108933686793534
464,-0.8219186663627625,-1.0406687259674072,-4.556293487548828,-6.431293487548828,-5.134418487548828,-5.267952182039153,-3.0642925327265402,-5.673481702804338,-4.587890803086339,-8.556323527838686
465,-0.3722401559352875,-3.0597400665283203,-4.80192756652832,-6.03630256652832,-5.20036506652832,-4.904845986980945,-1.6224237511924002,-7.458177924156132,-5.411850421514828,-9.669130563615909
466,-0.9587956666946411,-1.0525456666946411,-4.997858047485352,-6.029108047485352,-4.935358047485352,-5.514243909274228,-2.193383075064048,-5.841609120368389,-4.060882669116836,-7.833830952018616
467,-0.9176937341690063,-1.4489437341690063,-4.542693614959717,-5.964568614959717,-4.777068614959717,-5.168551672832109,-1.8553588253998896,-5.581756830215227,-4.183651630271925,-7.691159367162982
468,-0.7125238180160522,-1.2593988180160522,-4.775023937225342,-6.392211437225342,-5.142211437225342,-4.689813111384865,-2.587724069599062,-5.931274533271619,-4.517629774316447,-8.946928023855435
469,-0.5612583160400391,-1.545633316040039,-5.514383316040039,-6.498758316040039,-5.459695816040039,-4.812670901650563,-2.3739452187437564,-6.045634031295549,-4.194621292233933,-8.43628942918076
470,-1.1183373928070068,-0.8839623928070068,-4.540212631225586,-6.141775131225586,-4.774587631225586,-4.673727384943049,-2.5091713448637165,-5.790213346481096,-4.454689655220136,-7.844928502634502
471,-0.7387017011642456,-1.1293267011642456,-4.418389320373535,-6.199639320373535,-5.105889320373535,-5.051809841301292,-2.8326420602970757,-5.715265154838221,-4.418915848364122,-8.769977688454674
472,-0.9033770561218262,-0.9971270561218262,-4.817439556121826,-6.481502056121826,-5.481502056121826,-5.138515538536012,-3.309813482075697,-5.708065271377336,-4.825712693913374,-8.333093046749127
473,-0.950329065322876,-1.231579065322876,-4.864391326904297,-6.817516326904297,-4.755016326904297,-4.646741142845713,-1.9036345319036627,-6.044079661368983,-3.919461177283665,-7.973793029428634
474,-0.8567079901695251,-1.26295804977417,-4.37233304977417,-6.18483304977417,-4.73170804977417,-4.466824971546885,-2.2943690885585966,-5.81764626502968,-3.9118011367390864,-8.427047013872652
475,-1.0660523176193237,-1.4410523176193237,-3.6207399368286133,-5.784802436828613,-4.526989936828613,-4.355874607397709,-1.925628641838557,-5.644178152084123,-3.1993532180495095,-8.316080450618756
476,-0.8748619556427002,-3.3123619556427,-4.992049217224121,-6.546736717224121,-4.3982993364334035,-4.5253533471841365,-0.7500212065788219,-7.742049694061166,-4.844182805041783,-9.47644340973602
477,-1.1503195762634277,-0.8846945762634277,-4.423757076263428,-5.986257076263428,-4.611257076263428,-4.8931043748161756,-2.7208185022172984,-5.650320529937289,-4.0727402866468765,-8.111288427830004
478,-0.5096887946128845,-2.5409388542175293,-4.572188854217529,-6.001876354217529,-4.947188854217529,-4.386623536469415,-1.4629815676162252,-7.470626711845341,-5.049268350470811,-9.486264824769933
479,-0.9724927544593811,-1.4099926948547363,-4.667805194854736,-5.659992694854736,-5.253742694854736,-5.5134144416078925,-1.8632786144444253,-5.808431029319422,-4.019722994620679,-7.745958327850531
480,-0.3992335796356201,-1.9617335796356201,-6.321108818054199,-7.039858818054199,-6.899233937263482,-6.26153659960255,-2.0401167536329012,-7.672671914100476,-5.282498376705917,-9.735192298669062
481,-0.9511899948120117,-1.2324399948120117,-4.693377494812012,-5.951189994812012,-5.030693531036377,-4.0708495357539505,-2.585537063816446,-5.491631746291887,-4.093563607399119,-8.210407971959285
482,-0.744787871837616,-1.1041629314422607,-4.971350193023682,-6.166662693023682,-5.260412693023682,-4.964233275677543,-2.4793189642223297,-5.924475908279192,-4.378128031617962,-8.760438561117553
483,-0.9560881853103638,-1.0029631853103638,-4.729525566101074,-6.221713066101074,-5.135775566101074,-5.65989959507715,-2.721960513968952,-5.54202640056576,-4.612752709246706,-7.97174525209266
484,-0.8191707730293274,-1.1472957134246826,-4.772295951843262,-6.084795951843262,-5.006670951843262,-5.671800758922473,-2.2256233486841666,-6.045734167098772,-3.7414327111036982,-8.444201707367029
485,-0.7784155607223511,-1.309665560722351,-5.059665679931641,-6.379978179931641,-5.223728179931641,-4.560800027917139,-2.653598172706552,-5.872166395187151,-4.25534158301889,-8.63000321356958
486,-0.7718096375465393,-1.1311845779418945,-4.8577470779418945,-6.2718095779418945,-5.1077470779418945,-4.616411799564958,-2.646965729916701,-5.974935173988172,-4.553580148611218,-8.639022469198608
487,-0.7793843150138855,-1.3262593746185303,-4.427821636199951,-6.271571636199951,-5.295009136199951,-4.820000513456762,-2.232631318285712,-5.795010089873813,-3.8736999818938784,-8.373161077148325
488,-1.0095329284667969,-1.1501579284667969,-3.837657928466797,-5.728282928466797,-4.970470428466797,-4.705795194546226,-2.2909443248208845,-5.915783762931483,-3.798914500832325,-8.079873919081365
489,-0.6544497609138489,-1.310699701309204,-4.716949939727783,-5.779449939727783,-5.123199939727783,-5.468186805373989,-2.4202177422266686,-5.709138154983293,-4.47522200513049,-8.123220085884896
490,-0.5807623267173767,-1.3463873863220215,-5.2838873863220215,-6.0885748863220215,-5.7370123863220215,-5.246062585385516,-2.8465564108046237,-5.479200601577531,-4.815513540088432,-8.04172503915288
491,-0.7259175777435303,-1.2102925777435303,-4.944667816162109,-5.968105316162109,-5.655605316162109,-5.790146762738004,-2.1792151778936386,-5.710293650626795,-4.36698701052228,-7.983752369636932
492,-0.8656322956085205,-1.0218822956085205,-4.521882057189941,-6.100007057189941,-5.412507057189941,-6.437161182053387,-2.537653435516404,-5.459383249282155,-4.26467865036102,-7.982846498125582
493,-0.748849093914032,-1.1863491535186768,-5.170723915100098,-5.897286415100098,-5.131661415100098,-4.796628780954052,-2.702154739279649,-5.342599630355608,-4.569571649306454,-8.26450276333162
494,-0.8894862532615662,-1.217611312866211,-4.241048812866211,-5.678548812866211,-4.834798812866211,-5.155827027687337,-2.4287040113122202,-5.342612147330897,-4.077364611584926,-8.069199204122924
495,-1.0086076259613037,-0.8679826855659485,-4.625795364379883,-6.664857864379883,-5.274232864379883,-5.509318456868641,-2.665089341971907,-6.180483579635393,-4.462065283820266,-7.7430251827827306
496,-0.6532013416290283,-1.1688263416290283,-5.465701103210449,-6.778201103210449,-5.364138603210449,-5.6460474942578,-2.6690693798300344,-6.293826937675135,-5.216080712736584,-8.700102448116013
497,-1.3665201663970947,-0.8821452260017395,-4.046207904815674,-5.671207904815674,-4.671207904815674,-4.718912972137332,-3.023000571411103,-5.41339623928036,-3.85906368115684,-7.80405592855459
498,-1.0898712873458862,-1.1054962873458862,-3.949246406555176,-5.503933906555176,-4.941433906555176,-4.606631111819297,-2.308783994812984,-5.464872241019862,-3.6059305917297024,-8.12896442366764
499,-0.5927497744560242,-2.702124834060669,-4.67868709564209,-5.99899959564209,-4.75681209564209,-4.727097166934982,-1.2335455271968385,-7.311499953269902,-4.780932669935282,-9.147453665596913
500,-0.7921088933944702,-1.4483588933944702,-4.72960901260376,-6.28429651260376,-5.52648401260376,-4.777687302208506,-2.2142280042462517,-6.276484847068446,-3.6908797662472352,-8.315572499877817
501,-0.8297438025474548,-1.2047438621520996,-5.0250563621521,-6.4234938621521,-5.2281813621521,-5.760391251358669,-2.3611854131304426,-5.845369696616785,-4.572276771010365,-8.228206276571655
502,-0.8923006057739258,-1.3610506057739258,-4.673550605773926,-6.025113105773926,-4.782925605773926,-5.221236496116035,-2.1737284502160037,-5.439176440238612,-4.119185872434173,-7.954831003680738
503,-0.9968289136886597,-0.8874539136886597,-4.660891532897949,-5.926516532897949,-4.629641532897949,-5.42752584523987,-2.73920820307103,-5.528079867362635,-4.294056591810659,-8.12185323209087
504,-1.2307703495025635,-0.9963953495025635,-3.9729578495025635,-6.043270111083984,-5.019832611083984,-4.4736923855380155,-2.8403062690922525,-5.441708087921029,-4.340541522600688,-8.418300389785145
505,-0.899040937423706,-0.930290937423706,-4.688103675842285,-6.328728675842285,-5.172478675842285,-5.134072207729332,-3.2507755608239677,-5.672479391097795,-4.899452839978039,-8.33656930883808
506,-0.9632439017295837,-1.0726189613342285,-4.4866814613342285,-5.8773064613342285,-4.6507439613342285,-4.190718592319172,-2.260264386088238,-5.7523071765897384,-3.6510910385404713,-8.275769114165087
507,-0.784316897392273,-1.018691897392273,-5.0030670166015625,-6.0343170166015625,-5.1515045166015625,-5.668252433417365,-2.7063873815350235,-5.651505231857072,-4.7924642002617475,-8.1046562191259
508,-0.6970025897026062,-1.384502649307251,-4.947002410888672,-6.298564910888672,-4.657939910888672,-4.674647817621008,-2.2596965840202756,-5.798565506934949,-4.306773584074108,-8.55639910674472
509,-0.8166816830635071,-0.9885566830635071,-5.410431861877441,-6.199494361877441,-4.949494361877441,-4.849019769928418,-3.1606170959130395,-5.918244957923719,-5.3013387521205,-8.668267011385979
510,-0.2719497084617615,-3.6313247680664062,-5.303199768066406,-7.014137268066406,-5.662575006484957,-4.329487073933706,-1.8659152752370574,-7.076637744903451,-6.108263183501549,-9.545403241983877
511,-0.8023979663848877,-1.4273979663848877,-4.575835227966309,-6.013335227966309,-5.513335227966309,-4.8111421294743195,-2.6775891598081216,-5.5914609432218185,-4.146670204994734,-8.528990149050514
512,-0.8060072064399719,-1.0091321468353271,-4.743507385253906,-6.399757385253906,-5.493507385253906,-5.267680731834844,-3.134335616385215,-5.907570600509416,-5.025163329701172,-8.4466605182497
513,-0.8143733739852905,-0.9862483739852905,-5.29874849319458,-6.56437349319458,-5.40031099319458,-4.963575666770339,-3.1739150147041073,-5.81437420845009,-5.049262868182268,-8.408148169201013
514,-0.9634217619895935,-1.2134218215942383,-4.564984321594238,-6.096234321594238,-5.088421821594238,-5.699293922749348,-2.135460720935953,-5.7759227752681,-3.6434907185903285,-7.66658008043305
515,-0.9872826337814331,-1.002907633781433,-4.682595252990723,-6.409157752990723,-4.909157752990723,-5.745808823558036,-2.5031245711870724,-6.065408706664584,-4.190860288246768,-8.182628392623883
516,-0.44863373041152954,-2.8548836708068848,-4.815821170806885,-6.706446170806885,-5.089258670806885,-5.06692027230747,-1.4331287073582644,-6.878321647643929,-5.300771905109286,-9.190839886499816
517,-0.7421470880508423,-1.5233970880508423,-4.929646968841553,-5.531209468841553,-4.984334468841553,-4.689201743691228,-2.132897965129814,-5.76558506488783,-4.172265436762245,-8.054671644871632
518,-0.7583553194999695,-1.4146053791046143,-4.828667640686035,-6.273980140686035,-5.414605140686035,-5.087955816066824,-1.8835345346160466,-6.125543594359897,-3.55569292337168,-8.195885538592847
519,-1.2149267196655273,-3.6055517196655273,-5.136801719665527,-6.058676719665527,-3.9883642196655273,-3.836203903425485,-0.5744951776287053,-7.300864577293339,-5.247035849490203,-8.425884485039205
520,-0.7043735384941101,-1.1418735980987549,-5.009060859680176,-6.141873359680176,-5.477810859680176,-4.962943862599786,-2.907671198248863,-5.923124074935686,-4.704848891647998,-8.735650419823287
521,-0.8532134294509888,-2.853213310241699,-4.173525810241699,-6.212588310241699,-3.5954009294509817,-3.0244871801696718,-1.3221206541493302,-7.20477604866025,-4.072852097218856,-8.345419525925536
522,-0.4166463315486908,-2.4322712421417236,-4.932271480560303,-5.994771480560303,-4.471333980560303,-4.2858385008294135,-1.7918037052295404,-7.5260218381881145,-5.18321886472404,-9.299474358433145
523,-0.5586426854133606,-2.918017625808716,-5.066455364227295,-6.503955364227295,-4.668017864227295,-3.9358462831005454,-1.3087791111320257,-7.035205721855107,-5.012270205188543,-8.925847172587964
524,-0.7626137733459473,-1.1063637733459473,-4.653238773345947,-6.246988773345947,-5.020426273345947,-5.474268536781892,-2.684691051050322,-5.778239607810633,-4.309916881466052,-8.286080717592995
525,-0.7070780992507935,-1.3477030992507935,-4.808640480041504,-6.222702980041504,-5.511765480041504,-4.825653900043108,-2.5666254610114265,-5.496141195297014,-4.269938046461903,-8.519603132885095
526,-0.8681524395942688,-1.118152379989624,-4.625965118408203,-6.000965118408203,-5.071277618408203,-5.0173804020741954,-2.462082012250903,-5.555653452872889,-4.071662351983832,-8.071304440138192
527,-0.8430812954902649,-1.1399562358856201,-4.632143974304199,-6.108706474304199,-5.132143974304199,-4.250491542043164,-2.515107381841517,-6.327457070350476,-4.632539551676018,-8.725917577465225
528,-1.0123703479766846,-0.9342453479766846,-4.5436201095581055,-6.1686201095581055,-4.9186201095581055,-5.442715309269261,-3.0907518534804694,-5.723308444022791,-4.51281132499571,-8.348336934614053
529,-0.8550035357475281,-1.3550035953521729,-4.651878356933594,-6.206565856933594,-5.050315856933594,-5.0283110602758825,-2.167739005992189,-5.862816810607455,-3.371016427176073,-7.776908158812148
530,-0.9568880796432495,-0.9100130796432495,-5.152200698852539,-6.620950698852539,-5.136575698852539,-5.668534742668271,-2.6915387727494817,-5.910014271735577,-4.52759353548754,-8.183476924552451
531,-1.0810211896896362,-1.1122711896896362,-3.776333808898926,-5.401333808898926,-4.932583808898926,-4.512289347243495,-2.3467831518064486,-5.627897024154436,-3.659560952044558,-7.87792444189472
532,-0.7780695557594299,-1.1061944961547852,-5.028069496154785,-6.293694496154785,-4.848381996154785,-5.231896273384336,-2.543924662808422,-5.707757711410295,-4.731550749245798,-8.504657625822801
533,-0.46125733852386475,-1.5237573385238647,-5.742507457733154,-6.398757457733154,-5.484694957733154,-5.572136819711886,-2.5239297003281536,-6.1721955537794315,-5.203873780788854,-8.906589507856552
534,-0.6848729252815247,-1.2629978656768799,-5.309873104095459,-6.083310604095459,-5.442685604095459,-6.537401209818199,-2.263223384215962,-5.684873938560145,-4.622842797572957,-7.84115099867995
535,-1.0789237022399902,-1.0945487022399902,-4.68048620223999,-6.21954870223999,-4.72736120223999,-5.142557454877533,-1.9540877207764424,-5.821112036704676,-3.5713859419047367,-7.5242651696771645
536,-0.6206079721450806,-3.081545352935791,-4.995607852935791,-6.456545352935791,-4.284670591354342,-3.4227667679078877,-1.3239201132237213,-6.9252958297728355,-4.738408377568703,-8.417499661312831
537,-0.9972252249717712,-1.325350284576416,-4.661287784576416,-6.575350284576416,-5.106600284576416,-5.444245548336767,-1.653634058748139,-6.1847263574594535,-3.77891650001402,-7.48944330168888
538,-0.592927098274231,-3.0148019790649414,-4.350739479064941,-6.905426979064941,-5.085114479064941,-3.6802221852121875,-1.3274123607843649,-7.092927455901986,-4.671460187557386,-9.061691403285295
539,-0.8667306900024414,-1.2261056900024414,-4.812043190002441,-6.163605690002441,-4.624543190002441,-4.891111763077788,-1.8981486417906126,-5.757356405257951,-4.039219906029757,-7.960507154113657
540,-0.35726693272590637,-2.888516902923584,-5.208829402923584,-6.544766902923584,-5.802579402923584,-5.249767807777971,-1.6542987700377125,-7.7322673797606285,-5.795305107196327,-10.04478287684833
541,-0.7057939171791077,-1.237043857574463,-5.346418857574463,-6.752668857574463,-5.354231357574463,-5.051287441398017,-2.3935473836027086,-5.994857192039149,-4.885859775473364,-8.096444129636438
542,-0.637494683265686,-3.1687445640563965,-4.9187445640563965,-6.6140570640563965,-4.207807302474947,-3.050507868640125,-1.325256909331074,-7.481245040893441,-4.396166074788198,-9.02032756785411
543,-0.8188268542289734,-1.3344519138336182,-4.506326675415039,-6.756326675415039,-4.811014175415039,-4.585841642925516,-1.9752128031832399,-6.045390009879725,-3.905224336689571,-8.03760540444091
544,-0.9328145384788513,-0.9953145384788513,-4.706252098083496,-6.135939598083496,-4.854689598083496,-4.49617396609392,-2.8001988932519453,-5.596877813339006,-4.550491451693233,-8.432845592018566
545,-0.7331363558769226,-1.2175114154815674,-4.795636177062988,-6.397198677062988,-4.772198677062988,-4.530827189271804,-2.405148019999615,-6.186261892318498,-4.155418313108385,-8.936287641174204
546,-0.7600309252738953,-1.36940598487854,-5.267843246459961,-6.588155746459961,-5.541280746459961,-5.4491829328471795,-2.025871134494082,-5.963156700133823,-4.026073964399984,-7.885070084750623
547,-0.9437373876571655,-1.0374873876571655,-4.982800006866455,-6.287487506866455,-5.201550006866455,-6.148237474728376,-2.30328415351687,-5.748425960540317,-4.084841851727106,-7.584403037202719
548,-0.47257888317108154,-2.847579002380371,-5.089766502380371,-6.183516502380371,-5.222579002380371,-4.8342612569686025,-1.441535570716951,-7.214767098426648,-5.324707347957883,-9.246033072335194
549,-0.7191281318664551,-1.297253131866455,-5.148815631866455,-6.039440631866455,-5.445690631866455,-6.275180599885061,-2.4849712610739516,-5.445691585540317,-4.282053499337053,-7.898843764862249
550,-0.6326414942741394,-1.2107665538787842,-4.749828815460205,-6.171703815460205,-5.367016315460205,-5.634108896483667,-2.8984527414577315,-5.765454649924891,-4.586167970090173,-8.413913726566534
551,-0.8200054168701172,-1.3825054168701172,-4.460630416870117,-6.226255416870117,-4.687192916870117,-4.8443174113635905,-1.9920983077172423,-5.734068632125627,-3.906360777327791,-8.366904973681812
552,-0.9736981391906738,-0.9268231391906738,-4.434635639190674,-6.200260639190674,-5.200260639190674,-4.904052392812446,-3.450449925629073,-5.55182397365536,-4.755384230869822,-8.411227702643373
553,-0.8742305040359497,-1.1554805040359497,-4.35860538482666,-5.89766788482666,-5.38204288482666,-5.351754322240595,-2.233752716652816,-5.717981219291346,-4.468334016244626,-8.194571137029925
554,-0.9213991165161133,-1.1870241165161133,-4.421399116516113,-5.882336616516113,-5.062024116516113,-4.484898068127222,-2.640318617763114,-5.655774831771623,-4.187456871790346,-8.35111653760032
555,-1.9682062864303589,-3.2885189056396484,-3.8119564056396484,-5.811956405639648,-3.7182067632674602,-1.1676713386550546,-2.280917741372832,-6.765081644058199,-3.6644951106864028,-9.233858704194063
556,-1.107515811920166,-0.904390811920166,-4.318453311920166,-6.138765811920166,-4.880953311920166,-4.451918389007915,-2.7326639780949336,-5.896579027175676,-4.295401617971947,-8.427851795862807
557,-0.9685721397399902,-0.8123221397399902,-4.99200963973999,-6.08575963973999,-5.42169713973999,-4.930146133934613,-2.828115329903085,-6.1638852357862675,-5.429869110346772,-8.585786103863938
558,-0.6859275102615356,-1.3421775102615356,-4.935927391052246,-5.935927391052246,-5.529677391052246,-5.968552835169248,-2.2017758834990673,-5.959365963935284,-4.256668118323432,-8.029708146576013
559,-0.9108976721763611,-1.1765227317810059,-5.192147731781006,-6.074960231781006,-5.231210231781006,-5.6933828114997596,-2.348634453403065,-5.715586066245692,-4.473730985424481,-7.856237411129769
560,-0.628573477268219,-1.1754484176635742,-4.948885917663574,-6.566073417663574,-5.370760917663574,-5.324565060727764,-2.566258770923014,-6.49576175212826,-5.1524007752595935,-8.886411308920287
561,-0.7904811501502991,-1.2592310905456543,-4.845168590545654,-6.407668590545654,-5.024856090545654,-5.111631280917209,-2.0875431124295574,-6.07954442501034,-4.025310293975053,-8.51707255799738
562,-0.4296501576900482,-1.8046501874923706,-4.90621280670166,-6.74996280670166,-5.46871280670166,-4.727431125356816,-2.648569927099743,-5.953088402747937,-4.727098181610927,-9.078111529068337
563,-1.2600810527801514,-0.7913310527801514,-4.5725812911987305,-6.1819562911987305,-5.0803937911987305,-5.0497208360466175,-3.0493396328383824,-5.611644864081768,-4.82304407376796,-7.908553718909388
564,-0.7525181174278259,-1.0181431770324707,-5.525955677032471,-6.744705677032471,-5.424393177032471,-5.55814841639949,-2.815197690113564,-6.2759565114971565,-5.21391536158626,-8.268169283513998
565,-0.9029686450958252,-3.231093645095825,-4.809218406677246,-6.043593406677246,-3.887343883514376,-2.4393311953172088,-1.3563553944404703,-6.856093883514291,-4.302153188851662,-8.731115340946417
566,-1.1342878341674805,-0.8374128341674805,-4.6655378341674805,-5.8061628341674805,-4.7202253341674805,-4.838071248668712,-2.4313273294537794,-5.54835104942299,-4.361204561428167,-8.35306465589747
567,-0.9225324392318726,-3.336595058441162,-5.133470058441162,-5.711595058441162,-3.899095416068974,-2.463509425520897,-1.3446732406155206,-6.625657916068974,-4.665451497479808,-8.555364727770211
568,-0.8147248029708862,-1.0490998029708862,-4.916287422180176,-6.549099922180176,-5.244412422180176,-4.901357885682955,-2.439924816178973,-6.205350637435686,-5.166590763808927,-8.48662328692808
569,-0.8077710866928101,-1.12027108669281,-4.4327712059021,-5.8702712059021,-5.1905837059021,-4.8789903582655825,-2.9329467857751297,-5.643709540366785,-4.636330391076626,-8.299983977940428
570,-0.6507473587989807,-1.416372299194336,-5.213247299194336,-6.033559799194336,-5.221059799194336,-5.854767994140275,-1.9477811925462447,-6.111685514449846,-4.674663548299577,-8.713269710289751
571,-0.9367817640304565,-0.8899067640304565,-4.749281883239746,-5.733656883239746,-5.233656883239746,-5.687608734588139,-2.8744360089767724,-5.647720217704432,-4.65591995336581,-7.999308466558432
572,-0.7991235852241516,-1.2991235256195068,-4.236623764038086,-5.924123764038086,-4.775686264038086,-5.2298647575080395,-2.3305349219735945,-5.572562217711948,-3.823045136552537,-8.236651301005622
573,-0.9074731469154358,-2.876223087310791,-5.219973087310791,-5.524660587310791,-4.657473325729342,-4.10201957821846,-0.8920169330231147,-7.1418485641478355,-5.228357985673938,-8.243427753308424
574,-0.960800051689148,-0.913925051689148,-4.7342376708984375,-6.3436126708984375,-5.1092376708984375,-5.375771586142946,-2.39844464212365,-5.812363624572299,-4.242389859660761,-7.93738222103093
575,-0.7020704746246338,-2.530195474624634,-4.381757736206055,-6.280195236206055,-4.944257736206055,-4.454430772224441,-1.1396818099019583,-7.069258213043099,-4.710410336498171,-8.983337998231946
576,-0.5948766469955444,-2.344876766204834,-5.969876766204834,-6.548001766204834,-5.094877004623385,-4.620859242742881,-1.2826063369138865,-7.3761272430418785,-5.4860622503911145,-9.180829524870205
577,-1.4027700424194336,-2.5590200424194336,-4.660582542419434,-5.207457542419434,-4.441832542419434,-4.431717328727245,-0.6060209195129573,-7.207458019256478,-4.7313824895827565,-8.40278708920232
578,-1.0384557247161865,-1.0072057247161865,-4.335330963134766,-6.710330963134766,-4.483768463134766,-4.406728989561088,-2.116729963614489,-5.929081678390276,-4.2186236420529895,-8.225980758359583
579,-0.9190061688423157,-1.075256109237671,-4.94244384765625,-6.16119384765625,-5.07525634765625,-4.716662697610445,-2.466098523349501,-5.637757301330112,-4.677173670759657,-7.903406142881067
580,-1.0004496574401855,-1.0160746574401855,-4.7504496574401855,-5.8051371574401855,-5.2973246574401855,-5.0794717816170305,-2.344378455381957,-5.797325491904871,-4.500861679058289,-8.109856843446323
581,-0.6545229554176331,-1.4201478958129883,-4.904522895812988,-6.482647895812988,-5.201397895812988,-4.952575109666213,-2.217213135736529,-5.896711111068498,-4.0845416235679295,-8.27174150895371
582,-1.1217553615570068,-1.0123803615570068,-4.895193099975586,-6.418630599975586,-4.996755599975586,-5.5991660336731,-2.2001029005332384,-5.8873816728586235,-4.036286721093347,-7.910855173377058
583,-0.6333045363426208,-1.5395545959472656,-5.203617095947266,-6.102054595947266,-5.422367095947266,-5.501746820635162,-1.8991272254206706,-6.008305430411951,-4.368160132318735,-7.953645944178788
584,-1.0384495258331299,-1.2571995258331299,-4.780636787414551,-6.350949287414551,-5.108761787414551,-5.493766525760293,-1.6323833296628436,-6.272825360297588,-3.7970390876289457,-7.960355042938318
585,-0.8107722997665405,-1.1076472997665405,-4.90452241897583,-6.26389741897583,-5.25608491897583,-5.663033122429624,-2.59221063273435,-5.7092111110680435,-4.279958272352815,-8.11548435656914
586,-0.9528840780258179,-1.1091340780258179,-4.452884197235107,-5.835696697235107,-4.906009197235107,-5.148866429110058,-2.2655386805417947,-5.718510150908969,-3.867312841146486,-8.08572220768474
587,-0.770793616771698,-1.1301686763763428,-5.161418437957764,-6.255168437957764,-5.489543437957764,-6.092390546225943,-2.302220328943804,-5.864544510840801,-4.622796438459773,-8.052069544462938
588,-0.9214047789573669,-0.9370297789573669,-4.960467338562012,-6.382342338562012,-4.976092338562012,-4.6723032728768885,-2.7028286306012888,-5.827655553817522,-4.6249323273368645,-8.327682017910774
589,-0.7169898152351379,-1.2638647556304932,-5.318552494049072,-6.201364994049072,-5.529489994049072,-6.054318294860423,-2.2952946262666956,-5.912303328513758,-4.334521711221896,-7.896703719748984
590,-0.6688103675842285,-1.2313103675842285,-5.3484978675842285,-6.2313103675842285,-5.5125603675842285,-6.115085257741157,-2.4971461074019317,-5.653186202048914,-4.700399222172564,-8.231335997241331
591,-1.199753761291504,-0.9497537612915039,-4.238816261291504,-6.106003761291504,-5.215378761291504,-5.3805768000893295,-2.324919686856447,-5.76225459575619,-3.825116568536032,-7.629481553220103
592,-0.855222225189209,-1.323972225189209,-4.034909725189209,-5.956784725189209,-5.042722225189209,-4.637271680636331,-2.5741734302282566,-5.706785559653895,-3.504145027633058,-8.488065242316225
593,-1.3179783821105957,-2.8648533821105957,-4.739853382110596,-5.692978382110596,-3.915037989616387,-3.5969832204282284,-0.7433213466138113,-7.157226085662728,-4.6268512943643145,-7.891620516578769
594,-1.077048897743225,-1.139548897743225,-4.0770487785339355,-5.6395487785339355,-5.0223612785339355,-4.851769934408367,-2.0928293345641578,-5.694237232207797,-3.2259737256972585,-8.123958110234526
595,-0.9431105852127075,-1.0056105852127075,-4.700922966003418,-6.536860466003418,-5.130610466003418,-4.779687676811591,-2.7245586914068554,-5.880611300468104,-4.60757330985507,-8.37282836391023
596,-0.6216942071914673,-2.9029440879821777,-4.270131587982178,-6.301381587982178,-4.69981920719146,-3.0454671239713207,-1.3250168366648722,-6.9576319456099895,-4.919034015329089,-9.176397561906924
597,-0.7586098909378052,-1.3836098909378052,-3.7351722717285156,-6.102359771728516,-4.571109771728516,-4.8374638283276,-2.086897359986324,-5.985172986984026,-3.69668872281909,-9.055510162985229
598,-1.1059761047363281,-0.8872261643409729,-4.574726104736328,-5.629413604736328,-5.152851104736328,-5.302222769125365,-2.528008210239932,-5.387226939201014,-3.8799104648060165,-8.012257337082701
599,-0.7889153957366943,-1.3045403957366943,-4.468603134155273,-6.171728134155273,-5.031103134155273,-5.305962266866118,-2.14843379422382,-5.679541468619959,-3.9299030838301405,-7.7733157869988645
600,-0.2772983908653259,-2.8085484504699707,-5.292923450469971,-6.300735950469971,-5.800735950469971,-5.583745956420898,-1.9805844892543973,-8.035110950469857,-5.699625866574934,-10.17575073230546
601,-0.8695374727249146,-1.4320374727249146,-4.588287353515625,-6.486724853515625,-4.619537353515625,-4.964335845434107,-1.979127026424976,-5.892975568771135,-3.2917670574388467,-8.158624052708547
602,-0.8382941484451294,-1.3070441484451294,-4.72110652923584,-6.34610652923584,-4.93985652923584,-4.613181493012235,-2.525979144134908,-5.97110724449135,-4.049627344938926,-8.463320374141404
603,-0.7746164798736572,-1.0871164798736572,-5.469928741455078,-6.118366241455078,-5.680866241455078,-6.385283945593983,-2.2904199202603195,-5.649617075919764,-4.681184717948781,-8.02464246715499
604,-0.32441407442092896,-2.777539014816284,-4.777539253234863,-6.246289253234863,-5.160351753234863,-5.083152818900999,-1.8714218051463831,-7.277539610862675,-5.238894137059106,-9.97286677349257
605,-0.8380222320556641,-1.119272232055664,-4.642709732055664,-5.978647232055664,-5.127084732055664,-5.518755246885121,-2.400669921466033,-5.65833556652035,-4.322781846451107,-8.072420239182975
606,-1.367452621459961,-1.148702621459961,-4.195577621459961,-6.484640121459961,-4.768192768096924,-3.831660160270985,-2.807404268605751,-5.768193364143201,-3.9170154783059843,-8.283845781874334
607,-0.9585095047950745,-1.4428844451904297,-3.8100719451904297,-5.43507194519043,-4.92725944519043,-4.772411436075345,-1.849256865636562,-5.661635398864291,-3.443392266985029,-8.302284240415247
608,-0.677407443523407,-1.3336575031280518,-4.825844764709473,-6.505532264709473,-5.630532264709473,-5.154771483328659,-2.490088088889024,-6.349282979964983,-4.326358305639587,-8.943058132790611
609,-0.6677022576332092,-1.3552021980285645,-5.0036396980285645,-6.3317646980285645,-5.5036396980285645,-5.996815074118786,-2.2772793565527536,-6.019265770911602,-4.199454658140894,-7.933359264814499
610,-0.249810129404068,-3.218560218811035,-5.577935218811035,-6.327935218811035,-5.718560218811035,-5.798974157311022,-1.9999518294062,-7.85137319564808,-5.984671593614621,-9.554514765593922
611,-0.33377522230148315,-2.740025281906128,-4.880650043487549,-6.443150043487549,-5.138462543487549,-5.039346560835838,-1.8963892394967843,-7.419713020324593,-5.373360020515975,-8.950977802167472
612,-0.41689372062683105,-3.010643720626831,-4.62001895904541,-6.53408145904541,-4.37783145904541,-3.8098947170656174,-1.6983285971509758,-7.698144435882455,-4.6833293729578145,-9.409096836925528
613,-0.3821742832660675,-3.007174253463745,-4.343111991882324,-5.968111991882324,-4.358737111091607,-4.428141781128943,-1.8979934265371412,-7.382174968719369,-4.859244337130804,-9.616565585007265
614,-0.2987859845161438,-2.908160924911499,-5.126911163330078,-6.439411163330078,-5.478473663330078,-5.190570397535339,-1.9239184768521227,-7.673786640167123,-5.729015561111737,-9.478489160417666
615,-0.42469003796577454,-2.815315008163452,-4.502815246582031,-6.534065246582031,-5.172574520111084,-4.869397214613855,-1.6023902810848085,-7.2897624969481285,-4.5558633861655835,-9.313214659568985
616,-0.789251983165741,-1.1486270427703857,-4.679876804351807,-6.133001804351807,-5.265814304351807,-5.352626179752406,-3.055074910618714,-5.687690138816492,-4.758414898416959,-8.781467794979108
617,-1.15688955783844,-3.6881394386291504,-5.04751443862915,-4.91470193862915,-4.297514677047701,-2.7290329560637474,-0.7351590290636523,-7.875639915466195,-5.282651015149895,-8.570974468941131
618,-0.994301438331604,-1.072426438331604,-4.7208638191223145,-6.2989888191223145,-5.1661763191223145,-5.464316401979886,-2.150725707106176,-5.869302153587,-3.97910490387585,-8.033400773336325
619,-0.6883865594863892,-1.2196365594863892,-5.2430739402771,-5.8602614402771,-5.2821364402771,-4.73688875278458,-2.782327872075257,-5.3133871555326095,-4.876331945357379,-8.094662785195396
620,-0.6722721457481384,-1.6097722053527832,-5.289459705352783,-6.250397205352783,-5.617584705352783,-6.283805423881859,-1.922491049655946,-5.953523159026645,-4.118000301765278,-7.680110931052695
621,-0.8175085783004761,-1.036258578300476,-5.067508697509766,-6.473758697509766,-5.419071197509766,-4.756599114509299,-2.614588120544795,-6.208134412765276,-4.911624841421144,-8.567535280828452
622,-0.4240490198135376,-2.689673900604248,-4.884986400604248,-6.978736400604248,-5.080298900604248,-4.934197318041697,-1.6272846399151604,-6.744361877441293,-4.8776155926752836,-8.74438154678137
623,-0.8187515735626221,-1.146876573562622,-4.662501335144043,-6.279688835144043,-5.115626335144043,-5.2181720667285845,-2.35018311283784,-5.639064550399553,-4.201891845295904,-8.006277918462729
624,-0.7426717877388,-1.2582967281341553,-4.523921966552734,-5.992671966552734,-5.211421966552734,-5.12653010035865,-2.492836223420454,-5.695797681808244,-4.704011002031621,-8.703635811458298
625,-0.7890070080757141,-1.1796319484710693,-4.554632186889648,-6.242132186889648,-5.242132186889648,-4.88353448692942,-2.648559554538224,-6.117133021354334,-4.21918368304614,-8.64059483973324
626,-0.7121047973632812,-1.2277297973632812,-5.188667297363281,-6.837104797363281,-5.282417297363281,-5.416082138079219,-2.2748008774215123,-6.001168251037143,-4.454727912408998,-8.329319357506392
627,-0.6269803643226624,-3.1582303047180176,-4.994167804718018,-6.283230304718018,-4.361355543136568,-4.951283824630082,-1.0333970646024682,-7.392605781555062,-5.596221326442901,-8.93168497071565
628,-0.4613833725452423,-2.97700834274292,-5.41450834274292,-6.97700834274292,-4.383258581161471,-4.31045057810843,-1.4928878221835475,-7.578571319579964,-5.024310140113812,-8.914530277021186
629,-0.6196514368057251,-3.3071513175964355,-4.6821513175964355,-6.1118388175964355,-4.3071513175964355,-4.31788957840763,-1.11981807750999,-7.62746429443348,-4.870312233862933,-9.15873134121648
630,-0.6671528220176697,-1.6046528816223145,-5.4015278816223145,-6.3468403816223145,-5.7452778816223145,-6.207930047647096,-2.0267545919923577,-5.909341573714528,-3.8706104202428833,-7.745309113968688
631,-0.6306412220001221,-1.208766222000122,-5.083765983581543,-6.224390983581543,-5.208765983581543,-5.100163876253646,-3.068267337468569,-6.05251657962782,-5.341831771249417,-8.872847676093443
632,-0.7400949001312256,-1.2400949001312256,-4.630720138549805,-6.138532638549805,-5.146345138549805,-4.522171275224537,-2.459012136780075,-5.716658353805315,-4.443672197201522,-8.513558983455368
633,-0.43026667833328247,-1.7271416187286377,-5.141204357147217,-6.813079357147217,-5.656829357147217,-5.259372349595651,-2.3835640996985603,-6.477142572402727,-4.829257931036409,-9.078728317916102
634,-0.763495147228241,-1.4041202068328857,-4.536932468414307,-5.997869968414307,-4.779119968414307,-4.975328401604202,-2.0917932837473927,-5.365058183669817,-3.873215973202605,-8.27914690936268
635,-0.9875973463058472,-1.0188473463058472,-4.175097465515137,-5.839159965515137,-5.167284965515137,-5.879409561981447,-2.3159013826516457,-6.011035919188998,-3.683281710196752,-8.354813694541008
636,-0.6416741013526917,-1.4229240417480469,-5.094799041748047,-6.485424041748047,-5.368236541748047,-5.565534407738596,-2.235667914210353,-5.8994874954219085,-3.923292926454451,-8.102640866803995
637,-0.7704893350601196,-3.71580171585083,-4.76267671585083,-5.89548921585083,-4.590546131134033,-4.484372017439455,-0.8484719927291735,-7.598359107971078,-5.395830810535699,-9.145252346808775
638,-0.5453256964683533,-1.326575756072998,-5.396888256072998,-6.662513256072998,-5.514075756072998,-5.186760574404616,-2.7017422775825253,-5.967201471328508,-4.741041340632364,-9.123473643983743
639,-1.0578334331512451,-1.0422084331512451,-3.893770933151245,-5.854708671569824,-4.948458671569824,-3.941427044919692,-2.6517456638393924,-5.745334386825334,-3.6597773301473353,-8.362549304565619
640,-0.6712797284126282,-1.5150296688079834,-5.1009674072265625,-6.4915924072265625,-5.5072174072265625,-6.016181997139938,-1.8745871615828946,-6.671280741691248,-4.273223804222653,-8.35099506339975
641,-0.5911546349525452,-1.4505295753479004,-4.4192795753479,-6.3802170753479,-5.4895920753479,-4.928114011068828,-2.4194394222286064,-6.04428029060341,-4.372932652244344,-8.794304608996754
642,-0.7188852429389954,-1.0938851833343506,-5.21107292175293,-6.71888542175293,-5.23451042175293,-5.219577787967864,-2.8284789084573276,-5.8985737562176155,-4.70385581406299,-8.57047402824719
643,-0.5455136299133301,-1.48301362991333,-5.70957612991333,-6.80332612991333,-5.85801362991333,-5.984248709632084,-2.2644657884375192,-6.123639583587192,-4.678829424083233,-8.029915094011812
644,-0.539369523525238,-2.758119583129883,-4.836244583129883,-6.961244583129883,-4.945172548294039,-4.197920476552099,-1.4375228748831432,-7.2420479059217655,-4.812944360543042,-8.445192217628573
645,-0.3616066575050354,-2.8459815979003906,-4.924106597900391,-6.103794097900391,-5.550166606903076,-5.676467287703417,-1.6596839326666668,-7.190792083740121,-5.496213881357107,-9.425183296056275
646,-0.8873274326324463,-1.0279524326324463,-4.887327194213867,-6.410764694213867,-5.160764694213867,-6.200667266733944,-2.2468657360295765,-5.902953028678553,-4.434927796246484,-7.871727704676232
647,-0.667812168598175,-1.3396871089935303,-5.027187347412109,-6.378749847412109,-5.019374847412109,-5.2391869148705155,-2.183642485513701,-5.800625562667619,-4.52753323293291,-8.355333804853217
648,-0.3001718819141388,-2.8782968521118164,-5.550171852111816,-6.081421852111816,-5.800171852111816,-5.379574436112307,-1.8628347979392856,-7.761109828948861,-5.910222421342041,-10.03456151474711
649,-0.7627264261245728,-1.1221014261245728,-5.129913806915283,-5.817413806915283,-5.083038806915283,-4.990405888995156,-2.5754210759187117,-5.458039522170793,-4.481888447684469,-8.46587765183358
650,-0.8145315647125244,-1.3457815647125244,-4.431718826293945,-6.080156326293945,-4.962968826293945,-4.38564340089215,-2.111539116653148,-6.0645319223402225,-4.0335987302532885,-8.947365998976238
651,-0.5849398970603943,-1.475564956665039,-4.834939956665039,-6.374002456665039,-5.295877456665039,-5.4298609788529575,-2.3507590105582494,-5.788065671920549,-4.233843575551873,-8.733402728714282
652,-0.6851252913475037,-1.0132503509521484,-5.513250350952148,-6.513250350952148,-5.778875350952148,-5.537274546164554,-3.060283886734396,-5.544501423835186,-5.474547917372547,-8.974213361414513
653,-0.79609215259552,-1.20234215259552,-4.4679670333862305,-5.5695295333862305,-5.1789045333862305,-5.7659899557475,-2.1868209784806822,-5.772655487060092,-3.921513945242623,-8.444551586861053
654,-0.4823548495769501,-1.5292298793792725,-5.747979640960693,-6.568292140960693,-5.654229640960693,-5.405413641710766,-3.0137877297092928,-5.615167737006971,-5.15457361980225,-8.630812525550937
655,-0.8905825018882751,-1.03120756149292,-4.87495756149292,-6.30464506149292,-5.42183256149292,-5.586986899143085,-2.4063869553792756,-6.039020895957606,-3.8754147438157815,-7.992169379891493
656,-0.7911363244056702,-1.1817612648010254,-4.736448764801025,-6.166136264801025,-5.150511264801025,-4.831264642882161,-2.71319614132517,-5.627074480056535,-4.30716947329347,-8.377101182573824
657,-0.6373360753059387,-1.246711015701294,-5.637336254119873,-6.027961254119873,-5.645148754119873,-6.092053813510574,-2.9188163015351165,-5.449837088584559,-4.731490291975206,-8.035799145363853
658,-0.6079674959182739,-2.7017173767089844,-4.490779876708984,-7.029842376708984,-4.436092615127535,-3.4710286776535213,-1.4675415556121152,-6.709530472755262,-4.382121782749891,-8.23298585397788
659,-0.9486997127532959,-1.167449712753296,-4.347137451171875,-5.886199951171875,-5.167449951171875,-4.520142036257312,-2.4644957634591265,-5.706513166427385,-4.16010857449146,-8.354976653696212
660,-0.8296429514884949,-1.2983930110931396,-4.3608927726745605,-5.8921427726745605,-5.4546427726745605,-5.697904962813482,-2.2673432626470458,-6.142143726348422,-3.752003909292398,-7.884364246743644
661,-0.633743941783905,-1.5556190013885498,-4.500931262969971,-6.516556262969971,-5.149368762969971,-5.048572365951259,-2.102671369080781,-6.102494478225481,-3.6889269316452555,-8.774397372802923
662,-0.38179317116737366,-3.397418260574341,-5.272418022155762,-6.944293022155762,-4.381793141365044,-4.204735156381503,-1.7100713135732803,-7.280230998992806,-4.507305848237593,-9.553684353695644
663,-1.2161585092544556,-0.7630335092544556,-4.552095890045166,-5.833345890045166,-5.059908390045166,-5.44370519334916,-2.997654050210258,-5.458346843719028,-4.224434268398909,-7.403699158792733
664,-0.7860836982727051,-1.161083698272705,-5.536083698272705,-6.754833698272705,-5.379833698272705,-5.287067406112328,-2.364433024995378,-6.395459651946567,-4.622701294370927,-8.340806364376476
665,-0.7157120704650879,-1.481337070465088,-5.598524570465088,-6.661024570465088,-5.731337070465088,-5.756209773593582,-2.262840000592405,-6.153213143348125,-4.848856751574203,-7.450115918696611
666,-0.5454248785972595,-1.9985499382019043,-4.717299938201904,-5.584487438201904,-4.389175057411187,-4.221667750738561,-2.2018122578738257,-6.357925295829716,-4.780190272431355,-9.639193653876646
667,-1.2244988679885864,-1.1776238679885864,-4.380748748779297,-5.669811248779297,-4.857311248779297,-3.8036160313058645,-2.990280019948841,-5.435436844825574,-4.279471237590769,-8.64640092812806
668,-0.8914867043495178,-1.203986644744873,-4.469611644744873,-6.375861644744873,-4.789924144744873,-5.462937184027396,-2.0478806392056867,-5.828987598418735,-3.9232449431438,-8.008706449956662
669,-0.5756379961967468,-1.4037630558013916,-4.8100128173828125,-6.6381378173828125,-5.2475128173828125,-4.9592996803694405,-2.37267480972514,-6.270951032638322,-4.810429367091274,-8.825658678790205
670,-0.6703953742980957,-1.4047703742980957,-5.279770374298096,-5.959457874298096,-5.365707874298096,-5.530956994509324,-2.2018370444711763,-5.865708947181133,-4.069226783409249,-8.09229528871765
671,-0.8878030776977539,-1.153428077697754,-4.958115577697754,-6.434678077697754,-5.083115577697754,-5.381076223216951,-2.2786599128885427,-5.887803792953264,-4.216310547169996,-7.8487691875179735
672,-0.6289724111557007,-1.3633474111557007,-5.05866003036499,-6.60553503036499,-5.20709753036499,-5.849350795033388,-2.2699218462512363,-5.9570982456205,-4.785687219409738,-8.386808514307631
673,-0.8706626892089844,-1.3862876892089844,-4.776912689208984,-5.980037689208984,-4.776912689208984,-5.192279917770065,-1.9958354085538303,-5.651913762092022,-3.5506702149286866,-7.6285030837934755
674,-0.559653639793396,-1.372153639793396,-5.0987162590026855,-6.3877787590026855,-5.2159037590026855,-5.325951111735776,-2.450438844258315,-6.044029593467371,-4.669480698474217,-9.137800693260942
675,-0.8365949988365173,-1.242845058441162,-4.133470058441162,-6.219407558441162,-5.227220058441162,-4.540505696611945,-2.946159344879561,-5.641283512115024,-4.13400123314932,-8.430376171567332
676,-0.7466748952865601,-2.6216750144958496,-4.51230001449585,-6.77792501449585,-3.8716752529144003,-3.571226302534342,-1.3249847718107048,-7.434175491332894,-3.278139210640802,-9.62950587254818
677,-1.018419623374939,-1.455919623374939,-4.7137322425842285,-6.0809197425842285,-4.8621697425842285,-5.15233634528704,-1.4873534272046527,-5.830920577048914,-3.74533015396446,-7.877823948434525
678,-1.1066069602966309,-0.8878569602966309,-4.317544460296631,-5.887856960296631,-4.708169460296631,-4.794813859916758,-2.997418505430687,-5.575357794761317,-4.200714524224168,-8.30194783171828
679,-0.8296337127685547,-1.0952587127685547,-4.704633712768555,-6.189008712768555,-4.821821212768555,-4.799212708079722,-2.4391560445947107,-5.610884308814832,-4.173745924199466,-8.204659104025268
680,-0.2416621744632721,-3.2572872638702393,-5.96822452545166,-5.82759952545166,-5.78853702545166,-5.758952303207479,-2.0542969613015885,-7.866662502288705,-6.0546709196059965,-9.686990141746719
681,-0.6189375519752502,-1.2439374923706055,-5.3376874923706055,-6.6111249923706055,-5.5564374923706055,-6.627905059140176,-2.3222309209086234,-6.126750826835291,-5.017738157126587,-8.158020972985469
682,-0.983385443687439,-1.155260443687439,-4.6396355628967285,-6.5224480628967285,-5.0615105628967285,-4.836614887812175,-1.999182447892963,-5.834948897361414,-4.225997715431731,-7.749036669390989
683,-0.8043334484100342,-1.0074584484100342,-4.374646186828613,-5.898083686828613,-4.976208686828613,-5.546995169832371,-2.7263539923587814,-5.444959402084123,-4.97661582287401,-8.312173843001801
684,-0.6137074828147888,-1.3012075424194336,-5.144957542419434,-6.043395042419434,-5.199645042419434,-5.348912371497136,-2.457630500139203,-5.5512082576749435,-4.559431229921756,-8.84029376478611
685,-0.898647129535675,-1.0705220699310303,-4.711147308349609,-6.125209808349609,-5.062709808349609,-5.227578195976093,-2.476940140899387,-5.609585523605119,-4.234899948060047,-8.008050441345404
686,-0.763774573802948,-1.1856496334075928,-4.670024394989014,-6.334086894989014,-5.318461894989014,-5.756991095026024,-2.9280702795949765,-5.7715877294536995,-4.350104016659316,-8.482552885616315
687,-0.665910005569458,-1.634660005569458,-4.603409767150879,-6.189347267150879,-5.259659767150879,-5.018516352865845,-1.978604178642854,-5.970598101615565,-3.8305329897557385,-8.970621108725027
688,-0.883535623550415,-1.039785623550415,-5.149160385131836,-6.024160385131836,-5.094472885131836,-5.063885230978485,-2.3993422820058186,-6.078848600387346,-4.688692578609334,-8.242945074434829
689,-0.7875356674194336,-1.3187856674194336,-4.232848167419434,-5.912535667419434,-5.076598167419434,-5.0932620133971795,-2.303285352565581,-5.178161501884119,-3.9206130153906997,-7.967254995794065
690,-0.9346359968185425,-0.9190109968185425,-4.551823616027832,-6.348698616027832,-5.231511116027832,-5.153891078254674,-3.09107885886624,-5.747136950492518,-4.864858960849233,-8.606538176170943
691,-0.8169556856155396,-1.2700806856155396,-4.55133056640625,-5.65289306640625,-4.80133056640625,-4.387942206056323,-2.3796281665563583,-5.270081520080112,-3.762837962829508,-8.387294530517465
692,-0.9336158037185669,-0.9961158037185669,-4.980490684509277,-6.378928184509277,-5.066428184509277,-4.551526404102333,-3.066597804936464,-5.738303899764787,-4.777764002617914,-8.675834178444347
693,-0.9267236590385437,-1.0360987186431885,-4.723598480224609,-5.723598480224609,-5.286098480224609,-4.794571777340025,-2.9503513393865433,-5.293911933898471,-4.20844698662404,-8.176756143035163
694,-0.7023760676383972,-1.218001127243042,-5.186750888824463,-6.288313388824463,-5.186750888824463,-5.304869099345524,-2.327527273198939,-5.9523768424983245,-4.281063160160556,-8.366462230409525
695,-0.985883891582489,-0.970258891582489,-4.767133712768555,-6.228071212768555,-5.243696212768555,-4.931801612663548,-3.4157604992506094,-5.4311970472332405,-4.947234068502439,-8.642161368941743
696,-0.7142640948295593,-0.9955140948295593,-5.331451416015625,-6.542388916015625,-5.854888916015625,-5.402454614464659,-3.3081977198889945,-6.034577250480311,-5.285137019352987,-8.854915737745614
697,-1.1733331680297852,-1.0170831680297852,-4.665520668029785,-5.892083168029785,-4.868645668029785,-4.2912562763667665,-2.814117061381694,-5.353021383285295,-4.634687694371678,-8.44679880102558
698,-0.926871657371521,-1.020621657371521,-5.5753092765808105,-6.1534342765808105,-5.5049967765808105,-5.294904709036928,-3.3723589029395953,-5.5596849918363205,-5.083549527218565,-8.442520975762818
699,-0.4581027626991272,-2.3643527030944824,-4.512790203094482,-6.544040203094482,-5.325290203094482,-4.919843351119198,-1.786360970203532,-6.856540679931527,-4.911818687280174,-9.497184991649192
700,-0.5547562837600708,-1.3047562837600708,-5.171943664550781,-6.351631164550781,-5.609443664550781,-5.977546749461908,-2.742426380922552,-5.906319379806291,-5.109831258043414,-8.632905602156825
701,-0.9628406763076782,-1.0253406763076782,-4.212840557098389,-6.494090557098389,-5.072215557098389,-4.276336650480516,-2.830169190943707,-5.697216153144666,-4.236597606155556,-8.345677375509695
702,-0.6401264667510986,-1.7026264667510986,-4.7104387283325195,-6.4448137283325195,-5.2260637283325195,-4.83667976106517,-2.0465270167478593,-5.7651269435880295,-4.61715091514634,-8.694836854667301
703,-0.5285358428955078,-1.8722858428955078,-4.723848342895508,-6.856660842895508,-5.544160842895508,-5.053305096342228,-2.0287026027799584,-6.294161558151018,-4.013371361535974,-9.005122780501551
704,-0.5532904863357544,-1.3032904863357544,-5.998602867126465,-6.717352867126465,-6.045477867126465,-5.8276827543159015,-2.9753980365931056,-6.342353582381975,-5.49896734271897,-8.725190400764404
705,-0.8901975750923157,-1.046447515487671,-4.83551025390625,-6.19488525390625,-4.99957275390625,-5.602089307445567,-2.718532063459861,-5.67926096916176,-4.609317472757539,-8.171479224663926
706,-0.7557646632194519,-1.0995147228240967,-4.904201984405518,-6.271389484405518,-5.357326984405518,-5.350219478015788,-2.4121947126550367,-5.6932651996610275,-4.849989658920094,-8.404226183609353
707,-0.9155460000038147,-1.10304594039917,-4.68117094039917,-6.04835844039917,-5.56398344039917,-5.916938645881601,-2.30634008407651,-5.821796774863856,-3.8924374039343093,-7.665574311808086
708,-0.8514190912246704,-1.0389190912246704,-5.656106472015381,-6.273293972015381,-5.156106472015381,-4.696075743471738,-3.0000754355132813,-5.538919687270891,-5.1798860441485886,-8.187382697728026
709,-1.191749095916748,-3.160499095916748,-4.441749095916748,-6.051124095916748,-4.230811595916748,-4.062732991296798,-0.6606294427765533,-7.55112445354456,-4.653333216439933,-8.887079834763426
710,-0.6034722328186035,-1.4784722328186035,-4.9940972328186035,-6.2597222328186035,-5.5565972328186035,-5.573204868938774,-2.1036187303107,-5.947223186492465,-4.392987029772485,-8.220683097555593
711,-0.8100062012672424,-1.1225061416625977,-4.950631141662598,-5.747506141662598,-5.145943641662598,-5.397801222628914,-2.7867244360677432,-5.513131856918108,-4.568182998074917,-7.786589741484931
712,-0.9298657774925232,-1.367365837097168,-4.273615837097168,-5.781428337097168,-4.687678337097168,-5.008993004099466,-1.9300199628341943,-5.500179171561854,-3.35221076887683,-7.82051706279708
713,-0.9061122536659241,-3.2576746940612793,-4.585799694061279,-6.538924694061279,-3.6951748132705617,-2.9458206966519356,-1.1406595558364643,-7.624862670898324,-3.781680303334724,-9.6092586515133
714,-0.4846566915512085,-1.4846566915512085,-5.515906810760498,-6.515906810760498,-5.765906810760498,-6.189054513350129,-2.6098511030286318,-6.000282645225184,-4.836586050485494,-8.133117079463773
715,-0.49147143959999084,-1.6164714097976685,-5.335221290588379,-6.858658790588379,-5.585221290588379,-4.976759374374524,-2.429156047961442,-6.186784505843889,-4.687190688302508,-8.35087501961425
716,-0.786381721496582,-1.255131721496582,-4.700444221496582,-5.880131721496582,-4.825444221496582,-5.513832293858286,-2.099039542139508,-5.731695055961268,-3.9665067430760246,-8.278596400845345
717,-0.7659528255462646,-1.5159528255462646,-4.844078063964844,-6.578453063964844,-4.922203063964844,-5.055956516880542,-1.9067679462896194,-6.031578779220354,-3.6804576134018134,-8.203486203598004
718,-0.7320755124092102,-1.3258254528045654,-4.8727006912231445,-6.5367631912231445,-4.9195756912231445,-5.662643521849532,-1.982246503510396,-6.00551402568783,-3.896637910802383,-8.380536436763578
719,-1.0148502588272095,-1.4367252588272095,-3.76485013961792,-5.51485013961792,-4.74922513961792,-4.492376935319044,-1.6556152007397031,-5.835163474082606,-3.3668963930977043,-8.233630060716678
720,-1.0566837787628174,-1.1816837787628174,-3.9160587787628174,-5.791058540344238,-5.033246040344238,-4.377906623005401,-3.080341791632236,-5.408246874808924,-3.6274712149752304,-8.252027272690611
721,-0.936690092086792,-3.139815092086792,-5.069502830505371,-5.155440330505371,-4.764815330505371,-4.338249529711902,-0.7492959443334257,-7.663253307342416,-5.351308787241578,-9.13202321508652
722,-1.0284945964813232,-0.9503695964813232,-4.301932334899902,-6.028494834899902,-5.161307334899902,-4.997897054592613,-3.442743045685347,-5.692558169364588,-4.669509573315736,-8.395710944720122
723,-0.9527656435966492,-1.265265703201294,-4.046515464782715,-5.866827964782715,-5.069952964782715,-4.336482116021216,-2.6091799601126695,-5.304328680038225,-3.9374799153010827,-8.257480978572858
724,-0.9165805578231812,-0.9009555578231812,-4.666580677032471,-6.002518177032471,-5.111893177032471,-5.214033436728641,-2.5573489563394105,-5.940018773078748,-4.7996440810966305,-8.471293210657677
725,-0.669841468334198,-1.2792165279388428,-4.904216289520264,-6.294841289520264,-5.537028789520264,-5.992202922934666,-2.4825154391728574,-5.8729671239849495,-4.31872655855841,-7.763625859617605
726,-0.8616024255752563,-1.1272274255752563,-4.947539806365967,-6.564727306365967,-5.502227306365967,-5.323397625994403,-2.4555373020702973,-5.97097849845818,-4.24480871547712,-8.28350329366549
727,-1.1495082378387451,-2.571383237838745,-4.212007999420166,-6.032320499420166,-3.9151333570480276,-3.1796272206120193,-0.9464982085846714,-7.532320857047978,-4.337569317605812,-9.05577707273369
728,-0.47234922647476196,-1.4723491668701172,-5.558286666870117,-6.808286666870117,-5.722349166870117,-5.426683290628716,-2.66003475850448,-6.167662382125627,-5.355557005939772,-9.511434435584306
729,-0.7211319804191589,-1.1273820400238037,-4.728944301605225,-6.041444301605225,-5.549256801605225,-4.839308011345565,-2.940043198002968,-5.8226950168607345,-4.635658156563295,-8.70553100080906
730,-0.7343838810920715,-3.2343838214874268,-5.093759059906006,-5.140634059906006,-4.1171967983245565,-3.4216951625421643,-1.3751871426793514,-7.375009417533818,-4.672706980549265,-8.812532663056118
731,-0.6663037538528442,-1.3694287538528442,-5.166303634643555,-6.338178634643555,-5.885053634643555,-6.730918077751994,-2.197699416981777,-5.9475544691082405,-4.76827398565365,-7.760084747784276
732,-0.8262912631034851,-1.2637913227081299,-4.584103584289551,-5.732541084289551,-5.029416084289551,-5.475525300134905,-2.2014834696165053,-5.545041918754237,-3.9595947252819315,-7.93569624378506
733,-1.0438647270202637,-2.7313647270202637,-4.832927227020264,-5.528239727020264,-3.8876149654388144,-3.672481656074524,-0.9502778516180115,-7.1766775846480755,-4.630119154287968,-8.176696300315598
734,-0.6461852192878723,-1.5055601596832275,-5.247747898101807,-6.443060398101807,-5.169622898101807,-5.717822865699418,-2.021340596518712,-6.185248732566492,-3.9903334777918644,-8.30246007410824
735,-0.7622860670089722,-1.2466610670089722,-5.051348686218262,-6.004473686218262,-5.340411186218262,-5.622865071170963,-2.137461766091292,-5.801349639892123,-3.997176395205315,-7.785757183468377
736,-0.7226706743240356,-1.3164206743240356,-4.230483055114746,-5.871108055114746,-4.941420555114746,-5.262478550488595,-2.6603745014144806,-5.605483889579432,-3.957489511143649,-8.613324760965043
737,-0.5645416975021362,-1.5957916975021362,-5.150479316711426,-6.525479316711426,-5.189541816711426,-4.206853040144779,-2.3771867647010367,-6.36922979354847,-4.698026907688472,-8.939562082085104
738,-0.4710623323917389,-1.8460623025894165,-5.635124683380127,-6.767937183380127,-5.377312183380127,-5.168602962279692,-2.2212445570039563,-6.408562779426404,-5.166697450040374,-8.791392326207642
739,-1.1737043857574463,-3.5721418857574463,-4.540892124176025,-5.509642124176025,-4.017454862594576,-3.24650920368731,-0.7207904235401656,-7.25964260101307,-4.838246230734512,-8.556538581608038
740,-0.8132201433181763,-1.6257201433181763,-4.594470024108887,-6.867907524108887,-5.477282524108887,-4.635366069152951,-1.7821564500773093,-6.3288458585735725,-3.516787907748949,-8.203866958378057
741,-1.0181210041046143,-1.0024960041046143,-4.424370765686035,-6.260308265686035,-4.838433265686035,-4.5343574798316695,-2.502659784251591,-5.588433980941545,-4.198306436417624,-7.994713782798499
742,-0.6098276376724243,-1.5004526376724243,-5.039515018463135,-6.047327518463135,-5.234827518463135,-5.134272306342609,-2.1881177288887557,-5.852015733718645,-4.336726132169133,-8.617665171319459
743,-0.7933129072189331,-1.137062907218933,-4.887063026428223,-5.926125526428223,-5.348000526428223,-5.505424049100839,-2.371591437011375,-5.558938741683733,-4.535796360112727,-8.051152586571334
744,-0.8191885352134705,-1.1785635948181152,-4.803563594818115,-6.577001094818115,-4.944188594818115,-4.859047453326639,-2.4287508550769417,-5.702002048491977,-3.8899925931473263,-8.280155896682118
745,-0.6228590607643127,-3.122859001159668,-4.771296501159668,-6.099421501159668,-4.669799089431734,-3.40156094962731,-1.3106192159029888,-7.544799208640995,-4.787319604656659,-9.247943162730735
746,-1.1955616474151611,-3.078374147415161,-4.547123908996582,-6.187748908996582,-4.008061647415133,-3.099919758271426,-0.8832250699924771,-7.4611868858336265,-3.961969069438055,-8.804952859743935
747,-0.8762503862380981,-1.1106253862380981,-4.540312767028809,-6.024687767028809,-4.852812767028809,-4.697276456747204,-2.251383534137858,-6.0012509822843185,-4.462459169735666,-8.235652565583223
748,-0.6425098180770874,-1.1581348180770874,-5.306572437286377,-6.212822437286377,-5.486259937286377,-5.229554636054672,-3.080174790142337,-5.798760533332654,-5.127296839753399,-8.689406513924041
749,-0.6864808797836304,-1.2177308797836304,-5.31929349899292,-6.32710599899292,-5.74898099899292,-6.1330021464964375,-2.561719865872874,-5.858356952666782,-4.468070091912523,-8.420889973047451
750,-0.7783226370811462,-1.575197696685791,-4.551760196685791,-5.426760196685791,-5.161135196685791,-5.107759330421686,-1.7159819476219127,-5.543948531150477,-3.5053037721081637,-8.122099637608699
751,-0.8140600323677063,-1.5953099727630615,-4.399997711181641,-6.329685211181641,-5.017185211181641,-4.979183230549097,-1.5641921671340242,-6.345311045646326,-3.4941619967576116,-8.61877179116891
752,-0.6585285663604736,-2.5179035663604736,-5.6975908279418945,-6.0725908279418945,-4.353841185569706,-3.503151851706207,-1.4400169565196848,-7.744466304778939,-5.010969014663715,-8.939797758866916
753,-0.7072126269340515,-1.2228376865386963,-4.754087448120117,-6.285337448120117,-5.222837448120117,-5.684570353711024,-2.3323846907442203,-5.699400544166394,-5.043494522804394,-8.441607475080673
754,-0.9695247411727905,-0.9695247411727905,-4.45389986038208,-5.82889986038208,-5.14921236038208,-4.743647221592255,-2.78219400405942,-5.57108807563759,-4.430859129381133,-8.211738347656137
755,-0.713860273361206,-1.198235273361206,-5.041985511779785,-6.284173011779785,-5.260735511779785,-5.370947368384805,-2.4171491727029206,-5.940423846244471,-4.253294041467598,-8.409198760655272
756,-0.9073581695556641,-1.079233169555664,-4.696420669555664,-5.844858169555664,-5.212045669555664,-5.479444241384044,-2.141895876993658,-5.883921384811174,-4.11854836132261,-8.321444630335463
757,-1.0879234075546265,-1.3066734075546265,-4.322298526763916,-5.931673526763916,-5.087923526763916,-4.909797045518644,-1.9005907633982133,-5.548861861228602,-3.510132018738659,-7.681703209436819
758,-0.5998954772949219,-1.3030204772949219,-5.599895477294922,-6.263957977294922,-5.099895477294922,-4.835286339512095,-2.5219455804035533,-5.849896192550432,-4.701841876725666,-8.810857176487843
759,-0.892318606376648,-1.267318606376648,-4.4157562255859375,-6.1423187255859375,-5.3220062255859375,-5.057562725851312,-2.283119901389,-5.439194679259799,-3.2833910179906525,-7.618910312228763
760,-0.7278527021408081,-2.8997278213500977,-6.063790321350098,-5.954415321350098,-5.60285294055938,-5.316762912319973,-1.0404545016936027,-7.6887906789779095,-5.642519768152852,-9.188804983985392
761,-0.8571237325668335,-1.0602487325668335,-4.357123851776123,-5.943061351776123,-5.107123851776123,-4.889067647513002,-2.904171571120969,-5.513374686240809,-4.21694805068546,-8.404029964902293
762,-0.9010722637176514,-1.3229472637176514,-4.6666975021362305,-5.9948225021362305,-4.7604475021362305,-5.066042488208041,-1.8700074977969052,-5.557323336600916,-3.542129899840802,-8.08859646291603
763,-0.8887385129928589,-2.7637386322021484,-4.459051132202148,-6.685613632202148,-4.412176251411431,-4.189644190017134,-0.9200861406352487,-6.84186398982996,-4.678306213580072,-8.646569490263573
764,-0.9544891715049744,-1.1263642311096191,-4.204489231109619,-5.985739231109619,-4.704489231109619,-4.728688188479282,-2.282811145472806,-5.681052446365129,-4.040928118862212,-8.626391172032527
765,-0.8260466456413269,-1.0760467052459717,-4.896358966827393,-6.943233966827393,-5.302608966827393,-5.491308208205737,-2.466851575882174,-5.802609801292078,-4.076482201053295,-7.9979488845874585
766,-0.7312889099121094,-1.4187889099121094,-5.309413909912109,-6.020351409912109,-5.325038909912109,-6.3340352915693074,-1.7002194956730818,-6.379727125167619,-4.442601848684717,-8.489121436872665
767,-0.7873491048812866,-1.1623491048812866,-4.826411724090576,-6.607661724090576,-5.224849224090576,-5.288214666536078,-2.3656498039636062,-5.732662558555262,-4.248767737066373,-8.185812592158982
768,-0.6559668779373169,-1.421591877937317,-5.093466758728027,-6.140341758728027,-4.827841758728027,-4.587353811017238,-2.3749361989466706,-5.780967473983537,-4.4689138128305785,-8.413802385062809
769,-0.7952605485916138,-1.2015105485916138,-4.810885429382324,-6.639010429382324,-4.920260429382324,-5.304069499135949,-2.18606482326868,-6.037448644637834,-4.069145221787039,-8.24059939349354
770,-0.5520929098129272,-1.5520929098129272,-5.192718029022217,-6.372405529022217,-5.317718029022217,-5.670354623696767,-2.146006332419347,-6.309906363486903,-4.9118365562171675,-8.723991036138614
771,-0.6565675139427185,-2.6878175735473633,-4.570630073547363,-5.906567573547363,-4.820630073547363,-5.223953925538808,-1.1410728608170757,-7.320630431175175,-4.836962211411446,-8.859707951427481
772,-0.7301691174507141,-1.5739190578460693,-5.277044296264648,-6.331731796264648,-5.909856796264648,-5.677465972490609,-1.8084943093999755,-6.11298274993851,-4.707177658798173,-7.784883141170212
773,-0.6605418920516968,-1.3324168920516968,-5.121479511260986,-6.551167011260986,-5.098042011260986,-4.93572023906745,-2.4263573703792645,-5.918355226516496,-4.5671589893172495,-8.433998107728257
774,-1.290945053100586,-0.8690700531005859,-4.033132553100586,-5.869070053100586,-4.736257553100586,-4.91661323630251,-3.1895869761356153,-5.540945887565272,-4.361634541011881,-7.994101881475217
775,-1.1059141159057617,-0.8559140563011169,-4.301226615905762,-6.019976615905762,-4.926226615905762,-4.161205824406352,-2.637357454688754,-6.137164711952039,-4.536035086115589,-8.371570109840832
776,-0.6357290744781494,-1.3232290744781494,-5.13572883605957,-6.62010383605957,-5.55760383605957,-6.074255297076888,-2.370291334736976,-6.120104908942608,-4.36266069742851,-8.338877200807474
777,-0.9260171055793762,-1.0666420459747314,-4.4103922843933105,-6.2307047843933105,-5.2541422843933105,-5.153693056083284,-2.3636623515485553,-6.152580618857996,-4.426402256300207,-8.738541841194092
778,-0.6503528952598572,-1.509727954864502,-5.689415454864502,-6.837852954864502,-4.962852954864502,-4.61352551355958,-1.9943138138623908,-7.001916289329188,-4.760088497947436,-8.290996432124302
779,-0.762391209602356,-1.324891209602356,-5.348328590393066,-6.270203590393066,-5.238953590393066,-5.06954080471769,-2.2000611875846516,-5.699891805648576,-3.7860803287185263,-7.770225882281011
780,-0.8118042349815369,-1.1399292945861816,-5.632116794586182,-6.686804294586182,-5.436804294586182,-5.774473121156916,-2.1245190866611665,-6.108680129050867,-4.76532522944035,-7.835266947429773
781,-0.5166633129119873,-1.4854133129119873,-5.376038551330566,-6.180726051330566,-5.516663551330566,-6.269005653215572,-2.3605646972573595,-5.891664505004428,-4.728139136452228,-8.05575144258728
782,-0.8911131620407104,-1.0161131620407104,-4.53955078125,-6.14892578125,-5.17236328125,-4.884131563245319,-2.7662912448868155,-5.86767649650551,-4.219588576001115,-8.367700576474817
783,-0.8326472043991089,-1.1138972043991089,-5.059209823608398,-6.309209823608398,-5.176397323608398,-5.825917373062111,-2.176541675638873,-5.738898158073084,-4.332938390318304,-8.020173906927084
784,-1.0349228382110596,-0.7692977786064148,-5.2067975997924805,-6.4021100997924805,-5.1911725997924805,-5.043800382409245,-2.8788599792897003,-6.331798195838758,-4.636743273789762,-8.808383583746036
785,-0.9313424825668335,-1.2750924825668335,-4.275092601776123,-5.806342601776123,-4.634467601776123,-4.190361248911358,-2.392451033287216,-5.657905817031633,-3.892600246676011,-8.321993112225755
786,-1.1294527053833008,-1.0200777053833008,-5.027890205383301,-6.238827705383301,-5.012265205383301,-4.185034113819711,-3.113975037209457,-5.481015920638811,-4.879805502627278,-8.410730003937715
787,-0.8993203639984131,-1.336820363998413,-4.219633102416992,-6.422758102416992,-4.258695602416992,-3.954873544687871,-1.97755467294337,-6.149321079254037,-3.9465442287328187,-8.719659328116904
788,-0.832287073135376,-1.035412073135376,-4.730724334716797,-6.043224334716797,-5.285411834716797,-5.481528316508047,-2.8793890218657907,-5.7072877883906585,-4.543656613357598,-8.4495040173897
789,-1.075296401977539,-3.497171401977539,-4.934671401977539,-4.926858901977539,-3.7706091403960897,-3.0300521701574326,-0.8411638442776166,-7.481546759605351,-4.927573306427803,-8.481575011797759
790,-0.4027775526046753,-2.887152671813965,-4.879340171813965,-6.324652671813965,-5.527777671813965,-5.138977292459458,-1.590421189481276,-7.504340648651009,-5.0438740334357135,-9.60591948018191
791,-0.6708851456642151,-1.4365100860595703,-5.06932258605957,-6.27244758605957,-5.46776008605957,-5.7353693812619895,-2.0148110234877095,-5.99901080131508,-4.3822811982245184,-8.233407735568107
792,-0.7440148591995239,-1.228389859199524,-4.744014739990234,-6.478389739990234,-5.236202239990234,-5.432526553166099,-2.2129133829294005,-6.12682807445492,-4.260101331019541,-8.181542515369074
793,-1.003454327583313,-1.378454327583313,-4.269079208374023,-5.737829208374023,-4.659704208374023,-4.613803031563293,-1.8473410512960982,-5.472205042838709,-3.3553288687835447,-8.050355076455162
794,-0.7791869640350342,-1.1385619640350342,-4.552624702453613,-6.021374702453613,-5.255749702453613,-5.209895209176466,-2.6074765785160707,-5.771375536918299,-4.318663749785628,-8.404211759265309
795,-0.9291119575500488,-0.9759869575500488,-5.069736957550049,-5.944736957550049,-5.186924457550049,-5.695504370843992,-2.976159557700157,-5.616612672805559,-5.24977379894699,-8.538514375297382
796,-0.8638931512832642,-1.0670181512832642,-4.301393032073975,-5.957643032073975,-5.238893032073975,-4.997420889500063,-2.395304905192461,-5.887331485747836,-4.169040812412277,-8.39517188032005
797,-1.38612961769104,-3.01894211769104,-4.753317356109619,-5.042379856109619,-3.6830048561095907,-3.30213169939816,-0.7613219433987979,-7.620505213737431,-4.378983156697359,-8.581460594956297
798,-0.7905356287956238,-1.0874106884002686,-4.8686604499816895,-6.4702229499816895,-5.2983479499816895,-5.901039796881378,-2.5094501836865675,-5.642099022864727,-4.165979406010592,-8.032749533313108
799,-1.1042567491531372,-2.9792566299438477,-4.979256629943848,-5.619881629943848,-4.127694368362398,-4.017454393673688,-0.7919755934563,-7.5964444875716595,-4.675347025564406,-8.42458546148373
800,-0.53303462266922,-1.5486595630645752,-5.173659801483154,-6.501784801483154,-5.665847301483154,-5.49493778811302,-2.2832279018475674,-7.056473016738664,-4.767981723300181,-9.376809119870813
801,-0.9142835140228271,-1.0080335140228271,-4.797096252441406,-5.843971252441406,-5.234596252441406,-4.688503197976388,-2.601958140381612,-5.656472086906092,-4.063258146110456,-8.320562362261626
802,-0.3141322433948517,-3.0797572135925293,-5.845382213592529,-6.821944713592529,-4.954757571220341,-3.9094781054882333,-2.8924730783182895,-8.3297580480575,-5.884942169417627,-9.642273783554629
803,-0.8343691229820251,-1.03749418258667,-4.96718168258667,-5.89686918258667,-5.14686918258667,-4.804307826911099,-2.842336285088095,-5.506244778632947,-4.6316339210025035,-8.2797080274795
804,-0.8480789065361023,-1.066828966140747,-4.754328727722168,-6.066828727722168,-4.910578727722168,-6.059931455354672,-2.5201338367769495,-5.488704562186854,-3.8093888066359796,-7.8871698375423875
805,-1.1495145559310913,-1.2432645559310913,-4.032327175140381,-6.040139675140381,-4.594827175140381,-4.87708755931817,-1.6027551822553505,-5.899515390395891,-3.4937036265910137,-8.055792092887714
806,-0.6401426196098328,-1.4213926792144775,-5.022954940795898,-6.147954940795898,-5.108892440795898,-4.52415108634159,-2.4058941522671375,-5.866705536842176,-4.648344202549197,-8.562041401575698
807,-0.8391166925430298,-3.2063040733337402,-4.65161657333374,-5.84692907333374,-3.995366811752291,-3.3542628125287592,-1.0580352402757853,-7.300054550170785,-4.699068260786589,-8.57350814329584
808,-0.6746270656585693,-1.3152520656585693,-4.901189804077148,-5.752752304077148,-5.291814804077148,-5.558258198492695,-2.3310081872768933,-6.159003019332658,-4.25317945893039,-8.549657225161354
809,-0.7328381538391113,-1.1234631538391113,-5.248463153839111,-6.045338153839111,-5.092213153839111,-5.390374667011201,-2.436134919669712,-5.748463869094621,-4.881751424138201,-8.30317270730302
810,-0.42119234800338745,-2.7961924076080322,-4.835254669189453,-6.296192169189453,-5.046192288398736,-4.57275996892713,-1.7494323187638656,-7.788380026817265,-4.953165269631427,-8.960268258955693
811,-0.5707117319107056,-1.2582117319107056,-5.266024112701416,-6.516024112701416,-5.50871467590332,-5.439263806969393,-2.9541811824019533,-6.11809039115883,-5.305926862143679,-8.633738517477468
812,-0.7280901074409485,-1.2280900478363037,-5.134340286254883,-6.423402786254883,-4.946840286254883,-5.635028125660028,-2.2283160431106808,-5.939028620719569,-4.4472611256933305,-8.532803177511596
813,-0.6549707651138306,-1.4049707651138306,-5.108095645904541,-6.334658145904541,-5.444033145904541,-5.86745416757185,-2.092638240123051,-5.8112217187875785,-4.233595603902359,-7.904996633191331
814,-0.5923101902008057,-1.2798101902008057,-5.107934951782227,-6.631372451782227,-5.482934951782227,-5.553961617988534,-2.7331178021559026,-5.943873286246912,-4.920858055236749,-8.537647485420166
815,-0.36380717158317566,-3.066932201385498,-4.535682201385498,-6.840369701385498,-4.895057439804049,-3.701333928271197,-2.0670422255061567,-7.590370178222543,-4.981437108392129,-8.973194956692168
816,-0.6960956454277039,-1.0867207050323486,-5.1414079666137695,-6.1882829666137695,-5.0867204666137695,-5.032592140254565,-3.0243801943433937,-6.063283562660047,-5.1497568837367,-9.141434192313682
817,-0.6126226186752319,-1.206372618675232,-5.0110602378845215,-6.1673102378845215,-5.9173102378845215,-5.613330471329391,-3.0502940269652754,-5.979810953140031,-5.003784274158534,-9.167340993393736
818,-0.853838324546814,-1.088213324546814,-4.6741509437561035,-6.0491509437561035,-5.2913384437561035,-5.065873378072865,-2.3383624442649307,-5.838214278220789,-4.190104430599604,-8.17417943435612
819,-0.7166793346405029,-1.357304334640503,-5.083867073059082,-6.154179573059082,-5.599492073059082,-6.477630810346454,-2.154416056262562,-5.857305407523768,-4.0139674287929665,-7.708894252407845
820,-0.7514997124671936,-1.3139996528625488,-4.149937152862549,-5.860874652862549,-5.134312152862549,-4.6741162172402255,-2.329750410761335,-5.884312748908826,-4.712874316959642,-8.681212782543298
821,-0.3505460321903229,-3.68648362159729,-5.123983383178711,-5.678670883178711,-4.272421121597262,-3.5626441575586796,-2.225796548940707,-8.194296240806523,-4.999717204656918,-8.55369496316598
822,-0.3919278681278229,-1.5481778383255005,-5.759115219116211,-6.524740219116211,-6.061707496643066,-5.851777879986912,-3.0306126951327315,-5.960145711898576,-5.515296351601137,-8.8820432421835
823,-0.7902786731719971,-1.102778673171997,-4.876215934753418,-6.266840934753418,-5.149653434753418,-5.119155839085579,-2.5873234127939213,-5.719966650008928,-4.783037141722161,-8.462177157120095
824,-0.8545260429382324,-1.4170260429382324,-3.8701510429382324,-5.956088542938232,-4.987338542938232,-4.659955464710947,-2.651581271144096,-5.862339377402918,-3.526884319813689,-8.510805725625687
825,-0.748427152633667,-1.123427152633667,-4.709364891052246,-6.295302391052246,-5.428114891052246,-5.366330724966247,-2.467335211666068,-5.826552987098523,-4.9675535448186565,-8.490637898179557
826,-0.4657183587551117,-1.543843388557434,-5.5204057693481445,-6.6610307693481445,-5.377226829528809,-5.089019409730099,-2.6273773795255693,-5.7600400447843185,-4.7839207855577115,-8.44756352872173
827,-0.7921355962753296,-2.667135715484619,-4.635885715484619,-5.674948215484619,-4.01869845390317,-3.188445709645748,-1.448539006858482,-7.385886073112431,-4.527313506172504,-8.245275497320108
828,-1.1382169723510742,-1.1069669723510742,-3.841341972351074,-5.856966972351074,-4.864779472351074,-4.318674148875289,-2.4430509698431706,-5.341342687606584,-4.2559522081865,-8.27106356562581
829,-0.647642970085144,-3.2101430892944336,-4.671080589294434,-5.827330589294434,-3.7804558277129843,-3.074811253231019,-1.6322368143883068,-7.749205946922245,-4.554628459387459,-7.905475735460641
830,-0.45071765780448914,-1.8725926876068115,-5.325717449188232,-6.200717449188232,-4.825717449188232,-4.405356452567503,-2.3258921947854105,-6.630405426025277,-4.552761319617275,-9.114798784086815
831,-0.4079676866531372,-2.6267175674438477,-4.728280067443848,-5.837655067443848,-4.572030067443848,-4.753313459339552,-1.783097854728112,-7.072030544280892,-5.0101416624384,-8.704860210262268
832,-0.5534239411354065,-1.4752988815307617,-5.334673881530762,-6.436236381530762,-5.576861381530762,-6.367653542081825,-2.3348359930241713,-5.819049835204623,-4.514820946933469,-8.311265229762284
833,-0.711127519607544,-1.226752519607544,-4.883002281188965,-6.265814781188965,-5.195502281188965,-6.039970378449652,-1.9925248514337,-6.351753115653651,-4.305307414993877,-8.547087907523746
834,-0.8054790496826172,-1.2117290496826172,-4.750791549682617,-6.211729049682617,-4.758604049682617,-4.6969646087964065,-2.1962561491673114,-5.836729526519662,-4.688834877219051,-7.914876579983684
835,-0.5202302932739258,-1.4577302932739258,-5.121792793273926,-6.746792793273926,-5.332730293273926,-5.661542417888995,-2.3797702653246233,-6.317105889320203,-4.72387467243243,-8.895250677855074
836,-0.534237265586853,-2.5811123847961426,-4.417049884796143,-6.346737384796143,-4.331112504005425,-4.028057910036296,-1.534376730734948,-7.721737742423954,-4.402209808235057,-9.526438236141075
837,-0.7856636643409729,-1.2700386047363281,-4.582538604736328,-6.215351104736328,-4.613788604736328,-5.216388759901747,-1.9889683561923448,-5.855976700782605,-4.122136330406647,-8.40287625757992
838,-0.7821369171142578,-1.3758869171142578,-3.852449417114258,-6.047761917114258,-4.954011917114258,-5.087721660442185,-2.0635626161674736,-6.039950251578944,-3.5560700856731273,-8.907163023608518
839,-1.2392832040786743,-3.1845955848693848,-4.176783084869385,-5.700220584869385,-3.2939709424971966,-2.3769075516611338,-1.458283750602277,-7.184596061706429,-3.9198591336607933,-7.411181926443533
840,-0.3361772894859314,-3.945552349090576,-6.492427349090576,-6.125239849090576,-6.304927587509127,-5.956874878844246,-1.4770389515324496,-8.226802349090462,-6.969754522666335,-9.562757134279309
841,-0.8545191884040833,-1.1826441287994385,-5.120144367218018,-7.057644367218018,-5.432644367218018,-5.817840118193999,-2.042214612927637,-6.604520320891879,-3.7456663675257005,-7.932673334655192
842,-0.7986567616462708,-1.079906702041626,-5.423656940460205,-6.158031940460205,-5.408031940460205,-5.471503024513368,-2.8926512895850465,-5.361157774924891,-4.619292087940266,-8.056494831704185
843,-0.9174748659133911,-1.1362248659133911,-5.104974746704102,-6.534662246704102,-5.558099746704102,-5.74734868563246,-1.980131613847334,-5.854975581168787,-4.324233045103028,-7.300316094935624
844,-1.098061442375183,-1.004311442375183,-4.519936561584473,-6.262124061584473,-5.238686561584473,-5.318028781795874,-2.2701159554708283,-5.7464998960491585,-3.82495743437903,-7.840282916447904
845,-0.9667705297470093,-1.2948955297470093,-4.271458148956299,-5.591770648956299,-5.115208148956299,-5.397415179875679,-2.4669582667702343,-5.544896364211809,-4.396875532780541,-8.396489619699423
846,-0.4390598237514496,-1.704684853553772,-5.821872234344482,-6.392184734344482,-5.485934734344482,-5.5344518047058955,-2.4705228578386595,-6.20468533039076,-5.322367545450106,-8.587520241482707
847,-1.0392123460769653,-0.9610873460769653,-4.797024726867676,-6.226712226867676,-5.148587226867676,-5.907602182938717,-2.2737926033878466,-5.765775442123186,-4.117848861438688,-7.937681674447958
848,-0.5295555591583252,-2.670180559158325,-5.357680320739746,-6.045180320739746,-4.935805559158297,-4.290726736187935,-1.5922740459209308,-7.662368297576791,-5.327251931186765,-8.935822486730103
849,-1.1389001607894897,-1.1076501607894897,-3.8967127799987793,-5.615462779998779,-4.701400279998779,-5.163622983614914,-2.1858986540028127,-5.498276114463465,-3.5846072849235497,-7.709244369962107
850,-0.7770406007766724,-1.0582906007766724,-4.909852981567383,-6.206727981567383,-5.003602981567383,-5.0669051766744815,-2.5584567647019867,-5.792666196822893,-4.488574446120765,-8.331754445678598
851,-0.5486627817153931,-1.298662781715393,-5.1346001625061035,-6.5096001625061035,-5.3767876625061035,-5.424473671999294,-2.7362973599374527,-6.056475758552381,-5.283458263613284,-8.697121858371247
852,-0.7483248710632324,-1.2795748710632324,-4.865512371063232,-6.553012371063232,-4.787387371063232,-4.882057958166115,-2.279752834700048,-5.779575705527918,-4.022164144844282,-8.365540504073579
853,-0.6774863004684448,-1.3649863004684448,-5.255611419677734,-6.349361419677734,-5.372798919677734,-5.905436268192716,-2.0839264212409034,-6.185299873351596,-4.076316279679304,-8.052506089017697
854,-0.4032401740550995,-2.278240203857422,-4.496990203857422,-6.090740203857422,-5.426677703857422,-5.529024412622675,-1.8408433145741583,-7.004803180694466,-5.052170036244206,-9.551693558567422
855,-0.6180918216705322,-1.4305918216705322,-5.547779083251953,-6.422779083251953,-5.766529083251953,-6.268572268309072,-2.290159922078601,-5.907155036925815,-4.477896717056865,-7.875929116889893
856,-0.936779260635376,-1.077404260635376,-4.796154022216797,-6.249279022216797,-4.921154022216797,-4.781739455764182,-2.2651132126920857,-5.6789674758906585,-3.429598727787379,-8.163370489653971
857,-0.7143276929855347,-3.519015312194824,-4.979952812194824,-5.300265312194824,-4.315890669822636,-3.254425961524248,-1.5429410933866166,-7.659640669822636,-5.316745868825819,-7.90184640867119
858,-0.36705753207206726,-3.0858075618743896,-5.4061198234558105,-5.8045573234558105,-5.3123698234558105,-4.883611009281594,-1.648496729118051,-7.656120300292855,-5.883207183389459,-9.578016400115303
859,-0.6774282455444336,-1.1618032455444336,-4.911803245544434,-6.286803245544434,-5.294615745544434,-5.943837454309687,-2.8650766500941245,-5.872741580009119,-4.748056600277778,-8.318079232831224
860,-1.2030119895935059,-1.1873869895935059,-3.687386989593506,-5.445199489593506,-4.640511989593506,-4.42252833081875,-2.8594550900015747,-5.468637824058192,-3.6409480812726542,-8.437416791486612
861,-0.6440777778625488,-1.4253277778625488,-4.948765277862549,-6.112827777862549,-5.245640277862549,-5.47297126322519,-2.222355950070778,-5.745640993118059,-4.464711018605158,-8.558162212120806
862,-0.7346662878990173,-1.297166347503662,-4.804978847503662,-6.047166347503662,-5.219041347503662,-6.118594024446793,-2.0316713963838993,-5.7659174203867,-4.13345724059036,-8.109695672545058
863,-0.6762522459030151,-1.5200022459030151,-4.559064865112305,-6.199689865112305,-5.160627365112305,-5.450572458736133,-2.770232293391018,-5.8246906995769905,-4.481347001157701,-8.605969666990859
864,-0.6059157252311707,-1.4809157848358154,-5.402790546417236,-6.551228046417236,-5.715290546417236,-5.810816379147582,-2.3404732776107267,-6.418416261672746,-4.489177007024409,-8.441879510541185
865,-0.505535900592804,-1.4899108409881592,-5.169598579406738,-6.583661079406738,-5.489911079406738,-5.076822998060379,-2.5681924697273644,-6.114911794662248,-4.763783122063614,-8.732122420980886
866,-0.897761344909668,-1.350886344909668,-4.788386344909668,-6.225886344909668,-4.460261344909668,-4.640570328221656,-1.8979271512798732,-5.850887179374354,-3.679467216512421,-8.046229600433435
867,-0.809091329574585,-1.668466329574585,-4.520029067993164,-6.293466567993164,-5.004404067993164,-5.201427901862189,-1.49673079472268,-6.621592283248674,-3.7237376653938554,-8.715366363217981
868,-0.8980894088745117,-1.4137144088745117,-4.546526908874512,-6.374651908874512,-4.655901908874512,-5.0784932192764245,-1.6482648695528042,-5.9527777433391975,-3.5312856891250703,-8.288738488861782
869,-0.6223481297492981,-1.4348480701446533,-5.005160808563232,-6.559848308563232,-4.583285808563232,-4.53764112573117,-2.5912842577236006,-5.96609890460951,-4.575808945577592,-8.42705535868663
870,-0.7505937218666077,-1.313093662261963,-4.399031162261963,-5.828718662261963,-4.953718662261963,-5.181031422456726,-2.328904969021096,-5.399031877517473,-4.008826525066979,-8.274059652889264
871,-0.5435758829116821,-3.0123257637023926,-4.910763263702393,-5.973263263702393,-4.895138263702393,-4.843057807534933,-1.2936844766809372,-7.238888740539437,-5.192578990128823,-8.832657575429039
872,-0.8583135008811951,-1.2020635604858398,-5.40518856048584,-6.08487606048584,-5.48331356048584,-5.680190173792653,-1.952395384083502,-5.694251894950526,-4.218152057990665,-7.514590620628951
873,-0.8251517415046692,-1.0439016819000244,-5.1610894203186035,-6.3798394203186035,-5.0595269203186035,-5.045135333086364,-2.590953096092562,-6.0126526355741134,-4.372489583736751,-8.223616718860285
874,-0.8533073663711548,-1.1345573663711548,-4.572057247161865,-6.079869747161865,-5.009557247161865,-5.205512555432506,-2.7910203706560424,-5.876745581626551,-4.384970817860449,-8.65021192984932
875,-0.37386929988861084,-2.7332444190979004,-5.3894944190979,-5.5769944190979,-6.1082444190979,-5.152429432142526,-1.7646366256522015,-7.826994776725712,-6.179274420777801,-9.186384796970742
876,-0.8270921111106873,-1.061467170715332,-5.030217170715332,-5.842717170715332,-4.998967170715332,-5.077992987062316,-2.6241386981710093,-5.420843005180018,-4.265033505304018,-8.123991489113905
877,-0.661745548248291,-1.786745548248291,-4.755495548248291,-6.482058048248291,-5.169558048248291,-5.514086777693592,-1.896262754817144,-6.372683763503801,-4.873023452033522,-8.825831055364688
878,-0.9463537931442261,-1.102603793144226,-4.188541412353516,-5.868228912353516,-5.008853912353516,-5.423640584922396,-2.071494569419883,-5.782292246818201,-4.352957186289132,-8.118255614877853
879,-0.999393880367279,-1.1400189399719238,-4.116581439971924,-5.686893939971924,-4.663456439971924,-4.17200157023035,-2.6011018647259334,-5.647832155227434,-4.335760620509973,-8.53066980804033
880,-0.6013618111610413,-1.5701117515563965,-4.5779242515563965,-6.1794867515563965,-5.0935492515563965,-4.7275231290841475,-2.179629792473861,-6.413862466811906,-4.133266115619335,-8.992010950760232
881,-0.46975916624069214,-1.766634225845337,-4.758821487426758,-5.876008987426758,-5.586946487426758,-5.908717997954227,-2.391802654383355,-6.352572202682268,-4.407650870765792,-8.727597593921018
882,-1.1746395826339722,-1.1902645826339722,-3.8699522018432617,-5.588702201843262,-4.455889701843262,-4.425363159680273,-2.3076023942703614,-5.7137030363079475,-3.0813729787187185,-8.096548199093377
883,-0.6517173647880554,-1.1985924243927002,-5.643904685974121,-5.753279685974121,-5.393904685974121,-5.426340710837394,-2.7456776874751085,-5.745467901229631,-5.097533695050515,-8.120490669927676
884,-0.6954720616340637,-1.320472002029419,-4.632972240447998,-5.757972240447998,-5.039222240447998,-5.391864550998434,-2.351885424606735,-5.593910455703508,-3.8912720683438238,-8.179874181370906
885,-0.7012304067611694,-1.2324804067611694,-5.123105525970459,-6.419980525970459,-5.334043025970459,-5.920983883901499,-2.3733240127330646,-5.990293979644321,-4.576631823118078,-8.099697470217507
886,-0.719451367855072,-2.703826427459717,-4.610076427459717,-5.946013927459717,-4.141326427459717,-4.112860852619633,-1.266471971408464,-7.406951904296761,-4.407820443098899,-8.80540645106339
887,-0.7930101156234741,-1.1367601156234741,-4.574260234832764,-6.074260234832764,-5.300822734832764,-5.059761366690509,-2.4962754151347326,-5.7773860692974495,-4.191813402081607,-8.074288367815825
888,-0.8498438596725464,-1.0373438596725464,-4.740468978881836,-6.146718978881836,-5.037343978881836,-5.241380752588157,-2.826567398471525,-5.709219813346522,-4.279908347642049,-8.201430678074757
889,-0.4084821045398712,-3.017857074737549,-4.400669574737549,-6.299107074737549,-4.4944198131560995,-4.2147177387960255,-1.6898836974578444,-7.345982551574593,-4.901373853557743,-9.221002459327792
890,-0.6572014093399048,-1.3290764093399048,-4.961888790130615,-6.680638790130615,-5.149388790130615,-5.06418118061265,-2.1729982943361392,-6.172827124595301,-4.2592618417111225,-8.618159889962044
891,-0.7587665319442749,-1.368141531944275,-5.1025166511535645,-6.7587666511535645,-4.9775166511535645,-5.1817468255758286,-2.0089848995412467,-6.415017366409074,-4.290487893624231,-8.172857045725323
892,-0.8670356273651123,-1.0076606273651123,-4.429535865783691,-5.874848365783691,-5.038910865783691,-5.508245297300164,-3.390663248108467,-5.382661700248377,-4.711188831191976,-8.554564594809563
893,-0.6780203580856323,-1.2405203580856323,-5.263957977294922,-5.623332977294922,-5.217082977294922,-4.88207463955041,-2.8188030595629243,-5.537396073341199,-4.967375593289034,-8.678047775849336
894,-0.65665602684021,-1.25040602684021,-4.937906265258789,-6.484781265258789,-5.289468765258789,-5.063565513701178,-2.6412050572544103,-5.914469361305066,-4.914842893223977,-8.570743798896729
895,-0.9404526948928833,-0.9717026948928833,-4.690452575683594,-6.245140075683594,-4.956077575683594,-5.23042363364948,-2.4093611114658415,-5.7685784101482795,-4.144031659961911,-8.276409506608616
896,-0.8151674270629883,-1.2370424270629883,-4.471417427062988,-5.932354927062988,-5.182354927062988,-5.70712465676479,-2.080956922349287,-5.807355761527674,-3.6437915510032326,-8.40894997066789
897,-0.9365389347076416,-0.9365389347076416,-4.8506011962890625,-6.1162261962890625,-5.1006011962890625,-5.226453775190748,-2.702362875221297,-5.670914411544572,-4.382279661891516,-7.803751706751427
898,-0.797057032585144,-3.2658071517944336,-4.070494651794434,-6.242369651794434,-4.132994771003716,-3.0177835947833955,-1.1566297812387347,-7.523620009422245,-4.180442884156946,-9.37519931778479
899,-0.7593584060668945,-1.3374834060668945,-4.8687334060668945,-6.3062334060668945,-5.5327959060668945,-5.924822777858935,-1.9626239439385245,-6.00935924053158,-4.173853065556614,-8.134384274148033
900,-0.9016669392585754,-0.7766669392585754,-5.19854211807251,-6.16729211807251,-5.61260461807251,-5.972781813179608,-3.2143677271378692,-6.042292952537196,-5.277137526485603,-8.964189171536418
901,-0.8429345488548279,-1.2960596084594727,-4.889809608459473,-6.514809608459473,-4.960122108459473,-5.296951849479228,-2.046259025722975,-5.8507479429241585,-3.9683810667775106,-8.007025241455267
902,-0.8453212380409241,-1.0328211784362793,-5.564071178436279,-6.321883678436279,-5.595321178436279,-5.886155822314322,-2.5642875198973343,-5.634384632110141,-4.392667182604782,-7.579723357785042
903,-1.3205177783966064,-1.0861427783966064,-4.539267539978027,-6.117392539978027,-4.390830039978027,-4.782469711382873,-1.8362903486122377,-5.578330874442713,-3.6256499493611045,-7.765859841856582
904,-0.7404020428657532,-1.4904019832611084,-4.7482147216796875,-6.3732147216796875,-5.2794647216796875,-5.5226577231660485,-2.0062192493642215,-5.677903294562725,-3.662722726643551,-7.974811076543119
905,-0.7471489310264587,-1.1377739906311035,-4.9737114906311035,-6.7705864906311035,-5.0908989906311035,-5.310558025026694,-2.387899986919365,-6.145587325095789,-4.09923051239457,-8.379981517580745
906,-1.1371898651123047,-2.3246898651123047,-4.402814865112305,-6.301252365112305,-3.7778151035308554,-3.791076212655753,-0.9498709276231239,-6.8012527227401165,-4.262918564374559,-7.980955600614834
907,-0.8436049222946167,-1.2029799222946167,-4.429542541503906,-6.038917541503906,-5.046730041503906,-4.930479802424088,-2.40628813020885,-5.663918375968592,-4.101917142048478,-8.085819959263972
908,-0.9457224607467651,-0.9300974607467651,-4.305097579956055,-6.125410079956055,-5.047285079956055,-5.4386481898254715,-2.5708850490191253,-6.008223295211565,-4.438439944060519,-8.57074916327474
909,-0.7303723096847534,-1.2772473096847534,-4.511622428894043,-6.519434928894043,-5.222559928894043,-5.419067621929571,-2.324252239384805,-6.05849802494032,-4.7229341760103125,-8.886647939356408
910,-0.8287431597709656,-1.0943682193756104,-4.984992980957031,-6.063117980957031,-5.055305480957031,-5.048148178961128,-2.836746316868812,-5.414681196212541,-4.508857754961355,-8.39127230601298
911,-1.0169423818588257,-1.1419423818588257,-4.798192501068115,-5.931005001068115,-4.813817501068115,-3.9394756773253903,-3.1499337990098866,-5.6263180971143925,-4.65797451796243,-8.8763422962802
912,-0.8236006498336792,-0.9486006498336792,-5.151725769042969,-6.378288269042969,-5.565788269042969,-5.347843918425497,-2.9644114798720693,-6.034538984298479,-4.995946177456062,-8.315814494742881
913,-1.2614667415618896,-1.1989667415618896,-4.097404479980469,-6.034904479980469,-4.902091979980469,-4.74755021976307,-1.9959918147942517,-5.691155195235979,-3.1916066576668527,-7.6208724970929325
914,-0.6341251730918884,-1.5091252326965332,-4.657562732696533,-7.399750232696533,-4.931000232696533,-4.854251867276616,-1.962415085552493,-6.54818832874281,-4.338035156135447,-8.94664466361246
915,-0.8258492350578308,-2.6070992946624756,-4.1070990562438965,-6.1227240562438965,-4.146161675453179,-4.09409168199636,-1.0603965372574748,-7.153974413871708,-4.428102731180843,-8.935239195716349
916,-0.6184883117675781,-1.6341133117675781,-5.188800811767578,-6.266925811767578,-5.430988311767578,-5.6978523205034435,-1.8686673480988247,-5.946614384650616,-4.400133055023616,-8.33726620635207
917,-0.7509763240814209,-1.485351324081421,-5.1103515625,-6.1962890625,-4.9931640625,-5.346093435306102,-1.8605273807042977,-5.915039658546277,-4.399894837173633,-8.18068695042166
918,-0.8891968131065369,-1.1548218727111816,-4.740759372711182,-6.107946872711182,-4.826696872711182,-4.163446335063782,-2.436229454979184,-5.568885087966692,-4.381984292296693,-8.217350124899895
919,-0.6499317288398743,-1.8686816692352295,-4.915556907653809,-6.571806907653809,-4.938994407653809,-5.51044518512208,-1.7438890718913171,-5.5093076229093185,-4.158184193220222,-7.884332418116173
920,-0.6412854790687561,-1.1569104194641113,-5.297535419464111,-6.274097919464111,-5.360035419464111,-5.65014319610782,-2.7352360285731265,-5.867848634719621,-4.8606279524974525,-8.758499025969286
921,-0.7381295561790466,-2.6443796157836914,-4.605317115783691,-6.089692115783691,-3.847504854202242,-3.369864620734006,-1.3477980659808964,-7.136567473411503,-4.8403682806529105,-8.449083804944166
922,-0.6959334015846252,-1.2740583419799805,-5.0631208419799805,-6.2662458419799805,-5.2896833419799805,-5.681242268125061,-2.1492346369777806,-5.992809414863018,-4.45426271908218,-8.336587905447232
923,-0.9418039917945862,-1.2543039321899414,-4.566803932189941,-6.558991432189941,-5.043366432189941,-5.256756752030924,-1.9731968539126683,-5.613680005072979,-3.403308111766819,-7.5512076612158125
924,-0.702147364616394,-1.077147364616394,-5.124022483825684,-6.881834983825684,-5.397459983825684,-5.273442262667231,-2.749224880710244,-5.905272960662728,-5.085330060188426,-8.374045729366117
925,-0.577950656414032,-2.3592007160186768,-4.523262977600098,-6.077950477600098,-4.773262977600098,-4.393027677200735,-1.42187009807094,-7.6795133352279095,-4.7738832695176825,-9.265467166760573
926,-0.6445925235748291,-1.285217523574829,-4.99615478515625,-6.63677978515625,-5.71490478515625,-6.560640865005553,-2.2697615480574314,-6.019593477248463,-4.176544062385801,-7.925869106886239
927,-0.7114995121955872,-1.1958744525909424,-5.1489996910095215,-6.0161871910095215,-5.2427496910095215,-5.439007312350441,-2.7741935064841527,-5.609937906265031,-4.9930579187348485,-8.617773413365285
928,-0.823452889919281,-1.2140779495239258,-4.432827949523926,-6.175015449523926,-4.815640449523926,-5.167995139025152,-2.198629244521726,-5.737516164779436,-4.417587563919369,-8.487544178549797
929,-0.7394017577171326,-1.7237768173217773,-4.817526817321777,-6.192526817321777,-4.887839317321777,-5.615851185866632,-1.4739230764243985,-6.208152532577287,-4.263242521061329,-7.997246980132331
930,-0.7868785858154297,-1.1775035858154297,-4.66969108581543,-6.13844108581543,-5.26344108581543,-6.178470382466912,-2.3495329499273794,-5.724379539489291,-4.3654096494137775,-8.177528023421473
931,-0.8406961560249329,-1.200071096420288,-4.309446334838867,-5.621946334838867,-4.801633834838867,-5.669755737413652,-2.2783290059451247,-5.348509669303553,-3.5597848318575416,-7.99697756718524
932,-0.9208871722221375,-1.2646372318267822,-4.077136993408203,-5.678699493408203,-4.725574493408203,-4.3828189194900915,-2.13977240602253,-5.467762827872889,-4.061834640888264,-8.194356560194137
933,-0.8578081727027893,-2.3890581130981445,-4.2328081130981445,-5.8968706130981445,-3.9515581130981445,-3.8758646466303617,-1.1392023459338816,-7.076558470725956,-4.553837519139051,-8.693761825430556
934,-0.5189517736434937,-1.5502017736434937,-5.292389392852783,-6.675201892852783,-5.229889392852783,-5.2937591227237135,-2.284778097891831,-6.050202608108293,-4.675687433598796,-8.472098588697918
935,-0.889866054058075,-1.0461161136627197,-5.163303375244141,-6.233615875244141,-5.061740875244141,-5.735341013642028,-2.108787641118397,-5.764866590499651,-3.83568238443695,-7.686770915533998
936,-0.8429766297340393,-1.0461015701293945,-4.7257890701293945,-5.8273515701293945,-5.0226640701293945,-5.101543737750035,-2.3743935684033204,-5.780477166175672,-4.663765317032812,-8.577379583919537
937,-0.7582985758781433,-1.195798635482788,-4.789548397064209,-6.539548397064209,-5.398923397064209,-6.041330298758112,-2.367801181288087,-5.687986731528895,-4.336839350959053,-7.50833022543884
938,-0.8320316672325134,-2.207031726837158,-4.378906726837158,-5.941406726837158,-4.175781726837158,-3.568749304395169,-1.1759837661666097,-7.35546958446497,-4.957895144470967,-8.792984962332412
939,-0.9770559072494507,-1.3520559072494507,-4.31299352645874,-6.22705602645874,-4.60205602645874,-5.66675861319527,-1.8365629824256757,-5.83643174171425,-3.743272010644432,-7.727082609777426
940,-1.382107138633728,-3.6477322578430176,-4.811794757843018,-6.311794757843018,-3.936795353889295,-3.469133813865483,-0.8202351743238978,-7.577420234680062,-4.601971243973821,-8.514940857654437
941,-0.8930191993713379,-1.268019199371338,-4.853956699371338,-6.135206699371338,-4.736769199371338,-4.184271677630022,-1.9244705235905712,-6.283644795417615,-4.518328737991396,-8.158667921727101
942,-0.7279937267303467,-1.0561187267303467,-5.048306465148926,-6.227993965148926,-5.493618965148926,-6.275602548383176,-2.775041326880455,-5.712369799613612,-4.8220968815730885,-8.196768879579395
943,-0.9437141418457031,-1.1312141418457031,-4.599964141845703,-6.287464141845703,-4.639026641845703,-4.390042146784253,-2.10014019846858,-5.80308973789198,-4.186225600220496,-8.20155417881324
944,-0.8486453890800476,-1.1455204486846924,-4.489270210266113,-5.622082710266113,-4.895520210266113,-5.583911736670416,-2.395674812796642,-5.473645925521623,-4.310013797337888,-8.22367811148797
945,-1.1272640228271484,-1.2991390228271484,-4.142889022827148,-6.361639022827148,-4.760076522827148,-5.24573244038038,-1.9243085240741493,-5.697577238082658,-3.260471742716618,-7.658562063017598
946,-0.8913453221321106,-0.8913453221321106,-5.235095500946045,-5.914783000946045,-5.281970500946045,-5.321702137182001,-2.7040231069695437,-5.602283716201555,-4.798165516462177,-8.48512136901445
947,-1.1169319152832031,-0.9294319152832031,-4.491931915283203,-5.929431915283203,-4.734119415283203,-4.58646302705165,-2.5545894975512056,-5.468495249747889,-4.140756412962219,-7.9450869555730605
948,-1.0003304481506348,-0.9690805077552795,-4.508142948150635,-5.883142948150635,-4.648767948150635,-4.508788019942585,-2.5161281674954807,-5.523768663406145,-4.266331006103428,-8.226923107660696
949,-1.2350802421569824,-3.1569552421569824,-4.156955242156982,-5.938205242156982,-3.821017980575533,-2.9660937525331974,-0.8134426788747078,-7.391330599784794,-4.720192160806619,-8.641349553883629
950,-0.7416822910308838,-1.2104322910308838,-4.843244552612305,-6.280744552612305,-5.311994552612305,-5.648885629780125,-2.288731321445084,-5.9526203870769905,-4.2813860503956676,-8.296393632599575
951,-0.9953745603561401,-1.3859995603561401,-4.32349967956543,-5.99537467956543,-4.67506217956543,-4.418666193494573,-1.6048625643743435,-6.065687775611707,-3.2691938148927875,-8.214156865557015
952,-0.828315258026123,-1.015815258026123,-4.468940258026123,-6.179877758026123,-5.000190258026123,-4.961673468409572,-2.6097330906195566,-5.9689408540724,-4.891181521088583,-8.71115410294442
953,-0.6938530206680298,-1.3188530206680298,-4.78760290145874,-5.92041540145874,-5.08447790145874,-5.585932269576006,-2.1471427543147,-5.81104111671425,-4.233387120562838,-8.326691746377037
954,-1.1211655139923096,-0.9492905139923096,-4.2539777755737305,-5.7696027755737305,-4.7696027755737305,-4.379660492471885,-2.8088221427315148,-5.33210349082924,-4.410627285309602,-8.089942693333796
955,-0.8116356730461121,-1.0303857326507568,-4.553822994232178,-6.452260494232178,-5.053822994232178,-5.281007930578198,-2.8118300249188906,-5.8585113286968635,-4.68701569957193,-8.647599577563597
956,-1.0327733755111694,-1.1421483755111694,-3.774960994720459,-5.696835994720459,-4.267148494720459,-4.400637874321546,-2.142296184130828,-5.368711590766736,-4.322181284398539,-8.454675435643367
957,-0.8899314403533936,-1.1243064403533936,-4.374306678771973,-6.030556678771973,-5.155556678771973,-4.593935937446076,-2.8119687902217265,-5.6243075132366585,-4.43739945004927,-8.311839222376875
958,-0.8230405449867249,-1.15116548538208,-4.91679048538208,-6.40897798538208,-5.13554048538208,-5.6911866836017,-2.2919891875208123,-5.815228939055942,-4.346948393795174,-7.932442426317721
959,-1.0225932598114014,-1.0069682598114014,-4.1632184982299805,-6.0929059982299805,-4.8741559982299805,-5.023374252603389,-2.7727728920726804,-5.42884421348549,-3.8824784646276385,-8.217934369638897
960,-0.4198434352874756,-3.0604684352874756,-5.607343673706055,-5.740156173706055,-6.115156173706055,-6.077911987784319,-1.3887976199475816,-7.8026565313338665,-5.678431567852385,-9.607360720488941
961,-0.8158391118049622,-1.1439640522003174,-4.7533392906188965,-5.9330267906188965,-4.7767767906188965,-4.418296175485011,-2.3941228263720404,-6.050215125083582,-3.949154012312647,-8.487739801068528
962,-0.9231001734733582,-1.157475233078003,-4.032474994659424,-5.884037494659424,-4.587162494659424,-4.91608004149748,-2.727964028075803,-5.774663209914934,-3.673568139260169,-8.251253723699847
963,-1.0157207250595093,-0.9375957250595093,-4.554783344268799,-6.375095844268799,-4.859470844268799,-5.172707405581605,-3.101868726531393,-5.734471678733485,-4.72705535159912,-8.023565411036543
964,-0.7840022444725037,-1.1433773040771484,-4.869939804077148,-6.323064804077148,-4.924627304077148,-4.441185753850732,-2.6122884620563127,-5.916815519332658,-4.08134592519491,-8.510590552952635
965,-0.8708842396736145,-0.9646342396736145,-4.909946918487549,-6.355259418487549,-4.909946918487549,-4.457572774263099,-2.6366586573421955,-5.980260014533826,-4.339975298935315,-8.667780518298969
966,-0.8507543802261353,-1.1788793802261353,-4.710129261016846,-6.460129261016846,-5.272629261016846,-5.937987203360535,-2.5071586251287954,-5.624192714690707,-4.015320293488912,-7.546106456920825
967,-0.9863156080245972,-2.8456907272338867,-4.080065727233887,-5.806628227233887,-3.908190846443169,-3.770753661170602,-0.8458149355865316,-7.2753785848616985,-4.901179945853073,-8.994145035601832
968,-0.806127667427063,-1.165502667427063,-4.767065048217773,-5.985815048217773,-4.712377548217773,-4.846291650319472,-2.2594170435040724,-5.985815644264051,-4.150253821135266,-8.290526866616347
969,-0.9380004405975342,-1.2661254405975342,-3.711437940597534,-5.984875679016113,-4.828625679016113,-4.517107957857661,-2.6491517792019295,-5.805189013480799,-3.313528517493978,-8.43022048421335
970,-0.8974878787994385,-1.1787378787994385,-4.764675140380859,-6.538112640380859,-4.780300140380859,-5.202981385344174,-1.991422874503769,-5.780300855636369,-4.452573101007147,-7.772518395904626
971,-0.7203546762466431,-1.564104676246643,-5.3297295570373535,-6.3375420570373535,-5.4000420570373535,-5.614542328985408,-1.7986532299109967,-5.9391052722928634,-4.088290292187594,-7.8297588820933015
972,-0.7042228579521179,-1.2667229175567627,-5.094847679138184,-5.727660179138184,-5.469847679138184,-6.48711320233997,-2.079415064465138,-5.969848632812045,-5.001583815639606,-8.001125931341448
973,-1.011849284172058,-1.011849284172058,-4.847786903381348,-6.550911903381348,-4.957161903381348,-4.918843707535416,-2.121406896156259,-6.0118502378460335,-4.848200474079931,-8.191566347642947
974,-1.1151831150054932,-0.9120581746101379,-4.013620853424072,-5.896433353424072,-4.583933353424072,-4.42838489235146,-2.8340862872137222,-5.232371687888758,-4.310968287434662,-8.130835175141328
975,-0.6504067778587341,-1.400406837463379,-4.642594337463379,-6.681656837463379,-5.048844337463379,-5.276446874369867,-2.0880707368050935,-6.072282671928065,-3.9946254585811403,-8.212932824750169
976,-0.7651989459991455,-2.5776989459991455,-4.812073707580566,-5.937073707580566,-4.233948945999117,-4.009633874287829,-1.0778792933851946,-7.648011565208378,-4.62546582944924,-9.116777539120449
977,-0.5484517216682434,-1.5640766620635986,-4.884389400482178,-6.392201900482178,-5.071889400482178,-5.244651400949806,-2.1892571286443854,-5.962514996528455,-4.4004976773576345,-8.70472443077233
978,-0.889615535736084,-2.389615535736084,-4.717740535736084,-6.436490535736084,-4.553678154945366,-3.938350615440868,-0.9835601855593268,-7.1552410125731285,-4.882478247571271,-9.038070559356129
979,-0.7872850894927979,-1.1779100894927979,-4.959159851074219,-6.060722351074219,-4.623222351074219,-4.530814819037914,-2.3655689828447066,-5.662285566329729,-4.006478211318608,-8.115435480742235
980,-0.7010109424591064,-1.7166359424591064,-4.794760704040527,-6.451010704040527,-5.185385704040527,-5.492002056213096,-1.5605608071928145,-6.544761657714389,-4.131217821501195,-8.615104674798204
981,-0.8684459924697876,-1.4153209924697876,-4.251258373260498,-5.977820873260498,-4.727820873260498,-4.713751893024892,-1.9623812265490415,-5.743446469306775,-3.3533779022982344,-8.352848052621994
982,-0.8339782953262329,-1.365228295326233,-4.841790676116943,-6.349603176116943,-4.779290676116943,-5.084964980371296,-1.7247601624403615,-5.826166391372453,-3.842230699985521,-8.07619202103524
983,-1.7079877853393555,-3.0829877853393555,-4.2236127853393555,-5.7626752853393555,-2.6337516307830526,-2.110013749450445,-1.055893623852171,-7.297814249992314,-4.244109504856169,-8.086897492175922
984,-0.7222146391868591,-1.519089698791504,-5.183152198791504,-6.511277198791504,-5.362839698791504,-5.755918707931414,-1.7693228449788876,-6.03471553325619,-3.8945958525291644,-8.190994262258755
985,-0.686745285987854,-1.467995285987854,-4.4133076667785645,-6.1398701667785645,-5.1008076667785645,-5.195271952077746,-2.124417647748487,-5.81174600124325,-3.7576804605778307,-8.749269723602993
986,-0.6655494570732117,-1.5717995166778564,-5.384299278259277,-6.196799278259277,-4.485861778259277,-4.339776964858174,-2.150126913562417,-5.712424755096322,-4.408428072347306,-8.235884904594059
987,-1.0510669946670532,-3.2463793754577637,-4.472941875457764,-5.676066875457764,-3.9495046138763144,-3.545177360996604,-0.8168675745400833,-7.3791922330855755,-5.08336096117273,-8.629212856081722
988,-0.800432026386261,-1.5348069667816162,-4.761369705200195,-6.276994705200195,-5.191057205200195,-5.677445291308686,-1.6130885955208214,-6.058245539664881,-3.793083798344014,-8.448897242167732
989,-1.1343485116958618,-1.3374735116958618,-3.8921608924865723,-6.204660892486572,-4.657785892486572,-4.518342154682614,-1.6032353546033846,-5.829661607742082,-2.963026251527481,-8.18125402881924
990,-0.9769071340560913,-1.0394071340560913,-4.547219753265381,-6.101907253265381,-4.765969753265381,-5.165663049556315,-2.336410633433843,-5.422220587730067,-4.016444927779958,-7.789439796870283
991,-0.8631530404090881,-1.1756529808044434,-5.027215480804443,-6.097527980804443,-4.816277980804443,-4.396176790585741,-2.2383221244817832,-5.769403576850721,-4.113822236191481,-8.199114680008279
992,-1.07157301902771,-1.21219801902771,-4.352823257446289,-5.813760757446289,-4.759073257446289,-4.815146915614605,-1.8530115903413389,-5.860636591910975,-3.173706845147535,-8.063793420256843
993,-1.1026989221572876,-0.7901989221572876,-4.837073802947998,-6.071448802947998,-5.376136302947998,-4.884877012402285,-2.923169481160585,-5.282387137412684,-4.79066277705715,-8.071476220720797
994,-1.1413037776947021,-1.1256787776947021,-3.633491277694702,-5.555366516113281,-5.008491516113281,-4.501600913295988,-3.2586612556915497,-5.344429731368791,-3.9308082080679014,-8.360085129254003
995,-0.890832245349884,-3.0470821857452393,-4.359582424163818,-5.992394924163818,-3.62520742416379,-3.1914053638465703,-1.0473183114663698,-6.95333278179163,-4.735256444721017,-8.718975186182433
996,-1.3101226091384888,-2.708559989929199,-4.138247489929199,-6.192934989929199,-2.7789980173109257,-2.7796039432287216,-1.2480602966679726,-6.63837277889246,-3.678954280912876,-8.310266494569078
997,-0.7871747612953186,-1.2871747016906738,-4.810612201690674,-6.193424701690674,-4.865299701690674,-5.116407138644718,-2.099858624715125,-5.669987916946184,-3.920429132063873,-7.974699496915491
998,-0.9184675216674805,-0.9965925216674805,-4.6919050216674805,-6.3325300216674805,-4.9340925216674805,-5.059742358746007,-2.606120574680972,-5.730968117713758,-4.364241612696787,-8.223183273870745
999,-2.425811290740967,-2.691436290740967,-3.769561290740967,-5.753936290740967,-2.9179991483687786,-1.5438264589756727,-1.519877741317032,-6.9961240291595175,-3.2651894439477473,-8.55864429453868
